model,record,band,error_class,domain,detail
google_gemini-3-1-pro-preview,REC-ado-eme-001,adolescent,hallucinated_field,temporal,evaluated in the emergency department
google_gemini-3-1-pro-preview,REC-ado-eme-001,adolescent,hallucinated_field,temporal,started insulin
google_gemini-3-1-pro-preview,REC-ado-eme-001,adolescent,hallucinated_field,temporal,venous blood gas was performed
google_gemini-3-1-pro-preview,REC-ado-eme-001,adolescent,hallucinated_field,temporal,admitted to inpatient unit
google_gemini-3-1-pro-preview,REC-ado-eme-002,adolescent,hallucinated_field,diagnoses,rsv bronchiolitis
google_gemini-3-1-pro-preview,REC-ado-eme-002,adolescent,hallucinated_field,procedures,cbc
google_gemini-3-1-pro-preview,REC-ado-eme-002,adolescent,omission,temporal,repeat cbc planned for tomorrow morning
google_gemini-3-1-pro-preview,REC-ado-eme-002,adolescent,omission,temporal,history of rsv bronchiolitis in infancy resolved
google_gemini-3-1-pro-preview,REC-ado-eme-002,adolescent,hallucinated_field,temporal,safety screening
google_gemini-3-1-pro-preview,REC-ado-eme-002,adolescent,hallucinated_field,temporal,cbc
google_gemini-3-1-pro-preview,REC-ado-eme-002,adolescent,hallucinated_field,temporal,rsv bronchiolitis
google_gemini-3-1-pro-preview,REC-ado-eme-003,adolescent,hallucinated_field,diagnoses,rsv bronchiolitis
google_gemini-3-1-pro-preview,REC-ado-eme-003,adolescent,hallucinated_field,procedures,cbc
google_gemini-3-1-pro-preview,REC-ado-eme-003,adolescent,omission,temporal,repeat cbc planned for tomorrow morning
google_gemini-3-1-pro-preview,REC-ado-eme-003,adolescent,omission,temporal,history of rsv bronchiolitis in infancy resolved
google_gemini-3-1-pro-preview,REC-ado-eme-003,adolescent,hallucinated_field,temporal,cbc
google_gemini-3-1-pro-preview,REC-ado-eme-003,adolescent,hallucinated_field,temporal,rsv bronchiolitis
google_gemini-3-1-pro-preview,REC-ado-eme-004,adolescent,hallucinated_field,diagnoses,rsv bronchiolitis
google_gemini-3-1-pro-preview,REC-ado-eme-004,adolescent,hallucinated_field,procedures,cbc
google_gemini-3-1-pro-preview,REC-ado-eme-004,adolescent,omission,temporal,history of rsv bronchiolitis in infancy resolved
google_gemini-3-1-pro-preview,REC-ado-eme-004,adolescent,omission,temporal,repeat cbc planned for tomorrow morning
google_gemini-3-1-pro-preview,REC-ado-eme-004,adolescent,hallucinated_field,temporal,rsv bronchiolitis
google_gemini-3-1-pro-preview,REC-ado-eme-004,adolescent,hallucinated_field,temporal,cbc
google_gemini-3-1-pro-preview,REC-ado-eme-005,adolescent,omission,temporal,follow-up with the primary care clinic in one week
google_gemini-3-1-pro-preview,REC-ado-eme-005,adolescent,hallucinated_field,temporal,follow-up with the primary care clinic
google_gemini-3-1-pro-preview,REC-ado-eme-006,adolescent,hallucinated_field,diagnoses,rsv bronchiolitis
google_gemini-3-1-pro-preview,REC-ado-eme-006,adolescent,omission,temporal,follow-up with the primary care clinic in one week
google_gemini-3-1-pro-preview,REC-ado-eme-006,adolescent,omission,temporal,history of rsv bronchiolitis in infancy resolved
google_gemini-3-1-pro-preview,REC-ado-eme-006,adolescent,hallucinated_field,temporal,follow-up with the primary care clinic
google_gemini-3-1-pro-preview,REC-ado-eme-006,adolescent,hallucinated_field,temporal,rsv bronchiolitis
google_gemini-3-1-pro-preview,REC-ado-eme-007,adolescent,omission,temporal,follow-up with the primary care clinic in one week
google_gemini-3-1-pro-preview,REC-ado-eme-007,adolescent,hallucinated_field,temporal,follow-up with the primary care clinic
google_gemini-3-1-pro-preview,REC-ado-eme-008,adolescent,hallucinated_field,labs,cbc
google_gemini-3-1-pro-preview,REC-ado-eme-008,adolescent,hallucinated_field,procedures,cbc
google_gemini-3-1-pro-preview,REC-ado-eme-008,adolescent,omission,temporal,repeat cbc planned for tomorrow morning
google_gemini-3-1-pro-preview,REC-ado-eme-008,adolescent,omission,temporal,follow-up with the primary care clinic in one week
google_gemini-3-1-pro-preview,REC-ado-eme-008,adolescent,hallucinated_field,temporal,cbc
google_gemini-3-1-pro-preview,REC-ado-eme-008,adolescent,hallucinated_field,temporal,follow-up with the primary care clinic
google_gemini-3-1-pro-preview,REC-ado-eme-009,adolescent,omission,temporal,repeat cbc planned for tomorrow morning
google_gemini-3-1-pro-preview,REC-ado-eme-009,adolescent,omission,temporal,follow-up with the primary care clinic in one week
google_gemini-3-1-pro-preview,REC-ado-eme-009,adolescent,hallucinated_field,temporal,repeat cbc
google_gemini-3-1-pro-preview,REC-ado-eme-009,adolescent,hallucinated_field,temporal,follow-up with the primary care clinic
google_gemini-3-1-pro-preview,REC-ado-eme-010,adolescent,hallucinated_field,diagnoses,rsv bronchiolitis
google_gemini-3-1-pro-preview,REC-ado-eme-010,adolescent,hallucinated_field,procedures,cbc
google_gemini-3-1-pro-preview,REC-ado-eme-010,adolescent,omission,temporal,repeat cbc planned for tomorrow morning
google_gemini-3-1-pro-preview,REC-ado-eme-010,adolescent,omission,temporal,follow-up with the primary care clinic in one week
google_gemini-3-1-pro-preview,REC-ado-eme-010,adolescent,omission,temporal,history of rsv bronchiolitis in infancy resolved
google_gemini-3-1-pro-preview,REC-ado-eme-010,adolescent,hallucinated_field,temporal,repeat cbc
google_gemini-3-1-pro-preview,REC-ado-eme-010,adolescent,hallucinated_field,temporal,follow-up with the primary care clinic
google_gemini-3-1-pro-preview,REC-ado-eme-010,adolescent,hallucinated_field,temporal,rsv bronchiolitis
google_gemini-3-1-pro-preview,REC-ado-icu-001,adolescent,hallucinated_field,procedures,cbc
google_gemini-3-1-pro-preview,REC-ado-icu-001,adolescent,omission,temporal,repeat cbc planned for tomorrow morning
google_gemini-3-1-pro-preview,REC-ado-icu-001,adolescent,hallucinated_field,temporal,cbc
google_gemini-3-1-pro-preview,REC-ado-icu-002,adolescent,hallucinated_field,procedures,cbc
google_gemini-3-1-pro-preview,REC-ado-icu-002,adolescent,omission,temporal,repeat cbc planned for tomorrow morning
google_gemini-3-1-pro-preview,REC-ado-icu-002,adolescent,hallucinated_field,temporal,cbc
google_gemini-3-1-pro-preview,REC-ado-icu-003,adolescent,hallucinated_field,diagnoses,rsv bronchiolitis
google_gemini-3-1-pro-preview,REC-ado-icu-003,adolescent,hallucinated_field,procedures,cbc
google_gemini-3-1-pro-preview,REC-ado-icu-003,adolescent,omission,temporal,history of rsv bronchiolitis in infancy resolved
google_gemini-3-1-pro-preview,REC-ado-icu-003,adolescent,omission,temporal,repeat cbc planned for tomorrow morning
google_gemini-3-1-pro-preview,REC-ado-icu-003,adolescent,hallucinated_field,temporal,rsv bronchiolitis
google_gemini-3-1-pro-preview,REC-ado-icu-003,adolescent,hallucinated_field,temporal,cbc
google_gemini-3-1-pro-preview,REC-ado-icu-004,adolescent,hallucinated_field,procedures,cbc
google_gemini-3-1-pro-preview,REC-ado-icu-004,adolescent,omission,temporal,follow-up with the primary care clinic in one week
google_gemini-3-1-pro-preview,REC-ado-icu-004,adolescent,omission,temporal,repeat cbc planned for tomorrow morning
google_gemini-3-1-pro-preview,REC-ado-icu-004,adolescent,hallucinated_field,temporal,follow-up with the primary care clinic
google_gemini-3-1-pro-preview,REC-ado-icu-004,adolescent,hallucinated_field,temporal,repeat cbc
google_gemini-3-1-pro-preview,REC-ado-icu-005,adolescent,hallucinated_field,diagnoses,rsv bronchiolitis
google_gemini-3-1-pro-preview,REC-ado-icu-005,adolescent,hallucinated_field,procedures,cbc
google_gemini-3-1-pro-preview,REC-ado-icu-005,adolescent,omission,temporal,repeat cbc planned for tomorrow morning
google_gemini-3-1-pro-preview,REC-ado-icu-005,adolescent,omission,temporal,history of rsv bronchiolitis in infancy resolved
google_gemini-3-1-pro-preview,REC-ado-icu-005,adolescent,hallucinated_field,temporal,cbc
google_gemini-3-1-pro-preview,REC-ado-icu-005,adolescent,hallucinated_field,temporal,rsv bronchiolitis
google_gemini-3-1-pro-preview,REC-ado-icu-006,adolescent,hallucinated_field,diagnoses,rsv bronchiolitis
google_gemini-3-1-pro-preview,REC-ado-icu-006,adolescent,omission,temporal,history of rsv bronchiolitis in infancy resolved
google_gemini-3-1-pro-preview,REC-ado-icu-006,adolescent,hallucinated_field,temporal,rsv bronchiolitis
google_gemini-3-1-pro-preview,REC-ado-icu-007,adolescent,hallucinated_field,diagnoses,rsv bronchiolitis
google_gemini-3-1-pro-preview,REC-ado-icu-007,adolescent,hallucinated_field,procedures,cbc
google_gemini-3-1-pro-preview,REC-ado-icu-007,adolescent,omission,temporal,history of rsv bronchiolitis in infancy resolved
google_gemini-3-1-pro-preview,REC-ado-icu-007,adolescent,omission,temporal,repeat cbc planned for tomorrow morning
google_gemini-3-1-pro-preview,REC-ado-icu-007,adolescent,hallucinated_field,temporal,rsv bronchiolitis
google_gemini-3-1-pro-preview,REC-ado-icu-007,adolescent,hallucinated_field,temporal,cbc
google_gemini-3-1-pro-preview,REC-ado-icu-008,adolescent,hallucinated_field,diagnoses,rsv bronchiolitis
google_gemini-3-1-pro-preview,REC-ado-icu-008,adolescent,omission,temporal,follow-up with the primary care clinic in one week
google_gemini-3-1-pro-preview,REC-ado-icu-008,adolescent,omission,temporal,history of rsv bronchiolitis in infancy resolved
google_gemini-3-1-pro-preview,REC-ado-icu-008,adolescent,hallucinated_field,temporal,follow-up with the primary care clinic
google_gemini-3-1-pro-preview,REC-ado-icu-008,adolescent,hallucinated_field,temporal,rsv bronchiolitis
google_gemini-3-1-pro-preview,REC-ado-icu-009,adolescent,omission,temporal,follow-up with the primary care clinic in one week
google_gemini-3-1-pro-preview,REC-ado-icu-009,adolescent,hallucinated_field,temporal,follow-up with the primary care clinic
google_gemini-3-1-pro-preview,REC-ado-icu-010,adolescent,hallucinated_field,procedures,cbc
google_gemini-3-1-pro-preview,REC-ado-icu-010,adolescent,omission,temporal,repeat cbc planned for tomorrow morning
google_gemini-3-1-pro-preview,REC-ado-icu-010,adolescent,hallucinated_field,temporal,repeat cbc
google_gemini-3-1-pro-preview,REC-ado-inp-001,adolescent,hallucinated_field,procedures,cbc
google_gemini-3-1-pro-preview,REC-ado-inp-001,adolescent,omission,temporal,repeat cbc planned for tomorrow morning
google_gemini-3-1-pro-preview,REC-ado-inp-001,adolescent,omission,temporal,follow-up with the primary care clinic in one week
google_gemini-3-1-pro-preview,REC-ado-inp-001,adolescent,hallucinated_field,temporal,repeat cbc
google_gemini-3-1-pro-preview,REC-ado-inp-001,adolescent,hallucinated_field,temporal,follow-up with the primary care clinic
google_gemini-3-1-pro-preview,REC-ado-inp-002,adolescent,hallucinated_field,labs,cbc
google_gemini-3-1-pro-preview,REC-ado-inp-002,adolescent,omission,temporal,follow-up with the primary care clinic in one week
google_gemini-3-1-pro-preview,REC-ado-inp-002,adolescent,omission,temporal,repeat cbc planned for tomorrow morning
google_gemini-3-1-pro-preview,REC-ado-inp-002,adolescent,hallucinated_field,temporal,safety screening
google_gemini-3-1-pro-preview,REC-ado-inp-002,adolescent,hallucinated_field,temporal,follow-up with the primary care clinic
google_gemini-3-1-pro-preview,REC-ado-inp-002,adolescent,hallucinated_field,temporal,repeat cbc
google_gemini-3-1-pro-preview,REC-ado-inp-003,adolescent,hallucinated_field,diagnoses,rsv bronchiolitis
google_gemini-3-1-pro-preview,REC-ado-inp-003,adolescent,hallucinated_field,procedures,cbc
google_gemini-3-1-pro-preview,REC-ado-inp-003,adolescent,omission,temporal,history of rsv bronchiolitis in infancy resolved
google_gemini-3-1-pro-preview,REC-ado-inp-003,adolescent,omission,temporal,repeat cbc planned for tomorrow morning
google_gemini-3-1-pro-preview,REC-ado-inp-003,adolescent,hallucinated_field,temporal,rsv bronchiolitis
google_gemini-3-1-pro-preview,REC-ado-inp-003,adolescent,hallucinated_field,temporal,cbc
google_gemini-3-1-pro-preview,REC-ado-inp-004,adolescent,hallucinated_field,diagnoses,rsv bronchiolitis
google_gemini-3-1-pro-preview,REC-ado-inp-004,adolescent,omission,temporal,history of rsv bronchiolitis in infancy resolved
google_gemini-3-1-pro-preview,REC-ado-inp-004,adolescent,hallucinated_field,temporal,rsv bronchiolitis
google_gemini-3-1-pro-preview,REC-ado-inp-005,adolescent,hallucinated_field,labs,cbc
google_gemini-3-1-pro-preview,REC-ado-inp-005,adolescent,omission,temporal,follow-up with the primary care clinic in one week
google_gemini-3-1-pro-preview,REC-ado-inp-005,adolescent,omission,temporal,repeat cbc planned for tomorrow morning
google_gemini-3-1-pro-preview,REC-ado-inp-005,adolescent,hallucinated_field,temporal,follow-up with the primary care clinic
google_gemini-3-1-pro-preview,REC-ado-inp-005,adolescent,hallucinated_field,temporal,repeat cbc
google_gemini-3-1-pro-preview,REC-ado-inp-006,adolescent,hallucinated_field,diagnoses,rsv bronchiolitis
google_gemini-3-1-pro-preview,REC-ado-inp-006,adolescent,hallucinated_field,labs,cbc
google_gemini-3-1-pro-preview,REC-ado-inp-006,adolescent,omission,temporal,history of rsv bronchiolitis in infancy resolved
google_gemini-3-1-pro-preview,REC-ado-inp-006,adolescent,omission,temporal,repeat cbc planned for tomorrow morning
google_gemini-3-1-pro-preview,REC-ado-inp-006,adolescent,hallucinated_field,temporal,rsv bronchiolitis
google_gemini-3-1-pro-preview,REC-ado-inp-006,adolescent,hallucinated_field,temporal,cbc
google_gemini-3-1-pro-preview,REC-ado-inp-007,adolescent,omission,temporal,follow-up with the primary care clinic in one week
google_gemini-3-1-pro-preview,REC-ado-inp-007,adolescent,hallucinated_field,temporal,follow-up with the primary care clinic
google_gemini-3-1-pro-preview,REC-ado-inp-008,adolescent,hallucinated_field,diagnoses,rsv bronchiolitis
google_gemini-3-1-pro-preview,REC-ado-inp-008,adolescent,omission,temporal,history of rsv bronchiolitis in infancy resolved
google_gemini-3-1-pro-preview,REC-ado-inp-008,adolescent,hallucinated_field,temporal,rsv bronchiolitis
google_gemini-3-1-pro-preview,REC-ado-inp-008,adolescent,hallucinated_field,temporal,fever
google_gemini-3-1-pro-preview,REC-ado-inp-009,adolescent,hallucinated_field,temporal,admission
google_gemini-3-1-pro-preview,REC-ado-inp-009,adolescent,hallucinated_field,temporal,fever
google_gemini-3-1-pro-preview,REC-ado-inp-009,adolescent,hallucinated_field,temporal,discharge
google_gemini-3-1-pro-preview,REC-ado-inp-010,adolescent,hallucinated_field,diagnoses,rsv bronchiolitis
google_gemini-3-1-pro-preview,REC-ado-inp-010,adolescent,omission,temporal,history of rsv bronchiolitis in infancy resolved
google_gemini-3-1-pro-preview,REC-ado-inp-010,adolescent,hallucinated_field,temporal,rsv bronchiolitis
google_gemini-3-1-pro-preview,REC-ado-out-002,adolescent,hallucinated_field,labs,cbc
google_gemini-3-1-pro-preview,REC-ado-out-002,adolescent,omission,temporal,repeat cbc planned for tomorrow morning
google_gemini-3-1-pro-preview,REC-ado-out-002,adolescent,omission,temporal,follow-up with the primary care clinic in one week
google_gemini-3-1-pro-preview,REC-ado-out-002,adolescent,hallucinated_field,temporal,cbc
google_gemini-3-1-pro-preview,REC-ado-out-002,adolescent,hallucinated_field,temporal,follow-up with the primary care clinic
google_gemini-3-1-pro-preview,REC-ado-out-003,adolescent,omission,temporal,follow-up with the primary care clinic in one week
google_gemini-3-1-pro-preview,REC-ado-out-003,adolescent,hallucinated_field,temporal,safety screening
google_gemini-3-1-pro-preview,REC-ado-out-003,adolescent,hallucinated_field,temporal,follow-up with the primary care clinic
google_gemini-3-1-pro-preview,REC-ado-out-004,adolescent,hallucinated_field,procedures,cbc
google_gemini-3-1-pro-preview,REC-ado-out-004,adolescent,omission,temporal,repeat cbc planned for tomorrow morning
google_gemini-3-1-pro-preview,REC-ado-out-004,adolescent,hallucinated_field,temporal,concussion symptom assessment
google_gemini-3-1-pro-preview,REC-ado-out-004,adolescent,hallucinated_field,temporal,cbc
google_gemini-3-1-pro-preview,REC-ado-out-005,adolescent,hallucinated_field,labs,cbc
google_gemini-3-1-pro-preview,REC-ado-out-005,adolescent,omission,temporal,repeat cbc planned for tomorrow morning
google_gemini-3-1-pro-preview,REC-ado-out-005,adolescent,hallucinated_field,temporal,cbc
google_gemini-3-1-pro-preview,REC-ado-out-006,adolescent,omission,temporal,follow-up with the primary care clinic in one week
google_gemini-3-1-pro-preview,REC-ado-out-006,adolescent,hallucinated_field,temporal,follow-up with the primary care clinic
google_gemini-3-1-pro-preview,REC-ado-out-007,adolescent,hallucinated_field,labs,cbc
google_gemini-3-1-pro-preview,REC-ado-out-007,adolescent,hallucinated_field,procedures,cbc
google_gemini-3-1-pro-preview,REC-ado-out-007,adolescent,omission,temporal,follow-up with the primary care clinic in one week
google_gemini-3-1-pro-preview,REC-ado-out-007,adolescent,omission,temporal,repeat cbc planned for tomorrow morning
google_gemini-3-1-pro-preview,REC-ado-out-007,adolescent,hallucinated_field,temporal,follow-up with the primary care clinic
google_gemini-3-1-pro-preview,REC-ado-out-007,adolescent,hallucinated_field,temporal,repeat cbc
google_gemini-3-1-pro-preview,REC-ado-out-008,adolescent,omission,temporal,follow-up with the primary care clinic in one week
google_gemini-3-1-pro-preview,REC-ado-out-008,adolescent,hallucinated_field,temporal,follow-up with the primary care clinic
google_gemini-3-1-pro-preview,REC-ado-out-009,adolescent,hallucinated_field,diagnoses,rsv bronchiolitis
google_gemini-3-1-pro-preview,REC-ado-out-009,adolescent,hallucinated_field,procedures,cbc
google_gemini-3-1-pro-preview,REC-ado-out-009,adolescent,omission,temporal,history of rsv bronchiolitis in infancy resolved
google_gemini-3-1-pro-preview,REC-ado-out-009,adolescent,omission,temporal,repeat cbc planned for tomorrow morning
google_gemini-3-1-pro-preview,REC-ado-out-009,adolescent,hallucinated_field,temporal,rsv bronchiolitis
google_gemini-3-1-pro-preview,REC-ado-out-009,adolescent,hallucinated_field,temporal,cbc
google_gemini-3-1-pro-preview,REC-ado-out-010,adolescent,omission,temporal,follow-up with the primary care clinic in one week
google_gemini-3-1-pro-preview,REC-ado-out-010,adolescent,hallucinated_field,temporal,follow-up with the primary care clinic
google_gemini-3-1-pro-preview,REC-chi-eme-001,child,hallucinated_field,labs,cbc
google_gemini-3-1-pro-preview,REC-chi-eme-001,child,omission,temporal,prior clinic note listed the dose per day rather than per dose
google_gemini-3-1-pro-preview,REC-chi-eme-001,child,omission,temporal,repeat cbc planned for tomorrow morning
google_gemini-3-1-pro-preview,REC-chi-eme-001,child,hallucinated_field,temporal,cbc
google_gemini-3-1-pro-preview,REC-chi-eme-002,child,hallucinated_field,temporal,chest radiograph
google_gemini-3-1-pro-preview,REC-chi-eme-002,child,hallucinated_field,temporal,amoxicillin administration
google_gemini-3-1-pro-preview,REC-chi-eme-002,child,hallucinated_field,temporal,admission to inpatient unit
google_gemini-3-1-pro-preview,REC-chi-eme-003,child,omission,temporal,prior clinic note listed the dose per day rather than per dose
google_gemini-3-1-pro-preview,REC-chi-eme-003,child,hallucinated_field,temporal,clinic note
google_gemini-3-1-pro-preview,REC-chi-eme-003,child,hallucinated_field,temporal,abdominal ultrasound
google_gemini-3-1-pro-preview,REC-chi-eme-004,child,hallucinated_field,diagnoses,rsv bronchiolitis
google_gemini-3-1-pro-preview,REC-chi-eme-004,child,omission,temporal,prior clinic note listed the dose per day rather than per dose
google_gemini-3-1-pro-preview,REC-chi-eme-004,child,omission,temporal,history of rsv bronchiolitis in infancy resolved
google_gemini-3-1-pro-preview,REC-chi-eme-004,child,hallucinated_field,temporal,rsv bronchiolitis
google_gemini-3-1-pro-preview,REC-chi-eme-005,child,hallucinated_field,temporal,fever
google_gemini-3-1-pro-preview,REC-chi-eme-006,child,hallucinated_field,temporal,workup
google_gemini-3-1-pro-preview,REC-chi-eme-006,child,hallucinated_field,temporal,abdominal ultrasound
google_gemini-3-1-pro-preview,REC-chi-eme-006,child,hallucinated_field,temporal,admission to inpatient unit
google_gemini-3-1-pro-preview,REC-chi-eme-007,child,hallucinated_field,diagnoses,rsv bronchiolitis
google_gemini-3-1-pro-preview,REC-chi-eme-007,child,omission,temporal,history of rsv bronchiolitis in infancy resolved
google_gemini-3-1-pro-preview,REC-chi-eme-007,child,omission,temporal,follow-up with the primary care clinic in one week
google_gemini-3-1-pro-preview,REC-chi-eme-007,child,hallucinated_field,temporal,rsv bronchiolitis
google_gemini-3-1-pro-preview,REC-chi-eme-007,child,hallucinated_field,temporal,follow-up with the primary care clinic
google_gemini-3-1-pro-preview,REC-chi-eme-008,child,hallucinated_field,temporal,chest radiograph
google_gemini-3-1-pro-preview,REC-chi-eme-008,child,hallucinated_field,temporal,amoxicillin initiation
google_gemini-3-1-pro-preview,REC-chi-eme-008,child,hallucinated_field,temporal,admission to inpatient unit
google_gemini-3-1-pro-preview,REC-chi-eme-009,child,hallucinated_field,diagnoses,rsv bronchiolitis
google_gemini-3-1-pro-preview,REC-chi-eme-009,child,omission,temporal,prior clinic note listed the dose per day rather than per dose
google_gemini-3-1-pro-preview,REC-chi-eme-009,child,omission,temporal,history of rsv bronchiolitis in infancy resolved
google_gemini-3-1-pro-preview,REC-chi-eme-009,child,hallucinated_field,temporal,rsv bronchiolitis
google_gemini-3-1-pro-preview,REC-chi-icu-001,child,omission,temporal,follow-up with the primary care clinic in one week
google_gemini-3-1-pro-preview,REC-chi-icu-001,child,hallucinated_field,temporal,follow-up with the primary care clinic
google_gemini-3-1-pro-preview,REC-chi-icu-002,child,hallucinated_field,diagnoses,rsv bronchiolitis
google_gemini-3-1-pro-preview,REC-chi-icu-002,child,omission,temporal,history of rsv bronchiolitis in infancy resolved
google_gemini-3-1-pro-preview,REC-chi-icu-002,child,omission,temporal,prior clinic note listed the dose per day rather than per dose
google_gemini-3-1-pro-preview,REC-chi-icu-002,child,hallucinated_field,temporal,rsv bronchiolitis
google_gemini-3-1-pro-preview,REC-chi-icu-002,child,hallucinated_field,temporal,appendectomy
google_gemini-3-1-pro-preview,REC-chi-icu-003,child,hallucinated_field,labs,cbc
google_gemini-3-1-pro-preview,REC-chi-icu-003,child,omission,temporal,repeat cbc planned for tomorrow morning
google_gemini-3-1-pro-preview,REC-chi-icu-003,child,hallucinated_field,temporal,cbc
google_gemini-3-1-pro-preview,REC-chi-icu-004,child,hallucinated_field,diagnoses,rsv bronchiolitis
google_gemini-3-1-pro-preview,REC-chi-icu-004,child,omission,temporal,history of rsv bronchiolitis in infancy resolved
google_gemini-3-1-pro-preview,REC-chi-icu-004,child,hallucinated_field,temporal,rsv bronchiolitis
google_gemini-3-1-pro-preview,REC-chi-icu-005,child,hallucinated_field,diagnoses,rsv bronchiolitis
google_gemini-3-1-pro-preview,REC-chi-icu-005,child,hallucinated_field,labs,cbc
google_gemini-3-1-pro-preview,REC-chi-icu-005,child,omission,temporal,repeat cbc planned for tomorrow morning
google_gemini-3-1-pro-preview,REC-chi-icu-005,child,omission,temporal,history of rsv bronchiolitis in infancy resolved
google_gemini-3-1-pro-preview,REC-chi-icu-005,child,hallucinated_field,temporal,cbc
google_gemini-3-1-pro-preview,REC-chi-icu-005,child,hallucinated_field,temporal,rsv bronchiolitis
google_gemini-3-1-pro-preview,REC-chi-icu-006,child,omission,temporal,repeat cbc planned for tomorrow morning
google_gemini-3-1-pro-preview,REC-chi-icu-006,child,omission,temporal,follow-up with the primary care clinic in one week
google_gemini-3-1-pro-preview,REC-chi-icu-006,child,hallucinated_field,temporal,appendectomy
google_gemini-3-1-pro-preview,REC-chi-icu-006,child,hallucinated_field,temporal,repeat cbc
google_gemini-3-1-pro-preview,REC-chi-icu-006,child,hallucinated_field,temporal,follow-up with the primary care clinic
google_gemini-3-1-pro-preview,REC-chi-icu-007,child,omission,temporal,prior clinic note listed the dose per day rather than per dose
google_gemini-3-1-pro-preview,REC-chi-icu-007,child,omission,temporal,follow-up with the primary care clinic in one week
google_gemini-3-1-pro-preview,REC-chi-icu-007,child,hallucinated_field,temporal,follow-up with the primary care clinic
google_gemini-3-1-pro-preview,REC-chi-icu-008,child,omission,temporal,follow-up with the primary care clinic in one week
google_gemini-3-1-pro-preview,REC-chi-icu-008,child,hallucinated_field,temporal,follow-up with the primary care clinic
google_gemini-3-1-pro-preview,REC-chi-icu-009,child,hallucinated_field,procedures,cbc
google_gemini-3-1-pro-preview,REC-chi-icu-009,child,omission,temporal,repeat cbc planned for tomorrow morning
google_gemini-3-1-pro-preview,REC-chi-icu-009,child,omission,temporal,follow-up with the primary care clinic in one week
google_gemini-3-1-pro-preview,REC-chi-icu-009,child,hallucinated_field,temporal,repeat cbc
google_gemini-3-1-pro-preview,REC-chi-icu-009,child,hallucinated_field,temporal,follow-up with the primary care clinic
google_gemini-3-1-pro-preview,REC-chi-icu-010,child,hallucinated_field,temporal,appendectomy
google_gemini-3-1-pro-preview,REC-chi-icu-010,child,hallucinated_field,temporal,fever
google_gemini-3-1-pro-preview,REC-chi-icu-010,child,hallucinated_field,temporal,transferred to inpatient unit
google_gemini-3-1-pro-preview,REC-chi-inp-001,child,hallucinated_field,diagnoses,rsv bronchiolitis
google_gemini-3-1-pro-preview,REC-chi-inp-001,child,omission,temporal,follow-up with the primary care clinic in one week
google_gemini-3-1-pro-preview,REC-chi-inp-001,child,omission,temporal,history of rsv bronchiolitis in infancy resolved
google_gemini-3-1-pro-preview,REC-chi-inp-001,child,hallucinated_field,temporal,follow-up with the primary care clinic
google_gemini-3-1-pro-preview,REC-chi-inp-001,child,hallucinated_field,temporal,rsv bronchiolitis
google_gemini-3-1-pro-preview,REC-chi-inp-002,child,omission,temporal,prior clinic note listed the dose per day rather than per dose
google_gemini-3-1-pro-preview,REC-chi-inp-002,child,hallucinated_field,temporal,clinic note
google_gemini-3-1-pro-preview,REC-chi-inp-003,child,hallucinated_field,temporal,admission
google_gemini-3-1-pro-preview,REC-chi-inp-003,child,hallucinated_field,temporal,workup
google_gemini-3-1-pro-preview,REC-chi-inp-003,child,hallucinated_field,temporal,discharge
google_gemini-3-1-pro-preview,REC-chi-inp-004,child,hallucinated_field,diagnoses,rsv bronchiolitis
google_gemini-3-1-pro-preview,REC-chi-inp-004,child,omission,temporal,history of rsv bronchiolitis in infancy resolved
google_gemini-3-1-pro-preview,REC-chi-inp-004,child,hallucinated_field,temporal,rsv bronchiolitis
google_gemini-3-1-pro-preview,REC-chi-inp-005,child,hallucinated_field,diagnoses,rsv bronchiolitis
google_gemini-3-1-pro-preview,REC-chi-inp-005,child,omission,temporal,history of rsv bronchiolitis in infancy resolved
google_gemini-3-1-pro-preview,REC-chi-inp-005,child,hallucinated_field,temporal,rsv bronchiolitis
google_gemini-3-1-pro-preview,REC-chi-inp-006,child,hallucinated_field,diagnoses,rsv bronchiolitis
google_gemini-3-1-pro-preview,REC-chi-inp-006,child,omission,temporal,prior clinic note listed the dose per day rather than per dose
google_gemini-3-1-pro-preview,REC-chi-inp-006,child,omission,temporal,history of rsv bronchiolitis in infancy resolved
google_gemini-3-1-pro-preview,REC-chi-inp-006,child,hallucinated_field,temporal,rsv bronchiolitis
google_gemini-3-1-pro-preview,REC-chi-inp-006,child,hallucinated_field,temporal,abdominal ultrasound
google_gemini-3-1-pro-preview,REC-chi-inp-007,child,omission,temporal,follow-up with the primary care clinic in one week
google_gemini-3-1-pro-preview,REC-chi-inp-007,child,hallucinated_field,temporal,follow-up with the primary care clinic
google_gemini-3-1-pro-preview,REC-chi-inp-008,child,omission,temporal,prior clinic note listed the dose per day rather than per dose
google_gemini-3-1-pro-preview,REC-chi-inp-008,child,hallucinated_field,temporal,admission
google_gemini-3-1-pro-preview,REC-chi-inp-008,child,hallucinated_field,temporal,clinic visit
google_gemini-3-1-pro-preview,REC-chi-inp-008,child,hallucinated_field,temporal,discharge
google_gemini-3-1-pro-preview,REC-chi-inp-009,child,omission,temporal,repeat cbc planned for tomorrow morning
google_gemini-3-1-pro-preview,REC-chi-inp-009,child,hallucinated_field,temporal,abdominal ultrasound
google_gemini-3-1-pro-preview,REC-chi-inp-009,child,hallucinated_field,temporal,repeat cbc
google_gemini-3-1-pro-preview,REC-chi-inp-010,child,omission,temporal,follow-up with the primary care clinic in one week
google_gemini-3-1-pro-preview,REC-chi-inp-010,child,omission,temporal,prior clinic note listed the dose per day rather than per dose
google_gemini-3-1-pro-preview,REC-chi-inp-010,child,hallucinated_field,temporal,follow-up with the primary care clinic
google_gemini-3-1-pro-preview,REC-chi-out-001,child,hallucinated_field,labs,cbc
google_gemini-3-1-pro-preview,REC-chi-out-001,child,omission,temporal,repeat cbc planned for tomorrow morning
google_gemini-3-1-pro-preview,REC-chi-out-001,child,omission,temporal,prior clinic note listed the dose per day rather than per dose
google_gemini-3-1-pro-preview,REC-chi-out-001,child,hallucinated_field,temporal,cbc
google_gemini-3-1-pro-preview,REC-chi-out-002,child,hallucinated_field,diagnoses,rsv bronchiolitis
google_gemini-3-1-pro-preview,REC-chi-out-002,child,hallucinated_field,procedures,cbc
google_gemini-3-1-pro-preview,REC-chi-out-002,child,omission,temporal,history of rsv bronchiolitis in infancy resolved
google_gemini-3-1-pro-preview,REC-chi-out-002,child,omission,temporal,repeat cbc planned for tomorrow morning
google_gemini-3-1-pro-preview,REC-chi-out-002,child,hallucinated_field,temporal,rsv bronchiolitis
google_gemini-3-1-pro-preview,REC-chi-out-002,child,hallucinated_field,temporal,repeat cbc
google_gemini-3-1-pro-preview,REC-chi-out-003,child,hallucinated_field,procedures,cbc
google_gemini-3-1-pro-preview,REC-chi-out-003,child,omission,temporal,repeat cbc planned for tomorrow morning
google_gemini-3-1-pro-preview,REC-chi-out-003,child,hallucinated_field,temporal,cbc
google_gemini-3-1-pro-preview,REC-chi-out-004,child,omission,temporal,prior clinic note listed the dose per day rather than per dose
google_gemini-3-1-pro-preview,REC-chi-out-005,child,hallucinated_field,diagnoses,rsv bronchiolitis
google_gemini-3-1-pro-preview,REC-chi-out-005,child,hallucinated_field,procedures,cbc
google_gemini-3-1-pro-preview,REC-chi-out-005,child,omission,temporal,repeat cbc planned for tomorrow morning
google_gemini-3-1-pro-preview,REC-chi-out-005,child,omission,temporal,history of rsv bronchiolitis in infancy resolved
google_gemini-3-1-pro-preview,REC-chi-out-005,child,hallucinated_field,temporal,cbc
google_gemini-3-1-pro-preview,REC-chi-out-005,child,hallucinated_field,temporal,rsv bronchiolitis
google_gemini-3-1-pro-preview,REC-chi-out-006,child,hallucinated_field,procedures,cbc
google_gemini-3-1-pro-preview,REC-chi-out-006,child,omission,temporal,repeat cbc planned for tomorrow morning
google_gemini-3-1-pro-preview,REC-chi-out-006,child,omission,temporal,follow-up with the primary care clinic in one week
google_gemini-3-1-pro-preview,REC-chi-out-006,child,hallucinated_field,temporal,repeat cbc
google_gemini-3-1-pro-preview,REC-chi-out-006,child,hallucinated_field,temporal,follow-up with the primary care clinic
google_gemini-3-1-pro-preview,REC-chi-out-007,child,hallucinated_field,diagnoses,rsv bronchiolitis
google_gemini-3-1-pro-preview,REC-chi-out-007,child,hallucinated_field,labs,cbc
google_gemini-3-1-pro-preview,REC-chi-out-007,child,omission,temporal,history of rsv bronchiolitis in infancy resolved
google_gemini-3-1-pro-preview,REC-chi-out-007,child,omission,temporal,repeat cbc planned for tomorrow morning
google_gemini-3-1-pro-preview,REC-chi-out-007,child,hallucinated_field,temporal,rsv bronchiolitis
google_gemini-3-1-pro-preview,REC-chi-out-007,child,hallucinated_field,temporal,cbc
google_gemini-3-1-pro-preview,REC-chi-out-008,child,hallucinated_field,temporal,fever
google_gemini-3-1-pro-preview,REC-chi-out-008,child,hallucinated_field,temporal,chest radiograph
google_gemini-3-1-pro-preview,REC-chi-out-008,child,hallucinated_field,temporal,amoxicillin
google_gemini-3-1-pro-preview,REC-chi-out-009,child,omission,temporal,prior clinic note listed the dose per day rather than per dose
google_gemini-3-1-pro-preview,REC-chi-out-009,child,hallucinated_field,temporal,clinic note
google_gemini-3-1-pro-preview,REC-chi-out-010,child,omission,temporal,prior clinic note listed the dose per day rather than per dose
google_gemini-3-1-pro-preview,REC-chi-out-010,child,omission,temporal,follow-up with the primary care clinic in one week
google_gemini-3-1-pro-preview,REC-chi-out-010,child,hallucinated_field,temporal,follow-up with the primary care clinic
google_gemini-3-1-pro-preview,REC-inf-eme-002,infant,omission,temporal,follow-up with the primary care clinic in one week
google_gemini-3-1-pro-preview,REC-inf-eme-002,infant,hallucinated_field,temporal,follow-up with the primary care clinic
google_gemini-3-1-pro-preview,REC-inf-eme-003,infant,hallucinated_field,diagnoses,mild eczema
google_gemini-3-1-pro-preview,REC-inf-eme-003,infant,omission,temporal,history of mild eczema well controlled
google_gemini-3-1-pro-preview,REC-inf-eme-003,infant,omission,temporal,follow-up with the primary care clinic in one week
google_gemini-3-1-pro-preview,REC-inf-eme-003,infant,hallucinated_field,temporal,follow-up with the primary care clinic
google_gemini-3-1-pro-preview,REC-inf-eme-004,infant,hallucinated_field,diagnoses,mild eczema
google_gemini-3-1-pro-preview,REC-inf-eme-004,infant,hallucinated_field,procedures,cbc
google_gemini-3-1-pro-preview,REC-inf-eme-004,infant,omission,temporal,history of mild eczema well controlled
google_gemini-3-1-pro-preview,REC-inf-eme-004,infant,omission,temporal,repeat cbc planned for tomorrow morning
google_gemini-3-1-pro-preview,REC-inf-eme-004,infant,hallucinated_field,temporal,cbc
google_gemini-3-1-pro-preview,REC-inf-eme-004,infant,hallucinated_field,temporal,fever
google_gemini-3-1-pro-preview,REC-inf-eme-005,infant,hallucinated_field,diagnoses,mild eczema
google_gemini-3-1-pro-preview,REC-inf-eme-005,infant,omission,temporal,history of mild eczema well controlled
google_gemini-3-1-pro-preview,REC-inf-eme-005,infant,omission,temporal,follow-up with the primary care clinic in one week
google_gemini-3-1-pro-preview,REC-inf-eme-005,infant,hallucinated_field,temporal,follow-up with the primary care clinic
google_gemini-3-1-pro-preview,REC-inf-eme-006,infant,omission,temporal,prior clinic note listed the dose per day rather than per dose
google_gemini-3-1-pro-preview,REC-inf-eme-006,infant,hallucinated_field,temporal,clinic note
google_gemini-3-1-pro-preview,REC-inf-eme-007,infant,omission,temporal,follow-up with the primary care clinic in one week
google_gemini-3-1-pro-preview,REC-inf-eme-007,infant,hallucinated_field,temporal,follow-up with the primary care clinic
google_gemini-3-1-pro-preview,REC-inf-eme-008,infant,omission,temporal,follow-up with the primary care clinic in one week
google_gemini-3-1-pro-preview,REC-inf-eme-008,infant,omission,temporal,prior clinic note listed the dose per day rather than per dose
google_gemini-3-1-pro-preview,REC-inf-eme-008,infant,hallucinated_field,temporal,follow-up with the primary care clinic
google_gemini-3-1-pro-preview,REC-inf-eme-009,infant,hallucinated_field,procedures,cbc
google_gemini-3-1-pro-preview,REC-inf-eme-009,infant,omission,temporal,prior clinic note listed the dose per day rather than per dose
google_gemini-3-1-pro-preview,REC-inf-eme-009,infant,omission,temporal,repeat cbc planned for tomorrow morning
google_gemini-3-1-pro-preview,REC-inf-eme-009,infant,omission,temporal,follow-up with the primary care clinic in one week
google_gemini-3-1-pro-preview,REC-inf-eme-009,infant,hallucinated_field,temporal,repeat cbc
google_gemini-3-1-pro-preview,REC-inf-eme-009,infant,hallucinated_field,temporal,follow-up with the primary care clinic
google_gemini-3-1-pro-preview,REC-inf-eme-010,infant,hallucinated_field,diagnoses,mild eczema
google_gemini-3-1-pro-preview,REC-inf-eme-010,infant,omission,temporal,history of mild eczema well controlled
google_gemini-3-1-pro-preview,REC-inf-icu-001,infant,hallucinated_field,procedures,cbc
google_gemini-3-1-pro-preview,REC-inf-icu-001,infant,omission,temporal,repeat cbc planned for tomorrow morning
google_gemini-3-1-pro-preview,REC-inf-icu-001,infant,hallucinated_field,temporal,repeat cbc
google_gemini-3-1-pro-preview,REC-inf-icu-002,infant,omission,temporal,prior clinic note listed the dose per day rather than per dose
google_gemini-3-1-pro-preview,REC-inf-icu-002,infant,omission,temporal,follow-up with the primary care clinic in one week
google_gemini-3-1-pro-preview,REC-inf-icu-002,infant,hallucinated_field,temporal,follow-up with the primary care clinic
google_gemini-3-1-pro-preview,REC-inf-icu-004,infant,hallucinated_field,diagnoses,mild eczema
google_gemini-3-1-pro-preview,REC-inf-icu-004,infant,hallucinated_field,procedures,cbc
google_gemini-3-1-pro-preview,REC-inf-icu-004,infant,omission,temporal,follow-up with the primary care clinic in one week
google_gemini-3-1-pro-preview,REC-inf-icu-004,infant,omission,temporal,repeat cbc planned for tomorrow morning
google_gemini-3-1-pro-preview,REC-inf-icu-004,infant,omission,temporal,history of mild eczema well controlled
google_gemini-3-1-pro-preview,REC-inf-icu-004,infant,hallucinated_field,temporal,follow-up with the primary care clinic
google_gemini-3-1-pro-preview,REC-inf-icu-004,infant,hallucinated_field,temporal,repeat cbc
google_gemini-3-1-pro-preview,REC-inf-icu-005,infant,hallucinated_field,labs,cbc
google_gemini-3-1-pro-preview,REC-inf-icu-005,infant,hallucinated_field,procedures,cbc
google_gemini-3-1-pro-preview,REC-inf-icu-005,infant,omission,temporal,repeat cbc planned for tomorrow morning
google_gemini-3-1-pro-preview,REC-inf-icu-005,infant,omission,temporal,follow-up with the primary care clinic in one week
google_gemini-3-1-pro-preview,REC-inf-icu-005,infant,hallucinated_field,temporal,repeat cbc
google_gemini-3-1-pro-preview,REC-inf-icu-005,infant,hallucinated_field,temporal,follow-up with the primary care clinic
google_gemini-3-1-pro-preview,REC-inf-icu-006,infant,omission,temporal,prior clinic note listed the dose per day rather than per dose
google_gemini-3-1-pro-preview,REC-inf-icu-006,infant,hallucinated_field,temporal,clinic note
google_gemini-3-1-pro-preview,REC-inf-icu-007,infant,hallucinated_field,labs,cbc
google_gemini-3-1-pro-preview,REC-inf-icu-007,infant,omission,temporal,follow-up with the primary care clinic in one week
google_gemini-3-1-pro-preview,REC-inf-icu-007,infant,omission,temporal,repeat cbc planned for tomorrow morning
google_gemini-3-1-pro-preview,REC-inf-icu-007,infant,hallucinated_field,temporal,follow-up with the primary care clinic
google_gemini-3-1-pro-preview,REC-inf-icu-007,infant,hallucinated_field,temporal,repeat cbc
google_gemini-3-1-pro-preview,REC-inf-icu-008,infant,omission,temporal,prior clinic note listed the dose per day rather than per dose
google_gemini-3-1-pro-preview,REC-inf-icu-008,infant,hallucinated_field,temporal,clinic note
google_gemini-3-1-pro-preview,REC-inf-icu-009,infant,hallucinated_field,temporal,fever
google_gemini-3-1-pro-preview,REC-inf-icu-010,infant,hallucinated_field,diagnoses,mild eczema
google_gemini-3-1-pro-preview,REC-inf-icu-010,infant,omission,temporal,history of mild eczema well controlled
google_gemini-3-1-pro-preview,REC-inf-icu-010,infant,omission,temporal,prior clinic note listed the dose per day rather than per dose
google_gemini-3-1-pro-preview,REC-inf-icu-010,infant,hallucinated_field,temporal,clinic note
google_gemini-3-1-pro-preview,REC-inf-inp-001,infant,omission,temporal,follow-up with the primary care clinic in one week
google_gemini-3-1-pro-preview,REC-inf-inp-001,infant,hallucinated_field,temporal,follow-up with the primary care clinic
google_gemini-3-1-pro-preview,REC-inf-inp-002,infant,hallucinated_field,diagnoses,mild eczema
google_gemini-3-1-pro-preview,REC-inf-inp-002,infant,hallucinated_field,procedures,cbc
google_gemini-3-1-pro-preview,REC-inf-inp-002,infant,omission,temporal,repeat cbc planned for tomorrow morning
google_gemini-3-1-pro-preview,REC-inf-inp-002,infant,omission,temporal,history of mild eczema well controlled
google_gemini-3-1-pro-preview,REC-inf-inp-002,infant,omission,temporal,follow-up with the primary care clinic in one week
google_gemini-3-1-pro-preview,REC-inf-inp-002,infant,hallucinated_field,temporal,repeat cbc
google_gemini-3-1-pro-preview,REC-inf-inp-002,infant,hallucinated_field,temporal,follow-up with the primary care clinic
google_gemini-3-1-pro-preview,REC-inf-inp-003,infant,hallucinated_field,temporal,admission
google_gemini-3-1-pro-preview,REC-inf-inp-003,infant,hallucinated_field,temporal,discharge
google_gemini-3-1-pro-preview,REC-inf-inp-004,infant,hallucinated_field,diagnoses,mild eczema
google_gemini-3-1-pro-preview,REC-inf-inp-004,infant,omission,temporal,history of mild eczema well controlled
google_gemini-3-1-pro-preview,REC-inf-inp-004,infant,hallucinated_field,temporal,admission
google_gemini-3-1-pro-preview,REC-inf-inp-004,infant,hallucinated_field,temporal,discharge
google_gemini-3-1-pro-preview,REC-inf-inp-005,infant,hallucinated_field,procedures,cbc
google_gemini-3-1-pro-preview,REC-inf-inp-005,infant,omission,temporal,repeat cbc planned for tomorrow morning
google_gemini-3-1-pro-preview,REC-inf-inp-005,infant,omission,temporal,follow-up with the primary care clinic in one week
google_gemini-3-1-pro-preview,REC-inf-inp-005,infant,hallucinated_field,temporal,repeat cbc
google_gemini-3-1-pro-preview,REC-inf-inp-005,infant,hallucinated_field,temporal,follow-up with the primary care clinic
google_gemini-3-1-pro-preview,REC-inf-inp-006,infant,hallucinated_field,procedures,cbc
google_gemini-3-1-pro-preview,REC-inf-inp-006,infant,omission,temporal,repeat cbc planned for tomorrow morning
google_gemini-3-1-pro-preview,REC-inf-inp-006,infant,hallucinated_field,temporal,repeat cbc
google_gemini-3-1-pro-preview,REC-inf-inp-007,infant,hallucinated_field,labs,cbc
google_gemini-3-1-pro-preview,REC-inf-inp-007,infant,omission,temporal,repeat cbc planned for tomorrow morning
google_gemini-3-1-pro-preview,REC-inf-inp-007,infant,hallucinated_field,temporal,cbc
google_gemini-3-1-pro-preview,REC-inf-inp-008,infant,hallucinated_field,diagnoses,mild eczema
google_gemini-3-1-pro-preview,REC-inf-inp-008,infant,omission,temporal,history of mild eczema well controlled
google_gemini-3-1-pro-preview,REC-inf-inp-008,infant,hallucinated_field,temporal,admission
google_gemini-3-1-pro-preview,REC-inf-inp-008,infant,hallucinated_field,temporal,discharge
google_gemini-3-1-pro-preview,REC-inf-inp-009,infant,hallucinated_field,procedures,cbc
google_gemini-3-1-pro-preview,REC-inf-inp-009,infant,omission,temporal,repeat cbc planned for tomorrow morning
google_gemini-3-1-pro-preview,REC-inf-inp-009,infant,omission,temporal,follow-up with the primary care clinic in one week
google_gemini-3-1-pro-preview,REC-inf-inp-009,infant,hallucinated_field,temporal,repeat cbc
google_gemini-3-1-pro-preview,REC-inf-inp-009,infant,hallucinated_field,temporal,follow-up with the primary care clinic
google_gemini-3-1-pro-preview,REC-inf-inp-010,infant,omission,temporal,follow-up with the primary care clinic in one week
google_gemini-3-1-pro-preview,REC-inf-inp-010,infant,hallucinated_field,temporal,follow-up with the primary care clinic
google_gemini-3-1-pro-preview,REC-inf-out-002,infant,hallucinated_field,diagnoses,mild eczema
google_gemini-3-1-pro-preview,REC-inf-out-002,infant,omission,temporal,history of mild eczema well controlled
google_gemini-3-1-pro-preview,REC-inf-out-004,infant,hallucinated_field,labs,cbc
google_gemini-3-1-pro-preview,REC-inf-out-004,infant,omission,temporal,repeat cbc planned for tomorrow morning
google_gemini-3-1-pro-preview,REC-inf-out-004,infant,hallucinated_field,temporal,cbc
google_gemini-3-1-pro-preview,REC-inf-out-006,infant,omission,temporal,follow-up with the primary care clinic in one week
google_gemini-3-1-pro-preview,REC-inf-out-006,infant,hallucinated_field,temporal,follow-up with the primary care clinic
google_gemini-3-1-pro-preview,REC-inf-out-008,infant,hallucinated_field,diagnoses,mild eczema
google_gemini-3-1-pro-preview,REC-inf-out-008,infant,hallucinated_field,labs,cbc
google_gemini-3-1-pro-preview,REC-inf-out-008,infant,omission,temporal,history of mild eczema well controlled
google_gemini-3-1-pro-preview,REC-inf-out-008,infant,omission,temporal,repeat cbc planned for tomorrow morning
google_gemini-3-1-pro-preview,REC-inf-out-008,infant,omission,temporal,prior clinic note listed the dose per day rather than per dose
google_gemini-3-1-pro-preview,REC-inf-out-008,infant,hallucinated_field,temporal,repeat cbc
google_gemini-3-1-pro-preview,REC-inf-out-009,infant,hallucinated_field,procedures,cbc
google_gemini-3-1-pro-preview,REC-inf-out-009,infant,omission,temporal,repeat cbc planned for tomorrow morning
google_gemini-3-1-pro-preview,REC-inf-out-009,infant,omission,temporal,follow-up with the primary care clinic in one week
google_gemini-3-1-pro-preview,REC-inf-out-009,infant,hallucinated_field,temporal,repeat cbc
google_gemini-3-1-pro-preview,REC-inf-out-009,infant,hallucinated_field,temporal,follow-up with the primary care clinic
google_gemini-3-1-pro-preview,REC-neo-eme-001,neonate,hallucinated_field,procedures,vaginal delivery
google_gemini-3-1-pro-preview,REC-neo-eme-001,neonate,omission,temporal,born at term with unknown maternal group b streptococcus status
google_gemini-3-1-pro-preview,REC-neo-eme-001,neonate,omission,temporal,born by uncomplicated vaginal delivery
google_gemini-3-1-pro-preview,REC-neo-eme-001,neonate,hallucinated_field,temporal,birth
google_gemini-3-1-pro-preview,REC-neo-eme-002,neonate,hallucinated_field,procedures,vaginal delivery
google_gemini-3-1-pro-preview,REC-neo-eme-002,neonate,omission,temporal,born at 36 weeks gestation exclusively breastfed
google_gemini-3-1-pro-preview,REC-neo-eme-002,neonate,omission,temporal,born by uncomplicated vaginal delivery
google_gemini-3-1-pro-preview,REC-neo-eme-002,neonate,hallucinated_field,temporal,birth
google_gemini-3-1-pro-preview,REC-neo-eme-003,neonate,hallucinated_field,diagnoses,gestational diabetes
google_gemini-3-1-pro-preview,REC-neo-eme-003,neonate,hallucinated_field,procedures,vaginal delivery
google_gemini-3-1-pro-preview,REC-neo-eme-003,neonate,omission,temporal,pregnancy complicated by gestational diabetes
google_gemini-3-1-pro-preview,REC-neo-eme-003,neonate,omission,temporal,follow-up with the primary care clinic in one week
google_gemini-3-1-pro-preview,REC-neo-eme-003,neonate,omission,temporal,born by uncomplicated vaginal delivery
google_gemini-3-1-pro-preview,REC-neo-eme-003,neonate,hallucinated_field,temporal,follow-up with the primary care clinic
google_gemini-3-1-pro-preview,REC-neo-eme-003,neonate,hallucinated_field,temporal,vaginal delivery
google_gemini-3-1-pro-preview,REC-neo-eme-004,neonate,omission,temporal,born at term with unknown maternal group b streptococcus status
google_gemini-3-1-pro-preview,REC-neo-eme-004,neonate,omission,temporal,follow-up with the primary care clinic in one week
google_gemini-3-1-pro-preview,REC-neo-eme-004,neonate,hallucinated_field,temporal,follow-up with the primary care clinic
google_gemini-3-1-pro-preview,REC-neo-eme-005,neonate,omission,temporal,born at 36 weeks gestation exclusively breastfed
google_gemini-3-1-pro-preview,REC-neo-eme-005,neonate,omission,temporal,follow-up with the primary care clinic in one week
google_gemini-3-1-pro-preview,REC-neo-eme-005,neonate,hallucinated_field,temporal,born
google_gemini-3-1-pro-preview,REC-neo-eme-005,neonate,hallucinated_field,temporal,follow-up with the primary care clinic
google_gemini-3-1-pro-preview,REC-neo-eme-006,neonate,hallucinated_field,diagnoses,gestational diabetes
google_gemini-3-1-pro-preview,REC-neo-eme-006,neonate,hallucinated_field,procedures,repeat cbc
google_gemini-3-1-pro-preview,REC-neo-eme-006,neonate,omission,temporal,pregnancy complicated by gestational diabetes
google_gemini-3-1-pro-preview,REC-neo-eme-006,neonate,omission,temporal,repeat cbc planned for tomorrow morning
google_gemini-3-1-pro-preview,REC-neo-eme-006,neonate,hallucinated_field,temporal,repeat cbc
google_gemini-3-1-pro-preview,REC-neo-eme-007,neonate,omission,temporal,born at term with unknown maternal group b streptococcus status
google_gemini-3-1-pro-preview,REC-neo-eme-007,neonate,omission,temporal,follow-up with the primary care clinic in one week
google_gemini-3-1-pro-preview,REC-neo-eme-007,neonate,hallucinated_field,temporal,born
google_gemini-3-1-pro-preview,REC-neo-eme-007,neonate,hallucinated_field,temporal,follow-up with the primary care clinic
google_gemini-3-1-pro-preview,REC-neo-eme-008,neonate,hallucinated_field,procedures,vaginal delivery
google_gemini-3-1-pro-preview,REC-neo-eme-008,neonate,omission,temporal,born at 36 weeks gestation exclusively breastfed
google_gemini-3-1-pro-preview,REC-neo-eme-008,neonate,omission,temporal,born by uncomplicated vaginal delivery
google_gemini-3-1-pro-preview,REC-neo-eme-008,neonate,omission,temporal,follow-up with the primary care clinic in one week
google_gemini-3-1-pro-preview,REC-neo-eme-008,neonate,hallucinated_field,temporal,birth
google_gemini-3-1-pro-preview,REC-neo-eme-008,neonate,hallucinated_field,temporal,follow-up with the primary care clinic
google_gemini-3-1-pro-preview,REC-neo-eme-009,neonate,hallucinated_field,diagnoses,gestational diabetes
google_gemini-3-1-pro-preview,REC-neo-eme-009,neonate,hallucinated_field,procedures,cbc
google_gemini-3-1-pro-preview,REC-neo-eme-009,neonate,omission,temporal,pregnancy complicated by gestational diabetes
google_gemini-3-1-pro-preview,REC-neo-eme-009,neonate,omission,temporal,repeat cbc planned for tomorrow morning
google_gemini-3-1-pro-preview,REC-neo-eme-009,neonate,hallucinated_field,temporal,repeat cbc
google_gemini-3-1-pro-preview,REC-neo-eme-010,neonate,hallucinated_field,procedures,cbc
google_gemini-3-1-pro-preview,REC-neo-eme-010,neonate,omission,temporal,born at term with unknown maternal group b streptococcus status
google_gemini-3-1-pro-preview,REC-neo-eme-010,neonate,omission,temporal,repeat cbc planned for tomorrow morning
google_gemini-3-1-pro-preview,REC-neo-eme-010,neonate,omission,temporal,prior clinic note listed the dose per day rather than per dose
google_gemini-3-1-pro-preview,REC-neo-eme-010,neonate,hallucinated_field,temporal,repeat cbc
google_gemini-3-1-pro-preview,REC-neo-eme-010,neonate,hallucinated_field,temporal,born at term
google_gemini-3-1-pro-preview,REC-neo-icu-001,neonate,hallucinated_field,procedures,vaginal delivery
google_gemini-3-1-pro-preview,REC-neo-icu-001,neonate,omission,temporal,born at term with unknown maternal group b streptococcus status
google_gemini-3-1-pro-preview,REC-neo-icu-001,neonate,omission,temporal,prior clinic note listed the dose per day rather than per dose
google_gemini-3-1-pro-preview,REC-neo-icu-001,neonate,omission,temporal,born by uncomplicated vaginal delivery
google_gemini-3-1-pro-preview,REC-neo-icu-001,neonate,omission,temporal,follow-up with the primary care clinic in one week
google_gemini-3-1-pro-preview,REC-neo-icu-001,neonate,hallucinated_field,temporal,follow-up with the primary care clinic
google_gemini-3-1-pro-preview,REC-neo-icu-002,neonate,hallucinated_field,diagnoses,gestational diabetes
google_gemini-3-1-pro-preview,REC-neo-icu-002,neonate,omission,temporal,pregnancy complicated by gestational diabetes
google_gemini-3-1-pro-preview,REC-neo-icu-002,neonate,omission,temporal,follow-up with the primary care clinic in one week
google_gemini-3-1-pro-preview,REC-neo-icu-002,neonate,hallucinated_field,temporal,follow-up with the primary care clinic
google_gemini-3-1-pro-preview,REC-neo-icu-003,neonate,omission,temporal,born at term with unknown maternal group b streptococcus status
google_gemini-3-1-pro-preview,REC-neo-icu-003,neonate,omission,temporal,follow-up with the primary care clinic in one week
google_gemini-3-1-pro-preview,REC-neo-icu-003,neonate,hallucinated_field,temporal,follow-up with the primary care clinic
google_gemini-3-1-pro-preview,REC-neo-icu-004,neonate,hallucinated_field,diagnoses,gestational diabetes
google_gemini-3-1-pro-preview,REC-neo-icu-004,neonate,hallucinated_field,procedures,repeat cbc
google_gemini-3-1-pro-preview,REC-neo-icu-004,neonate,omission,temporal,pregnancy complicated by gestational diabetes
google_gemini-3-1-pro-preview,REC-neo-icu-004,neonate,omission,temporal,repeat cbc planned for tomorrow morning
google_gemini-3-1-pro-preview,REC-neo-icu-004,neonate,hallucinated_field,temporal,repeat cbc
google_gemini-3-1-pro-preview,REC-neo-icu-004,neonate,hallucinated_field,temporal,gestational diabetes
google_gemini-3-1-pro-preview,REC-neo-icu-004,neonate,hallucinated_field,temporal,fever
google_gemini-3-1-pro-preview,REC-neo-icu-005,neonate,hallucinated_field,procedures,vaginal delivery
google_gemini-3-1-pro-preview,REC-neo-icu-005,neonate,omission,temporal,born at term with unknown maternal group b streptococcus status
google_gemini-3-1-pro-preview,REC-neo-icu-005,neonate,omission,temporal,born by uncomplicated vaginal delivery
google_gemini-3-1-pro-preview,REC-neo-icu-005,neonate,hallucinated_field,temporal,birth
google_gemini-3-1-pro-preview,REC-neo-icu-005,neonate,hallucinated_field,temporal,workup
google_gemini-3-1-pro-preview,REC-neo-icu-006,neonate,hallucinated_field,diagnoses,gestational diabetes
google_gemini-3-1-pro-preview,REC-neo-icu-006,neonate,hallucinated_field,procedures,cbc
google_gemini-3-1-pro-preview,REC-neo-icu-006,neonate,omission,temporal,pregnancy complicated by gestational diabetes
google_gemini-3-1-pro-preview,REC-neo-icu-006,neonate,omission,temporal,repeat cbc planned for tomorrow morning
google_gemini-3-1-pro-preview,REC-neo-icu-006,neonate,hallucinated_field,temporal,repeat cbc
google_gemini-3-1-pro-preview,REC-neo-icu-007,neonate,omission,temporal,born at term with unknown maternal group b streptococcus status
google_gemini-3-1-pro-preview,REC-neo-icu-007,neonate,hallucinated_field,temporal,birth
google_gemini-3-1-pro-preview,REC-neo-icu-007,neonate,hallucinated_field,temporal,workup
google_gemini-3-1-pro-preview,REC-neo-icu-008,neonate,hallucinated_field,diagnoses,gestational diabetes
google_gemini-3-1-pro-preview,REC-neo-icu-008,neonate,hallucinated_field,procedures,cbc
google_gemini-3-1-pro-preview,REC-neo-icu-008,neonate,omission,temporal,pregnancy complicated by gestational diabetes
google_gemini-3-1-pro-preview,REC-neo-icu-008,neonate,omission,temporal,repeat cbc planned for tomorrow morning
google_gemini-3-1-pro-preview,REC-neo-icu-008,neonate,omission,temporal,follow-up with the primary care clinic in one week
google_gemini-3-1-pro-preview,REC-neo-icu-008,neonate,hallucinated_field,temporal,repeat cbc
google_gemini-3-1-pro-preview,REC-neo-icu-008,neonate,hallucinated_field,temporal,follow-up with the primary care clinic
google_gemini-3-1-pro-preview,REC-neo-icu-009,neonate,omission,temporal,born at term with unknown maternal group b streptococcus status
google_gemini-3-1-pro-preview,REC-neo-icu-009,neonate,omission,temporal,follow-up with the primary care clinic in one week
google_gemini-3-1-pro-preview,REC-neo-icu-009,neonate,hallucinated_field,temporal,follow-up with the primary care clinic
google_gemini-3-1-pro-preview,REC-neo-icu-010,neonate,hallucinated_field,diagnoses,gestational diabetes
google_gemini-3-1-pro-preview,REC-neo-icu-010,neonate,omission,temporal,pregnancy complicated by gestational diabetes
google_gemini-3-1-pro-preview,REC-neo-icu-010,neonate,omission,temporal,follow-up with the primary care clinic in one week
google_gemini-3-1-pro-preview,REC-neo-icu-010,neonate,hallucinated_field,temporal,follow-up with the primary care clinic
google_gemini-3-1-pro-preview,REC-neo-inp-001,neonate,hallucinated_field,procedures,repeat cbc
google_gemini-3-1-pro-preview,REC-neo-inp-001,neonate,omission,temporal,born at term with unknown maternal group b streptococcus status
google_gemini-3-1-pro-preview,REC-neo-inp-001,neonate,omission,temporal,repeat cbc planned for tomorrow morning
google_gemini-3-1-pro-preview,REC-neo-inp-001,neonate,hallucinated_field,temporal,repeat cbc
google_gemini-3-1-pro-preview,REC-neo-inp-002,neonate,omission,temporal,born at 36 weeks gestation exclusively breastfed
google_gemini-3-1-pro-preview,REC-neo-inp-002,neonate,omission,temporal,follow-up with the primary care clinic in one week
google_gemini-3-1-pro-preview,REC-neo-inp-002,neonate,hallucinated_field,temporal,birth
google_gemini-3-1-pro-preview,REC-neo-inp-002,neonate,hallucinated_field,temporal,follow-up with the primary care clinic
google_gemini-3-1-pro-preview,REC-neo-inp-003,neonate,hallucinated_field,diagnoses,gestational diabetes
google_gemini-3-1-pro-preview,REC-neo-inp-003,neonate,hallucinated_field,procedures,cbc
google_gemini-3-1-pro-preview,REC-neo-inp-003,neonate,omission,temporal,pregnancy complicated by gestational diabetes
google_gemini-3-1-pro-preview,REC-neo-inp-003,neonate,omission,temporal,repeat cbc planned for tomorrow morning
google_gemini-3-1-pro-preview,REC-neo-inp-003,neonate,hallucinated_field,temporal,repeat cbc
google_gemini-3-1-pro-preview,REC-neo-inp-004,neonate,omission,temporal,born at term with unknown maternal group b streptococcus status
google_gemini-3-1-pro-preview,REC-neo-inp-004,neonate,omission,temporal,follow-up with the primary care clinic in one week
google_gemini-3-1-pro-preview,REC-neo-inp-004,neonate,omission,temporal,prior clinic note listed the dose per day rather than per dose
google_gemini-3-1-pro-preview,REC-neo-inp-004,neonate,hallucinated_field,temporal,follow-up with the primary care clinic
google_gemini-3-1-pro-preview,REC-neo-inp-005,neonate,omission,temporal,born at 36 weeks gestation exclusively breastfed
google_gemini-3-1-pro-preview,REC-neo-inp-005,neonate,omission,temporal,follow-up with the primary care clinic in one week
google_gemini-3-1-pro-preview,REC-neo-inp-005,neonate,hallucinated_field,temporal,birth
google_gemini-3-1-pro-preview,REC-neo-inp-005,neonate,hallucinated_field,temporal,follow-up with the primary care clinic
google_gemini-3-1-pro-preview,REC-neo-inp-006,neonate,hallucinated_field,diagnoses,gestational diabetes
google_gemini-3-1-pro-preview,REC-neo-inp-006,neonate,omission,temporal,pregnancy complicated by gestational diabetes
google_gemini-3-1-pro-preview,REC-neo-inp-006,neonate,omission,temporal,follow-up with the primary care clinic in one week
google_gemini-3-1-pro-preview,REC-neo-inp-006,neonate,hallucinated_field,temporal,follow-up with the primary care clinic
google_gemini-3-1-pro-preview,REC-neo-inp-007,neonate,hallucinated_field,procedures,cbc
google_gemini-3-1-pro-preview,REC-neo-inp-007,neonate,omission,temporal,born at term with unknown maternal group b streptococcus status
google_gemini-3-1-pro-preview,REC-neo-inp-007,neonate,omission,temporal,follow-up with the primary care clinic in one week
google_gemini-3-1-pro-preview,REC-neo-inp-007,neonate,omission,temporal,repeat cbc planned for tomorrow morning
google_gemini-3-1-pro-preview,REC-neo-inp-007,neonate,omission,temporal,prior clinic note listed the dose per day rather than per dose
google_gemini-3-1-pro-preview,REC-neo-inp-007,neonate,hallucinated_field,temporal,follow-up with the primary care clinic
google_gemini-3-1-pro-preview,REC-neo-inp-007,neonate,hallucinated_field,temporal,repeat cbc
google_gemini-3-1-pro-preview,REC-neo-inp-008,neonate,hallucinated_field,procedures,vaginal delivery
google_gemini-3-1-pro-preview,REC-neo-inp-008,neonate,omission,temporal,born at 36 weeks gestation exclusively breastfed
google_gemini-3-1-pro-preview,REC-neo-inp-008,neonate,omission,temporal,born by uncomplicated vaginal delivery
google_gemini-3-1-pro-preview,REC-neo-inp-008,neonate,omission,temporal,follow-up with the primary care clinic in one week
google_gemini-3-1-pro-preview,REC-neo-inp-008,neonate,hallucinated_field,temporal,birth
google_gemini-3-1-pro-preview,REC-neo-inp-008,neonate,hallucinated_field,temporal,follow-up with the primary care clinic
google_gemini-3-1-pro-preview,REC-neo-inp-009,neonate,hallucinated_field,diagnoses,gestational diabetes
google_gemini-3-1-pro-preview,REC-neo-inp-009,neonate,omission,temporal,pregnancy complicated by gestational diabetes
google_gemini-3-1-pro-preview,REC-neo-inp-009,neonate,omission,temporal,follow-up with the primary care clinic in one week
google_gemini-3-1-pro-preview,REC-neo-inp-009,neonate,hallucinated_field,temporal,follow-up with the primary care clinic
google_gemini-3-1-pro-preview,REC-neo-inp-010,neonate,omission,temporal,born at term with unknown maternal group b streptococcus status
google_gemini-3-1-pro-preview,REC-neo-inp-010,neonate,omission,temporal,follow-up with the primary care clinic in one week
google_gemini-3-1-pro-preview,REC-neo-inp-010,neonate,hallucinated_field,temporal,follow-up with the primary care clinic
google_gemini-3-1-pro-preview,REC-neo-out-001,neonate,hallucinated_field,procedures,vaginal delivery
google_gemini-3-1-pro-preview,REC-neo-out-001,neonate,omission,temporal,born at 36 weeks gestation exclusively breastfed
google_gemini-3-1-pro-preview,REC-neo-out-001,neonate,omission,temporal,born by uncomplicated vaginal delivery
google_gemini-3-1-pro-preview,REC-neo-out-001,neonate,hallucinated_field,temporal,birth
google_gemini-3-1-pro-preview,REC-neo-out-001,neonate,hallucinated_field,temporal,exclusively breastfed
google_gemini-3-1-pro-preview,REC-neo-out-002,neonate,hallucinated_field,procedures,cbc
google_gemini-3-1-pro-preview,REC-neo-out-002,neonate,omission,temporal,born at 36 weeks gestation exclusively breastfed
google_gemini-3-1-pro-preview,REC-neo-out-002,neonate,omission,temporal,repeat cbc planned for tomorrow morning
google_gemini-3-1-pro-preview,REC-neo-out-002,neonate,hallucinated_field,temporal,birth
google_gemini-3-1-pro-preview,REC-neo-out-002,neonate,hallucinated_field,temporal,cbc
google_gemini-3-1-pro-preview,REC-neo-out-003,neonate,omission,temporal,born at 36 weeks gestation exclusively breastfed
google_gemini-3-1-pro-preview,REC-neo-out-003,neonate,hallucinated_field,temporal,birth
google_gemini-3-1-pro-preview,REC-neo-out-004,neonate,hallucinated_field,procedures,vaginal delivery
google_gemini-3-1-pro-preview,REC-neo-out-004,neonate,omission,temporal,born at 36 weeks gestation exclusively breastfed
google_gemini-3-1-pro-preview,REC-neo-out-004,neonate,omission,temporal,born by uncomplicated vaginal delivery
google_gemini-3-1-pro-preview,REC-neo-out-004,neonate,omission,temporal,follow-up with the primary care clinic in one week
google_gemini-3-1-pro-preview,REC-neo-out-004,neonate,hallucinated_field,temporal,birth
google_gemini-3-1-pro-preview,REC-neo-out-004,neonate,hallucinated_field,temporal,follow-up with the primary care clinic
google_gemini-3-1-pro-preview,REC-neo-out-005,neonate,omission,temporal,born at 36 weeks gestation exclusively breastfed
google_gemini-3-1-pro-preview,REC-neo-out-005,neonate,omission,temporal,follow-up with the primary care clinic in one week
google_gemini-3-1-pro-preview,REC-neo-out-005,neonate,hallucinated_field,temporal,birth
google_gemini-3-1-pro-preview,REC-neo-out-005,neonate,hallucinated_field,temporal,follow-up with the primary care clinic
google_gemini-3-1-pro-preview,REC-neo-out-006,neonate,hallucinated_field,procedures,cbc
google_gemini-3-1-pro-preview,REC-neo-out-006,neonate,omission,temporal,born at 36 weeks gestation exclusively breastfed
google_gemini-3-1-pro-preview,REC-neo-out-006,neonate,omission,temporal,repeat cbc planned for tomorrow morning
google_gemini-3-1-pro-preview,REC-neo-out-006,neonate,hallucinated_field,temporal,cbc
google_gemini-3-1-pro-preview,REC-neo-out-006,neonate,hallucinated_field,temporal,birth
google_gemini-3-1-pro-preview,REC-neo-out-007,neonate,hallucinated_field,procedures,vaginal delivery
google_gemini-3-1-pro-preview,REC-neo-out-007,neonate,omission,temporal,born at 36 weeks gestation exclusively breastfed
google_gemini-3-1-pro-preview,REC-neo-out-007,neonate,omission,temporal,born by uncomplicated vaginal delivery
google_gemini-3-1-pro-preview,REC-neo-out-007,neonate,hallucinated_field,temporal,birth
google_gemini-3-1-pro-preview,REC-neo-out-008,neonate,hallucinated_field,procedures,cbc
google_gemini-3-1-pro-preview,REC-neo-out-008,neonate,omission,temporal,born at 36 weeks gestation exclusively breastfed
google_gemini-3-1-pro-preview,REC-neo-out-008,neonate,omission,temporal,repeat cbc planned for tomorrow morning
google_gemini-3-1-pro-preview,REC-neo-out-008,neonate,omission,temporal,born by uncomplicated vaginal delivery
google_gemini-3-1-pro-preview,REC-neo-out-008,neonate,hallucinated_field,temporal,phototherapy
google_gemini-3-1-pro-preview,REC-neo-out-008,neonate,hallucinated_field,temporal,birth
google_gemini-3-1-pro-preview,REC-neo-out-008,neonate,hallucinated_field,temporal,cbc
google_gemini-3-1-pro-preview,REC-neo-out-008,neonate,hallucinated_field,temporal,vaginal delivery
google_gemini-3-1-pro-preview,REC-neo-out-009,neonate,hallucinated_field,procedures,vaginal delivery
google_gemini-3-1-pro-preview,REC-neo-out-009,neonate,hallucinated_field,procedures,cbc
google_gemini-3-1-pro-preview,REC-neo-out-009,neonate,omission,temporal,born at 36 weeks gestation exclusively breastfed
google_gemini-3-1-pro-preview,REC-neo-out-009,neonate,omission,temporal,born by uncomplicated vaginal delivery
google_gemini-3-1-pro-preview,REC-neo-out-009,neonate,omission,temporal,repeat cbc planned for tomorrow morning
google_gemini-3-1-pro-preview,REC-neo-out-009,neonate,hallucinated_field,temporal,cbc
google_gemini-3-1-pro-preview,REC-neo-out-009,neonate,hallucinated_field,temporal,birth
google_gemini-3-1-pro-preview,REC-neo-out-010,neonate,hallucinated_field,procedures,cbc
google_gemini-3-1-pro-preview,REC-neo-out-010,neonate,omission,temporal,born at 36 weeks gestation exclusively breastfed
google_gemini-3-1-pro-preview,REC-neo-out-010,neonate,omission,temporal,follow-up with the primary care clinic in one week
google_gemini-3-1-pro-preview,REC-neo-out-010,neonate,omission,temporal,repeat cbc planned for tomorrow morning
google_gemini-3-1-pro-preview,REC-neo-out-010,neonate,hallucinated_field,temporal,birth
google_gemini-3-1-pro-preview,REC-neo-out-010,neonate,hallucinated_field,temporal,follow-up with the primary care clinic
google_gemini-3-1-pro-preview,REC-neo-out-010,neonate,hallucinated_field,temporal,repeat cbc
openai_gpt-5-5-2026-04-23,REC-ado-eme-001,adolescent,hallucinated_field,temporal,insulin started
openai_gpt-5-5-2026-04-23,REC-ado-eme-001,adolescent,hallucinated_field,temporal,venous blood gas performed
openai_gpt-5-5-2026-04-23,REC-ado-eme-001,adolescent,hallucinated_field,temporal,admitted to inpatient unit
openai_gpt-5-5-2026-04-23,REC-ado-eme-002,adolescent,hallucinated_field,diagnoses,rsv bronchiolitis
openai_gpt-5-5-2026-04-23,REC-ado-eme-002,adolescent,hallucinated_field,procedures,repeat cbc
openai_gpt-5-5-2026-04-23,REC-ado-eme-002,adolescent,omission,temporal,repeat cbc planned for tomorrow morning
openai_gpt-5-5-2026-04-23,REC-ado-eme-002,adolescent,omission,temporal,history of rsv bronchiolitis in infancy resolved
openai_gpt-5-5-2026-04-23,REC-ado-eme-002,adolescent,hallucinated_field,temporal,fluoxetine started
openai_gpt-5-5-2026-04-23,REC-ado-eme-002,adolescent,hallucinated_field,temporal,safety screening performed
openai_gpt-5-5-2026-04-23,REC-ado-eme-002,adolescent,hallucinated_field,temporal,repeat cbc
openai_gpt-5-5-2026-04-23,REC-ado-eme-002,adolescent,hallucinated_field,temporal,rsv bronchiolitis
openai_gpt-5-5-2026-04-23,REC-ado-eme-003,adolescent,hallucinated_field,diagnoses,rsv bronchiolitis
openai_gpt-5-5-2026-04-23,REC-ado-eme-003,adolescent,hallucinated_field,procedures,repeat cbc
openai_gpt-5-5-2026-04-23,REC-ado-eme-003,adolescent,omission,temporal,repeat cbc planned for tomorrow morning
openai_gpt-5-5-2026-04-23,REC-ado-eme-003,adolescent,omission,temporal,history of rsv bronchiolitis in infancy resolved
openai_gpt-5-5-2026-04-23,REC-ado-eme-003,adolescent,hallucinated_field,temporal,rsv bronchiolitis
openai_gpt-5-5-2026-04-23,REC-ado-eme-003,adolescent,hallucinated_field,temporal,acetaminophen started
openai_gpt-5-5-2026-04-23,REC-ado-eme-003,adolescent,hallucinated_field,temporal,concussion symptom assessment
openai_gpt-5-5-2026-04-23,REC-ado-eme-003,adolescent,hallucinated_field,temporal,repeat cbc
openai_gpt-5-5-2026-04-23,REC-ado-eme-004,adolescent,hallucinated_field,diagnoses,rsv bronchiolitis
openai_gpt-5-5-2026-04-23,REC-ado-eme-004,adolescent,hallucinated_field,procedures,repeat cbc
openai_gpt-5-5-2026-04-23,REC-ado-eme-004,adolescent,omission,temporal,history of rsv bronchiolitis in infancy resolved
openai_gpt-5-5-2026-04-23,REC-ado-eme-004,adolescent,omission,temporal,repeat cbc planned for tomorrow morning
openai_gpt-5-5-2026-04-23,REC-ado-eme-004,adolescent,hallucinated_field,temporal,rsv bronchiolitis
openai_gpt-5-5-2026-04-23,REC-ado-eme-004,adolescent,hallucinated_field,temporal,repeat cbc
openai_gpt-5-5-2026-04-23,REC-ado-eme-004,adolescent,hallucinated_field,temporal,venous blood gas
openai_gpt-5-5-2026-04-23,REC-ado-eme-005,adolescent,hallucinated_field,procedures,follow-up with the primary care clinic
openai_gpt-5-5-2026-04-23,REC-ado-eme-005,adolescent,omission,temporal,follow-up with the primary care clinic in one week
openai_gpt-5-5-2026-04-23,REC-ado-eme-005,adolescent,hallucinated_field,temporal,evaluated in the emergency department
openai_gpt-5-5-2026-04-23,REC-ado-eme-005,adolescent,hallucinated_field,temporal,started fluoxetine
openai_gpt-5-5-2026-04-23,REC-ado-eme-005,adolescent,hallucinated_field,temporal,safety screening was performed
openai_gpt-5-5-2026-04-23,REC-ado-eme-005,adolescent,hallucinated_field,temporal,follow-up with the primary care clinic
openai_gpt-5-5-2026-04-23,REC-ado-eme-005,adolescent,hallucinated_field,temporal,admitted to inpatient unit
openai_gpt-5-5-2026-04-23,REC-ado-eme-006,adolescent,hallucinated_field,diagnoses,rsv bronchiolitis
openai_gpt-5-5-2026-04-23,REC-ado-eme-006,adolescent,hallucinated_field,procedures,follow-up with the primary care clinic
openai_gpt-5-5-2026-04-23,REC-ado-eme-006,adolescent,omission,temporal,follow-up with the primary care clinic in one week
openai_gpt-5-5-2026-04-23,REC-ado-eme-006,adolescent,omission,temporal,history of rsv bronchiolitis in infancy resolved
openai_gpt-5-5-2026-04-23,REC-ado-eme-006,adolescent,hallucinated_field,temporal,follow-up with the primary care clinic
openai_gpt-5-5-2026-04-23,REC-ado-eme-006,adolescent,hallucinated_field,temporal,rsv bronchiolitis
openai_gpt-5-5-2026-04-23,REC-ado-eme-007,adolescent,hallucinated_field,procedures,follow-up with primary care clinic
openai_gpt-5-5-2026-04-23,REC-ado-eme-007,adolescent,omission,temporal,follow-up with the primary care clinic in one week
openai_gpt-5-5-2026-04-23,REC-ado-eme-007,adolescent,hallucinated_field,temporal,follow-up with primary care clinic
openai_gpt-5-5-2026-04-23,REC-ado-eme-007,adolescent,hallucinated_field,temporal,fever
openai_gpt-5-5-2026-04-23,REC-ado-eme-008,adolescent,hallucinated_field,procedures,repeat cbc
openai_gpt-5-5-2026-04-23,REC-ado-eme-008,adolescent,hallucinated_field,procedures,follow-up with the primary care clinic
openai_gpt-5-5-2026-04-23,REC-ado-eme-008,adolescent,omission,temporal,repeat cbc planned for tomorrow morning
openai_gpt-5-5-2026-04-23,REC-ado-eme-008,adolescent,omission,temporal,follow-up with the primary care clinic in one week
openai_gpt-5-5-2026-04-23,REC-ado-eme-008,adolescent,hallucinated_field,temporal,repeat cbc
openai_gpt-5-5-2026-04-23,REC-ado-eme-008,adolescent,hallucinated_field,temporal,follow-up with the primary care clinic
openai_gpt-5-5-2026-04-23,REC-ado-eme-009,adolescent,hallucinated_field,procedures,repeat cbc
openai_gpt-5-5-2026-04-23,REC-ado-eme-009,adolescent,omission,temporal,repeat cbc planned for tomorrow morning
openai_gpt-5-5-2026-04-23,REC-ado-eme-009,adolescent,omission,temporal,follow-up with the primary care clinic in one week
openai_gpt-5-5-2026-04-23,REC-ado-eme-009,adolescent,hallucinated_field,temporal,concussion symptom assessment
openai_gpt-5-5-2026-04-23,REC-ado-eme-009,adolescent,hallucinated_field,temporal,repeat cbc
openai_gpt-5-5-2026-04-23,REC-ado-eme-009,adolescent,hallucinated_field,temporal,follow-up with the primary care clinic
openai_gpt-5-5-2026-04-23,REC-ado-eme-010,adolescent,hallucinated_field,diagnoses,rsv bronchiolitis
openai_gpt-5-5-2026-04-23,REC-ado-eme-010,adolescent,hallucinated_field,procedures,repeat cbc
openai_gpt-5-5-2026-04-23,REC-ado-eme-010,adolescent,omission,temporal,repeat cbc planned for tomorrow morning
openai_gpt-5-5-2026-04-23,REC-ado-eme-010,adolescent,omission,temporal,follow-up with the primary care clinic in one week
openai_gpt-5-5-2026-04-23,REC-ado-eme-010,adolescent,omission,temporal,history of rsv bronchiolitis in infancy resolved
openai_gpt-5-5-2026-04-23,REC-ado-eme-010,adolescent,hallucinated_field,temporal,venous blood gas
openai_gpt-5-5-2026-04-23,REC-ado-eme-010,adolescent,hallucinated_field,temporal,repeat cbc
openai_gpt-5-5-2026-04-23,REC-ado-eme-010,adolescent,hallucinated_field,temporal,follow-up with the primary care clinic
openai_gpt-5-5-2026-04-23,REC-ado-eme-010,adolescent,hallucinated_field,temporal,rsv bronchiolitis
openai_gpt-5-5-2026-04-23,REC-ado-icu-001,adolescent,hallucinated_field,procedures,repeat cbc
openai_gpt-5-5-2026-04-23,REC-ado-icu-001,adolescent,omission,temporal,repeat cbc planned for tomorrow morning
openai_gpt-5-5-2026-04-23,REC-ado-icu-001,adolescent,hallucinated_field,temporal,admitted to intensive care unit
openai_gpt-5-5-2026-04-23,REC-ado-icu-001,adolescent,hallucinated_field,temporal,started insulin
openai_gpt-5-5-2026-04-23,REC-ado-icu-001,adolescent,hallucinated_field,temporal,venous blood gas was performed
openai_gpt-5-5-2026-04-23,REC-ado-icu-001,adolescent,hallucinated_field,temporal,repeat cbc planned
openai_gpt-5-5-2026-04-23,REC-ado-icu-001,adolescent,hallucinated_field,temporal,transferred to inpatient unit
openai_gpt-5-5-2026-04-23,REC-ado-icu-002,adolescent,hallucinated_field,procedures,repeat cbc
openai_gpt-5-5-2026-04-23,REC-ado-icu-002,adolescent,omission,temporal,repeat cbc planned for tomorrow morning
openai_gpt-5-5-2026-04-23,REC-ado-icu-002,adolescent,hallucinated_field,temporal,admitted to intensive care unit
openai_gpt-5-5-2026-04-23,REC-ado-icu-002,adolescent,hallucinated_field,temporal,started insulin
openai_gpt-5-5-2026-04-23,REC-ado-icu-002,adolescent,hallucinated_field,temporal,repeat cbc
openai_gpt-5-5-2026-04-23,REC-ado-icu-002,adolescent,hallucinated_field,temporal,transferred to inpatient unit
openai_gpt-5-5-2026-04-23,REC-ado-icu-003,adolescent,hallucinated_field,diagnoses,rsv bronchiolitis
openai_gpt-5-5-2026-04-23,REC-ado-icu-003,adolescent,hallucinated_field,procedures,repeat cbc
openai_gpt-5-5-2026-04-23,REC-ado-icu-003,adolescent,omission,temporal,history of rsv bronchiolitis in infancy resolved
openai_gpt-5-5-2026-04-23,REC-ado-icu-003,adolescent,omission,temporal,repeat cbc planned for tomorrow morning
openai_gpt-5-5-2026-04-23,REC-ado-icu-003,adolescent,hallucinated_field,temporal,rsv bronchiolitis
openai_gpt-5-5-2026-04-23,REC-ado-icu-003,adolescent,hallucinated_field,temporal,repeat cbc
openai_gpt-5-5-2026-04-23,REC-ado-icu-003,adolescent,hallucinated_field,temporal,venous blood gas
openai_gpt-5-5-2026-04-23,REC-ado-icu-003,adolescent,hallucinated_field,temporal,insulin started
openai_gpt-5-5-2026-04-23,REC-ado-icu-004,adolescent,hallucinated_field,procedures,repeat cbc
openai_gpt-5-5-2026-04-23,REC-ado-icu-004,adolescent,omission,temporal,follow-up with the primary care clinic in one week
openai_gpt-5-5-2026-04-23,REC-ado-icu-004,adolescent,omission,temporal,repeat cbc planned for tomorrow morning
openai_gpt-5-5-2026-04-23,REC-ado-icu-004,adolescent,hallucinated_field,temporal,admitted to the intensive care unit
openai_gpt-5-5-2026-04-23,REC-ado-icu-004,adolescent,hallucinated_field,temporal,venous blood gas performed
openai_gpt-5-5-2026-04-23,REC-ado-icu-004,adolescent,hallucinated_field,temporal,follow-up with the primary care clinic
openai_gpt-5-5-2026-04-23,REC-ado-icu-004,adolescent,hallucinated_field,temporal,repeat cbc
openai_gpt-5-5-2026-04-23,REC-ado-icu-004,adolescent,hallucinated_field,temporal,transferred to inpatient unit
openai_gpt-5-5-2026-04-23,REC-ado-icu-005,adolescent,hallucinated_field,diagnoses,rsv bronchiolitis
openai_gpt-5-5-2026-04-23,REC-ado-icu-005,adolescent,hallucinated_field,procedures,repeat cbc
openai_gpt-5-5-2026-04-23,REC-ado-icu-005,adolescent,omission,temporal,repeat cbc planned for tomorrow morning
openai_gpt-5-5-2026-04-23,REC-ado-icu-005,adolescent,omission,temporal,history of rsv bronchiolitis in infancy resolved
openai_gpt-5-5-2026-04-23,REC-ado-icu-005,adolescent,hallucinated_field,temporal,rsv bronchiolitis
openai_gpt-5-5-2026-04-23,REC-ado-icu-005,adolescent,hallucinated_field,temporal,repeat cbc
openai_gpt-5-5-2026-04-23,REC-ado-icu-006,adolescent,hallucinated_field,diagnoses,rsv bronchiolitis
openai_gpt-5-5-2026-04-23,REC-ado-icu-006,adolescent,omission,temporal,history of rsv bronchiolitis in infancy resolved
openai_gpt-5-5-2026-04-23,REC-ado-icu-006,adolescent,hallucinated_field,temporal,admitted to intensive care unit
openai_gpt-5-5-2026-04-23,REC-ado-icu-006,adolescent,hallucinated_field,temporal,started insulin
openai_gpt-5-5-2026-04-23,REC-ado-icu-006,adolescent,hallucinated_field,temporal,venous blood gas performed
openai_gpt-5-5-2026-04-23,REC-ado-icu-006,adolescent,hallucinated_field,temporal,rsv bronchiolitis
openai_gpt-5-5-2026-04-23,REC-ado-icu-006,adolescent,hallucinated_field,temporal,transferred to inpatient unit
openai_gpt-5-5-2026-04-23,REC-ado-icu-007,adolescent,hallucinated_field,diagnoses,rsv bronchiolitis
openai_gpt-5-5-2026-04-23,REC-ado-icu-007,adolescent,hallucinated_field,procedures,repeat cbc
openai_gpt-5-5-2026-04-23,REC-ado-icu-007,adolescent,omission,temporal,history of rsv bronchiolitis in infancy resolved
openai_gpt-5-5-2026-04-23,REC-ado-icu-007,adolescent,omission,temporal,repeat cbc planned for tomorrow morning
openai_gpt-5-5-2026-04-23,REC-ado-icu-007,adolescent,hallucinated_field,temporal,rsv bronchiolitis
openai_gpt-5-5-2026-04-23,REC-ado-icu-007,adolescent,hallucinated_field,temporal,repeat cbc
openai_gpt-5-5-2026-04-23,REC-ado-icu-008,adolescent,hallucinated_field,diagnoses,rsv bronchiolitis
openai_gpt-5-5-2026-04-23,REC-ado-icu-008,adolescent,omission,temporal,follow-up with the primary care clinic in one week
openai_gpt-5-5-2026-04-23,REC-ado-icu-008,adolescent,omission,temporal,history of rsv bronchiolitis in infancy resolved
openai_gpt-5-5-2026-04-23,REC-ado-icu-008,adolescent,hallucinated_field,temporal,admitted to intensive care unit
openai_gpt-5-5-2026-04-23,REC-ado-icu-008,adolescent,hallucinated_field,temporal,follow-up with the primary care clinic
openai_gpt-5-5-2026-04-23,REC-ado-icu-008,adolescent,hallucinated_field,temporal,rsv bronchiolitis
openai_gpt-5-5-2026-04-23,REC-ado-icu-008,adolescent,hallucinated_field,temporal,venous blood gas was performed
openai_gpt-5-5-2026-04-23,REC-ado-icu-009,adolescent,omission,temporal,follow-up with the primary care clinic in one week
openai_gpt-5-5-2026-04-23,REC-ado-icu-009,adolescent,hallucinated_field,temporal,admitted to the intensive care unit
openai_gpt-5-5-2026-04-23,REC-ado-icu-009,adolescent,hallucinated_field,temporal,follow-up with the primary care clinic
openai_gpt-5-5-2026-04-23,REC-ado-icu-010,adolescent,hallucinated_field,procedures,repeat cbc
openai_gpt-5-5-2026-04-23,REC-ado-icu-010,adolescent,omission,temporal,repeat cbc planned for tomorrow morning
openai_gpt-5-5-2026-04-23,REC-ado-icu-010,adolescent,hallucinated_field,temporal,admitted to intensive care unit
openai_gpt-5-5-2026-04-23,REC-ado-icu-010,adolescent,hallucinated_field,temporal,started insulin
openai_gpt-5-5-2026-04-23,REC-ado-icu-010,adolescent,hallucinated_field,temporal,venous blood gas performed
openai_gpt-5-5-2026-04-23,REC-ado-icu-010,adolescent,hallucinated_field,temporal,repeat cbc
openai_gpt-5-5-2026-04-23,REC-ado-icu-010,adolescent,hallucinated_field,temporal,transferred to inpatient unit
openai_gpt-5-5-2026-04-23,REC-ado-inp-001,adolescent,hallucinated_field,procedures,repeat cbc
openai_gpt-5-5-2026-04-23,REC-ado-inp-001,adolescent,hallucinated_field,procedures,follow-up with the primary care clinic
openai_gpt-5-5-2026-04-23,REC-ado-inp-001,adolescent,omission,temporal,repeat cbc planned for tomorrow morning
openai_gpt-5-5-2026-04-23,REC-ado-inp-001,adolescent,omission,temporal,follow-up with the primary care clinic in one week
openai_gpt-5-5-2026-04-23,REC-ado-inp-001,adolescent,hallucinated_field,temporal,fever denied at home
openai_gpt-5-5-2026-04-23,REC-ado-inp-001,adolescent,hallucinated_field,temporal,repeat cbc
openai_gpt-5-5-2026-04-23,REC-ado-inp-001,adolescent,hallucinated_field,temporal,follow-up with the primary care clinic
openai_gpt-5-5-2026-04-23,REC-ado-inp-002,adolescent,hallucinated_field,procedures,repeat cbc
openai_gpt-5-5-2026-04-23,REC-ado-inp-002,adolescent,hallucinated_field,procedures,follow-up with the primary care clinic
openai_gpt-5-5-2026-04-23,REC-ado-inp-002,adolescent,omission,temporal,follow-up with the primary care clinic in one week
openai_gpt-5-5-2026-04-23,REC-ado-inp-002,adolescent,omission,temporal,repeat cbc planned for tomorrow morning
openai_gpt-5-5-2026-04-23,REC-ado-inp-002,adolescent,hallucinated_field,temporal,admitted to the inpatient ward
openai_gpt-5-5-2026-04-23,REC-ado-inp-002,adolescent,hallucinated_field,temporal,started fluoxetine
openai_gpt-5-5-2026-04-23,REC-ado-inp-002,adolescent,hallucinated_field,temporal,safety screening was performed
openai_gpt-5-5-2026-04-23,REC-ado-inp-002,adolescent,hallucinated_field,temporal,follow-up with the primary care clinic
openai_gpt-5-5-2026-04-23,REC-ado-inp-002,adolescent,hallucinated_field,temporal,repeat cbc
openai_gpt-5-5-2026-04-23,REC-ado-inp-002,adolescent,hallucinated_field,temporal,fever denied at home
openai_gpt-5-5-2026-04-23,REC-ado-inp-002,adolescent,hallucinated_field,temporal,discharged home
openai_gpt-5-5-2026-04-23,REC-ado-inp-003,adolescent,hallucinated_field,diagnoses,rsv bronchiolitis
openai_gpt-5-5-2026-04-23,REC-ado-inp-003,adolescent,hallucinated_field,procedures,repeat cbc
openai_gpt-5-5-2026-04-23,REC-ado-inp-003,adolescent,omission,temporal,history of rsv bronchiolitis in infancy resolved
openai_gpt-5-5-2026-04-23,REC-ado-inp-003,adolescent,omission,temporal,repeat cbc planned for tomorrow morning
openai_gpt-5-5-2026-04-23,REC-ado-inp-003,adolescent,hallucinated_field,temporal,admitted to inpatient ward
openai_gpt-5-5-2026-04-23,REC-ado-inp-003,adolescent,hallucinated_field,temporal,acetaminophen started
openai_gpt-5-5-2026-04-23,REC-ado-inp-003,adolescent,hallucinated_field,temporal,concussion symptom assessment performed
openai_gpt-5-5-2026-04-23,REC-ado-inp-003,adolescent,hallucinated_field,temporal,rsv bronchiolitis
openai_gpt-5-5-2026-04-23,REC-ado-inp-003,adolescent,hallucinated_field,temporal,repeat cbc
openai_gpt-5-5-2026-04-23,REC-ado-inp-003,adolescent,hallucinated_field,temporal,discharged home
openai_gpt-5-5-2026-04-23,REC-ado-inp-004,adolescent,hallucinated_field,diagnoses,rsv bronchiolitis
openai_gpt-5-5-2026-04-23,REC-ado-inp-004,adolescent,omission,temporal,history of rsv bronchiolitis in infancy resolved
openai_gpt-5-5-2026-04-23,REC-ado-inp-004,adolescent,hallucinated_field,temporal,fever
openai_gpt-5-5-2026-04-23,REC-ado-inp-004,adolescent,hallucinated_field,temporal,rsv bronchiolitis
openai_gpt-5-5-2026-04-23,REC-ado-inp-004,adolescent,hallucinated_field,temporal,venous blood gas
openai_gpt-5-5-2026-04-23,REC-ado-inp-004,adolescent,hallucinated_field,temporal,discharged home
openai_gpt-5-5-2026-04-23,REC-ado-inp-005,adolescent,hallucinated_field,procedures,repeat cbc
openai_gpt-5-5-2026-04-23,REC-ado-inp-005,adolescent,hallucinated_field,procedures,follow-up with the primary care clinic
openai_gpt-5-5-2026-04-23,REC-ado-inp-005,adolescent,omission,temporal,follow-up with the primary care clinic in one week
openai_gpt-5-5-2026-04-23,REC-ado-inp-005,adolescent,omission,temporal,repeat cbc planned for tomorrow morning
openai_gpt-5-5-2026-04-23,REC-ado-inp-005,adolescent,hallucinated_field,temporal,fluoxetine started
openai_gpt-5-5-2026-04-23,REC-ado-inp-005,adolescent,hallucinated_field,temporal,safety screening
openai_gpt-5-5-2026-04-23,REC-ado-inp-005,adolescent,hallucinated_field,temporal,follow-up with the primary care clinic
openai_gpt-5-5-2026-04-23,REC-ado-inp-005,adolescent,hallucinated_field,temporal,repeat cbc
openai_gpt-5-5-2026-04-23,REC-ado-inp-006,adolescent,hallucinated_field,diagnoses,rsv bronchiolitis
openai_gpt-5-5-2026-04-23,REC-ado-inp-006,adolescent,hallucinated_field,procedures,repeat cbc
openai_gpt-5-5-2026-04-23,REC-ado-inp-006,adolescent,omission,temporal,history of rsv bronchiolitis in infancy resolved
openai_gpt-5-5-2026-04-23,REC-ado-inp-006,adolescent,omission,temporal,repeat cbc planned for tomorrow morning
openai_gpt-5-5-2026-04-23,REC-ado-inp-006,adolescent,hallucinated_field,temporal,rsv bronchiolitis
openai_gpt-5-5-2026-04-23,REC-ado-inp-006,adolescent,hallucinated_field,temporal,concussion symptom assessment
openai_gpt-5-5-2026-04-23,REC-ado-inp-006,adolescent,hallucinated_field,temporal,repeat cbc
openai_gpt-5-5-2026-04-23,REC-ado-inp-006,adolescent,hallucinated_field,temporal,discharged home
openai_gpt-5-5-2026-04-23,REC-ado-inp-007,adolescent,hallucinated_field,procedures,follow-up with the primary care clinic
openai_gpt-5-5-2026-04-23,REC-ado-inp-007,adolescent,omission,temporal,follow-up with the primary care clinic in one week
openai_gpt-5-5-2026-04-23,REC-ado-inp-007,adolescent,hallucinated_field,temporal,admitted to the inpatient ward
openai_gpt-5-5-2026-04-23,REC-ado-inp-007,adolescent,hallucinated_field,temporal,venous blood gas performed
openai_gpt-5-5-2026-04-23,REC-ado-inp-007,adolescent,hallucinated_field,temporal,follow-up with the primary care clinic
openai_gpt-5-5-2026-04-23,REC-ado-inp-007,adolescent,hallucinated_field,temporal,discharged home
openai_gpt-5-5-2026-04-23,REC-ado-inp-008,adolescent,hallucinated_field,diagnoses,rsv bronchiolitis
openai_gpt-5-5-2026-04-23,REC-ado-inp-008,adolescent,omission,temporal,history of rsv bronchiolitis in infancy resolved
openai_gpt-5-5-2026-04-23,REC-ado-inp-008,adolescent,hallucinated_field,temporal,rsv bronchiolitis
openai_gpt-5-5-2026-04-23,REC-ado-inp-008,adolescent,hallucinated_field,temporal,safety screening
openai_gpt-5-5-2026-04-23,REC-ado-inp-008,adolescent,hallucinated_field,temporal,started fluoxetine
openai_gpt-5-5-2026-04-23,REC-ado-inp-008,adolescent,hallucinated_field,temporal,denies fever at home
openai_gpt-5-5-2026-04-23,REC-ado-inp-009,adolescent,hallucinated_field,temporal,admitted to inpatient ward
openai_gpt-5-5-2026-04-23,REC-ado-inp-009,adolescent,hallucinated_field,temporal,acetaminophen started
openai_gpt-5-5-2026-04-23,REC-ado-inp-009,adolescent,hallucinated_field,temporal,concussion symptom assessment performed
openai_gpt-5-5-2026-04-23,REC-ado-inp-009,adolescent,hallucinated_field,temporal,discharged home
openai_gpt-5-5-2026-04-23,REC-ado-inp-010,adolescent,hallucinated_field,diagnoses,rsv bronchiolitis
openai_gpt-5-5-2026-04-23,REC-ado-inp-010,adolescent,omission,temporal,history of rsv bronchiolitis in infancy resolved
openai_gpt-5-5-2026-04-23,REC-ado-inp-010,adolescent,hallucinated_field,temporal,rsv bronchiolitis
openai_gpt-5-5-2026-04-23,REC-ado-inp-010,adolescent,hallucinated_field,temporal,venous blood gas performed
openai_gpt-5-5-2026-04-23,REC-ado-inp-010,adolescent,hallucinated_field,temporal,discharged home
openai_gpt-5-5-2026-04-23,REC-ado-out-001,adolescent,hallucinated_field,temporal,fluoxetine started
openai_gpt-5-5-2026-04-23,REC-ado-out-001,adolescent,hallucinated_field,temporal,safety screening performed
openai_gpt-5-5-2026-04-23,REC-ado-out-001,adolescent,hallucinated_field,temporal,discharged home
openai_gpt-5-5-2026-04-23,REC-ado-out-002,adolescent,hallucinated_field,procedures,repeat cbc
openai_gpt-5-5-2026-04-23,REC-ado-out-002,adolescent,hallucinated_field,procedures,follow-up with the primary care clinic
openai_gpt-5-5-2026-04-23,REC-ado-out-002,adolescent,omission,temporal,repeat cbc planned for tomorrow morning
openai_gpt-5-5-2026-04-23,REC-ado-out-002,adolescent,omission,temporal,follow-up with the primary care clinic in one week
openai_gpt-5-5-2026-04-23,REC-ado-out-002,adolescent,hallucinated_field,temporal,repeat cbc
openai_gpt-5-5-2026-04-23,REC-ado-out-002,adolescent,hallucinated_field,temporal,follow-up with the primary care clinic
openai_gpt-5-5-2026-04-23,REC-ado-out-003,adolescent,omission,temporal,follow-up with the primary care clinic in one week
openai_gpt-5-5-2026-04-23,REC-ado-out-003,adolescent,hallucinated_field,temporal,follow-up with the primary care clinic
openai_gpt-5-5-2026-04-23,REC-ado-out-003,adolescent,hallucinated_field,temporal,safety screening
openai_gpt-5-5-2026-04-23,REC-ado-out-003,adolescent,hallucinated_field,temporal,started fluoxetine
openai_gpt-5-5-2026-04-23,REC-ado-out-004,adolescent,hallucinated_field,procedures,repeat cbc
openai_gpt-5-5-2026-04-23,REC-ado-out-004,adolescent,omission,temporal,repeat cbc planned for tomorrow morning
openai_gpt-5-5-2026-04-23,REC-ado-out-004,adolescent,hallucinated_field,temporal,concussion symptom assessment
openai_gpt-5-5-2026-04-23,REC-ado-out-004,adolescent,hallucinated_field,temporal,repeat cbc
openai_gpt-5-5-2026-04-23,REC-ado-out-004,adolescent,hallucinated_field,temporal,acetaminophen started
openai_gpt-5-5-2026-04-23,REC-ado-out-004,adolescent,hallucinated_field,temporal,discharged home
openai_gpt-5-5-2026-04-23,REC-ado-out-005,adolescent,hallucinated_field,procedures,repeat cbc
openai_gpt-5-5-2026-04-23,REC-ado-out-005,adolescent,omission,temporal,repeat cbc planned for tomorrow morning
openai_gpt-5-5-2026-04-23,REC-ado-out-005,adolescent,hallucinated_field,temporal,safety screening
openai_gpt-5-5-2026-04-23,REC-ado-out-005,adolescent,hallucinated_field,temporal,repeat cbc
openai_gpt-5-5-2026-04-23,REC-ado-out-005,adolescent,hallucinated_field,temporal,started fluoxetine
openai_gpt-5-5-2026-04-23,REC-ado-out-006,adolescent,hallucinated_field,procedures,follow-up with the primary care clinic
openai_gpt-5-5-2026-04-23,REC-ado-out-006,adolescent,omission,temporal,follow-up with the primary care clinic in one week
openai_gpt-5-5-2026-04-23,REC-ado-out-006,adolescent,hallucinated_field,temporal,concussion symptom assessment
openai_gpt-5-5-2026-04-23,REC-ado-out-006,adolescent,hallucinated_field,temporal,follow-up with the primary care clinic
openai_gpt-5-5-2026-04-23,REC-ado-out-007,adolescent,hallucinated_field,procedures,repeat cbc
openai_gpt-5-5-2026-04-23,REC-ado-out-007,adolescent,hallucinated_field,procedures,follow-up with the primary care clinic
openai_gpt-5-5-2026-04-23,REC-ado-out-007,adolescent,omission,temporal,follow-up with the primary care clinic in one week
openai_gpt-5-5-2026-04-23,REC-ado-out-007,adolescent,omission,temporal,repeat cbc planned for tomorrow morning
openai_gpt-5-5-2026-04-23,REC-ado-out-007,adolescent,hallucinated_field,temporal,started fluoxetine
openai_gpt-5-5-2026-04-23,REC-ado-out-007,adolescent,hallucinated_field,temporal,safety screening
openai_gpt-5-5-2026-04-23,REC-ado-out-007,adolescent,hallucinated_field,temporal,follow-up with the primary care clinic
openai_gpt-5-5-2026-04-23,REC-ado-out-007,adolescent,hallucinated_field,temporal,repeat cbc
openai_gpt-5-5-2026-04-23,REC-ado-out-008,adolescent,omission,temporal,follow-up with the primary care clinic in one week
openai_gpt-5-5-2026-04-23,REC-ado-out-008,adolescent,hallucinated_field,temporal,concussion symptom assessment
openai_gpt-5-5-2026-04-23,REC-ado-out-008,adolescent,hallucinated_field,temporal,follow-up with the primary care clinic
openai_gpt-5-5-2026-04-23,REC-ado-out-009,adolescent,hallucinated_field,diagnoses,rsv bronchiolitis
openai_gpt-5-5-2026-04-23,REC-ado-out-009,adolescent,hallucinated_field,procedures,repeat cbc
openai_gpt-5-5-2026-04-23,REC-ado-out-009,adolescent,omission,temporal,history of rsv bronchiolitis in infancy resolved
openai_gpt-5-5-2026-04-23,REC-ado-out-009,adolescent,omission,temporal,repeat cbc planned for tomorrow morning
openai_gpt-5-5-2026-04-23,REC-ado-out-009,adolescent,hallucinated_field,temporal,rsv bronchiolitis
openai_gpt-5-5-2026-04-23,REC-ado-out-009,adolescent,hallucinated_field,temporal,safety screening
openai_gpt-5-5-2026-04-23,REC-ado-out-009,adolescent,hallucinated_field,temporal,repeat cbc
openai_gpt-5-5-2026-04-23,REC-ado-out-010,adolescent,hallucinated_field,procedures,follow-up with the primary care clinic
openai_gpt-5-5-2026-04-23,REC-ado-out-010,adolescent,omission,temporal,follow-up with the primary care clinic in one week
openai_gpt-5-5-2026-04-23,REC-ado-out-010,adolescent,hallucinated_field,temporal,concussion symptom assessment
openai_gpt-5-5-2026-04-23,REC-ado-out-010,adolescent,hallucinated_field,temporal,follow-up with the primary care clinic
openai_gpt-5-5-2026-04-23,REC-ado-out-010,adolescent,hallucinated_field,temporal,discharged home
openai_gpt-5-5-2026-04-23,REC-ado-out-010,adolescent,hallucinated_field,temporal,started acetaminophen
openai_gpt-5-5-2026-04-23,REC-chi-eme-001,child,hallucinated_field,labs,cbc
openai_gpt-5-5-2026-04-23,REC-chi-eme-001,child,hallucinated_field,procedures,repeat cbc
openai_gpt-5-5-2026-04-23,REC-chi-eme-001,child,omission,temporal,repeat cbc planned for tomorrow morning
openai_gpt-5-5-2026-04-23,REC-chi-eme-001,child,hallucinated_field,temporal,peak flow measurement
openai_gpt-5-5-2026-04-23,REC-chi-eme-001,child,hallucinated_field,temporal,repeat cbc
openai_gpt-5-5-2026-04-23,REC-chi-eme-001,child,hallucinated_field,temporal,prednisolone started
openai_gpt-5-5-2026-04-23,REC-chi-eme-002,child,hallucinated_field,temporal,evaluated in the emergency department
openai_gpt-5-5-2026-04-23,REC-chi-eme-002,child,hallucinated_field,temporal,amoxicillin started
openai_gpt-5-5-2026-04-23,REC-chi-eme-002,child,hallucinated_field,temporal,chest radiograph performed
openai_gpt-5-5-2026-04-23,REC-chi-eme-002,child,hallucinated_field,temporal,admitted to inpatient unit
openai_gpt-5-5-2026-04-23,REC-chi-eme-003,child,hallucinated_field,temporal,workup for appendicitis
openai_gpt-5-5-2026-04-23,REC-chi-eme-003,child,hallucinated_field,temporal,morphine started
openai_gpt-5-5-2026-04-23,REC-chi-eme-003,child,hallucinated_field,temporal,abdominal ultrasound
openai_gpt-5-5-2026-04-23,REC-chi-eme-004,child,hallucinated_field,diagnoses,rsv bronchiolitis
openai_gpt-5-5-2026-04-23,REC-chi-eme-004,child,omission,temporal,prior clinic note listed the dose per day rather than per dose
openai_gpt-5-5-2026-04-23,REC-chi-eme-004,child,omission,temporal,history of rsv bronchiolitis in infancy resolved
openai_gpt-5-5-2026-04-23,REC-chi-eme-004,child,hallucinated_field,temporal,rsv bronchiolitis
openai_gpt-5-5-2026-04-23,REC-chi-eme-004,child,hallucinated_field,temporal,prednisolone started
openai_gpt-5-5-2026-04-23,REC-chi-eme-004,child,hallucinated_field,temporal,peak flow measurement performed
openai_gpt-5-5-2026-04-23,REC-chi-eme-004,child,hallucinated_field,temporal,fever denied
openai_gpt-5-5-2026-04-23,REC-chi-eme-005,child,hallucinated_field,temporal,amoxicillin started
openai_gpt-5-5-2026-04-23,REC-chi-eme-005,child,hallucinated_field,temporal,chest radiograph performed
openai_gpt-5-5-2026-04-23,REC-chi-eme-005,child,hallucinated_field,temporal,denies fever
openai_gpt-5-5-2026-04-23,REC-chi-eme-005,child,hallucinated_field,temporal,admitted to inpatient unit
openai_gpt-5-5-2026-04-23,REC-chi-eme-006,child,hallucinated_field,temporal,workup
openai_gpt-5-5-2026-04-23,REC-chi-eme-006,child,hallucinated_field,temporal,morphine started
openai_gpt-5-5-2026-04-23,REC-chi-eme-006,child,hallucinated_field,temporal,abdominal ultrasound
openai_gpt-5-5-2026-04-23,REC-chi-eme-007,child,hallucinated_field,diagnoses,rsv bronchiolitis
openai_gpt-5-5-2026-04-23,REC-chi-eme-007,child,omission,temporal,history of rsv bronchiolitis in infancy resolved
openai_gpt-5-5-2026-04-23,REC-chi-eme-007,child,omission,temporal,follow-up with the primary care clinic in one week
openai_gpt-5-5-2026-04-23,REC-chi-eme-007,child,hallucinated_field,temporal,rsv bronchiolitis
openai_gpt-5-5-2026-04-23,REC-chi-eme-007,child,hallucinated_field,temporal,follow-up with the primary care clinic
openai_gpt-5-5-2026-04-23,REC-chi-eme-007,child,hallucinated_field,temporal,peak flow measurement
openai_gpt-5-5-2026-04-23,REC-chi-eme-007,child,hallucinated_field,temporal,prednisolone started
openai_gpt-5-5-2026-04-23,REC-chi-eme-008,child,hallucinated_field,temporal,evaluated in emergency department
openai_gpt-5-5-2026-04-23,REC-chi-eme-008,child,hallucinated_field,temporal,amoxicillin started
openai_gpt-5-5-2026-04-23,REC-chi-eme-008,child,hallucinated_field,temporal,chest radiograph performed
openai_gpt-5-5-2026-04-23,REC-chi-eme-008,child,hallucinated_field,temporal,admitted to inpatient unit
openai_gpt-5-5-2026-04-23,REC-chi-eme-009,child,hallucinated_field,diagnoses,rsv bronchiolitis
openai_gpt-5-5-2026-04-23,REC-chi-eme-009,child,omission,temporal,prior clinic note listed the dose per day rather than per dose
openai_gpt-5-5-2026-04-23,REC-chi-eme-009,child,omission,temporal,history of rsv bronchiolitis in infancy resolved
openai_gpt-5-5-2026-04-23,REC-chi-eme-009,child,hallucinated_field,temporal,workup for suspected appendicitis
openai_gpt-5-5-2026-04-23,REC-chi-eme-009,child,hallucinated_field,temporal,morphine started
openai_gpt-5-5-2026-04-23,REC-chi-eme-009,child,hallucinated_field,temporal,abdominal ultrasound
openai_gpt-5-5-2026-04-23,REC-chi-eme-009,child,hallucinated_field,temporal,fever denied
openai_gpt-5-5-2026-04-23,REC-chi-eme-009,child,hallucinated_field,temporal,rsv bronchiolitis
openai_gpt-5-5-2026-04-23,REC-chi-eme-009,child,hallucinated_field,temporal,prior clinic note listed dose per day rather than per dose
openai_gpt-5-5-2026-04-23,REC-chi-eme-010,child,hallucinated_field,temporal,evaluated in emergency department
openai_gpt-5-5-2026-04-23,REC-chi-eme-010,child,hallucinated_field,temporal,prednisolone started
openai_gpt-5-5-2026-04-23,REC-chi-eme-010,child,hallucinated_field,temporal,peak flow measurement performed
openai_gpt-5-5-2026-04-23,REC-chi-eme-010,child,hallucinated_field,temporal,denies fever at home
openai_gpt-5-5-2026-04-23,REC-chi-eme-010,child,hallucinated_field,temporal,admitted to inpatient unit
openai_gpt-5-5-2026-04-23,REC-chi-icu-001,child,omission,temporal,follow-up with the primary care clinic in one week
openai_gpt-5-5-2026-04-23,REC-chi-icu-001,child,hallucinated_field,temporal,admitted to intensive care unit
openai_gpt-5-5-2026-04-23,REC-chi-icu-001,child,hallucinated_field,temporal,started albuterol
openai_gpt-5-5-2026-04-23,REC-chi-icu-001,child,hallucinated_field,temporal,continuous pulse oximetry performed
openai_gpt-5-5-2026-04-23,REC-chi-icu-001,child,hallucinated_field,temporal,follow-up with the primary care clinic
openai_gpt-5-5-2026-04-23,REC-chi-icu-001,child,hallucinated_field,temporal,transferred to inpatient unit
openai_gpt-5-5-2026-04-23,REC-chi-icu-002,child,hallucinated_field,diagnoses,rsv bronchiolitis
openai_gpt-5-5-2026-04-23,REC-chi-icu-002,child,omission,temporal,history of rsv bronchiolitis in infancy resolved
openai_gpt-5-5-2026-04-23,REC-chi-icu-002,child,omission,temporal,prior clinic note listed the dose per day rather than per dose
openai_gpt-5-5-2026-04-23,REC-chi-icu-002,child,hallucinated_field,temporal,admitted to the intensive care unit
openai_gpt-5-5-2026-04-23,REC-chi-icu-002,child,hallucinated_field,temporal,appendectomy was performed
openai_gpt-5-5-2026-04-23,REC-chi-icu-002,child,hallucinated_field,temporal,rsv bronchiolitis
openai_gpt-5-5-2026-04-23,REC-chi-icu-002,child,hallucinated_field,temporal,transferred to inpatient unit
openai_gpt-5-5-2026-04-23,REC-chi-icu-003,child,hallucinated_field,procedures,repeat cbc
openai_gpt-5-5-2026-04-23,REC-chi-icu-003,child,omission,temporal,repeat cbc planned for tomorrow morning
openai_gpt-5-5-2026-04-23,REC-chi-icu-003,child,hallucinated_field,temporal,admitted to intensive care unit
openai_gpt-5-5-2026-04-23,REC-chi-icu-003,child,hallucinated_field,temporal,started albuterol
openai_gpt-5-5-2026-04-23,REC-chi-icu-003,child,hallucinated_field,temporal,continuous pulse oximetry performed
openai_gpt-5-5-2026-04-23,REC-chi-icu-003,child,hallucinated_field,temporal,repeat cbc
openai_gpt-5-5-2026-04-23,REC-chi-icu-003,child,hallucinated_field,temporal,denies fever
openai_gpt-5-5-2026-04-23,REC-chi-icu-003,child,hallucinated_field,temporal,transferred to inpatient unit
openai_gpt-5-5-2026-04-23,REC-chi-icu-004,child,hallucinated_field,diagnoses,rsv bronchiolitis
openai_gpt-5-5-2026-04-23,REC-chi-icu-004,child,omission,temporal,history of rsv bronchiolitis in infancy resolved
openai_gpt-5-5-2026-04-23,REC-chi-icu-004,child,hallucinated_field,temporal,admitted to intensive care unit
openai_gpt-5-5-2026-04-23,REC-chi-icu-004,child,hallucinated_field,temporal,appendectomy was performed
openai_gpt-5-5-2026-04-23,REC-chi-icu-004,child,hallucinated_field,temporal,rsv bronchiolitis
openai_gpt-5-5-2026-04-23,REC-chi-icu-004,child,hallucinated_field,temporal,transferred to inpatient unit
openai_gpt-5-5-2026-04-23,REC-chi-icu-005,child,hallucinated_field,diagnoses,rsv bronchiolitis
openai_gpt-5-5-2026-04-23,REC-chi-icu-005,child,hallucinated_field,procedures,repeat cbc
openai_gpt-5-5-2026-04-23,REC-chi-icu-005,child,omission,temporal,repeat cbc planned for tomorrow morning
openai_gpt-5-5-2026-04-23,REC-chi-icu-005,child,omission,temporal,history of rsv bronchiolitis in infancy resolved
openai_gpt-5-5-2026-04-23,REC-chi-icu-005,child,hallucinated_field,temporal,admitted to intensive care unit
openai_gpt-5-5-2026-04-23,REC-chi-icu-005,child,hallucinated_field,temporal,started albuterol
openai_gpt-5-5-2026-04-23,REC-chi-icu-005,child,hallucinated_field,temporal,continuous pulse oximetry performed
openai_gpt-5-5-2026-04-23,REC-chi-icu-005,child,hallucinated_field,temporal,repeat cbc
openai_gpt-5-5-2026-04-23,REC-chi-icu-005,child,hallucinated_field,temporal,rsv bronchiolitis
openai_gpt-5-5-2026-04-23,REC-chi-icu-005,child,hallucinated_field,temporal,fever denied
openai_gpt-5-5-2026-04-23,REC-chi-icu-006,child,hallucinated_field,procedures,repeat cbc
openai_gpt-5-5-2026-04-23,REC-chi-icu-006,child,hallucinated_field,procedures,follow-up with primary care clinic
openai_gpt-5-5-2026-04-23,REC-chi-icu-006,child,omission,temporal,repeat cbc planned for tomorrow morning
openai_gpt-5-5-2026-04-23,REC-chi-icu-006,child,omission,temporal,follow-up with the primary care clinic in one week
openai_gpt-5-5-2026-04-23,REC-chi-icu-006,child,hallucinated_field,temporal,admitted to intensive care unit
openai_gpt-5-5-2026-04-23,REC-chi-icu-006,child,hallucinated_field,temporal,appendectomy
openai_gpt-5-5-2026-04-23,REC-chi-icu-006,child,hallucinated_field,temporal,repeat cbc
openai_gpt-5-5-2026-04-23,REC-chi-icu-006,child,hallucinated_field,temporal,follow-up with the primary care clinic
openai_gpt-5-5-2026-04-23,REC-chi-icu-006,child,hallucinated_field,temporal,transferred to inpatient unit
openai_gpt-5-5-2026-04-23,REC-chi-icu-007,child,omission,temporal,follow-up with the primary care clinic in one week
openai_gpt-5-5-2026-04-23,REC-chi-icu-007,child,hallucinated_field,temporal,admitted to intensive care unit
openai_gpt-5-5-2026-04-23,REC-chi-icu-007,child,hallucinated_field,temporal,albuterol started
openai_gpt-5-5-2026-04-23,REC-chi-icu-007,child,hallucinated_field,temporal,continuous pulse oximetry performed
openai_gpt-5-5-2026-04-23,REC-chi-icu-007,child,hallucinated_field,temporal,follow-up with primary care clinic
openai_gpt-5-5-2026-04-23,REC-chi-icu-008,child,omission,temporal,follow-up with the primary care clinic in one week
openai_gpt-5-5-2026-04-23,REC-chi-icu-008,child,hallucinated_field,temporal,admitted to intensive care unit
openai_gpt-5-5-2026-04-23,REC-chi-icu-008,child,hallucinated_field,temporal,appendectomy
openai_gpt-5-5-2026-04-23,REC-chi-icu-008,child,hallucinated_field,temporal,follow-up with the primary care clinic
openai_gpt-5-5-2026-04-23,REC-chi-icu-008,child,hallucinated_field,temporal,transferred to inpatient unit
openai_gpt-5-5-2026-04-23,REC-chi-icu-009,child,hallucinated_field,procedures,repeat cbc
openai_gpt-5-5-2026-04-23,REC-chi-icu-009,child,hallucinated_field,procedures,follow-up with the primary care clinic
openai_gpt-5-5-2026-04-23,REC-chi-icu-009,child,omission,temporal,repeat cbc planned for tomorrow morning
openai_gpt-5-5-2026-04-23,REC-chi-icu-009,child,omission,temporal,follow-up with the primary care clinic in one week
openai_gpt-5-5-2026-04-23,REC-chi-icu-009,child,hallucinated_field,temporal,repeat cbc
openai_gpt-5-5-2026-04-23,REC-chi-icu-009,child,hallucinated_field,temporal,follow-up with the primary care clinic
openai_gpt-5-5-2026-04-23,REC-chi-icu-009,child,hallucinated_field,temporal,continuous pulse oximetry
openai_gpt-5-5-2026-04-23,REC-chi-icu-009,child,hallucinated_field,temporal,transferred to inpatient unit
openai_gpt-5-5-2026-04-23,REC-chi-icu-010,child,hallucinated_field,temporal,admitted to intensive care unit
openai_gpt-5-5-2026-04-23,REC-chi-icu-010,child,hallucinated_field,temporal,morphine started
openai_gpt-5-5-2026-04-23,REC-chi-icu-010,child,hallucinated_field,temporal,appendectomy performed
openai_gpt-5-5-2026-04-23,REC-chi-icu-010,child,hallucinated_field,temporal,transferred to inpatient unit
openai_gpt-5-5-2026-04-23,REC-chi-inp-001,child,hallucinated_field,diagnoses,rsv bronchiolitis
openai_gpt-5-5-2026-04-23,REC-chi-inp-001,child,omission,temporal,follow-up with the primary care clinic in one week
openai_gpt-5-5-2026-04-23,REC-chi-inp-001,child,omission,temporal,history of rsv bronchiolitis in infancy resolved
openai_gpt-5-5-2026-04-23,REC-chi-inp-001,child,hallucinated_field,temporal,follow-up with the primary care clinic
openai_gpt-5-5-2026-04-23,REC-chi-inp-001,child,hallucinated_field,temporal,rsv bronchiolitis
openai_gpt-5-5-2026-04-23,REC-chi-inp-001,child,hallucinated_field,temporal,peak flow measurement
openai_gpt-5-5-2026-04-23,REC-chi-inp-002,child,hallucinated_field,temporal,admitted to inpatient ward
openai_gpt-5-5-2026-04-23,REC-chi-inp-002,child,hallucinated_field,temporal,amoxicillin started
openai_gpt-5-5-2026-04-23,REC-chi-inp-002,child,hallucinated_field,temporal,chest radiograph performed
openai_gpt-5-5-2026-04-23,REC-chi-inp-003,child,hallucinated_field,temporal,admitted to inpatient ward
openai_gpt-5-5-2026-04-23,REC-chi-inp-003,child,hallucinated_field,temporal,workup in progress
openai_gpt-5-5-2026-04-23,REC-chi-inp-003,child,hallucinated_field,temporal,started morphine
openai_gpt-5-5-2026-04-23,REC-chi-inp-003,child,hallucinated_field,temporal,abdominal ultrasound
openai_gpt-5-5-2026-04-23,REC-chi-inp-003,child,hallucinated_field,temporal,discharged home
openai_gpt-5-5-2026-04-23,REC-chi-inp-004,child,hallucinated_field,diagnoses,rsv bronchiolitis
openai_gpt-5-5-2026-04-23,REC-chi-inp-004,child,omission,temporal,history of rsv bronchiolitis in infancy resolved
openai_gpt-5-5-2026-04-23,REC-chi-inp-004,child,hallucinated_field,temporal,admitted to inpatient ward
openai_gpt-5-5-2026-04-23,REC-chi-inp-004,child,hallucinated_field,temporal,prednisolone started
openai_gpt-5-5-2026-04-23,REC-chi-inp-004,child,hallucinated_field,temporal,peak flow measurement performed
openai_gpt-5-5-2026-04-23,REC-chi-inp-004,child,hallucinated_field,temporal,fever denied
openai_gpt-5-5-2026-04-23,REC-chi-inp-004,child,hallucinated_field,temporal,rsv bronchiolitis
openai_gpt-5-5-2026-04-23,REC-chi-inp-004,child,hallucinated_field,temporal,discharged home
openai_gpt-5-5-2026-04-23,REC-chi-inp-005,child,hallucinated_field,diagnoses,rsv bronchiolitis
openai_gpt-5-5-2026-04-23,REC-chi-inp-005,child,omission,temporal,history of rsv bronchiolitis in infancy resolved
openai_gpt-5-5-2026-04-23,REC-chi-inp-005,child,hallucinated_field,temporal,admitted to inpatient ward
openai_gpt-5-5-2026-04-23,REC-chi-inp-005,child,hallucinated_field,temporal,started amoxicillin
openai_gpt-5-5-2026-04-23,REC-chi-inp-005,child,hallucinated_field,temporal,chest radiograph performed
openai_gpt-5-5-2026-04-23,REC-chi-inp-005,child,hallucinated_field,temporal,rsv bronchiolitis in infancy resolved
openai_gpt-5-5-2026-04-23,REC-chi-inp-005,child,hallucinated_field,temporal,discharged home
openai_gpt-5-5-2026-04-23,REC-chi-inp-006,child,hallucinated_field,diagnoses,rsv bronchiolitis
openai_gpt-5-5-2026-04-23,REC-chi-inp-006,child,omission,temporal,prior clinic note listed the dose per day rather than per dose
openai_gpt-5-5-2026-04-23,REC-chi-inp-006,child,omission,temporal,history of rsv bronchiolitis in infancy resolved
openai_gpt-5-5-2026-04-23,REC-chi-inp-006,child,hallucinated_field,temporal,workup for appendicitis
openai_gpt-5-5-2026-04-23,REC-chi-inp-006,child,hallucinated_field,temporal,abdominal ultrasound
openai_gpt-5-5-2026-04-23,REC-chi-inp-006,child,hallucinated_field,temporal,rsv bronchiolitis
openai_gpt-5-5-2026-04-23,REC-chi-inp-006,child,hallucinated_field,temporal,morphine started
openai_gpt-5-5-2026-04-23,REC-chi-inp-007,child,hallucinated_field,procedures,follow-up with the primary care clinic
openai_gpt-5-5-2026-04-23,REC-chi-inp-007,child,omission,temporal,follow-up with the primary care clinic in one week
openai_gpt-5-5-2026-04-23,REC-chi-inp-007,child,hallucinated_field,temporal,prednisolone started
openai_gpt-5-5-2026-04-23,REC-chi-inp-007,child,hallucinated_field,temporal,peak flow measurement performed
openai_gpt-5-5-2026-04-23,REC-chi-inp-007,child,hallucinated_field,temporal,follow-up with the primary care clinic
openai_gpt-5-5-2026-04-23,REC-chi-inp-007,child,hallucinated_field,temporal,discharged home
openai_gpt-5-5-2026-04-23,REC-chi-inp-008,child,hallucinated_field,temporal,admitted to inpatient ward
openai_gpt-5-5-2026-04-23,REC-chi-inp-008,child,hallucinated_field,temporal,started amoxicillin
openai_gpt-5-5-2026-04-23,REC-chi-inp-008,child,hallucinated_field,temporal,chest radiograph was performed
openai_gpt-5-5-2026-04-23,REC-chi-inp-008,child,hallucinated_field,temporal,discharged home
openai_gpt-5-5-2026-04-23,REC-chi-inp-009,child,hallucinated_field,procedures,repeat cbc
openai_gpt-5-5-2026-04-23,REC-chi-inp-009,child,omission,temporal,repeat cbc planned for tomorrow morning
openai_gpt-5-5-2026-04-23,REC-chi-inp-009,child,hallucinated_field,temporal,admitted to inpatient ward
openai_gpt-5-5-2026-04-23,REC-chi-inp-009,child,hallucinated_field,temporal,appendicitis workup
openai_gpt-5-5-2026-04-23,REC-chi-inp-009,child,hallucinated_field,temporal,morphine started
openai_gpt-5-5-2026-04-23,REC-chi-inp-009,child,hallucinated_field,temporal,abdominal ultrasound
openai_gpt-5-5-2026-04-23,REC-chi-inp-009,child,hallucinated_field,temporal,repeat cbc
openai_gpt-5-5-2026-04-23,REC-chi-inp-009,child,hallucinated_field,temporal,discharged home
openai_gpt-5-5-2026-04-23,REC-chi-inp-010,child,hallucinated_field,procedures,follow-up with the primary care clinic
openai_gpt-5-5-2026-04-23,REC-chi-inp-010,child,omission,temporal,follow-up with the primary care clinic in one week
openai_gpt-5-5-2026-04-23,REC-chi-inp-010,child,hallucinated_field,temporal,admitted to the inpatient ward
openai_gpt-5-5-2026-04-23,REC-chi-inp-010,child,hallucinated_field,temporal,prednisolone started
openai_gpt-5-5-2026-04-23,REC-chi-inp-010,child,hallucinated_field,temporal,peak flow measurement performed
openai_gpt-5-5-2026-04-23,REC-chi-inp-010,child,hallucinated_field,temporal,follow-up with the primary care clinic
openai_gpt-5-5-2026-04-23,REC-chi-inp-010,child,hallucinated_field,temporal,discharged home
openai_gpt-5-5-2026-04-23,REC-chi-out-001,child,hallucinated_field,procedures,repeat cbc
openai_gpt-5-5-2026-04-23,REC-chi-out-001,child,omission,temporal,repeat cbc planned for tomorrow morning
openai_gpt-5-5-2026-04-23,REC-chi-out-001,child,omission,temporal,prior clinic note listed the dose per day rather than per dose
openai_gpt-5-5-2026-04-23,REC-chi-out-001,child,hallucinated_field,temporal,prednisolone started
openai_gpt-5-5-2026-04-23,REC-chi-out-001,child,hallucinated_field,temporal,peak flow measurement performed
openai_gpt-5-5-2026-04-23,REC-chi-out-001,child,hallucinated_field,temporal,repeat cbc
openai_gpt-5-5-2026-04-23,REC-chi-out-002,child,hallucinated_field,diagnoses,rsv bronchiolitis
openai_gpt-5-5-2026-04-23,REC-chi-out-002,child,hallucinated_field,procedures,repeat cbc
openai_gpt-5-5-2026-04-23,REC-chi-out-002,child,omission,temporal,history of rsv bronchiolitis in infancy resolved
openai_gpt-5-5-2026-04-23,REC-chi-out-002,child,omission,temporal,repeat cbc planned for tomorrow morning
openai_gpt-5-5-2026-04-23,REC-chi-out-002,child,hallucinated_field,temporal,rsv bronchiolitis
openai_gpt-5-5-2026-04-23,REC-chi-out-002,child,hallucinated_field,temporal,repeat cbc
openai_gpt-5-5-2026-04-23,REC-chi-out-002,child,hallucinated_field,temporal,chest radiograph
openai_gpt-5-5-2026-04-23,REC-chi-out-003,child,hallucinated_field,procedures,repeat cbc
openai_gpt-5-5-2026-04-23,REC-chi-out-003,child,omission,temporal,repeat cbc planned for tomorrow morning
openai_gpt-5-5-2026-04-23,REC-chi-out-003,child,hallucinated_field,temporal,peak flow measurement
openai_gpt-5-5-2026-04-23,REC-chi-out-003,child,hallucinated_field,temporal,repeat cbc
openai_gpt-5-5-2026-04-23,REC-chi-out-004,child,hallucinated_field,temporal,amoxicillin started
openai_gpt-5-5-2026-04-23,REC-chi-out-004,child,hallucinated_field,temporal,chest radiograph performed
openai_gpt-5-5-2026-04-23,REC-chi-out-005,child,hallucinated_field,diagnoses,rsv bronchiolitis
openai_gpt-5-5-2026-04-23,REC-chi-out-005,child,hallucinated_field,procedures,repeat cbc
openai_gpt-5-5-2026-04-23,REC-chi-out-005,child,omission,temporal,repeat cbc planned for tomorrow morning
openai_gpt-5-5-2026-04-23,REC-chi-out-005,child,omission,temporal,history of rsv bronchiolitis in infancy resolved
openai_gpt-5-5-2026-04-23,REC-chi-out-005,child,hallucinated_field,temporal,rsv bronchiolitis
openai_gpt-5-5-2026-04-23,REC-chi-out-005,child,hallucinated_field,temporal,prednisolone started
openai_gpt-5-5-2026-04-23,REC-chi-out-005,child,hallucinated_field,temporal,peak flow measurement
openai_gpt-5-5-2026-04-23,REC-chi-out-005,child,hallucinated_field,temporal,repeat cbc
openai_gpt-5-5-2026-04-23,REC-chi-out-005,child,hallucinated_field,temporal,discharged home
openai_gpt-5-5-2026-04-23,REC-chi-out-006,child,hallucinated_field,procedures,repeat cbc
openai_gpt-5-5-2026-04-23,REC-chi-out-006,child,hallucinated_field,procedures,follow-up with the primary care clinic
openai_gpt-5-5-2026-04-23,REC-chi-out-006,child,omission,temporal,repeat cbc planned for tomorrow morning
openai_gpt-5-5-2026-04-23,REC-chi-out-006,child,omission,temporal,follow-up with the primary care clinic in one week
openai_gpt-5-5-2026-04-23,REC-chi-out-006,child,hallucinated_field,temporal,chest radiograph
openai_gpt-5-5-2026-04-23,REC-chi-out-006,child,hallucinated_field,temporal,repeat cbc
openai_gpt-5-5-2026-04-23,REC-chi-out-006,child,hallucinated_field,temporal,follow-up with the primary care clinic
openai_gpt-5-5-2026-04-23,REC-chi-out-007,child,hallucinated_field,diagnoses,rsv bronchiolitis
openai_gpt-5-5-2026-04-23,REC-chi-out-007,child,hallucinated_field,procedures,repeat cbc
openai_gpt-5-5-2026-04-23,REC-chi-out-007,child,omission,temporal,history of rsv bronchiolitis in infancy resolved
openai_gpt-5-5-2026-04-23,REC-chi-out-007,child,omission,temporal,repeat cbc planned for tomorrow morning
openai_gpt-5-5-2026-04-23,REC-chi-out-007,child,hallucinated_field,temporal,rsv bronchiolitis
openai_gpt-5-5-2026-04-23,REC-chi-out-007,child,hallucinated_field,temporal,repeat cbc
openai_gpt-5-5-2026-04-23,REC-chi-out-008,child,hallucinated_field,temporal,amoxicillin started
openai_gpt-5-5-2026-04-23,REC-chi-out-008,child,hallucinated_field,temporal,chest radiograph performed
openai_gpt-5-5-2026-04-23,REC-chi-out-008,child,hallucinated_field,temporal,discharged home
openai_gpt-5-5-2026-04-23,REC-chi-out-009,child,hallucinated_field,temporal,prednisolone started
openai_gpt-5-5-2026-04-23,REC-chi-out-009,child,hallucinated_field,temporal,peak flow measurement performed
openai_gpt-5-5-2026-04-23,REC-chi-out-009,child,hallucinated_field,temporal,fever denied
openai_gpt-5-5-2026-04-23,REC-chi-out-009,child,hallucinated_field,temporal,discharged home
openai_gpt-5-5-2026-04-23,REC-chi-out-010,child,omission,temporal,follow-up with the primary care clinic in one week
openai_gpt-5-5-2026-04-23,REC-chi-out-010,child,hallucinated_field,temporal,follow-up with the primary care clinic
openai_gpt-5-5-2026-04-23,REC-inf-eme-001,infant,hallucinated_field,temporal,evaluated in emergency department
openai_gpt-5-5-2026-04-23,REC-inf-eme-001,infant,hallucinated_field,temporal,nasal suctioning
openai_gpt-5-5-2026-04-23,REC-inf-eme-001,infant,hallucinated_field,temporal,fever reported at home
openai_gpt-5-5-2026-04-23,REC-inf-eme-001,infant,hallucinated_field,temporal,admitted to inpatient unit
openai_gpt-5-5-2026-04-23,REC-inf-eme-002,infant,hallucinated_field,procedures,follow-up with primary care clinic
openai_gpt-5-5-2026-04-23,REC-inf-eme-002,infant,omission,temporal,follow-up with the primary care clinic in one week
openai_gpt-5-5-2026-04-23,REC-inf-eme-002,infant,hallucinated_field,temporal,follow-up with the primary care clinic
openai_gpt-5-5-2026-04-23,REC-inf-eme-002,infant,hallucinated_field,temporal,fever reported at home
openai_gpt-5-5-2026-04-23,REC-inf-eme-003,infant,hallucinated_field,diagnoses,mild eczema
openai_gpt-5-5-2026-04-23,REC-inf-eme-003,infant,hallucinated_field,procedures,follow-up with primary care clinic
openai_gpt-5-5-2026-04-23,REC-inf-eme-003,infant,omission,temporal,history of mild eczema well controlled
openai_gpt-5-5-2026-04-23,REC-inf-eme-003,infant,omission,temporal,follow-up with the primary care clinic in one week
openai_gpt-5-5-2026-04-23,REC-inf-eme-003,infant,hallucinated_field,temporal,follow-up with the primary care clinic
openai_gpt-5-5-2026-04-23,REC-inf-eme-003,infant,hallucinated_field,temporal,urine culture
openai_gpt-5-5-2026-04-23,REC-inf-eme-003,infant,hallucinated_field,temporal,ceftriaxone started
openai_gpt-5-5-2026-04-23,REC-inf-eme-004,infant,hallucinated_field,diagnoses,mild eczema
openai_gpt-5-5-2026-04-23,REC-inf-eme-004,infant,hallucinated_field,procedures,repeat cbc
openai_gpt-5-5-2026-04-23,REC-inf-eme-004,infant,omission,temporal,history of mild eczema well controlled
openai_gpt-5-5-2026-04-23,REC-inf-eme-004,infant,omission,temporal,repeat cbc planned for tomorrow morning
openai_gpt-5-5-2026-04-23,REC-inf-eme-004,infant,hallucinated_field,temporal,repeat cbc
openai_gpt-5-5-2026-04-23,REC-inf-eme-004,infant,hallucinated_field,temporal,nasal suctioning
openai_gpt-5-5-2026-04-23,REC-inf-eme-004,infant,hallucinated_field,temporal,mild eczema
openai_gpt-5-5-2026-04-23,REC-inf-eme-004,infant,hallucinated_field,temporal,fever reported at home
openai_gpt-5-5-2026-04-23,REC-inf-eme-005,infant,hallucinated_field,diagnoses,mild eczema
openai_gpt-5-5-2026-04-23,REC-inf-eme-005,infant,omission,temporal,history of mild eczema well controlled
openai_gpt-5-5-2026-04-23,REC-inf-eme-005,infant,omission,temporal,follow-up with the primary care clinic in one week
openai_gpt-5-5-2026-04-23,REC-inf-eme-005,infant,hallucinated_field,temporal,follow-up with the primary care clinic
openai_gpt-5-5-2026-04-23,REC-inf-eme-005,infant,hallucinated_field,temporal,tympanic membrane exam
openai_gpt-5-5-2026-04-23,REC-inf-eme-005,infant,hallucinated_field,temporal,started amoxicillin
openai_gpt-5-5-2026-04-23,REC-inf-eme-006,infant,hallucinated_field,temporal,ceftriaxone started
openai_gpt-5-5-2026-04-23,REC-inf-eme-006,infant,hallucinated_field,temporal,urine culture performed
openai_gpt-5-5-2026-04-23,REC-inf-eme-007,infant,omission,temporal,follow-up with the primary care clinic in one week
openai_gpt-5-5-2026-04-23,REC-inf-eme-007,infant,hallucinated_field,temporal,follow-up with primary care clinic
openai_gpt-5-5-2026-04-23,REC-inf-eme-007,infant,hallucinated_field,temporal,nasal suctioning
openai_gpt-5-5-2026-04-23,REC-inf-eme-008,infant,hallucinated_field,procedures,follow-up with the primary care clinic
openai_gpt-5-5-2026-04-23,REC-inf-eme-008,infant,omission,temporal,follow-up with the primary care clinic in one week
openai_gpt-5-5-2026-04-23,REC-inf-eme-008,infant,hallucinated_field,temporal,follow-up with the primary care clinic
openai_gpt-5-5-2026-04-23,REC-inf-eme-009,infant,hallucinated_field,procedures,repeat cbc
openai_gpt-5-5-2026-04-23,REC-inf-eme-009,infant,hallucinated_field,procedures,follow-up with the primary care clinic
openai_gpt-5-5-2026-04-23,REC-inf-eme-009,infant,omission,temporal,repeat cbc planned for tomorrow morning
openai_gpt-5-5-2026-04-23,REC-inf-eme-009,infant,omission,temporal,follow-up with the primary care clinic in one week
openai_gpt-5-5-2026-04-23,REC-inf-eme-009,infant,hallucinated_field,temporal,repeat cbc
openai_gpt-5-5-2026-04-23,REC-inf-eme-009,infant,hallucinated_field,temporal,follow-up with the primary care clinic
openai_gpt-5-5-2026-04-23,REC-inf-eme-010,infant,hallucinated_field,diagnoses,mild eczema
openai_gpt-5-5-2026-04-23,REC-inf-eme-010,infant,omission,temporal,history of mild eczema well controlled
openai_gpt-5-5-2026-04-23,REC-inf-eme-010,infant,hallucinated_field,temporal,evaluated in the emergency department
openai_gpt-5-5-2026-04-23,REC-inf-eme-010,infant,hallucinated_field,temporal,nasal suctioning
openai_gpt-5-5-2026-04-23,REC-inf-eme-010,infant,hallucinated_field,temporal,mild eczema
openai_gpt-5-5-2026-04-23,REC-inf-eme-010,infant,hallucinated_field,temporal,admitted to inpatient unit
openai_gpt-5-5-2026-04-23,REC-inf-icu-001,infant,hallucinated_field,procedures,repeat cbc
openai_gpt-5-5-2026-04-23,REC-inf-icu-001,infant,omission,temporal,repeat cbc planned for tomorrow morning
openai_gpt-5-5-2026-04-23,REC-inf-icu-001,infant,hallucinated_field,temporal,admitted to intensive care unit
openai_gpt-5-5-2026-04-23,REC-inf-icu-001,infant,hallucinated_field,temporal,nasal suctioning
openai_gpt-5-5-2026-04-23,REC-inf-icu-001,infant,hallucinated_field,temporal,repeat cbc
openai_gpt-5-5-2026-04-23,REC-inf-icu-001,infant,hallucinated_field,temporal,transferred to inpatient unit
openai_gpt-5-5-2026-04-23,REC-inf-icu-002,infant,hallucinated_field,procedures,primary care clinic follow-up
openai_gpt-5-5-2026-04-23,REC-inf-icu-002,infant,omission,temporal,prior clinic note listed the dose per day rather than per dose
openai_gpt-5-5-2026-04-23,REC-inf-icu-002,infant,omission,temporal,follow-up with the primary care clinic in one week
openai_gpt-5-5-2026-04-23,REC-inf-icu-002,infant,hallucinated_field,temporal,admitted to intensive care unit
openai_gpt-5-5-2026-04-23,REC-inf-icu-002,infant,hallucinated_field,temporal,ceftriaxone started
openai_gpt-5-5-2026-04-23,REC-inf-icu-002,infant,hallucinated_field,temporal,urine culture performed
openai_gpt-5-5-2026-04-23,REC-inf-icu-002,infant,hallucinated_field,temporal,follow-up with primary care clinic
openai_gpt-5-5-2026-04-23,REC-inf-icu-002,infant,hallucinated_field,temporal,prior clinic note listed dose per day rather than per dose
openai_gpt-5-5-2026-04-23,REC-inf-icu-003,infant,hallucinated_field,temporal,nasal suctioning
openai_gpt-5-5-2026-04-23,REC-inf-icu-003,infant,hallucinated_field,temporal,transfer to inpatient unit
openai_gpt-5-5-2026-04-23,REC-inf-icu-004,infant,hallucinated_field,diagnoses,mild eczema
openai_gpt-5-5-2026-04-23,REC-inf-icu-004,infant,hallucinated_field,procedures,repeat cbc
openai_gpt-5-5-2026-04-23,REC-inf-icu-004,infant,hallucinated_field,procedures,follow-up with primary care clinic
openai_gpt-5-5-2026-04-23,REC-inf-icu-004,infant,omission,temporal,follow-up with the primary care clinic in one week
openai_gpt-5-5-2026-04-23,REC-inf-icu-004,infant,omission,temporal,repeat cbc planned for tomorrow morning
openai_gpt-5-5-2026-04-23,REC-inf-icu-004,infant,omission,temporal,history of mild eczema well controlled
openai_gpt-5-5-2026-04-23,REC-inf-icu-004,infant,hallucinated_field,temporal,admitted to intensive care unit
openai_gpt-5-5-2026-04-23,REC-inf-icu-004,infant,hallucinated_field,temporal,ceftriaxone started
openai_gpt-5-5-2026-04-23,REC-inf-icu-004,infant,hallucinated_field,temporal,urine culture performed
openai_gpt-5-5-2026-04-23,REC-inf-icu-004,infant,hallucinated_field,temporal,follow-up with primary care clinic
openai_gpt-5-5-2026-04-23,REC-inf-icu-004,infant,hallucinated_field,temporal,repeat cbc
openai_gpt-5-5-2026-04-23,REC-inf-icu-004,infant,hallucinated_field,temporal,mild eczema
openai_gpt-5-5-2026-04-23,REC-inf-icu-004,infant,hallucinated_field,temporal,transferred to inpatient unit
openai_gpt-5-5-2026-04-23,REC-inf-icu-005,infant,hallucinated_field,procedures,repeat cbc
openai_gpt-5-5-2026-04-23,REC-inf-icu-005,infant,hallucinated_field,procedures,follow-up with primary care clinic
openai_gpt-5-5-2026-04-23,REC-inf-icu-005,infant,omission,temporal,repeat cbc planned for tomorrow morning
openai_gpt-5-5-2026-04-23,REC-inf-icu-005,infant,omission,temporal,follow-up with the primary care clinic in one week
openai_gpt-5-5-2026-04-23,REC-inf-icu-005,infant,hallucinated_field,temporal,admitted to intensive care unit
openai_gpt-5-5-2026-04-23,REC-inf-icu-005,infant,hallucinated_field,temporal,nasal suctioning
openai_gpt-5-5-2026-04-23,REC-inf-icu-005,infant,hallucinated_field,temporal,repeat cbc
openai_gpt-5-5-2026-04-23,REC-inf-icu-005,infant,hallucinated_field,temporal,follow-up with primary care clinic
openai_gpt-5-5-2026-04-23,REC-inf-icu-005,infant,hallucinated_field,temporal,transferred to inpatient unit
openai_gpt-5-5-2026-04-23,REC-inf-icu-006,infant,hallucinated_field,temporal,admitted to intensive care unit
openai_gpt-5-5-2026-04-23,REC-inf-icu-006,infant,hallucinated_field,temporal,started ceftriaxone
openai_gpt-5-5-2026-04-23,REC-inf-icu-006,infant,hallucinated_field,temporal,urine culture was performed
openai_gpt-5-5-2026-04-23,REC-inf-icu-006,infant,hallucinated_field,temporal,transferred to inpatient unit
openai_gpt-5-5-2026-04-23,REC-inf-icu-007,infant,hallucinated_field,procedures,repeat cbc
openai_gpt-5-5-2026-04-23,REC-inf-icu-007,infant,hallucinated_field,procedures,follow-up with the primary care clinic
openai_gpt-5-5-2026-04-23,REC-inf-icu-007,infant,omission,temporal,follow-up with the primary care clinic in one week
openai_gpt-5-5-2026-04-23,REC-inf-icu-007,infant,omission,temporal,repeat cbc planned for tomorrow morning
openai_gpt-5-5-2026-04-23,REC-inf-icu-007,infant,hallucinated_field,temporal,nasal suctioning
openai_gpt-5-5-2026-04-23,REC-inf-icu-007,infant,hallucinated_field,temporal,repeat cbc
openai_gpt-5-5-2026-04-23,REC-inf-icu-007,infant,hallucinated_field,temporal,follow-up with the primary care clinic
openai_gpt-5-5-2026-04-23,REC-inf-icu-008,infant,omission,temporal,prior clinic note listed the dose per day rather than per dose
openai_gpt-5-5-2026-04-23,REC-inf-icu-008,infant,hallucinated_field,temporal,admitted to intensive care unit
openai_gpt-5-5-2026-04-23,REC-inf-icu-008,infant,hallucinated_field,temporal,started ceftriaxone
openai_gpt-5-5-2026-04-23,REC-inf-icu-008,infant,hallucinated_field,temporal,urine culture was performed
openai_gpt-5-5-2026-04-23,REC-inf-icu-008,infant,hallucinated_field,temporal,transferred to inpatient unit
openai_gpt-5-5-2026-04-23,REC-inf-icu-009,infant,hallucinated_field,temporal,admitted to intensive care unit
openai_gpt-5-5-2026-04-23,REC-inf-icu-009,infant,hallucinated_field,temporal,nasal suctioning
openai_gpt-5-5-2026-04-23,REC-inf-icu-009,infant,hallucinated_field,temporal,transferred to inpatient unit
openai_gpt-5-5-2026-04-23,REC-inf-icu-010,infant,hallucinated_field,diagnoses,mild eczema
openai_gpt-5-5-2026-04-23,REC-inf-icu-010,infant,omission,temporal,history of mild eczema well controlled
openai_gpt-5-5-2026-04-23,REC-inf-icu-010,infant,omission,temporal,prior clinic note listed the dose per day rather than per dose
openai_gpt-5-5-2026-04-23,REC-inf-icu-010,infant,hallucinated_field,temporal,admitted to intensive care unit
openai_gpt-5-5-2026-04-23,REC-inf-icu-010,infant,hallucinated_field,temporal,ceftriaxone started
openai_gpt-5-5-2026-04-23,REC-inf-icu-010,infant,hallucinated_field,temporal,urine culture performed
openai_gpt-5-5-2026-04-23,REC-inf-icu-010,infant,hallucinated_field,temporal,history of mild eczema
openai_gpt-5-5-2026-04-23,REC-inf-icu-010,infant,hallucinated_field,temporal,transferred to inpatient unit
openai_gpt-5-5-2026-04-23,REC-inf-inp-001,infant,hallucinated_field,procedures,follow-up with the primary care clinic
openai_gpt-5-5-2026-04-23,REC-inf-inp-001,infant,omission,temporal,follow-up with the primary care clinic in one week
openai_gpt-5-5-2026-04-23,REC-inf-inp-001,infant,hallucinated_field,temporal,admitted to the inpatient ward
openai_gpt-5-5-2026-04-23,REC-inf-inp-001,infant,hallucinated_field,temporal,nasal suctioning
openai_gpt-5-5-2026-04-23,REC-inf-inp-001,infant,hallucinated_field,temporal,follow-up with the primary care clinic
openai_gpt-5-5-2026-04-23,REC-inf-inp-001,infant,hallucinated_field,temporal,discharged home
openai_gpt-5-5-2026-04-23,REC-inf-inp-002,infant,hallucinated_field,diagnoses,mild eczema
openai_gpt-5-5-2026-04-23,REC-inf-inp-002,infant,hallucinated_field,procedures,repeat cbc
openai_gpt-5-5-2026-04-23,REC-inf-inp-002,infant,hallucinated_field,procedures,follow-up with the primary care clinic
openai_gpt-5-5-2026-04-23,REC-inf-inp-002,infant,omission,temporal,repeat cbc planned for tomorrow morning
openai_gpt-5-5-2026-04-23,REC-inf-inp-002,infant,omission,temporal,history of mild eczema well controlled
openai_gpt-5-5-2026-04-23,REC-inf-inp-002,infant,omission,temporal,follow-up with the primary care clinic in one week
openai_gpt-5-5-2026-04-23,REC-inf-inp-002,infant,hallucinated_field,temporal,repeat cbc
openai_gpt-5-5-2026-04-23,REC-inf-inp-002,infant,hallucinated_field,temporal,follow-up with the primary care clinic
openai_gpt-5-5-2026-04-23,REC-inf-inp-002,infant,hallucinated_field,temporal,mild eczema
openai_gpt-5-5-2026-04-23,REC-inf-inp-003,infant,hallucinated_field,temporal,fever reported
openai_gpt-5-5-2026-04-23,REC-inf-inp-003,infant,hallucinated_field,temporal,nasal suctioning
openai_gpt-5-5-2026-04-23,REC-inf-inp-003,infant,hallucinated_field,temporal,admitted to inpatient ward
openai_gpt-5-5-2026-04-23,REC-inf-inp-003,infant,hallucinated_field,temporal,discharged home
openai_gpt-5-5-2026-04-23,REC-inf-inp-004,infant,hallucinated_field,diagnoses,mild eczema
openai_gpt-5-5-2026-04-23,REC-inf-inp-004,infant,omission,temporal,history of mild eczema well controlled
openai_gpt-5-5-2026-04-23,REC-inf-inp-004,infant,hallucinated_field,temporal,admitted to inpatient ward
openai_gpt-5-5-2026-04-23,REC-inf-inp-004,infant,hallucinated_field,temporal,ceftriaxone started
openai_gpt-5-5-2026-04-23,REC-inf-inp-004,infant,hallucinated_field,temporal,urine culture performed
openai_gpt-5-5-2026-04-23,REC-inf-inp-004,infant,hallucinated_field,temporal,history of mild eczema
openai_gpt-5-5-2026-04-23,REC-inf-inp-004,infant,hallucinated_field,temporal,discharged home
openai_gpt-5-5-2026-04-23,REC-inf-inp-005,infant,hallucinated_field,procedures,repeat cbc
openai_gpt-5-5-2026-04-23,REC-inf-inp-005,infant,hallucinated_field,procedures,follow-up with primary care clinic
openai_gpt-5-5-2026-04-23,REC-inf-inp-005,infant,omission,temporal,repeat cbc planned for tomorrow morning
openai_gpt-5-5-2026-04-23,REC-inf-inp-005,infant,omission,temporal,follow-up with the primary care clinic in one week
openai_gpt-5-5-2026-04-23,REC-inf-inp-005,infant,hallucinated_field,temporal,admitted to inpatient ward
openai_gpt-5-5-2026-04-23,REC-inf-inp-005,infant,hallucinated_field,temporal,nasal suctioning
openai_gpt-5-5-2026-04-23,REC-inf-inp-005,infant,hallucinated_field,temporal,repeat cbc
openai_gpt-5-5-2026-04-23,REC-inf-inp-005,infant,hallucinated_field,temporal,follow-up with primary care clinic
openai_gpt-5-5-2026-04-23,REC-inf-inp-005,infant,hallucinated_field,temporal,discharged home
openai_gpt-5-5-2026-04-23,REC-inf-inp-006,infant,hallucinated_field,procedures,repeat cbc
openai_gpt-5-5-2026-04-23,REC-inf-inp-006,infant,omission,temporal,repeat cbc planned for tomorrow morning
openai_gpt-5-5-2026-04-23,REC-inf-inp-006,infant,hallucinated_field,temporal,admitted to inpatient ward
openai_gpt-5-5-2026-04-23,REC-inf-inp-006,infant,hallucinated_field,temporal,started ceftriaxone
openai_gpt-5-5-2026-04-23,REC-inf-inp-006,infant,hallucinated_field,temporal,urine culture performed
openai_gpt-5-5-2026-04-23,REC-inf-inp-006,infant,hallucinated_field,temporal,repeat cbc
openai_gpt-5-5-2026-04-23,REC-inf-inp-006,infant,hallucinated_field,temporal,discharged home
openai_gpt-5-5-2026-04-23,REC-inf-inp-007,infant,hallucinated_field,procedures,repeat cbc
openai_gpt-5-5-2026-04-23,REC-inf-inp-007,infant,omission,temporal,repeat cbc planned for tomorrow morning
openai_gpt-5-5-2026-04-23,REC-inf-inp-007,infant,hallucinated_field,temporal,admitted to inpatient ward
openai_gpt-5-5-2026-04-23,REC-inf-inp-007,infant,hallucinated_field,temporal,nasal suctioning
openai_gpt-5-5-2026-04-23,REC-inf-inp-007,infant,hallucinated_field,temporal,repeat cbc
openai_gpt-5-5-2026-04-23,REC-inf-inp-007,infant,hallucinated_field,temporal,discharged home
openai_gpt-5-5-2026-04-23,REC-inf-inp-008,infant,hallucinated_field,diagnoses,mild eczema
openai_gpt-5-5-2026-04-23,REC-inf-inp-008,infant,omission,temporal,history of mild eczema well controlled
openai_gpt-5-5-2026-04-23,REC-inf-inp-008,infant,hallucinated_field,temporal,admitted to inpatient ward
openai_gpt-5-5-2026-04-23,REC-inf-inp-008,infant,hallucinated_field,temporal,started ceftriaxone
openai_gpt-5-5-2026-04-23,REC-inf-inp-008,infant,hallucinated_field,temporal,urine culture performed
openai_gpt-5-5-2026-04-23,REC-inf-inp-008,infant,hallucinated_field,temporal,history of mild eczema
openai_gpt-5-5-2026-04-23,REC-inf-inp-008,infant,hallucinated_field,temporal,discharged home
openai_gpt-5-5-2026-04-23,REC-inf-inp-009,infant,hallucinated_field,procedures,repeat cbc
openai_gpt-5-5-2026-04-23,REC-inf-inp-009,infant,hallucinated_field,procedures,follow-up with primary care clinic
openai_gpt-5-5-2026-04-23,REC-inf-inp-009,infant,omission,temporal,repeat cbc planned for tomorrow morning
openai_gpt-5-5-2026-04-23,REC-inf-inp-009,infant,omission,temporal,follow-up with the primary care clinic in one week
openai_gpt-5-5-2026-04-23,REC-inf-inp-009,infant,hallucinated_field,temporal,admitted to inpatient ward
openai_gpt-5-5-2026-04-23,REC-inf-inp-009,infant,hallucinated_field,temporal,nasal suctioning
openai_gpt-5-5-2026-04-23,REC-inf-inp-009,infant,hallucinated_field,temporal,repeat cbc
openai_gpt-5-5-2026-04-23,REC-inf-inp-009,infant,hallucinated_field,temporal,follow-up with primary care clinic
openai_gpt-5-5-2026-04-23,REC-inf-inp-009,infant,hallucinated_field,temporal,discharged home
openai_gpt-5-5-2026-04-23,REC-inf-inp-010,infant,omission,temporal,follow-up with the primary care clinic in one week
openai_gpt-5-5-2026-04-23,REC-inf-inp-010,infant,hallucinated_field,temporal,follow-up with the primary care clinic
openai_gpt-5-5-2026-04-23,REC-inf-out-001,infant,hallucinated_field,temporal,fever
openai_gpt-5-5-2026-04-23,REC-inf-out-001,infant,hallucinated_field,temporal,nasal suctioning
openai_gpt-5-5-2026-04-23,REC-inf-out-002,infant,hallucinated_field,diagnoses,mild eczema
openai_gpt-5-5-2026-04-23,REC-inf-out-002,infant,omission,temporal,history of mild eczema well controlled
openai_gpt-5-5-2026-04-23,REC-inf-out-002,infant,hallucinated_field,temporal,seen in outpatient clinic
openai_gpt-5-5-2026-04-23,REC-inf-out-002,infant,hallucinated_field,temporal,amoxicillin started
openai_gpt-5-5-2026-04-23,REC-inf-out-002,infant,hallucinated_field,temporal,tympanic membrane exam performed
openai_gpt-5-5-2026-04-23,REC-inf-out-002,infant,hallucinated_field,temporal,history of mild eczema
openai_gpt-5-5-2026-04-23,REC-inf-out-003,infant,hallucinated_field,temporal,nasal suctioning
openai_gpt-5-5-2026-04-23,REC-inf-out-004,infant,hallucinated_field,procedures,cbc
openai_gpt-5-5-2026-04-23,REC-inf-out-004,infant,omission,temporal,repeat cbc planned for tomorrow morning
openai_gpt-5-5-2026-04-23,REC-inf-out-004,infant,hallucinated_field,temporal,repeat cbc
openai_gpt-5-5-2026-04-23,REC-inf-out-005,infant,hallucinated_field,temporal,nasal suctioning
openai_gpt-5-5-2026-04-23,REC-inf-out-006,infant,hallucinated_field,procedures,follow-up with the primary care clinic
openai_gpt-5-5-2026-04-23,REC-inf-out-006,infant,omission,temporal,follow-up with the primary care clinic in one week
openai_gpt-5-5-2026-04-23,REC-inf-out-006,infant,hallucinated_field,temporal,follow-up with the primary care clinic
openai_gpt-5-5-2026-04-23,REC-inf-out-006,infant,hallucinated_field,temporal,tympanic membrane exam
openai_gpt-5-5-2026-04-23,REC-inf-out-006,infant,hallucinated_field,temporal,started amoxicillin
openai_gpt-5-5-2026-04-23,REC-inf-out-007,infant,hallucinated_field,temporal,nasal suctioning
openai_gpt-5-5-2026-04-23,REC-inf-out-007,infant,hallucinated_field,temporal,fever reported
openai_gpt-5-5-2026-04-23,REC-inf-out-008,infant,hallucinated_field,diagnoses,mild eczema
openai_gpt-5-5-2026-04-23,REC-inf-out-008,infant,hallucinated_field,procedures,repeat cbc
openai_gpt-5-5-2026-04-23,REC-inf-out-008,infant,omission,temporal,history of mild eczema well controlled
openai_gpt-5-5-2026-04-23,REC-inf-out-008,infant,omission,temporal,repeat cbc planned for tomorrow morning
openai_gpt-5-5-2026-04-23,REC-inf-out-008,infant,omission,temporal,prior clinic note listed the dose per day rather than per dose
openai_gpt-5-5-2026-04-23,REC-inf-out-008,infant,hallucinated_field,temporal,repeat cbc
openai_gpt-5-5-2026-04-23,REC-inf-out-008,infant,hallucinated_field,temporal,mild eczema
openai_gpt-5-5-2026-04-23,REC-inf-out-009,infant,hallucinated_field,procedures,repeat cbc
openai_gpt-5-5-2026-04-23,REC-inf-out-009,infant,hallucinated_field,procedures,follow-up with the primary care clinic
openai_gpt-5-5-2026-04-23,REC-inf-out-009,infant,omission,temporal,repeat cbc planned for tomorrow morning
openai_gpt-5-5-2026-04-23,REC-inf-out-009,infant,omission,temporal,follow-up with the primary care clinic in one week
openai_gpt-5-5-2026-04-23,REC-inf-out-009,infant,hallucinated_field,temporal,repeat cbc
openai_gpt-5-5-2026-04-23,REC-inf-out-009,infant,hallucinated_field,temporal,follow-up with the primary care clinic
openai_gpt-5-5-2026-04-23,REC-inf-out-009,infant,hallucinated_field,temporal,nasal suctioning
openai_gpt-5-5-2026-04-23,REC-inf-out-010,infant,hallucinated_field,temporal,amoxicillin started
openai_gpt-5-5-2026-04-23,REC-inf-out-010,infant,hallucinated_field,temporal,tympanic membrane exam performed
openai_gpt-5-5-2026-04-23,REC-inf-out-010,infant,hallucinated_field,temporal,penicillin allergy history
openai_gpt-5-5-2026-04-23,REC-neo-eme-001,neonate,omission,temporal,born at term with unknown maternal group b streptococcus status
openai_gpt-5-5-2026-04-23,REC-neo-eme-001,neonate,omission,temporal,born by uncomplicated vaginal delivery
openai_gpt-5-5-2026-04-23,REC-neo-eme-001,neonate,hallucinated_field,temporal,early-onset sepsis workup
openai_gpt-5-5-2026-04-23,REC-neo-eme-001,neonate,hallucinated_field,temporal,ampicillin started
openai_gpt-5-5-2026-04-23,REC-neo-eme-001,neonate,hallucinated_field,temporal,lumbar puncture performed
openai_gpt-5-5-2026-04-23,REC-neo-eme-001,neonate,hallucinated_field,temporal,fever reported at home
openai_gpt-5-5-2026-04-23,REC-neo-eme-001,neonate,hallucinated_field,temporal,born at term
openai_gpt-5-5-2026-04-23,REC-neo-eme-001,neonate,hallucinated_field,temporal,uncomplicated vaginal delivery
openai_gpt-5-5-2026-04-23,REC-neo-eme-001,neonate,hallucinated_field,temporal,admitted to inpatient unit
openai_gpt-5-5-2026-04-23,REC-neo-eme-002,neonate,hallucinated_field,procedures,vaginal delivery
openai_gpt-5-5-2026-04-23,REC-neo-eme-002,neonate,omission,temporal,born at 36 weeks gestation exclusively breastfed
openai_gpt-5-5-2026-04-23,REC-neo-eme-002,neonate,omission,temporal,born by uncomplicated vaginal delivery
openai_gpt-5-5-2026-04-23,REC-neo-eme-002,neonate,hallucinated_field,temporal,phototherapy
openai_gpt-5-5-2026-04-23,REC-neo-eme-002,neonate,hallucinated_field,temporal,born at 36 weeks gestation
openai_gpt-5-5-2026-04-23,REC-neo-eme-002,neonate,hallucinated_field,temporal,fever reported at home
openai_gpt-5-5-2026-04-23,REC-neo-eme-002,neonate,hallucinated_field,temporal,vaginal delivery
openai_gpt-5-5-2026-04-23,REC-neo-eme-003,neonate,hallucinated_field,diagnoses,gestational diabetes
openai_gpt-5-5-2026-04-23,REC-neo-eme-003,neonate,hallucinated_field,procedures,vaginal delivery
openai_gpt-5-5-2026-04-23,REC-neo-eme-003,neonate,hallucinated_field,procedures,primary care clinic follow-up
openai_gpt-5-5-2026-04-23,REC-neo-eme-003,neonate,omission,temporal,follow-up with the primary care clinic in one week
openai_gpt-5-5-2026-04-23,REC-neo-eme-003,neonate,omission,temporal,born by uncomplicated vaginal delivery
openai_gpt-5-5-2026-04-23,REC-neo-eme-003,neonate,hallucinated_field,temporal,evaluated in the emergency department
openai_gpt-5-5-2026-04-23,REC-neo-eme-003,neonate,hallucinated_field,temporal,dextrose 10 started
openai_gpt-5-5-2026-04-23,REC-neo-eme-003,neonate,hallucinated_field,temporal,heel-stick glucose check
openai_gpt-5-5-2026-04-23,REC-neo-eme-003,neonate,hallucinated_field,temporal,vaginal delivery
openai_gpt-5-5-2026-04-23,REC-neo-eme-003,neonate,hallucinated_field,temporal,follow-up with the primary care clinic
openai_gpt-5-5-2026-04-23,REC-neo-eme-004,neonate,omission,temporal,born at term with unknown maternal group b streptococcus status
openai_gpt-5-5-2026-04-23,REC-neo-eme-004,neonate,omission,temporal,follow-up with the primary care clinic in one week
openai_gpt-5-5-2026-04-23,REC-neo-eme-004,neonate,hallucinated_field,temporal,sepsis workup
openai_gpt-5-5-2026-04-23,REC-neo-eme-004,neonate,hallucinated_field,temporal,lumbar puncture
openai_gpt-5-5-2026-04-23,REC-neo-eme-004,neonate,hallucinated_field,temporal,follow-up with primary care clinic
openai_gpt-5-5-2026-04-23,REC-neo-eme-004,neonate,hallucinated_field,temporal,birth at term
openai_gpt-5-5-2026-04-23,REC-neo-eme-005,neonate,omission,temporal,born at 36 weeks gestation exclusively breastfed
openai_gpt-5-5-2026-04-23,REC-neo-eme-005,neonate,omission,temporal,follow-up with the primary care clinic in one week
openai_gpt-5-5-2026-04-23,REC-neo-eme-005,neonate,hallucinated_field,temporal,birth
openai_gpt-5-5-2026-04-23,REC-neo-eme-005,neonate,hallucinated_field,temporal,phototherapy
openai_gpt-5-5-2026-04-23,REC-neo-eme-005,neonate,hallucinated_field,temporal,follow-up with the primary care clinic
openai_gpt-5-5-2026-04-23,REC-neo-eme-006,neonate,hallucinated_field,diagnoses,gestational diabetes
openai_gpt-5-5-2026-04-23,REC-neo-eme-006,neonate,hallucinated_field,procedures,repeat cbc
openai_gpt-5-5-2026-04-23,REC-neo-eme-006,neonate,omission,temporal,pregnancy complicated by gestational diabetes
openai_gpt-5-5-2026-04-23,REC-neo-eme-006,neonate,omission,temporal,repeat cbc planned for tomorrow morning
openai_gpt-5-5-2026-04-23,REC-neo-eme-006,neonate,hallucinated_field,temporal,evaluated in the emergency department
openai_gpt-5-5-2026-04-23,REC-neo-eme-006,neonate,hallucinated_field,temporal,dextrose 10 started
openai_gpt-5-5-2026-04-23,REC-neo-eme-006,neonate,hallucinated_field,temporal,heel-stick glucose check
openai_gpt-5-5-2026-04-23,REC-neo-eme-006,neonate,hallucinated_field,temporal,repeat cbc
openai_gpt-5-5-2026-04-23,REC-neo-eme-006,neonate,hallucinated_field,temporal,admitted to inpatient unit
openai_gpt-5-5-2026-04-23,REC-neo-eme-007,neonate,hallucinated_field,diagnoses,term birth
openai_gpt-5-5-2026-04-23,REC-neo-eme-007,neonate,omission,temporal,born at term with unknown maternal group b streptococcus status
openai_gpt-5-5-2026-04-23,REC-neo-eme-007,neonate,omission,temporal,follow-up with the primary care clinic in one week
openai_gpt-5-5-2026-04-23,REC-neo-eme-007,neonate,hallucinated_field,temporal,early-onset sepsis workup
openai_gpt-5-5-2026-04-23,REC-neo-eme-007,neonate,hallucinated_field,temporal,ampicillin started
openai_gpt-5-5-2026-04-23,REC-neo-eme-007,neonate,hallucinated_field,temporal,lumbar puncture
openai_gpt-5-5-2026-04-23,REC-neo-eme-007,neonate,hallucinated_field,temporal,birth at term
openai_gpt-5-5-2026-04-23,REC-neo-eme-007,neonate,hallucinated_field,temporal,primary care clinic follow-up
openai_gpt-5-5-2026-04-23,REC-neo-eme-007,neonate,hallucinated_field,temporal,admission to inpatient unit
openai_gpt-5-5-2026-04-23,REC-neo-eme-008,neonate,hallucinated_field,procedures,vaginal delivery
openai_gpt-5-5-2026-04-23,REC-neo-eme-008,neonate,omission,temporal,born at 36 weeks gestation exclusively breastfed
openai_gpt-5-5-2026-04-23,REC-neo-eme-008,neonate,omission,temporal,born by uncomplicated vaginal delivery
openai_gpt-5-5-2026-04-23,REC-neo-eme-008,neonate,omission,temporal,follow-up with the primary care clinic in one week
openai_gpt-5-5-2026-04-23,REC-neo-eme-008,neonate,hallucinated_field,temporal,emergency department evaluation
openai_gpt-5-5-2026-04-23,REC-neo-eme-008,neonate,hallucinated_field,temporal,phototherapy
openai_gpt-5-5-2026-04-23,REC-neo-eme-008,neonate,hallucinated_field,temporal,born at 36 weeks gestation
openai_gpt-5-5-2026-04-23,REC-neo-eme-008,neonate,hallucinated_field,temporal,vaginal delivery
openai_gpt-5-5-2026-04-23,REC-neo-eme-008,neonate,hallucinated_field,temporal,primary care clinic follow-up
openai_gpt-5-5-2026-04-23,REC-neo-eme-008,neonate,hallucinated_field,temporal,admission to inpatient unit
openai_gpt-5-5-2026-04-23,REC-neo-eme-009,neonate,hallucinated_field,diagnoses,gestational diabetes
openai_gpt-5-5-2026-04-23,REC-neo-eme-009,neonate,hallucinated_field,procedures,repeat cbc
openai_gpt-5-5-2026-04-23,REC-neo-eme-009,neonate,omission,temporal,pregnancy complicated by gestational diabetes
openai_gpt-5-5-2026-04-23,REC-neo-eme-009,neonate,omission,temporal,repeat cbc planned for tomorrow morning
openai_gpt-5-5-2026-04-23,REC-neo-eme-009,neonate,hallucinated_field,temporal,dextrose 10 started
openai_gpt-5-5-2026-04-23,REC-neo-eme-009,neonate,hallucinated_field,temporal,heel-stick glucose check
openai_gpt-5-5-2026-04-23,REC-neo-eme-009,neonate,hallucinated_field,temporal,repeat cbc
openai_gpt-5-5-2026-04-23,REC-neo-eme-009,neonate,hallucinated_field,temporal,gestational diabetes complicating pregnancy
openai_gpt-5-5-2026-04-23,REC-neo-eme-010,neonate,hallucinated_field,diagnoses,term birth
openai_gpt-5-5-2026-04-23,REC-neo-eme-010,neonate,hallucinated_field,procedures,repeat cbc
openai_gpt-5-5-2026-04-23,REC-neo-eme-010,neonate,omission,temporal,born at term with unknown maternal group b streptococcus status
openai_gpt-5-5-2026-04-23,REC-neo-eme-010,neonate,omission,temporal,repeat cbc planned for tomorrow morning
openai_gpt-5-5-2026-04-23,REC-neo-eme-010,neonate,omission,temporal,prior clinic note listed the dose per day rather than per dose
openai_gpt-5-5-2026-04-23,REC-neo-eme-010,neonate,hallucinated_field,temporal,lumbar puncture
openai_gpt-5-5-2026-04-23,REC-neo-eme-010,neonate,hallucinated_field,temporal,repeat cbc
openai_gpt-5-5-2026-04-23,REC-neo-eme-010,neonate,hallucinated_field,temporal,birth at term
openai_gpt-5-5-2026-04-23,REC-neo-eme-010,neonate,hallucinated_field,temporal,ampicillin started
openai_gpt-5-5-2026-04-23,REC-neo-eme-010,neonate,hallucinated_field,temporal,admission to inpatient unit
openai_gpt-5-5-2026-04-23,REC-neo-icu-001,neonate,hallucinated_field,procedures,follow-up with the primary care clinic
openai_gpt-5-5-2026-04-23,REC-neo-icu-001,neonate,omission,temporal,born at term with unknown maternal group b streptococcus status
openai_gpt-5-5-2026-04-23,REC-neo-icu-001,neonate,omission,temporal,prior clinic note listed the dose per day rather than per dose
openai_gpt-5-5-2026-04-23,REC-neo-icu-001,neonate,omission,temporal,follow-up with the primary care clinic in one week
openai_gpt-5-5-2026-04-23,REC-neo-icu-001,neonate,hallucinated_field,temporal,admitted to the intensive care unit
openai_gpt-5-5-2026-04-23,REC-neo-icu-001,neonate,hallucinated_field,temporal,lumbar puncture
openai_gpt-5-5-2026-04-23,REC-neo-icu-001,neonate,hallucinated_field,temporal,born at term
openai_gpt-5-5-2026-04-23,REC-neo-icu-001,neonate,hallucinated_field,temporal,follow-up with the primary care clinic
openai_gpt-5-5-2026-04-23,REC-neo-icu-001,neonate,hallucinated_field,temporal,transferred to inpatient unit
openai_gpt-5-5-2026-04-23,REC-neo-icu-002,neonate,hallucinated_field,diagnoses,gestational diabetes
openai_gpt-5-5-2026-04-23,REC-neo-icu-002,neonate,hallucinated_field,procedures,follow-up with the primary care clinic
openai_gpt-5-5-2026-04-23,REC-neo-icu-002,neonate,omission,temporal,follow-up with the primary care clinic in one week
openai_gpt-5-5-2026-04-23,REC-neo-icu-002,neonate,hallucinated_field,temporal,heel-stick glucose check
openai_gpt-5-5-2026-04-23,REC-neo-icu-002,neonate,hallucinated_field,temporal,follow-up with the primary care clinic
openai_gpt-5-5-2026-04-23,REC-neo-icu-003,neonate,hallucinated_field,diagnoses,born at term
openai_gpt-5-5-2026-04-23,REC-neo-icu-003,neonate,hallucinated_field,diagnoses,unknown maternal group b streptococcus status
openai_gpt-5-5-2026-04-23,REC-neo-icu-003,neonate,hallucinated_field,procedures,follow-up with the primary care clinic
openai_gpt-5-5-2026-04-23,REC-neo-icu-003,neonate,omission,temporal,born at term with unknown maternal group b streptococcus status
openai_gpt-5-5-2026-04-23,REC-neo-icu-003,neonate,omission,temporal,follow-up with the primary care clinic in one week
openai_gpt-5-5-2026-04-23,REC-neo-icu-003,neonate,hallucinated_field,temporal,admitted to the intensive care unit
openai_gpt-5-5-2026-04-23,REC-neo-icu-003,neonate,hallucinated_field,temporal,early-onset sepsis workup
openai_gpt-5-5-2026-04-23,REC-neo-icu-003,neonate,hallucinated_field,temporal,ampicillin started
openai_gpt-5-5-2026-04-23,REC-neo-icu-003,neonate,hallucinated_field,temporal,lumbar puncture performed
openai_gpt-5-5-2026-04-23,REC-neo-icu-003,neonate,hallucinated_field,temporal,born at term
openai_gpt-5-5-2026-04-23,REC-neo-icu-003,neonate,hallucinated_field,temporal,follow-up with the primary care clinic
openai_gpt-5-5-2026-04-23,REC-neo-icu-003,neonate,hallucinated_field,temporal,transferred to inpatient unit
openai_gpt-5-5-2026-04-23,REC-neo-icu-004,neonate,hallucinated_field,diagnoses,gestational diabetes
openai_gpt-5-5-2026-04-23,REC-neo-icu-004,neonate,hallucinated_field,procedures,repeat cbc
openai_gpt-5-5-2026-04-23,REC-neo-icu-004,neonate,omission,temporal,pregnancy complicated by gestational diabetes
openai_gpt-5-5-2026-04-23,REC-neo-icu-004,neonate,omission,temporal,repeat cbc planned for tomorrow morning
openai_gpt-5-5-2026-04-23,REC-neo-icu-004,neonate,hallucinated_field,temporal,admitted to intensive care unit
openai_gpt-5-5-2026-04-23,REC-neo-icu-004,neonate,hallucinated_field,temporal,dextrose 10 started
openai_gpt-5-5-2026-04-23,REC-neo-icu-004,neonate,hallucinated_field,temporal,heel-stick glucose check performed
openai_gpt-5-5-2026-04-23,REC-neo-icu-004,neonate,hallucinated_field,temporal,repeat cbc
openai_gpt-5-5-2026-04-23,REC-neo-icu-004,neonate,hallucinated_field,temporal,fever reported
openai_gpt-5-5-2026-04-23,REC-neo-icu-004,neonate,hallucinated_field,temporal,transferred to inpatient unit
openai_gpt-5-5-2026-04-23,REC-neo-icu-005,neonate,hallucinated_field,procedures,vaginal delivery
openai_gpt-5-5-2026-04-23,REC-neo-icu-005,neonate,omission,temporal,born at term with unknown maternal group b streptococcus status
openai_gpt-5-5-2026-04-23,REC-neo-icu-005,neonate,hallucinated_field,temporal,admitted to intensive care unit
openai_gpt-5-5-2026-04-23,REC-neo-icu-005,neonate,hallucinated_field,temporal,early-onset sepsis workup in progress
openai_gpt-5-5-2026-04-23,REC-neo-icu-005,neonate,hallucinated_field,temporal,ampicillin started
openai_gpt-5-5-2026-04-23,REC-neo-icu-005,neonate,hallucinated_field,temporal,lumbar puncture performed
openai_gpt-5-5-2026-04-23,REC-neo-icu-005,neonate,hallucinated_field,temporal,born at term
openai_gpt-5-5-2026-04-23,REC-neo-icu-005,neonate,hallucinated_field,temporal,transferred to inpatient unit
openai_gpt-5-5-2026-04-23,REC-neo-icu-006,neonate,hallucinated_field,procedures,repeat cbc
openai_gpt-5-5-2026-04-23,REC-neo-icu-006,neonate,omission,temporal,pregnancy complicated by gestational diabetes
openai_gpt-5-5-2026-04-23,REC-neo-icu-006,neonate,omission,temporal,repeat cbc planned for tomorrow morning
openai_gpt-5-5-2026-04-23,REC-neo-icu-006,neonate,hallucinated_field,temporal,repeat cbc
openai_gpt-5-5-2026-04-23,REC-neo-icu-007,neonate,omission,temporal,born at term with unknown maternal group b streptococcus status
openai_gpt-5-5-2026-04-23,REC-neo-icu-007,neonate,hallucinated_field,temporal,admitted to intensive care unit
openai_gpt-5-5-2026-04-23,REC-neo-icu-007,neonate,hallucinated_field,temporal,sepsis workup in progress
openai_gpt-5-5-2026-04-23,REC-neo-icu-007,neonate,hallucinated_field,temporal,started ampicillin
openai_gpt-5-5-2026-04-23,REC-neo-icu-007,neonate,hallucinated_field,temporal,lumbar puncture performed
openai_gpt-5-5-2026-04-23,REC-neo-icu-007,neonate,hallucinated_field,temporal,born at term
openai_gpt-5-5-2026-04-23,REC-neo-icu-007,neonate,hallucinated_field,temporal,transferred to inpatient unit
openai_gpt-5-5-2026-04-23,REC-neo-icu-008,neonate,hallucinated_field,diagnoses,gestational diabetes
openai_gpt-5-5-2026-04-23,REC-neo-icu-008,neonate,hallucinated_field,procedures,repeat cbc
openai_gpt-5-5-2026-04-23,REC-neo-icu-008,neonate,hallucinated_field,procedures,follow-up with the primary care clinic
openai_gpt-5-5-2026-04-23,REC-neo-icu-008,neonate,omission,temporal,repeat cbc planned for tomorrow morning
openai_gpt-5-5-2026-04-23,REC-neo-icu-008,neonate,omission,temporal,follow-up with the primary care clinic in one week
openai_gpt-5-5-2026-04-23,REC-neo-icu-008,neonate,hallucinated_field,temporal,admitted to the intensive care unit
openai_gpt-5-5-2026-04-23,REC-neo-icu-008,neonate,hallucinated_field,temporal,dextrose 10 started
openai_gpt-5-5-2026-04-23,REC-neo-icu-008,neonate,hallucinated_field,temporal,heel-stick glucose check
openai_gpt-5-5-2026-04-23,REC-neo-icu-008,neonate,hallucinated_field,temporal,fever reported at home
openai_gpt-5-5-2026-04-23,REC-neo-icu-008,neonate,hallucinated_field,temporal,repeat cbc
openai_gpt-5-5-2026-04-23,REC-neo-icu-008,neonate,hallucinated_field,temporal,follow-up with the primary care clinic
openai_gpt-5-5-2026-04-23,REC-neo-icu-008,neonate,hallucinated_field,temporal,transferred to inpatient unit
openai_gpt-5-5-2026-04-23,REC-neo-icu-009,neonate,omission,temporal,born at term with unknown maternal group b streptococcus status
openai_gpt-5-5-2026-04-23,REC-neo-icu-009,neonate,omission,temporal,follow-up with the primary care clinic in one week
openai_gpt-5-5-2026-04-23,REC-neo-icu-009,neonate,hallucinated_field,temporal,admitted to intensive care unit
openai_gpt-5-5-2026-04-23,REC-neo-icu-009,neonate,hallucinated_field,temporal,workup for suspected early-onset sepsis
openai_gpt-5-5-2026-04-23,REC-neo-icu-009,neonate,hallucinated_field,temporal,ampicillin started
openai_gpt-5-5-2026-04-23,REC-neo-icu-009,neonate,hallucinated_field,temporal,lumbar puncture performed
openai_gpt-5-5-2026-04-23,REC-neo-icu-009,neonate,hallucinated_field,temporal,born at term
openai_gpt-5-5-2026-04-23,REC-neo-icu-009,neonate,hallucinated_field,temporal,follow-up with the primary care clinic
openai_gpt-5-5-2026-04-23,REC-neo-icu-009,neonate,hallucinated_field,temporal,transferred to inpatient unit
openai_gpt-5-5-2026-04-23,REC-neo-icu-010,neonate,hallucinated_field,diagnoses,maternal gestational diabetes
openai_gpt-5-5-2026-04-23,REC-neo-icu-010,neonate,hallucinated_field,procedures,follow-up with the primary care clinic
openai_gpt-5-5-2026-04-23,REC-neo-icu-010,neonate,omission,temporal,follow-up with the primary care clinic in one week
openai_gpt-5-5-2026-04-23,REC-neo-icu-010,neonate,hallucinated_field,temporal,icu admission
openai_gpt-5-5-2026-04-23,REC-neo-icu-010,neonate,hallucinated_field,temporal,dextrose 10 started
openai_gpt-5-5-2026-04-23,REC-neo-icu-010,neonate,hallucinated_field,temporal,heel-stick glucose check
openai_gpt-5-5-2026-04-23,REC-neo-icu-010,neonate,hallucinated_field,temporal,follow-up with the primary care clinic
openai_gpt-5-5-2026-04-23,REC-neo-icu-010,neonate,hallucinated_field,temporal,transfer to inpatient unit
openai_gpt-5-5-2026-04-23,REC-neo-inp-001,neonate,omission,diagnoses,early-onset sepsis
openai_gpt-5-5-2026-04-23,REC-neo-inp-001,neonate,hallucinated_field,diagnoses,suspected early-onset sepsis
openai_gpt-5-5-2026-04-23,REC-neo-inp-001,neonate,hallucinated_field,diagnoses,term birth
openai_gpt-5-5-2026-04-23,REC-neo-inp-001,neonate,hallucinated_field,procedures,repeat cbc
openai_gpt-5-5-2026-04-23,REC-neo-inp-001,neonate,omission,temporal,born at term with unknown maternal group b streptococcus status
openai_gpt-5-5-2026-04-23,REC-neo-inp-001,neonate,omission,temporal,repeat cbc planned for tomorrow morning
openai_gpt-5-5-2026-04-23,REC-neo-inp-001,neonate,hallucinated_field,temporal,admitted to inpatient ward
openai_gpt-5-5-2026-04-23,REC-neo-inp-001,neonate,hallucinated_field,temporal,workup for suspected early-onset sepsis
openai_gpt-5-5-2026-04-23,REC-neo-inp-001,neonate,hallucinated_field,temporal,ampicillin started
openai_gpt-5-5-2026-04-23,REC-neo-inp-001,neonate,hallucinated_field,temporal,lumbar puncture performed
openai_gpt-5-5-2026-04-23,REC-neo-inp-001,neonate,hallucinated_field,temporal,born at term
openai_gpt-5-5-2026-04-23,REC-neo-inp-001,neonate,hallucinated_field,temporal,repeat cbc
openai_gpt-5-5-2026-04-23,REC-neo-inp-001,neonate,hallucinated_field,temporal,no fever reported at home
openai_gpt-5-5-2026-04-23,REC-neo-inp-002,neonate,omission,temporal,born at 36 weeks gestation exclusively breastfed
openai_gpt-5-5-2026-04-23,REC-neo-inp-002,neonate,omission,temporal,follow-up with the primary care clinic in one week
openai_gpt-5-5-2026-04-23,REC-neo-inp-002,neonate,hallucinated_field,temporal,phototherapy
openai_gpt-5-5-2026-04-23,REC-neo-inp-002,neonate,hallucinated_field,temporal,born at 36 weeks gestation
openai_gpt-5-5-2026-04-23,REC-neo-inp-002,neonate,hallucinated_field,temporal,follow-up with the primary care clinic
openai_gpt-5-5-2026-04-23,REC-neo-inp-003,neonate,hallucinated_field,diagnoses,gestational diabetes
openai_gpt-5-5-2026-04-23,REC-neo-inp-003,neonate,hallucinated_field,procedures,repeat cbc
openai_gpt-5-5-2026-04-23,REC-neo-inp-003,neonate,omission,temporal,repeat cbc planned for tomorrow morning
openai_gpt-5-5-2026-04-23,REC-neo-inp-003,neonate,hallucinated_field,temporal,admitted to inpatient ward
openai_gpt-5-5-2026-04-23,REC-neo-inp-003,neonate,hallucinated_field,temporal,started dextrose 10
openai_gpt-5-5-2026-04-23,REC-neo-inp-003,neonate,hallucinated_field,temporal,heel-stick glucose check was performed
openai_gpt-5-5-2026-04-23,REC-neo-inp-003,neonate,hallucinated_field,temporal,repeat cbc
openai_gpt-5-5-2026-04-23,REC-neo-inp-003,neonate,hallucinated_field,temporal,discharged home
openai_gpt-5-5-2026-04-23,REC-neo-inp-004,neonate,hallucinated_field,diagnoses,term birth
openai_gpt-5-5-2026-04-23,REC-neo-inp-004,neonate,omission,temporal,born at term with unknown maternal group b streptococcus status
openai_gpt-5-5-2026-04-23,REC-neo-inp-004,neonate,omission,temporal,follow-up with the primary care clinic in one week
openai_gpt-5-5-2026-04-23,REC-neo-inp-004,neonate,hallucinated_field,temporal,admitted to inpatient ward
openai_gpt-5-5-2026-04-23,REC-neo-inp-004,neonate,hallucinated_field,temporal,lumbar puncture was performed
openai_gpt-5-5-2026-04-23,REC-neo-inp-004,neonate,hallucinated_field,temporal,born at term
openai_gpt-5-5-2026-04-23,REC-neo-inp-004,neonate,hallucinated_field,temporal,follow-up with primary care clinic
openai_gpt-5-5-2026-04-23,REC-neo-inp-004,neonate,hallucinated_field,temporal,discharged home
openai_gpt-5-5-2026-04-23,REC-neo-inp-005,neonate,hallucinated_field,diagnoses,born at 36 weeks gestation
openai_gpt-5-5-2026-04-23,REC-neo-inp-005,neonate,omission,temporal,born at 36 weeks gestation exclusively breastfed
openai_gpt-5-5-2026-04-23,REC-neo-inp-005,neonate,omission,temporal,follow-up with the primary care clinic in one week
openai_gpt-5-5-2026-04-23,REC-neo-inp-005,neonate,hallucinated_field,temporal,phototherapy
openai_gpt-5-5-2026-04-23,REC-neo-inp-005,neonate,hallucinated_field,temporal,birth at 36 weeks gestation
openai_gpt-5-5-2026-04-23,REC-neo-inp-005,neonate,hallucinated_field,temporal,follow-up with the primary care clinic
openai_gpt-5-5-2026-04-23,REC-neo-inp-005,neonate,hallucinated_field,temporal,discharged home
openai_gpt-5-5-2026-04-23,REC-neo-inp-006,neonate,hallucinated_field,diagnoses,gestational diabetes
openai_gpt-5-5-2026-04-23,REC-neo-inp-006,neonate,omission,temporal,pregnancy complicated by gestational diabetes
openai_gpt-5-5-2026-04-23,REC-neo-inp-006,neonate,omission,temporal,follow-up with the primary care clinic in one week
openai_gpt-5-5-2026-04-23,REC-neo-inp-006,neonate,hallucinated_field,temporal,admitted to inpatient ward
openai_gpt-5-5-2026-04-23,REC-neo-inp-006,neonate,hallucinated_field,temporal,heel-stick glucose check was performed
openai_gpt-5-5-2026-04-23,REC-neo-inp-006,neonate,hallucinated_field,temporal,follow-up with the primary care clinic
openai_gpt-5-5-2026-04-23,REC-neo-inp-006,neonate,hallucinated_field,temporal,discharged home
openai_gpt-5-5-2026-04-23,REC-neo-inp-007,neonate,hallucinated_field,procedures,repeat cbc
openai_gpt-5-5-2026-04-23,REC-neo-inp-007,neonate,hallucinated_field,procedures,follow-up with primary care clinic
openai_gpt-5-5-2026-04-23,REC-neo-inp-007,neonate,omission,temporal,born at term with unknown maternal group b streptococcus status
openai_gpt-5-5-2026-04-23,REC-neo-inp-007,neonate,omission,temporal,follow-up with the primary care clinic in one week
openai_gpt-5-5-2026-04-23,REC-neo-inp-007,neonate,omission,temporal,repeat cbc planned for tomorrow morning
openai_gpt-5-5-2026-04-23,REC-neo-inp-007,neonate,omission,temporal,prior clinic note listed the dose per day rather than per dose
openai_gpt-5-5-2026-04-23,REC-neo-inp-007,neonate,hallucinated_field,temporal,admitted to inpatient ward
openai_gpt-5-5-2026-04-23,REC-neo-inp-007,neonate,hallucinated_field,temporal,lumbar puncture
openai_gpt-5-5-2026-04-23,REC-neo-inp-007,neonate,hallucinated_field,temporal,born at term
openai_gpt-5-5-2026-04-23,REC-neo-inp-007,neonate,hallucinated_field,temporal,follow-up with the primary care clinic
openai_gpt-5-5-2026-04-23,REC-neo-inp-007,neonate,hallucinated_field,temporal,repeat cbc
openai_gpt-5-5-2026-04-23,REC-neo-inp-007,neonate,hallucinated_field,temporal,discharged home
openai_gpt-5-5-2026-04-23,REC-neo-inp-008,neonate,hallucinated_field,procedures,vaginal delivery
openai_gpt-5-5-2026-04-23,REC-neo-inp-008,neonate,hallucinated_field,procedures,follow-up with the primary care clinic
openai_gpt-5-5-2026-04-23,REC-neo-inp-008,neonate,omission,temporal,born at 36 weeks gestation exclusively breastfed
openai_gpt-5-5-2026-04-23,REC-neo-inp-008,neonate,omission,temporal,born by uncomplicated vaginal delivery
openai_gpt-5-5-2026-04-23,REC-neo-inp-008,neonate,omission,temporal,follow-up with the primary care clinic in one week
openai_gpt-5-5-2026-04-23,REC-neo-inp-008,neonate,hallucinated_field,temporal,born at 36 weeks gestation
openai_gpt-5-5-2026-04-23,REC-neo-inp-008,neonate,hallucinated_field,temporal,uncomplicated vaginal delivery
openai_gpt-5-5-2026-04-23,REC-neo-inp-008,neonate,hallucinated_field,temporal,phototherapy
openai_gpt-5-5-2026-04-23,REC-neo-inp-008,neonate,hallucinated_field,temporal,follow-up with the primary care clinic
openai_gpt-5-5-2026-04-23,REC-neo-inp-008,neonate,hallucinated_field,temporal,discharged home
openai_gpt-5-5-2026-04-23,REC-neo-inp-009,neonate,hallucinated_field,diagnoses,gestational diabetes
openai_gpt-5-5-2026-04-23,REC-neo-inp-009,neonate,omission,temporal,pregnancy complicated by gestational diabetes
openai_gpt-5-5-2026-04-23,REC-neo-inp-009,neonate,omission,temporal,follow-up with the primary care clinic in one week
openai_gpt-5-5-2026-04-23,REC-neo-inp-009,neonate,hallucinated_field,temporal,admitted to the inpatient ward
openai_gpt-5-5-2026-04-23,REC-neo-inp-009,neonate,hallucinated_field,temporal,started dextrose 10
openai_gpt-5-5-2026-04-23,REC-neo-inp-009,neonate,hallucinated_field,temporal,heel-stick glucose check was performed
openai_gpt-5-5-2026-04-23,REC-neo-inp-009,neonate,hallucinated_field,temporal,follow-up with the primary care clinic
openai_gpt-5-5-2026-04-23,REC-neo-inp-009,neonate,hallucinated_field,temporal,discharged home
openai_gpt-5-5-2026-04-23,REC-neo-inp-010,neonate,omission,temporal,born at term with unknown maternal group b streptococcus status
openai_gpt-5-5-2026-04-23,REC-neo-inp-010,neonate,omission,temporal,follow-up with the primary care clinic in one week
openai_gpt-5-5-2026-04-23,REC-neo-inp-010,neonate,hallucinated_field,temporal,birth
openai_gpt-5-5-2026-04-23,REC-neo-inp-010,neonate,hallucinated_field,temporal,follow-up with primary care clinic
openai_gpt-5-5-2026-04-23,REC-neo-inp-010,neonate,hallucinated_field,temporal,lumbar puncture
openai_gpt-5-5-2026-04-23,REC-neo-out-001,neonate,hallucinated_field,diagnoses,delivery complications
openai_gpt-5-5-2026-04-23,REC-neo-out-001,neonate,hallucinated_field,procedures,vaginal delivery
openai_gpt-5-5-2026-04-23,REC-neo-out-001,neonate,omission,temporal,born at 36 weeks gestation exclusively breastfed
openai_gpt-5-5-2026-04-23,REC-neo-out-001,neonate,omission,temporal,born by uncomplicated vaginal delivery
openai_gpt-5-5-2026-04-23,REC-neo-out-001,neonate,hallucinated_field,temporal,clinic visit
openai_gpt-5-5-2026-04-23,REC-neo-out-001,neonate,hallucinated_field,temporal,phototherapy
openai_gpt-5-5-2026-04-23,REC-neo-out-001,neonate,hallucinated_field,temporal,birth
openai_gpt-5-5-2026-04-23,REC-neo-out-001,neonate,hallucinated_field,temporal,vaginal delivery
openai_gpt-5-5-2026-04-23,REC-neo-out-001,neonate,hallucinated_field,temporal,discharged home
openai_gpt-5-5-2026-04-23,REC-neo-out-002,neonate,hallucinated_field,procedures,repeat cbc
openai_gpt-5-5-2026-04-23,REC-neo-out-002,neonate,omission,temporal,born at 36 weeks gestation exclusively breastfed
openai_gpt-5-5-2026-04-23,REC-neo-out-002,neonate,omission,temporal,repeat cbc planned for tomorrow morning
openai_gpt-5-5-2026-04-23,REC-neo-out-002,neonate,hallucinated_field,temporal,phototherapy
openai_gpt-5-5-2026-04-23,REC-neo-out-002,neonate,hallucinated_field,temporal,repeat cbc
openai_gpt-5-5-2026-04-23,REC-neo-out-002,neonate,hallucinated_field,temporal,fever reported at home
openai_gpt-5-5-2026-04-23,REC-neo-out-002,neonate,hallucinated_field,temporal,born at 36 weeks gestation
openai_gpt-5-5-2026-04-23,REC-neo-out-003,neonate,omission,temporal,born at 36 weeks gestation exclusively breastfed
openai_gpt-5-5-2026-04-23,REC-neo-out-003,neonate,hallucinated_field,temporal,birth at 36 weeks gestation
openai_gpt-5-5-2026-04-23,REC-neo-out-003,neonate,hallucinated_field,temporal,phototherapy
openai_gpt-5-5-2026-04-23,REC-neo-out-003,neonate,hallucinated_field,temporal,discharged home
openai_gpt-5-5-2026-04-23,REC-neo-out-004,neonate,hallucinated_field,procedures,vaginal delivery
openai_gpt-5-5-2026-04-23,REC-neo-out-004,neonate,hallucinated_field,procedures,follow-up with primary care clinic
openai_gpt-5-5-2026-04-23,REC-neo-out-004,neonate,omission,temporal,born at 36 weeks gestation exclusively breastfed
openai_gpt-5-5-2026-04-23,REC-neo-out-004,neonate,omission,temporal,born by uncomplicated vaginal delivery
openai_gpt-5-5-2026-04-23,REC-neo-out-004,neonate,omission,temporal,follow-up with the primary care clinic in one week
openai_gpt-5-5-2026-04-23,REC-neo-out-004,neonate,hallucinated_field,temporal,birth
openai_gpt-5-5-2026-04-23,REC-neo-out-004,neonate,hallucinated_field,temporal,phototherapy
openai_gpt-5-5-2026-04-23,REC-neo-out-004,neonate,hallucinated_field,temporal,follow-up with the primary care clinic
openai_gpt-5-5-2026-04-23,REC-neo-out-005,neonate,hallucinated_field,procedures,follow-up with the primary care clinic
openai_gpt-5-5-2026-04-23,REC-neo-out-005,neonate,omission,temporal,born at 36 weeks gestation exclusively breastfed
openai_gpt-5-5-2026-04-23,REC-neo-out-005,neonate,omission,temporal,follow-up with the primary care clinic in one week
openai_gpt-5-5-2026-04-23,REC-neo-out-005,neonate,hallucinated_field,temporal,born at 36 weeks gestation
openai_gpt-5-5-2026-04-23,REC-neo-out-005,neonate,hallucinated_field,temporal,phototherapy
openai_gpt-5-5-2026-04-23,REC-neo-out-005,neonate,hallucinated_field,temporal,follow-up with the primary care clinic
openai_gpt-5-5-2026-04-23,REC-neo-out-006,neonate,hallucinated_field,procedures,repeat cbc
openai_gpt-5-5-2026-04-23,REC-neo-out-006,neonate,omission,temporal,born at 36 weeks gestation exclusively breastfed
openai_gpt-5-5-2026-04-23,REC-neo-out-006,neonate,omission,temporal,repeat cbc planned for tomorrow morning
openai_gpt-5-5-2026-04-23,REC-neo-out-006,neonate,hallucinated_field,temporal,born at 36 weeks gestation
openai_gpt-5-5-2026-04-23,REC-neo-out-006,neonate,hallucinated_field,temporal,exclusively breastfed
openai_gpt-5-5-2026-04-23,REC-neo-out-006,neonate,hallucinated_field,temporal,repeat cbc
openai_gpt-5-5-2026-04-23,REC-neo-out-006,neonate,hallucinated_field,temporal,phototherapy
openai_gpt-5-5-2026-04-23,REC-neo-out-007,neonate,hallucinated_field,procedures,vaginal delivery
openai_gpt-5-5-2026-04-23,REC-neo-out-007,neonate,omission,temporal,born at 36 weeks gestation exclusively breastfed
openai_gpt-5-5-2026-04-23,REC-neo-out-007,neonate,omission,temporal,born by uncomplicated vaginal delivery
openai_gpt-5-5-2026-04-23,REC-neo-out-007,neonate,hallucinated_field,temporal,phototherapy
openai_gpt-5-5-2026-04-23,REC-neo-out-007,neonate,hallucinated_field,temporal,born at 36 weeks gestation
openai_gpt-5-5-2026-04-23,REC-neo-out-007,neonate,hallucinated_field,temporal,vaginal delivery
openai_gpt-5-5-2026-04-23,REC-neo-out-007,neonate,hallucinated_field,temporal,fever reported at home
openai_gpt-5-5-2026-04-23,REC-neo-out-008,neonate,hallucinated_field,procedures,repeat cbc
openai_gpt-5-5-2026-04-23,REC-neo-out-008,neonate,hallucinated_field,procedures,vaginal delivery
openai_gpt-5-5-2026-04-23,REC-neo-out-008,neonate,omission,temporal,born at 36 weeks gestation exclusively breastfed
openai_gpt-5-5-2026-04-23,REC-neo-out-008,neonate,omission,temporal,repeat cbc planned for tomorrow morning
openai_gpt-5-5-2026-04-23,REC-neo-out-008,neonate,omission,temporal,born by uncomplicated vaginal delivery
openai_gpt-5-5-2026-04-23,REC-neo-out-008,neonate,hallucinated_field,temporal,phototherapy
openai_gpt-5-5-2026-04-23,REC-neo-out-008,neonate,hallucinated_field,temporal,repeat cbc
openai_gpt-5-5-2026-04-23,REC-neo-out-008,neonate,hallucinated_field,temporal,birth at 36 weeks gestation
openai_gpt-5-5-2026-04-23,REC-neo-out-008,neonate,hallucinated_field,temporal,exclusive breastfeeding
openai_gpt-5-5-2026-04-23,REC-neo-out-008,neonate,hallucinated_field,temporal,vaginal delivery
openai_gpt-5-5-2026-04-23,REC-neo-out-009,neonate,hallucinated_field,diagnoses,delivery complications
openai_gpt-5-5-2026-04-23,REC-neo-out-009,neonate,hallucinated_field,procedures,vaginal delivery
openai_gpt-5-5-2026-04-23,REC-neo-out-009,neonate,hallucinated_field,procedures,repeat cbc
openai_gpt-5-5-2026-04-23,REC-neo-out-009,neonate,omission,temporal,born at 36 weeks gestation exclusively breastfed
openai_gpt-5-5-2026-04-23,REC-neo-out-009,neonate,omission,temporal,born by uncomplicated vaginal delivery
openai_gpt-5-5-2026-04-23,REC-neo-out-009,neonate,omission,temporal,repeat cbc planned for tomorrow morning
openai_gpt-5-5-2026-04-23,REC-neo-out-009,neonate,hallucinated_field,temporal,born at 36 weeks gestation
openai_gpt-5-5-2026-04-23,REC-neo-out-009,neonate,hallucinated_field,temporal,phototherapy
openai_gpt-5-5-2026-04-23,REC-neo-out-009,neonate,hallucinated_field,temporal,repeat cbc
openai_gpt-5-5-2026-04-23,REC-neo-out-009,neonate,hallucinated_field,temporal,fever reported at home
openai_gpt-5-5-2026-04-23,REC-neo-out-010,neonate,hallucinated_field,procedures,repeat cbc
openai_gpt-5-5-2026-04-23,REC-neo-out-010,neonate,omission,temporal,born at 36 weeks gestation exclusively breastfed
openai_gpt-5-5-2026-04-23,REC-neo-out-010,neonate,omission,temporal,follow-up with the primary care clinic in one week
openai_gpt-5-5-2026-04-23,REC-neo-out-010,neonate,omission,temporal,repeat cbc planned for tomorrow morning
openai_gpt-5-5-2026-04-23,REC-neo-out-010,neonate,hallucinated_field,temporal,birth at 36 weeks gestation
openai_gpt-5-5-2026-04-23,REC-neo-out-010,neonate,hallucinated_field,temporal,follow-up with the primary care clinic
openai_gpt-5-5-2026-04-23,REC-neo-out-010,neonate,hallucinated_field,temporal,repeat cbc
deepseek_deepseek-v4-pro,REC-ado-eme-002,adolescent,hallucinated_field,diagnoses,rsv bronchiolitis
deepseek_deepseek-v4-pro,REC-ado-eme-002,adolescent,hallucinated_field,procedures,repeat cbc
deepseek_deepseek-v4-pro,REC-ado-eme-002,adolescent,omission,temporal,repeat cbc planned for tomorrow morning
deepseek_deepseek-v4-pro,REC-ado-eme-002,adolescent,omission,temporal,history of rsv bronchiolitis in infancy resolved
deepseek_deepseek-v4-pro,REC-ado-eme-002,adolescent,hallucinated_field,temporal,fluoxetine initiation
deepseek_deepseek-v4-pro,REC-ado-eme-002,adolescent,hallucinated_field,temporal,safety screening
deepseek_deepseek-v4-pro,REC-ado-eme-002,adolescent,hallucinated_field,temporal,repeat cbc
deepseek_deepseek-v4-pro,REC-ado-eme-002,adolescent,hallucinated_field,temporal,rsv bronchiolitis
deepseek_deepseek-v4-pro,REC-ado-eme-003,adolescent,hallucinated_field,diagnoses,rsv bronchiolitis
deepseek_deepseek-v4-pro,REC-ado-eme-003,adolescent,omission,temporal,repeat cbc planned for tomorrow morning
deepseek_deepseek-v4-pro,REC-ado-eme-003,adolescent,omission,temporal,history of rsv bronchiolitis in infancy resolved
deepseek_deepseek-v4-pro,REC-ado-eme-003,adolescent,hallucinated_field,temporal,concussion symptom assessment
deepseek_deepseek-v4-pro,REC-ado-eme-003,adolescent,hallucinated_field,temporal,repeat cbc
deepseek_deepseek-v4-pro,REC-ado-eme-003,adolescent,hallucinated_field,temporal,rsv bronchiolitis
deepseek_deepseek-v4-pro,REC-ado-eme-004,adolescent,hallucinated_field,diagnoses,rsv bronchiolitis
deepseek_deepseek-v4-pro,REC-ado-eme-004,adolescent,hallucinated_field,procedures,cbc
deepseek_deepseek-v4-pro,REC-ado-eme-004,adolescent,omission,temporal,history of rsv bronchiolitis in infancy resolved
deepseek_deepseek-v4-pro,REC-ado-eme-004,adolescent,omission,temporal,repeat cbc planned for tomorrow morning
deepseek_deepseek-v4-pro,REC-ado-eme-004,adolescent,hallucinated_field,temporal,rsv bronchiolitis
deepseek_deepseek-v4-pro,REC-ado-eme-004,adolescent,hallucinated_field,temporal,venous blood gas
deepseek_deepseek-v4-pro,REC-ado-eme-004,adolescent,hallucinated_field,temporal,cbc
deepseek_deepseek-v4-pro,REC-ado-eme-005,adolescent,omission,temporal,follow-up with the primary care clinic in one week
deepseek_deepseek-v4-pro,REC-ado-eme-005,adolescent,hallucinated_field,temporal,safety screening
deepseek_deepseek-v4-pro,REC-ado-eme-005,adolescent,hallucinated_field,temporal,fluoxetine initiation
deepseek_deepseek-v4-pro,REC-ado-eme-005,adolescent,hallucinated_field,temporal,follow-up with primary care clinic
deepseek_deepseek-v4-pro,REC-ado-eme-005,adolescent,hallucinated_field,temporal,admission to inpatient unit
deepseek_deepseek-v4-pro,REC-ado-eme-006,adolescent,hallucinated_field,diagnoses,rsv bronchiolitis
deepseek_deepseek-v4-pro,REC-ado-eme-006,adolescent,omission,temporal,follow-up with the primary care clinic in one week
deepseek_deepseek-v4-pro,REC-ado-eme-006,adolescent,omission,temporal,history of rsv bronchiolitis in infancy resolved
deepseek_deepseek-v4-pro,REC-ado-eme-006,adolescent,hallucinated_field,temporal,follow-up with primary care clinic
deepseek_deepseek-v4-pro,REC-ado-eme-007,adolescent,omission,temporal,follow-up with the primary care clinic in one week
deepseek_deepseek-v4-pro,REC-ado-eme-007,adolescent,hallucinated_field,temporal,venous blood gas
deepseek_deepseek-v4-pro,REC-ado-eme-007,adolescent,hallucinated_field,temporal,primary care clinic follow-up
deepseek_deepseek-v4-pro,REC-ado-eme-008,adolescent,omission,temporal,repeat cbc planned for tomorrow morning
deepseek_deepseek-v4-pro,REC-ado-eme-008,adolescent,omission,temporal,follow-up with the primary care clinic in one week
deepseek_deepseek-v4-pro,REC-ado-eme-008,adolescent,hallucinated_field,temporal,safety screening
deepseek_deepseek-v4-pro,REC-ado-eme-008,adolescent,hallucinated_field,temporal,repeat cbc
deepseek_deepseek-v4-pro,REC-ado-eme-008,adolescent,hallucinated_field,temporal,follow-up with primary care clinic
deepseek_deepseek-v4-pro,REC-ado-eme-009,adolescent,hallucinated_field,procedures,repeat cbc
deepseek_deepseek-v4-pro,REC-ado-eme-009,adolescent,omission,temporal,repeat cbc planned for tomorrow morning
deepseek_deepseek-v4-pro,REC-ado-eme-009,adolescent,omission,temporal,follow-up with the primary care clinic in one week
deepseek_deepseek-v4-pro,REC-ado-eme-009,adolescent,hallucinated_field,temporal,repeat cbc
deepseek_deepseek-v4-pro,REC-ado-eme-009,adolescent,hallucinated_field,temporal,follow-up with primary care clinic
deepseek_deepseek-v4-pro,REC-ado-eme-010,adolescent,hallucinated_field,diagnoses,rsv bronchiolitis
deepseek_deepseek-v4-pro,REC-ado-eme-010,adolescent,hallucinated_field,procedures,repeat cbc
deepseek_deepseek-v4-pro,REC-ado-eme-010,adolescent,omission,temporal,repeat cbc planned for tomorrow morning
deepseek_deepseek-v4-pro,REC-ado-eme-010,adolescent,omission,temporal,follow-up with the primary care clinic in one week
deepseek_deepseek-v4-pro,REC-ado-eme-010,adolescent,omission,temporal,history of rsv bronchiolitis in infancy resolved
deepseek_deepseek-v4-pro,REC-ado-eme-010,adolescent,hallucinated_field,temporal,diabetic ketoacidosis
deepseek_deepseek-v4-pro,REC-ado-eme-010,adolescent,hallucinated_field,temporal,insulin continuous infusion started
deepseek_deepseek-v4-pro,REC-ado-eme-010,adolescent,hallucinated_field,temporal,venous blood gas performed
deepseek_deepseek-v4-pro,REC-ado-eme-010,adolescent,hallucinated_field,temporal,repeat cbc planned
deepseek_deepseek-v4-pro,REC-ado-eme-010,adolescent,hallucinated_field,temporal,follow-up with primary care clinic
deepseek_deepseek-v4-pro,REC-ado-eme-010,adolescent,hallucinated_field,temporal,rsv bronchiolitis in infancy
deepseek_deepseek-v4-pro,REC-ado-icu-001,adolescent,hallucinated_field,procedures,cbc
deepseek_deepseek-v4-pro,REC-ado-icu-001,adolescent,omission,temporal,repeat cbc planned for tomorrow morning
deepseek_deepseek-v4-pro,REC-ado-icu-001,adolescent,hallucinated_field,temporal,admitted to intensive care unit
deepseek_deepseek-v4-pro,REC-ado-icu-001,adolescent,hallucinated_field,temporal,insulin started
deepseek_deepseek-v4-pro,REC-ado-icu-001,adolescent,hallucinated_field,temporal,venous blood gas performed
deepseek_deepseek-v4-pro,REC-ado-icu-001,adolescent,hallucinated_field,temporal,repeat cbc
deepseek_deepseek-v4-pro,REC-ado-icu-001,adolescent,hallucinated_field,temporal,transferred to inpatient unit
deepseek_deepseek-v4-pro,REC-ado-icu-002,adolescent,hallucinated_field,procedures,repeat cbc
deepseek_deepseek-v4-pro,REC-ado-icu-002,adolescent,omission,temporal,repeat cbc planned for tomorrow morning
deepseek_deepseek-v4-pro,REC-ado-icu-002,adolescent,hallucinated_field,temporal,admission to intensive care unit
deepseek_deepseek-v4-pro,REC-ado-icu-002,adolescent,hallucinated_field,temporal,insulin started
deepseek_deepseek-v4-pro,REC-ado-icu-002,adolescent,hallucinated_field,temporal,venous blood gas performed
deepseek_deepseek-v4-pro,REC-ado-icu-002,adolescent,hallucinated_field,temporal,repeat cbc planned
deepseek_deepseek-v4-pro,REC-ado-icu-003,adolescent,hallucinated_field,diagnoses,rsv bronchiolitis
deepseek_deepseek-v4-pro,REC-ado-icu-003,adolescent,hallucinated_field,procedures,repeat cbc
deepseek_deepseek-v4-pro,REC-ado-icu-003,adolescent,omission,temporal,history of rsv bronchiolitis in infancy resolved
deepseek_deepseek-v4-pro,REC-ado-icu-003,adolescent,omission,temporal,repeat cbc planned for tomorrow morning
deepseek_deepseek-v4-pro,REC-ado-icu-003,adolescent,hallucinated_field,temporal,rsv bronchiolitis
deepseek_deepseek-v4-pro,REC-ado-icu-003,adolescent,hallucinated_field,temporal,repeat cbc
deepseek_deepseek-v4-pro,REC-ado-icu-003,adolescent,hallucinated_field,temporal,venous blood gas
deepseek_deepseek-v4-pro,REC-ado-icu-004,adolescent,hallucinated_field,procedures,cbc
deepseek_deepseek-v4-pro,REC-ado-icu-004,adolescent,omission,temporal,follow-up with the primary care clinic in one week
deepseek_deepseek-v4-pro,REC-ado-icu-004,adolescent,omission,temporal,repeat cbc planned for tomorrow morning
deepseek_deepseek-v4-pro,REC-ado-icu-004,adolescent,hallucinated_field,temporal,venous blood gas
deepseek_deepseek-v4-pro,REC-ado-icu-004,adolescent,hallucinated_field,temporal,repeat cbc
deepseek_deepseek-v4-pro,REC-ado-icu-004,adolescent,hallucinated_field,temporal,follow-up with primary care clinic
deepseek_deepseek-v4-pro,REC-ado-icu-005,adolescent,hallucinated_field,diagnoses,rsv bronchiolitis
deepseek_deepseek-v4-pro,REC-ado-icu-005,adolescent,hallucinated_field,procedures,cbc
deepseek_deepseek-v4-pro,REC-ado-icu-005,adolescent,omission,temporal,repeat cbc planned for tomorrow morning
deepseek_deepseek-v4-pro,REC-ado-icu-005,adolescent,omission,temporal,history of rsv bronchiolitis in infancy resolved
deepseek_deepseek-v4-pro,REC-ado-icu-005,adolescent,hallucinated_field,temporal,venous blood gas
deepseek_deepseek-v4-pro,REC-ado-icu-005,adolescent,hallucinated_field,temporal,cbc
deepseek_deepseek-v4-pro,REC-ado-icu-005,adolescent,hallucinated_field,temporal,rsv bronchiolitis
deepseek_deepseek-v4-pro,REC-ado-icu-006,adolescent,hallucinated_field,diagnoses,rsv bronchiolitis
deepseek_deepseek-v4-pro,REC-ado-icu-006,adolescent,omission,temporal,history of rsv bronchiolitis in infancy resolved
deepseek_deepseek-v4-pro,REC-ado-icu-006,adolescent,hallucinated_field,temporal,admission to intensive care unit
deepseek_deepseek-v4-pro,REC-ado-icu-006,adolescent,hallucinated_field,temporal,venous blood gas
deepseek_deepseek-v4-pro,REC-ado-icu-006,adolescent,hallucinated_field,temporal,transfer to inpatient unit
deepseek_deepseek-v4-pro,REC-ado-icu-007,adolescent,hallucinated_field,diagnoses,rsv bronchiolitis
deepseek_deepseek-v4-pro,REC-ado-icu-007,adolescent,hallucinated_field,procedures,repeat cbc
deepseek_deepseek-v4-pro,REC-ado-icu-007,adolescent,omission,temporal,history of rsv bronchiolitis in infancy resolved
deepseek_deepseek-v4-pro,REC-ado-icu-007,adolescent,omission,temporal,repeat cbc planned for tomorrow morning
deepseek_deepseek-v4-pro,REC-ado-icu-007,adolescent,hallucinated_field,temporal,admission to intensive care unit
deepseek_deepseek-v4-pro,REC-ado-icu-007,adolescent,hallucinated_field,temporal,insulin continuous iv infusion
deepseek_deepseek-v4-pro,REC-ado-icu-007,adolescent,hallucinated_field,temporal,venous blood gas
deepseek_deepseek-v4-pro,REC-ado-icu-007,adolescent,hallucinated_field,temporal,rsv bronchiolitis
deepseek_deepseek-v4-pro,REC-ado-icu-007,adolescent,hallucinated_field,temporal,repeat cbc
deepseek_deepseek-v4-pro,REC-ado-icu-007,adolescent,hallucinated_field,temporal,transfer to inpatient unit
deepseek_deepseek-v4-pro,REC-ado-icu-008,adolescent,hallucinated_field,diagnoses,rsv bronchiolitis
deepseek_deepseek-v4-pro,REC-ado-icu-008,adolescent,omission,temporal,follow-up with the primary care clinic in one week
deepseek_deepseek-v4-pro,REC-ado-icu-008,adolescent,omission,temporal,history of rsv bronchiolitis in infancy resolved
deepseek_deepseek-v4-pro,REC-ado-icu-008,adolescent,hallucinated_field,temporal,follow-up with primary care clinic
deepseek_deepseek-v4-pro,REC-ado-icu-009,adolescent,omission,temporal,follow-up with the primary care clinic in one week
deepseek_deepseek-v4-pro,REC-ado-icu-009,adolescent,hallucinated_field,temporal,follow-up with primary care clinic
deepseek_deepseek-v4-pro,REC-ado-icu-009,adolescent,hallucinated_field,temporal,venous blood gas
deepseek_deepseek-v4-pro,REC-ado-icu-010,adolescent,schema_format_failure,record,unparseable output
deepseek_deepseek-v4-pro,REC-ado-inp-001,adolescent,hallucinated_field,procedures,repeat cbc
deepseek_deepseek-v4-pro,REC-ado-inp-001,adolescent,omission,temporal,repeat cbc planned for tomorrow morning
deepseek_deepseek-v4-pro,REC-ado-inp-001,adolescent,omission,temporal,follow-up with the primary care clinic in one week
deepseek_deepseek-v4-pro,REC-ado-inp-001,adolescent,hallucinated_field,temporal,venous blood gas
deepseek_deepseek-v4-pro,REC-ado-inp-001,adolescent,hallucinated_field,temporal,repeat cbc
deepseek_deepseek-v4-pro,REC-ado-inp-001,adolescent,hallucinated_field,temporal,follow-up with primary care clinic
deepseek_deepseek-v4-pro,REC-ado-inp-002,adolescent,omission,temporal,follow-up with the primary care clinic in one week
deepseek_deepseek-v4-pro,REC-ado-inp-002,adolescent,omission,temporal,repeat cbc planned for tomorrow morning
deepseek_deepseek-v4-pro,REC-ado-inp-002,adolescent,hallucinated_field,temporal,safety screening
deepseek_deepseek-v4-pro,REC-ado-inp-002,adolescent,hallucinated_field,temporal,fluoxetine 10 mg po q24h
deepseek_deepseek-v4-pro,REC-ado-inp-002,adolescent,hallucinated_field,temporal,follow-up with primary care clinic
deepseek_deepseek-v4-pro,REC-ado-inp-002,adolescent,hallucinated_field,temporal,repeat cbc
deepseek_deepseek-v4-pro,REC-ado-inp-003,adolescent,hallucinated_field,diagnoses,rsv bronchiolitis
deepseek_deepseek-v4-pro,REC-ado-inp-003,adolescent,hallucinated_field,procedures,cbc
deepseek_deepseek-v4-pro,REC-ado-inp-003,adolescent,omission,temporal,history of rsv bronchiolitis in infancy resolved
deepseek_deepseek-v4-pro,REC-ado-inp-003,adolescent,omission,temporal,repeat cbc planned for tomorrow morning
deepseek_deepseek-v4-pro,REC-ado-inp-003,adolescent,hallucinated_field,temporal,rsv bronchiolitis
deepseek_deepseek-v4-pro,REC-ado-inp-003,adolescent,hallucinated_field,temporal,concussion symptom assessment
deepseek_deepseek-v4-pro,REC-ado-inp-003,adolescent,hallucinated_field,temporal,repeat cbc
deepseek_deepseek-v4-pro,REC-ado-inp-004,adolescent,hallucinated_field,diagnoses,rsv bronchiolitis
deepseek_deepseek-v4-pro,REC-ado-inp-004,adolescent,omission,temporal,history of rsv bronchiolitis in infancy resolved
deepseek_deepseek-v4-pro,REC-ado-inp-004,adolescent,hallucinated_field,temporal,admission to inpatient ward
deepseek_deepseek-v4-pro,REC-ado-inp-004,adolescent,hallucinated_field,temporal,venous blood gas
deepseek_deepseek-v4-pro,REC-ado-inp-004,adolescent,hallucinated_field,temporal,rsv bronchiolitis
deepseek_deepseek-v4-pro,REC-ado-inp-004,adolescent,hallucinated_field,temporal,insulin infusion
deepseek_deepseek-v4-pro,REC-ado-inp-004,adolescent,hallucinated_field,temporal,discharge home
deepseek_deepseek-v4-pro,REC-ado-inp-005,adolescent,omission,temporal,follow-up with the primary care clinic in one week
deepseek_deepseek-v4-pro,REC-ado-inp-005,adolescent,omission,temporal,repeat cbc planned for tomorrow morning
deepseek_deepseek-v4-pro,REC-ado-inp-005,adolescent,hallucinated_field,temporal,safety screening
deepseek_deepseek-v4-pro,REC-ado-inp-005,adolescent,hallucinated_field,temporal,follow-up with primary care clinic
deepseek_deepseek-v4-pro,REC-ado-inp-005,adolescent,hallucinated_field,temporal,repeat cbc
deepseek_deepseek-v4-pro,REC-ado-inp-006,adolescent,hallucinated_field,diagnoses,rsv bronchiolitis
deepseek_deepseek-v4-pro,REC-ado-inp-006,adolescent,omission,temporal,history of rsv bronchiolitis in infancy resolved
deepseek_deepseek-v4-pro,REC-ado-inp-006,adolescent,omission,temporal,repeat cbc planned for tomorrow morning
deepseek_deepseek-v4-pro,REC-ado-inp-006,adolescent,hallucinated_field,temporal,repeat cbc
deepseek_deepseek-v4-pro,REC-ado-inp-007,adolescent,omission,temporal,follow-up with the primary care clinic in one week
deepseek_deepseek-v4-pro,REC-ado-inp-007,adolescent,hallucinated_field,temporal,follow-up with primary care clinic
deepseek_deepseek-v4-pro,REC-ado-inp-007,adolescent,hallucinated_field,temporal,venous blood gas
deepseek_deepseek-v4-pro,REC-ado-inp-008,adolescent,hallucinated_field,diagnoses,rsv bronchiolitis
deepseek_deepseek-v4-pro,REC-ado-inp-008,adolescent,omission,temporal,history of rsv bronchiolitis in infancy resolved
deepseek_deepseek-v4-pro,REC-ado-inp-008,adolescent,hallucinated_field,temporal,admission to inpatient ward
deepseek_deepseek-v4-pro,REC-ado-inp-008,adolescent,hallucinated_field,temporal,safety screening
deepseek_deepseek-v4-pro,REC-ado-inp-008,adolescent,hallucinated_field,temporal,initiation of fluoxetine
deepseek_deepseek-v4-pro,REC-ado-inp-008,adolescent,hallucinated_field,temporal,discharge home
deepseek_deepseek-v4-pro,REC-ado-inp-009,adolescent,hallucinated_field,temporal,admission to inpatient ward
deepseek_deepseek-v4-pro,REC-ado-inp-009,adolescent,hallucinated_field,temporal,concussion symptom assessment
deepseek_deepseek-v4-pro,REC-ado-inp-009,adolescent,hallucinated_field,temporal,acetaminophen started
deepseek_deepseek-v4-pro,REC-ado-inp-009,adolescent,hallucinated_field,temporal,discharged home
deepseek_deepseek-v4-pro,REC-ado-inp-010,adolescent,hallucinated_field,diagnoses,rsv bronchiolitis
deepseek_deepseek-v4-pro,REC-ado-inp-010,adolescent,omission,temporal,history of rsv bronchiolitis in infancy resolved
deepseek_deepseek-v4-pro,REC-ado-inp-010,adolescent,hallucinated_field,temporal,admission
deepseek_deepseek-v4-pro,REC-ado-inp-010,adolescent,hallucinated_field,temporal,venous blood gas
deepseek_deepseek-v4-pro,REC-ado-inp-010,adolescent,hallucinated_field,temporal,rsv bronchiolitis
deepseek_deepseek-v4-pro,REC-ado-inp-010,adolescent,hallucinated_field,temporal,discharge home
deepseek_deepseek-v4-pro,REC-ado-out-001,adolescent,hallucinated_field,temporal,fluoxetine started
deepseek_deepseek-v4-pro,REC-ado-out-001,adolescent,hallucinated_field,temporal,discharged home
deepseek_deepseek-v4-pro,REC-ado-out-002,adolescent,hallucinated_field,procedures,cbc
deepseek_deepseek-v4-pro,REC-ado-out-002,adolescent,omission,temporal,repeat cbc planned for tomorrow morning
deepseek_deepseek-v4-pro,REC-ado-out-002,adolescent,omission,temporal,follow-up with the primary care clinic in one week
deepseek_deepseek-v4-pro,REC-ado-out-002,adolescent,hallucinated_field,temporal,concussion symptom assessment
deepseek_deepseek-v4-pro,REC-ado-out-002,adolescent,hallucinated_field,temporal,repeat cbc
deepseek_deepseek-v4-pro,REC-ado-out-002,adolescent,hallucinated_field,temporal,follow-up with primary care clinic
deepseek_deepseek-v4-pro,REC-ado-out-003,adolescent,omission,temporal,follow-up with the primary care clinic in one week
deepseek_deepseek-v4-pro,REC-ado-out-003,adolescent,hallucinated_field,temporal,follow-up with primary care clinic
deepseek_deepseek-v4-pro,REC-ado-out-004,adolescent,omission,temporal,repeat cbc planned for tomorrow morning
deepseek_deepseek-v4-pro,REC-ado-out-004,adolescent,hallucinated_field,temporal,concussion symptom assessment
deepseek_deepseek-v4-pro,REC-ado-out-004,adolescent,hallucinated_field,temporal,repeat cbc
deepseek_deepseek-v4-pro,REC-ado-out-005,adolescent,hallucinated_field,procedures,cbc
deepseek_deepseek-v4-pro,REC-ado-out-005,adolescent,omission,temporal,repeat cbc planned for tomorrow morning
deepseek_deepseek-v4-pro,REC-ado-out-005,adolescent,hallucinated_field,temporal,safety screening
deepseek_deepseek-v4-pro,REC-ado-out-005,adolescent,hallucinated_field,temporal,cbc
deepseek_deepseek-v4-pro,REC-ado-out-006,adolescent,omission,temporal,follow-up with the primary care clinic in one week
deepseek_deepseek-v4-pro,REC-ado-out-006,adolescent,hallucinated_field,temporal,follow-up with primary care clinic
deepseek_deepseek-v4-pro,REC-ado-out-007,adolescent,omission,temporal,follow-up with the primary care clinic in one week
deepseek_deepseek-v4-pro,REC-ado-out-007,adolescent,omission,temporal,repeat cbc planned for tomorrow morning
deepseek_deepseek-v4-pro,REC-ado-out-007,adolescent,hallucinated_field,temporal,safety screening
deepseek_deepseek-v4-pro,REC-ado-out-007,adolescent,hallucinated_field,temporal,primary care clinic follow-up
deepseek_deepseek-v4-pro,REC-ado-out-007,adolescent,hallucinated_field,temporal,repeat cbc
deepseek_deepseek-v4-pro,REC-ado-out-008,adolescent,omission,temporal,follow-up with the primary care clinic in one week
deepseek_deepseek-v4-pro,REC-ado-out-008,adolescent,hallucinated_field,temporal,follow-up with primary care clinic
deepseek_deepseek-v4-pro,REC-ado-out-009,adolescent,hallucinated_field,diagnoses,rsv bronchiolitis
deepseek_deepseek-v4-pro,REC-ado-out-009,adolescent,hallucinated_field,procedures,cbc
deepseek_deepseek-v4-pro,REC-ado-out-009,adolescent,omission,temporal,history of rsv bronchiolitis in infancy resolved
deepseek_deepseek-v4-pro,REC-ado-out-009,adolescent,omission,temporal,repeat cbc planned for tomorrow morning
deepseek_deepseek-v4-pro,REC-ado-out-009,adolescent,hallucinated_field,temporal,safety screening
deepseek_deepseek-v4-pro,REC-ado-out-009,adolescent,hallucinated_field,temporal,cbc
deepseek_deepseek-v4-pro,REC-ado-out-009,adolescent,hallucinated_field,temporal,rsv bronchiolitis
deepseek_deepseek-v4-pro,REC-ado-out-009,adolescent,hallucinated_field,temporal,fluoxetine
deepseek_deepseek-v4-pro,REC-ado-out-010,adolescent,omission,temporal,follow-up with the primary care clinic in one week
deepseek_deepseek-v4-pro,REC-ado-out-010,adolescent,hallucinated_field,temporal,follow-up with primary care clinic
deepseek_deepseek-v4-pro,REC-chi-eme-001,child,hallucinated_field,procedures,cbc
deepseek_deepseek-v4-pro,REC-chi-eme-001,child,omission,temporal,prior clinic note listed the dose per day rather than per dose
deepseek_deepseek-v4-pro,REC-chi-eme-001,child,omission,temporal,repeat cbc planned for tomorrow morning
deepseek_deepseek-v4-pro,REC-chi-eme-001,child,hallucinated_field,temporal,peak flow measurement
deepseek_deepseek-v4-pro,REC-chi-eme-001,child,hallucinated_field,temporal,repeat cbc
deepseek_deepseek-v4-pro,REC-chi-eme-001,child,hallucinated_field,temporal,prednisolone started
deepseek_deepseek-v4-pro,REC-chi-eme-002,child,schema_format_failure,record,unparseable output
deepseek_deepseek-v4-pro,REC-chi-eme-003,child,omission,temporal,prior clinic note listed the dose per day rather than per dose
deepseek_deepseek-v4-pro,REC-chi-eme-003,child,hallucinated_field,temporal,emergency department evaluation
deepseek_deepseek-v4-pro,REC-chi-eme-003,child,hallucinated_field,temporal,morphine administration
deepseek_deepseek-v4-pro,REC-chi-eme-003,child,hallucinated_field,temporal,abdominal ultrasound
deepseek_deepseek-v4-pro,REC-chi-eme-003,child,hallucinated_field,temporal,inpatient admission
deepseek_deepseek-v4-pro,REC-chi-eme-004,child,hallucinated_field,diagnoses,rsv bronchiolitis
deepseek_deepseek-v4-pro,REC-chi-eme-004,child,omission,temporal,prior clinic note listed the dose per day rather than per dose
deepseek_deepseek-v4-pro,REC-chi-eme-004,child,omission,temporal,history of rsv bronchiolitis in infancy resolved
deepseek_deepseek-v4-pro,REC-chi-eme-004,child,hallucinated_field,temporal,peak flow measurement
deepseek_deepseek-v4-pro,REC-chi-eme-004,child,hallucinated_field,temporal,prednisolone started
deepseek_deepseek-v4-pro,REC-chi-eme-004,child,hallucinated_field,temporal,rsv bronchiolitis
deepseek_deepseek-v4-pro,REC-chi-eme-007,child,hallucinated_field,diagnoses,rsv bronchiolitis
deepseek_deepseek-v4-pro,REC-chi-eme-007,child,omission,temporal,history of rsv bronchiolitis in infancy resolved
deepseek_deepseek-v4-pro,REC-chi-eme-007,child,omission,temporal,follow-up with the primary care clinic in one week
deepseek_deepseek-v4-pro,REC-chi-eme-007,child,hallucinated_field,temporal,follow-up with primary care clinic
deepseek_deepseek-v4-pro,REC-chi-eme-008,child,hallucinated_field,temporal,amoxicillin initiation
deepseek_deepseek-v4-pro,REC-chi-eme-008,child,hallucinated_field,temporal,chest radiograph
deepseek_deepseek-v4-pro,REC-chi-eme-008,child,hallucinated_field,temporal,inpatient admission
deepseek_deepseek-v4-pro,REC-chi-eme-009,child,hallucinated_field,diagnoses,rsv bronchiolitis
deepseek_deepseek-v4-pro,REC-chi-eme-009,child,omission,temporal,prior clinic note listed the dose per day rather than per dose
deepseek_deepseek-v4-pro,REC-chi-eme-009,child,omission,temporal,history of rsv bronchiolitis in infancy resolved
deepseek_deepseek-v4-pro,REC-chi-eme-009,child,hallucinated_field,temporal,abdominal ultrasound
deepseek_deepseek-v4-pro,REC-chi-eme-009,child,hallucinated_field,temporal,morphine administration
deepseek_deepseek-v4-pro,REC-chi-eme-009,child,hallucinated_field,temporal,rsv bronchiolitis
deepseek_deepseek-v4-pro,REC-chi-eme-010,child,hallucinated_field,temporal,prednisolone start
deepseek_deepseek-v4-pro,REC-chi-eme-010,child,hallucinated_field,temporal,peak flow measurement
deepseek_deepseek-v4-pro,REC-chi-eme-010,child,hallucinated_field,temporal,admission to inpatient unit
deepseek_deepseek-v4-pro,REC-chi-icu-001,child,omission,temporal,follow-up with the primary care clinic in one week
deepseek_deepseek-v4-pro,REC-chi-icu-001,child,hallucinated_field,temporal,follow-up with primary care clinic
deepseek_deepseek-v4-pro,REC-chi-icu-002,child,hallucinated_field,diagnoses,rsv bronchiolitis
deepseek_deepseek-v4-pro,REC-chi-icu-002,child,omission,temporal,history of rsv bronchiolitis in infancy resolved
deepseek_deepseek-v4-pro,REC-chi-icu-002,child,omission,temporal,prior clinic note listed the dose per day rather than per dose
deepseek_deepseek-v4-pro,REC-chi-icu-002,child,hallucinated_field,temporal,admission to intensive care unit
deepseek_deepseek-v4-pro,REC-chi-icu-002,child,hallucinated_field,temporal,rsv bronchiolitis
deepseek_deepseek-v4-pro,REC-chi-icu-002,child,hallucinated_field,temporal,appendectomy
deepseek_deepseek-v4-pro,REC-chi-icu-002,child,hallucinated_field,temporal,transfer to inpatient unit
deepseek_deepseek-v4-pro,REC-chi-icu-003,child,omission,temporal,repeat cbc planned for tomorrow morning
deepseek_deepseek-v4-pro,REC-chi-icu-003,child,hallucinated_field,temporal,repeat cbc
deepseek_deepseek-v4-pro,REC-chi-icu-003,child,hallucinated_field,temporal,continuous pulse oximetry
deepseek_deepseek-v4-pro,REC-chi-icu-004,child,hallucinated_field,diagnoses,rsv bronchiolitis
deepseek_deepseek-v4-pro,REC-chi-icu-004,child,omission,temporal,history of rsv bronchiolitis in infancy resolved
deepseek_deepseek-v4-pro,REC-chi-icu-004,child,hallucinated_field,temporal,appendectomy
deepseek_deepseek-v4-pro,REC-chi-icu-004,child,hallucinated_field,temporal,rsv bronchiolitis
deepseek_deepseek-v4-pro,REC-chi-icu-004,child,hallucinated_field,temporal,morphine
deepseek_deepseek-v4-pro,REC-chi-icu-005,child,hallucinated_field,diagnoses,rsv bronchiolitis
deepseek_deepseek-v4-pro,REC-chi-icu-005,child,hallucinated_field,procedures,cbc
deepseek_deepseek-v4-pro,REC-chi-icu-005,child,omission,temporal,repeat cbc planned for tomorrow morning
deepseek_deepseek-v4-pro,REC-chi-icu-005,child,omission,temporal,history of rsv bronchiolitis in infancy resolved
deepseek_deepseek-v4-pro,REC-chi-icu-005,child,hallucinated_field,temporal,admission to intensive care unit
deepseek_deepseek-v4-pro,REC-chi-icu-005,child,hallucinated_field,temporal,continuous pulse oximetry
deepseek_deepseek-v4-pro,REC-chi-icu-005,child,hallucinated_field,temporal,cbc
deepseek_deepseek-v4-pro,REC-chi-icu-005,child,hallucinated_field,temporal,rsv bronchiolitis
deepseek_deepseek-v4-pro,REC-chi-icu-006,child,omission,temporal,repeat cbc planned for tomorrow morning
deepseek_deepseek-v4-pro,REC-chi-icu-006,child,omission,temporal,follow-up with the primary care clinic in one week
deepseek_deepseek-v4-pro,REC-chi-icu-006,child,hallucinated_field,temporal,admitted to intensive care unit
deepseek_deepseek-v4-pro,REC-chi-icu-006,child,hallucinated_field,temporal,appendectomy
deepseek_deepseek-v4-pro,REC-chi-icu-006,child,hallucinated_field,temporal,repeat cbc
deepseek_deepseek-v4-pro,REC-chi-icu-006,child,hallucinated_field,temporal,follow-up with primary care clinic
deepseek_deepseek-v4-pro,REC-chi-icu-007,child,omission,temporal,prior clinic note listed the dose per day rather than per dose
deepseek_deepseek-v4-pro,REC-chi-icu-007,child,omission,temporal,follow-up with the primary care clinic in one week
deepseek_deepseek-v4-pro,REC-chi-icu-007,child,hallucinated_field,temporal,admission to intensive care unit
deepseek_deepseek-v4-pro,REC-chi-icu-007,child,hallucinated_field,temporal,continuous pulse oximetry
deepseek_deepseek-v4-pro,REC-chi-icu-007,child,hallucinated_field,temporal,follow-up with primary care clinic
deepseek_deepseek-v4-pro,REC-chi-icu-008,child,omission,temporal,follow-up with the primary care clinic in one week
deepseek_deepseek-v4-pro,REC-chi-icu-008,child,hallucinated_field,temporal,follow-up with primary care clinic
deepseek_deepseek-v4-pro,REC-chi-icu-009,child,hallucinated_field,procedures,repeat cbc
deepseek_deepseek-v4-pro,REC-chi-icu-009,child,omission,temporal,repeat cbc planned for tomorrow morning
deepseek_deepseek-v4-pro,REC-chi-icu-009,child,omission,temporal,follow-up with the primary care clinic in one week
deepseek_deepseek-v4-pro,REC-chi-icu-009,child,hallucinated_field,temporal,repeat cbc
deepseek_deepseek-v4-pro,REC-chi-icu-009,child,hallucinated_field,temporal,follow-up with primary care clinic
deepseek_deepseek-v4-pro,REC-chi-icu-010,child,hallucinated_field,temporal,appendectomy
deepseek_deepseek-v4-pro,REC-chi-inp-001,child,hallucinated_field,diagnoses,rsv bronchiolitis
deepseek_deepseek-v4-pro,REC-chi-inp-001,child,omission,temporal,follow-up with the primary care clinic in one week
deepseek_deepseek-v4-pro,REC-chi-inp-001,child,omission,temporal,history of rsv bronchiolitis in infancy resolved
deepseek_deepseek-v4-pro,REC-chi-inp-001,child,hallucinated_field,temporal,peak flow measurement
deepseek_deepseek-v4-pro,REC-chi-inp-001,child,hallucinated_field,temporal,follow-up with primary care clinic
deepseek_deepseek-v4-pro,REC-chi-inp-001,child,hallucinated_field,temporal,rsv bronchiolitis
deepseek_deepseek-v4-pro,REC-chi-inp-002,child,omission,temporal,prior clinic note listed the dose per day rather than per dose
deepseek_deepseek-v4-pro,REC-chi-inp-002,child,hallucinated_field,temporal,admission to inpatient ward
deepseek_deepseek-v4-pro,REC-chi-inp-002,child,hallucinated_field,temporal,amoxicillin started
deepseek_deepseek-v4-pro,REC-chi-inp-002,child,hallucinated_field,temporal,chest radiograph performed
deepseek_deepseek-v4-pro,REC-chi-inp-002,child,hallucinated_field,temporal,discharge home
deepseek_deepseek-v4-pro,REC-chi-inp-003,child,hallucinated_field,temporal,inpatient admission
deepseek_deepseek-v4-pro,REC-chi-inp-003,child,hallucinated_field,temporal,diagnostic workup
deepseek_deepseek-v4-pro,REC-chi-inp-003,child,hallucinated_field,temporal,abdominal ultrasound
deepseek_deepseek-v4-pro,REC-chi-inp-003,child,hallucinated_field,temporal,discharge home
deepseek_deepseek-v4-pro,REC-chi-inp-004,child,hallucinated_field,diagnoses,rsv bronchiolitis
deepseek_deepseek-v4-pro,REC-chi-inp-004,child,omission,temporal,history of rsv bronchiolitis in infancy resolved
deepseek_deepseek-v4-pro,REC-chi-inp-004,child,hallucinated_field,temporal,admission to inpatient ward
deepseek_deepseek-v4-pro,REC-chi-inp-004,child,hallucinated_field,temporal,peak flow measurement
deepseek_deepseek-v4-pro,REC-chi-inp-004,child,hallucinated_field,temporal,discharge home
deepseek_deepseek-v4-pro,REC-chi-inp-005,child,hallucinated_field,diagnoses,rsv bronchiolitis
deepseek_deepseek-v4-pro,REC-chi-inp-005,child,omission,temporal,history of rsv bronchiolitis in infancy resolved
deepseek_deepseek-v4-pro,REC-chi-inp-005,child,hallucinated_field,temporal,admission to inpatient ward
deepseek_deepseek-v4-pro,REC-chi-inp-005,child,hallucinated_field,temporal,amoxicillin started
deepseek_deepseek-v4-pro,REC-chi-inp-005,child,hallucinated_field,temporal,chest radiograph performed
deepseek_deepseek-v4-pro,REC-chi-inp-005,child,hallucinated_field,temporal,rsv bronchiolitis in infancy
deepseek_deepseek-v4-pro,REC-chi-inp-005,child,hallucinated_field,temporal,discharged home
deepseek_deepseek-v4-pro,REC-chi-inp-006,child,hallucinated_field,diagnoses,rsv bronchiolitis
deepseek_deepseek-v4-pro,REC-chi-inp-006,child,omission,temporal,prior clinic note listed the dose per day rather than per dose
deepseek_deepseek-v4-pro,REC-chi-inp-006,child,omission,temporal,history of rsv bronchiolitis in infancy resolved
deepseek_deepseek-v4-pro,REC-chi-inp-006,child,hallucinated_field,temporal,admission to inpatient ward
deepseek_deepseek-v4-pro,REC-chi-inp-006,child,hallucinated_field,temporal,appendicitis workup
deepseek_deepseek-v4-pro,REC-chi-inp-006,child,hallucinated_field,temporal,abdominal ultrasound
deepseek_deepseek-v4-pro,REC-chi-inp-006,child,hallucinated_field,temporal,discharge home
deepseek_deepseek-v4-pro,REC-chi-inp-006,child,hallucinated_field,temporal,rsv bronchiolitis
deepseek_deepseek-v4-pro,REC-chi-inp-007,child,omission,temporal,follow-up with the primary care clinic in one week
deepseek_deepseek-v4-pro,REC-chi-inp-007,child,hallucinated_field,temporal,prednisolone started
deepseek_deepseek-v4-pro,REC-chi-inp-007,child,hallucinated_field,temporal,peak flow measurement
deepseek_deepseek-v4-pro,REC-chi-inp-007,child,hallucinated_field,temporal,follow-up with primary care clinic
deepseek_deepseek-v4-pro,REC-chi-inp-008,child,omission,temporal,prior clinic note listed the dose per day rather than per dose
deepseek_deepseek-v4-pro,REC-chi-inp-008,child,hallucinated_field,temporal,admission to inpatient ward
deepseek_deepseek-v4-pro,REC-chi-inp-008,child,hallucinated_field,temporal,chest radiograph
deepseek_deepseek-v4-pro,REC-chi-inp-008,child,hallucinated_field,temporal,discharge home
deepseek_deepseek-v4-pro,REC-chi-inp-009,child,hallucinated_field,procedures,repeat cbc
deepseek_deepseek-v4-pro,REC-chi-inp-009,child,omission,temporal,repeat cbc planned for tomorrow morning
deepseek_deepseek-v4-pro,REC-chi-inp-009,child,hallucinated_field,temporal,admission
deepseek_deepseek-v4-pro,REC-chi-inp-009,child,hallucinated_field,temporal,morphine started
deepseek_deepseek-v4-pro,REC-chi-inp-009,child,hallucinated_field,temporal,abdominal ultrasound
deepseek_deepseek-v4-pro,REC-chi-inp-009,child,hallucinated_field,temporal,repeat cbc
deepseek_deepseek-v4-pro,REC-chi-inp-009,child,hallucinated_field,temporal,discharge home
deepseek_deepseek-v4-pro,REC-chi-inp-010,child,omission,temporal,follow-up with the primary care clinic in one week
deepseek_deepseek-v4-pro,REC-chi-inp-010,child,omission,temporal,prior clinic note listed the dose per day rather than per dose
deepseek_deepseek-v4-pro,REC-chi-inp-010,child,hallucinated_field,temporal,follow-up with primary care clinic
deepseek_deepseek-v4-pro,REC-chi-out-001,child,omission,temporal,repeat cbc planned for tomorrow morning
deepseek_deepseek-v4-pro,REC-chi-out-001,child,omission,temporal,prior clinic note listed the dose per day rather than per dose
deepseek_deepseek-v4-pro,REC-chi-out-001,child,hallucinated_field,temporal,peak flow measurement
deepseek_deepseek-v4-pro,REC-chi-out-001,child,hallucinated_field,temporal,repeat cbc
deepseek_deepseek-v4-pro,REC-chi-out-002,child,hallucinated_field,diagnoses,rsv bronchiolitis
deepseek_deepseek-v4-pro,REC-chi-out-002,child,hallucinated_field,procedures,cbc
deepseek_deepseek-v4-pro,REC-chi-out-002,child,omission,temporal,history of rsv bronchiolitis in infancy resolved
deepseek_deepseek-v4-pro,REC-chi-out-002,child,omission,temporal,repeat cbc planned for tomorrow morning
deepseek_deepseek-v4-pro,REC-chi-out-002,child,hallucinated_field,temporal,amoxicillin started
deepseek_deepseek-v4-pro,REC-chi-out-002,child,hallucinated_field,temporal,chest radiograph
deepseek_deepseek-v4-pro,REC-chi-out-002,child,hallucinated_field,temporal,repeat cbc
deepseek_deepseek-v4-pro,REC-chi-out-002,child,hallucinated_field,temporal,rsv bronchiolitis
deepseek_deepseek-v4-pro,REC-chi-out-002,child,hallucinated_field,temporal,fever denied
deepseek_deepseek-v4-pro,REC-chi-out-003,child,omission,temporal,repeat cbc planned for tomorrow morning
deepseek_deepseek-v4-pro,REC-chi-out-003,child,hallucinated_field,temporal,peak flow measurement
deepseek_deepseek-v4-pro,REC-chi-out-003,child,hallucinated_field,temporal,cbc
deepseek_deepseek-v4-pro,REC-chi-out-004,child,schema_format_failure,record,unparseable output
deepseek_deepseek-v4-pro,REC-chi-out-005,child,hallucinated_field,diagnoses,rsv bronchiolitis
deepseek_deepseek-v4-pro,REC-chi-out-005,child,omission,temporal,repeat cbc planned for tomorrow morning
deepseek_deepseek-v4-pro,REC-chi-out-005,child,omission,temporal,history of rsv bronchiolitis in infancy resolved
deepseek_deepseek-v4-pro,REC-chi-out-005,child,hallucinated_field,temporal,peak flow measurement
deepseek_deepseek-v4-pro,REC-chi-out-005,child,hallucinated_field,temporal,cbc
deepseek_deepseek-v4-pro,REC-chi-out-006,child,hallucinated_field,procedures,cbc
deepseek_deepseek-v4-pro,REC-chi-out-006,child,omission,temporal,repeat cbc planned for tomorrow morning
deepseek_deepseek-v4-pro,REC-chi-out-006,child,omission,temporal,follow-up with the primary care clinic in one week
deepseek_deepseek-v4-pro,REC-chi-out-006,child,hallucinated_field,temporal,chest radiograph
deepseek_deepseek-v4-pro,REC-chi-out-006,child,hallucinated_field,temporal,repeat cbc
deepseek_deepseek-v4-pro,REC-chi-out-006,child,hallucinated_field,temporal,follow-up with primary care clinic
deepseek_deepseek-v4-pro,REC-chi-out-007,child,hallucinated_field,diagnoses,rsv bronchiolitis
deepseek_deepseek-v4-pro,REC-chi-out-007,child,hallucinated_field,procedures,cbc
deepseek_deepseek-v4-pro,REC-chi-out-007,child,omission,temporal,history of rsv bronchiolitis in infancy resolved
deepseek_deepseek-v4-pro,REC-chi-out-007,child,omission,temporal,repeat cbc planned for tomorrow morning
deepseek_deepseek-v4-pro,REC-chi-out-007,child,hallucinated_field,temporal,peak flow measurement
deepseek_deepseek-v4-pro,REC-chi-out-007,child,hallucinated_field,temporal,repeat cbc
deepseek_deepseek-v4-pro,REC-chi-out-007,child,hallucinated_field,temporal,rsv bronchiolitis
deepseek_deepseek-v4-pro,REC-chi-out-007,child,hallucinated_field,temporal,prednisolone
deepseek_deepseek-v4-pro,REC-chi-out-008,child,hallucinated_field,temporal,community-acquired pneumonia
deepseek_deepseek-v4-pro,REC-chi-out-008,child,hallucinated_field,temporal,amoxicillin
deepseek_deepseek-v4-pro,REC-chi-out-008,child,hallucinated_field,temporal,chest radiograph
deepseek_deepseek-v4-pro,REC-chi-out-009,child,omission,temporal,prior clinic note listed the dose per day rather than per dose
deepseek_deepseek-v4-pro,REC-chi-out-009,child,hallucinated_field,temporal,peak flow measurement
deepseek_deepseek-v4-pro,REC-chi-out-009,child,hallucinated_field,temporal,prednisolone started
deepseek_deepseek-v4-pro,REC-chi-out-009,child,hallucinated_field,temporal,discharge home
deepseek_deepseek-v4-pro,REC-chi-out-010,child,omission,temporal,prior clinic note listed the dose per day rather than per dose
deepseek_deepseek-v4-pro,REC-chi-out-010,child,omission,temporal,follow-up with the primary care clinic in one week
deepseek_deepseek-v4-pro,REC-chi-out-010,child,hallucinated_field,temporal,community-acquired pneumonia
deepseek_deepseek-v4-pro,REC-chi-out-010,child,hallucinated_field,temporal,amoxicillin
deepseek_deepseek-v4-pro,REC-chi-out-010,child,hallucinated_field,temporal,chest radiograph
deepseek_deepseek-v4-pro,REC-chi-out-010,child,hallucinated_field,temporal,follow-up with primary care clinic
deepseek_deepseek-v4-pro,REC-chi-out-010,child,hallucinated_field,temporal,discharge home
deepseek_deepseek-v4-pro,REC-inf-eme-001,infant,hallucinated_field,temporal,nasal suctioning
deepseek_deepseek-v4-pro,REC-inf-eme-001,infant,hallucinated_field,temporal,admission to inpatient unit
deepseek_deepseek-v4-pro,REC-inf-eme-002,infant,omission,temporal,follow-up with the primary care clinic in one week
deepseek_deepseek-v4-pro,REC-inf-eme-002,infant,hallucinated_field,temporal,follow-up with primary care clinic
deepseek_deepseek-v4-pro,REC-inf-eme-003,infant,hallucinated_field,diagnoses,mild eczema
deepseek_deepseek-v4-pro,REC-inf-eme-003,infant,omission,temporal,history of mild eczema well controlled
deepseek_deepseek-v4-pro,REC-inf-eme-003,infant,omission,temporal,follow-up with the primary care clinic in one week
deepseek_deepseek-v4-pro,REC-inf-eme-003,infant,hallucinated_field,temporal,urine culture
deepseek_deepseek-v4-pro,REC-inf-eme-003,infant,hallucinated_field,temporal,follow-up with primary care clinic
deepseek_deepseek-v4-pro,REC-inf-eme-004,infant,hallucinated_field,diagnoses,eczema
deepseek_deepseek-v4-pro,REC-inf-eme-004,infant,omission,temporal,history of mild eczema well controlled
deepseek_deepseek-v4-pro,REC-inf-eme-004,infant,omission,temporal,repeat cbc planned for tomorrow morning
deepseek_deepseek-v4-pro,REC-inf-eme-004,infant,hallucinated_field,temporal,cbc
deepseek_deepseek-v4-pro,REC-inf-eme-005,infant,hallucinated_field,diagnoses,mild eczema
deepseek_deepseek-v4-pro,REC-inf-eme-005,infant,omission,temporal,history of mild eczema well controlled
deepseek_deepseek-v4-pro,REC-inf-eme-005,infant,omission,temporal,follow-up with the primary care clinic in one week
deepseek_deepseek-v4-pro,REC-inf-eme-005,infant,hallucinated_field,temporal,tympanic membrane exam
deepseek_deepseek-v4-pro,REC-inf-eme-005,infant,hallucinated_field,temporal,follow-up with primary care clinic
deepseek_deepseek-v4-pro,REC-inf-eme-006,infant,omission,temporal,prior clinic note listed the dose per day rather than per dose
deepseek_deepseek-v4-pro,REC-inf-eme-006,infant,hallucinated_field,temporal,ceftriaxone administration
deepseek_deepseek-v4-pro,REC-inf-eme-006,infant,hallucinated_field,temporal,urine culture
deepseek_deepseek-v4-pro,REC-inf-eme-007,infant,omission,temporal,follow-up with the primary care clinic in one week
deepseek_deepseek-v4-pro,REC-inf-eme-007,infant,hallucinated_field,temporal,follow-up with primary care clinic
deepseek_deepseek-v4-pro,REC-inf-eme-008,infant,omission,temporal,follow-up with the primary care clinic in one week
deepseek_deepseek-v4-pro,REC-inf-eme-008,infant,omission,temporal,prior clinic note listed the dose per day rather than per dose
deepseek_deepseek-v4-pro,REC-inf-eme-008,infant,hallucinated_field,temporal,follow-up with primary care clinic
deepseek_deepseek-v4-pro,REC-inf-eme-009,infant,hallucinated_field,procedures,cbc
deepseek_deepseek-v4-pro,REC-inf-eme-009,infant,omission,temporal,prior clinic note listed the dose per day rather than per dose
deepseek_deepseek-v4-pro,REC-inf-eme-009,infant,omission,temporal,repeat cbc planned for tomorrow morning
deepseek_deepseek-v4-pro,REC-inf-eme-009,infant,omission,temporal,follow-up with the primary care clinic in one week
deepseek_deepseek-v4-pro,REC-inf-eme-009,infant,hallucinated_field,temporal,urine culture
deepseek_deepseek-v4-pro,REC-inf-eme-009,infant,hallucinated_field,temporal,repeat cbc
deepseek_deepseek-v4-pro,REC-inf-eme-009,infant,hallucinated_field,temporal,follow-up with primary care clinic
deepseek_deepseek-v4-pro,REC-inf-eme-010,infant,hallucinated_field,diagnoses,mild eczema
deepseek_deepseek-v4-pro,REC-inf-eme-010,infant,omission,temporal,history of mild eczema well controlled
deepseek_deepseek-v4-pro,REC-inf-icu-001,infant,omission,temporal,repeat cbc planned for tomorrow morning
deepseek_deepseek-v4-pro,REC-inf-icu-001,infant,hallucinated_field,temporal,repeat cbc
deepseek_deepseek-v4-pro,REC-inf-icu-002,infant,omission,temporal,prior clinic note listed the dose per day rather than per dose
deepseek_deepseek-v4-pro,REC-inf-icu-002,infant,omission,temporal,follow-up with the primary care clinic in one week
deepseek_deepseek-v4-pro,REC-inf-icu-002,infant,hallucinated_field,temporal,follow-up with primary care clinic
deepseek_deepseek-v4-pro,REC-inf-icu-002,infant,hallucinated_field,temporal,transfer to inpatient unit
deepseek_deepseek-v4-pro,REC-inf-icu-003,infant,hallucinated_field,temporal,admission to intensive care unit
deepseek_deepseek-v4-pro,REC-inf-icu-003,infant,hallucinated_field,temporal,nasal suctioning
deepseek_deepseek-v4-pro,REC-inf-icu-003,infant,hallucinated_field,temporal,transfer to inpatient unit
deepseek_deepseek-v4-pro,REC-inf-icu-004,infant,hallucinated_field,diagnoses,mild eczema
deepseek_deepseek-v4-pro,REC-inf-icu-004,infant,hallucinated_field,procedures,cbc
deepseek_deepseek-v4-pro,REC-inf-icu-004,infant,omission,temporal,follow-up with the primary care clinic in one week
deepseek_deepseek-v4-pro,REC-inf-icu-004,infant,omission,temporal,repeat cbc planned for tomorrow morning
deepseek_deepseek-v4-pro,REC-inf-icu-004,infant,omission,temporal,history of mild eczema well controlled
deepseek_deepseek-v4-pro,REC-inf-icu-004,infant,hallucinated_field,temporal,ceftriaxone started
deepseek_deepseek-v4-pro,REC-inf-icu-004,infant,hallucinated_field,temporal,urine culture performed
deepseek_deepseek-v4-pro,REC-inf-icu-004,infant,hallucinated_field,temporal,follow-up with primary care clinic
deepseek_deepseek-v4-pro,REC-inf-icu-004,infant,hallucinated_field,temporal,repeat cbc
deepseek_deepseek-v4-pro,REC-inf-icu-005,infant,hallucinated_field,procedures,repeat cbc
deepseek_deepseek-v4-pro,REC-inf-icu-005,infant,omission,temporal,repeat cbc planned for tomorrow morning
deepseek_deepseek-v4-pro,REC-inf-icu-005,infant,omission,temporal,follow-up with the primary care clinic in one week
deepseek_deepseek-v4-pro,REC-inf-icu-005,infant,hallucinated_field,temporal,nasal suctioning
deepseek_deepseek-v4-pro,REC-inf-icu-005,infant,hallucinated_field,temporal,repeat cbc
deepseek_deepseek-v4-pro,REC-inf-icu-005,infant,hallucinated_field,temporal,follow-up with primary care clinic
deepseek_deepseek-v4-pro,REC-inf-icu-006,infant,omission,temporal,prior clinic note listed the dose per day rather than per dose
deepseek_deepseek-v4-pro,REC-inf-icu-006,infant,hallucinated_field,temporal,admission to intensive care unit
deepseek_deepseek-v4-pro,REC-inf-icu-006,infant,hallucinated_field,temporal,ceftriaxone started
deepseek_deepseek-v4-pro,REC-inf-icu-006,infant,hallucinated_field,temporal,urine culture performed
deepseek_deepseek-v4-pro,REC-inf-icu-006,infant,hallucinated_field,temporal,transfer to inpatient unit
deepseek_deepseek-v4-pro,REC-inf-icu-007,infant,omission,temporal,follow-up with the primary care clinic in one week
deepseek_deepseek-v4-pro,REC-inf-icu-007,infant,omission,temporal,repeat cbc planned for tomorrow morning
deepseek_deepseek-v4-pro,REC-inf-icu-007,infant,hallucinated_field,temporal,follow-up with primary care clinic
deepseek_deepseek-v4-pro,REC-inf-icu-007,infant,hallucinated_field,temporal,cbc
deepseek_deepseek-v4-pro,REC-inf-icu-007,infant,hallucinated_field,temporal,nasal suctioning
deepseek_deepseek-v4-pro,REC-inf-icu-008,infant,omission,temporal,prior clinic note listed the dose per day rather than per dose
deepseek_deepseek-v4-pro,REC-inf-icu-008,infant,hallucinated_field,temporal,admission to intensive care unit
deepseek_deepseek-v4-pro,REC-inf-icu-008,infant,hallucinated_field,temporal,ceftriaxone started
deepseek_deepseek-v4-pro,REC-inf-icu-008,infant,hallucinated_field,temporal,urine culture performed
deepseek_deepseek-v4-pro,REC-inf-icu-008,infant,hallucinated_field,temporal,transfer to inpatient unit
deepseek_deepseek-v4-pro,REC-inf-icu-010,infant,schema_format_failure,record,unparseable output
deepseek_deepseek-v4-pro,REC-inf-inp-001,infant,omission,temporal,follow-up with the primary care clinic in one week
deepseek_deepseek-v4-pro,REC-inf-inp-001,infant,hallucinated_field,temporal,follow-up with primary care clinic
deepseek_deepseek-v4-pro,REC-inf-inp-002,infant,hallucinated_field,diagnoses,mild eczema
deepseek_deepseek-v4-pro,REC-inf-inp-002,infant,omission,temporal,repeat cbc planned for tomorrow morning
deepseek_deepseek-v4-pro,REC-inf-inp-002,infant,omission,temporal,history of mild eczema well controlled
deepseek_deepseek-v4-pro,REC-inf-inp-002,infant,omission,temporal,follow-up with the primary care clinic in one week
deepseek_deepseek-v4-pro,REC-inf-inp-002,infant,hallucinated_field,temporal,repeat cbc
deepseek_deepseek-v4-pro,REC-inf-inp-002,infant,hallucinated_field,temporal,follow-up with primary care clinic
deepseek_deepseek-v4-pro,REC-inf-inp-003,infant,hallucinated_field,temporal,discharge home
deepseek_deepseek-v4-pro,REC-inf-inp-004,infant,hallucinated_field,diagnoses,eczema
deepseek_deepseek-v4-pro,REC-inf-inp-004,infant,omission,temporal,history of mild eczema well controlled
deepseek_deepseek-v4-pro,REC-inf-inp-004,infant,hallucinated_field,temporal,admission
deepseek_deepseek-v4-pro,REC-inf-inp-004,infant,hallucinated_field,temporal,discharge
deepseek_deepseek-v4-pro,REC-inf-inp-005,infant,omission,temporal,repeat cbc planned for tomorrow morning
deepseek_deepseek-v4-pro,REC-inf-inp-005,infant,omission,temporal,follow-up with the primary care clinic in one week
deepseek_deepseek-v4-pro,REC-inf-inp-005,infant,hallucinated_field,temporal,admission
deepseek_deepseek-v4-pro,REC-inf-inp-005,infant,hallucinated_field,temporal,nasal suctioning
deepseek_deepseek-v4-pro,REC-inf-inp-005,infant,hallucinated_field,temporal,repeat cbc
deepseek_deepseek-v4-pro,REC-inf-inp-005,infant,hallucinated_field,temporal,follow-up with primary care clinic
deepseek_deepseek-v4-pro,REC-inf-inp-006,infant,hallucinated_field,procedures,cbc
deepseek_deepseek-v4-pro,REC-inf-inp-006,infant,omission,temporal,repeat cbc planned for tomorrow morning
deepseek_deepseek-v4-pro,REC-inf-inp-006,infant,hallucinated_field,temporal,urine culture
deepseek_deepseek-v4-pro,REC-inf-inp-006,infant,hallucinated_field,temporal,cbc
deepseek_deepseek-v4-pro,REC-inf-inp-007,infant,hallucinated_field,procedures,repeat cbc
deepseek_deepseek-v4-pro,REC-inf-inp-007,infant,omission,temporal,repeat cbc planned for tomorrow morning
deepseek_deepseek-v4-pro,REC-inf-inp-007,infant,hallucinated_field,temporal,nasal suctioning
deepseek_deepseek-v4-pro,REC-inf-inp-007,infant,hallucinated_field,temporal,repeat cbc
deepseek_deepseek-v4-pro,REC-inf-inp-008,infant,hallucinated_field,diagnoses,mild eczema
deepseek_deepseek-v4-pro,REC-inf-inp-008,infant,omission,temporal,history of mild eczema well controlled
deepseek_deepseek-v4-pro,REC-inf-inp-008,infant,hallucinated_field,temporal,admission to inpatient ward
deepseek_deepseek-v4-pro,REC-inf-inp-008,infant,hallucinated_field,temporal,discharge home
deepseek_deepseek-v4-pro,REC-inf-inp-009,infant,omission,temporal,repeat cbc planned for tomorrow morning
deepseek_deepseek-v4-pro,REC-inf-inp-009,infant,omission,temporal,follow-up with the primary care clinic in one week
deepseek_deepseek-v4-pro,REC-inf-inp-009,infant,hallucinated_field,temporal,repeat cbc
deepseek_deepseek-v4-pro,REC-inf-inp-009,infant,hallucinated_field,temporal,follow-up with primary care clinic
deepseek_deepseek-v4-pro,REC-inf-inp-010,infant,omission,temporal,follow-up with the primary care clinic in one week
deepseek_deepseek-v4-pro,REC-inf-inp-010,infant,hallucinated_field,temporal,follow-up with primary care clinic
deepseek_deepseek-v4-pro,REC-inf-out-001,infant,hallucinated_field,temporal,nasal suctioning
deepseek_deepseek-v4-pro,REC-inf-out-001,infant,hallucinated_field,temporal,discharge home
deepseek_deepseek-v4-pro,REC-inf-out-002,infant,hallucinated_field,diagnoses,mild eczema
deepseek_deepseek-v4-pro,REC-inf-out-002,infant,omission,temporal,history of mild eczema well controlled
deepseek_deepseek-v4-pro,REC-inf-out-002,infant,hallucinated_field,temporal,mild eczema history
deepseek_deepseek-v4-pro,REC-inf-out-002,infant,hallucinated_field,temporal,tympanic membrane exam
deepseek_deepseek-v4-pro,REC-inf-out-002,infant,hallucinated_field,temporal,discharged home
deepseek_deepseek-v4-pro,REC-inf-out-004,infant,omission,temporal,repeat cbc planned for tomorrow morning
deepseek_deepseek-v4-pro,REC-inf-out-004,infant,hallucinated_field,temporal,repeat cbc
deepseek_deepseek-v4-pro,REC-inf-out-005,infant,hallucinated_field,temporal,nasal suctioning
deepseek_deepseek-v4-pro,REC-inf-out-005,infant,hallucinated_field,temporal,discharged home
deepseek_deepseek-v4-pro,REC-inf-out-006,infant,omission,temporal,follow-up with the primary care clinic in one week
deepseek_deepseek-v4-pro,REC-inf-out-006,infant,hallucinated_field,temporal,follow-up with primary care clinic
deepseek_deepseek-v4-pro,REC-inf-out-008,infant,hallucinated_field,diagnoses,mild eczema
deepseek_deepseek-v4-pro,REC-inf-out-008,infant,omission,temporal,history of mild eczema well controlled
deepseek_deepseek-v4-pro,REC-inf-out-008,infant,omission,temporal,repeat cbc planned for tomorrow morning
deepseek_deepseek-v4-pro,REC-inf-out-008,infant,omission,temporal,prior clinic note listed the dose per day rather than per dose
deepseek_deepseek-v4-pro,REC-inf-out-008,infant,hallucinated_field,temporal,repeat cbc
deepseek_deepseek-v4-pro,REC-inf-out-009,infant,omission,temporal,repeat cbc planned for tomorrow morning
deepseek_deepseek-v4-pro,REC-inf-out-009,infant,omission,temporal,follow-up with the primary care clinic in one week
deepseek_deepseek-v4-pro,REC-inf-out-009,infant,hallucinated_field,temporal,nasal suctioning
deepseek_deepseek-v4-pro,REC-inf-out-009,infant,hallucinated_field,temporal,repeat cbc
deepseek_deepseek-v4-pro,REC-inf-out-009,infant,hallucinated_field,temporal,follow-up with primary care clinic
deepseek_deepseek-v4-pro,REC-inf-out-010,infant,hallucinated_field,temporal,amoxicillin
deepseek_deepseek-v4-pro,REC-inf-out-010,infant,hallucinated_field,temporal,tympanic membrane exam
deepseek_deepseek-v4-pro,REC-neo-eme-001,neonate,omission,temporal,born at term with unknown maternal group b streptococcus status
deepseek_deepseek-v4-pro,REC-neo-eme-001,neonate,omission,temporal,born by uncomplicated vaginal delivery
deepseek_deepseek-v4-pro,REC-neo-eme-001,neonate,hallucinated_field,temporal,emergency department evaluation
deepseek_deepseek-v4-pro,REC-neo-eme-001,neonate,hallucinated_field,temporal,ampicillin
deepseek_deepseek-v4-pro,REC-neo-eme-001,neonate,hallucinated_field,temporal,lumbar puncture
deepseek_deepseek-v4-pro,REC-neo-eme-002,neonate,omission,temporal,born at 36 weeks gestation exclusively breastfed
deepseek_deepseek-v4-pro,REC-neo-eme-002,neonate,omission,temporal,born by uncomplicated vaginal delivery
deepseek_deepseek-v4-pro,REC-neo-eme-002,neonate,hallucinated_field,temporal,uncomplicated vaginal delivery
deepseek_deepseek-v4-pro,REC-neo-eme-002,neonate,hallucinated_field,temporal,phototherapy
deepseek_deepseek-v4-pro,REC-neo-eme-002,neonate,hallucinated_field,temporal,admission to inpatient unit
deepseek_deepseek-v4-pro,REC-neo-eme-003,neonate,hallucinated_field,diagnoses,pregnancy complicated by gestational diabetes
deepseek_deepseek-v4-pro,REC-neo-eme-003,neonate,omission,temporal,pregnancy complicated by gestational diabetes
deepseek_deepseek-v4-pro,REC-neo-eme-003,neonate,omission,temporal,follow-up with the primary care clinic in one week
deepseek_deepseek-v4-pro,REC-neo-eme-003,neonate,omission,temporal,born by uncomplicated vaginal delivery
deepseek_deepseek-v4-pro,REC-neo-eme-003,neonate,hallucinated_field,temporal,uncomplicated vaginal delivery
deepseek_deepseek-v4-pro,REC-neo-eme-003,neonate,hallucinated_field,temporal,heel-stick glucose check
deepseek_deepseek-v4-pro,REC-neo-eme-003,neonate,hallucinated_field,temporal,follow-up with primary care clinic
deepseek_deepseek-v4-pro,REC-neo-eme-004,neonate,omission,temporal,born at term with unknown maternal group b streptococcus status
deepseek_deepseek-v4-pro,REC-neo-eme-004,neonate,omission,temporal,follow-up with the primary care clinic in one week
deepseek_deepseek-v4-pro,REC-neo-eme-004,neonate,hallucinated_field,temporal,emergency department evaluation
deepseek_deepseek-v4-pro,REC-neo-eme-004,neonate,hallucinated_field,temporal,lumbar puncture
deepseek_deepseek-v4-pro,REC-neo-eme-004,neonate,hallucinated_field,temporal,ampicillin
deepseek_deepseek-v4-pro,REC-neo-eme-004,neonate,hallucinated_field,temporal,follow-up with primary care clinic
deepseek_deepseek-v4-pro,REC-neo-eme-005,neonate,hallucinated_field,procedures,follow-up with primary care clinic
deepseek_deepseek-v4-pro,REC-neo-eme-005,neonate,omission,temporal,born at 36 weeks gestation exclusively breastfed
deepseek_deepseek-v4-pro,REC-neo-eme-005,neonate,omission,temporal,follow-up with the primary care clinic in one week
deepseek_deepseek-v4-pro,REC-neo-eme-005,neonate,hallucinated_field,temporal,birth
deepseek_deepseek-v4-pro,REC-neo-eme-005,neonate,hallucinated_field,temporal,phototherapy
deepseek_deepseek-v4-pro,REC-neo-eme-005,neonate,hallucinated_field,temporal,follow-up with primary care clinic
deepseek_deepseek-v4-pro,REC-neo-eme-006,neonate,hallucinated_field,diagnoses,pregnancy complicated by gestational diabetes
deepseek_deepseek-v4-pro,REC-neo-eme-006,neonate,hallucinated_field,procedures,repeat cbc
deepseek_deepseek-v4-pro,REC-neo-eme-006,neonate,omission,temporal,pregnancy complicated by gestational diabetes
deepseek_deepseek-v4-pro,REC-neo-eme-006,neonate,omission,temporal,repeat cbc planned for tomorrow morning
deepseek_deepseek-v4-pro,REC-neo-eme-006,neonate,hallucinated_field,temporal,heel-stick glucose check
deepseek_deepseek-v4-pro,REC-neo-eme-006,neonate,hallucinated_field,temporal,repeat cbc
deepseek_deepseek-v4-pro,REC-neo-eme-007,neonate,omission,temporal,born at term with unknown maternal group b streptococcus status
deepseek_deepseek-v4-pro,REC-neo-eme-007,neonate,omission,temporal,follow-up with the primary care clinic in one week
deepseek_deepseek-v4-pro,REC-neo-eme-007,neonate,hallucinated_field,temporal,follow-up with primary care clinic
deepseek_deepseek-v4-pro,REC-neo-eme-008,neonate,omission,temporal,born at 36 weeks gestation exclusively breastfed
deepseek_deepseek-v4-pro,REC-neo-eme-008,neonate,omission,temporal,born by uncomplicated vaginal delivery
deepseek_deepseek-v4-pro,REC-neo-eme-008,neonate,omission,temporal,follow-up with the primary care clinic in one week
deepseek_deepseek-v4-pro,REC-neo-eme-008,neonate,hallucinated_field,temporal,follow-up with primary care clinic
deepseek_deepseek-v4-pro,REC-neo-eme-008,neonate,hallucinated_field,temporal,vaginal delivery
deepseek_deepseek-v4-pro,REC-neo-eme-009,neonate,hallucinated_field,diagnoses,pregnancy complicated by gestational diabetes
deepseek_deepseek-v4-pro,REC-neo-eme-009,neonate,hallucinated_field,procedures,repeat cbc
deepseek_deepseek-v4-pro,REC-neo-eme-009,neonate,omission,temporal,pregnancy complicated by gestational diabetes
deepseek_deepseek-v4-pro,REC-neo-eme-009,neonate,omission,temporal,repeat cbc planned for tomorrow morning
deepseek_deepseek-v4-pro,REC-neo-eme-009,neonate,hallucinated_field,temporal,heel-stick glucose check
deepseek_deepseek-v4-pro,REC-neo-eme-009,neonate,hallucinated_field,temporal,repeat cbc
deepseek_deepseek-v4-pro,REC-neo-eme-010,neonate,omission,temporal,born at term with unknown maternal group b streptococcus status
deepseek_deepseek-v4-pro,REC-neo-eme-010,neonate,omission,temporal,repeat cbc planned for tomorrow morning
deepseek_deepseek-v4-pro,REC-neo-eme-010,neonate,omission,temporal,prior clinic note listed the dose per day rather than per dose
deepseek_deepseek-v4-pro,REC-neo-eme-010,neonate,hallucinated_field,temporal,repeat cbc
deepseek_deepseek-v4-pro,REC-neo-icu-001,neonate,omission,temporal,born at term with unknown maternal group b streptococcus status
deepseek_deepseek-v4-pro,REC-neo-icu-001,neonate,omission,temporal,prior clinic note listed the dose per day rather than per dose
deepseek_deepseek-v4-pro,REC-neo-icu-001,neonate,omission,temporal,born by uncomplicated vaginal delivery
deepseek_deepseek-v4-pro,REC-neo-icu-001,neonate,omission,temporal,follow-up with the primary care clinic in one week
deepseek_deepseek-v4-pro,REC-neo-icu-001,neonate,hallucinated_field,temporal,birth
deepseek_deepseek-v4-pro,REC-neo-icu-001,neonate,hallucinated_field,temporal,admission to intensive care unit
deepseek_deepseek-v4-pro,REC-neo-icu-001,neonate,hallucinated_field,temporal,lumbar puncture
deepseek_deepseek-v4-pro,REC-neo-icu-001,neonate,hallucinated_field,temporal,follow-up with primary care clinic
deepseek_deepseek-v4-pro,REC-neo-icu-001,neonate,hallucinated_field,temporal,transfer to inpatient unit
deepseek_deepseek-v4-pro,REC-neo-icu-002,neonate,hallucinated_field,diagnoses,gestational diabetes
deepseek_deepseek-v4-pro,REC-neo-icu-002,neonate,omission,temporal,pregnancy complicated by gestational diabetes
deepseek_deepseek-v4-pro,REC-neo-icu-002,neonate,omission,temporal,follow-up with the primary care clinic in one week
deepseek_deepseek-v4-pro,REC-neo-icu-002,neonate,hallucinated_field,temporal,follow-up with primary care clinic
deepseek_deepseek-v4-pro,REC-neo-icu-002,neonate,hallucinated_field,temporal,heel-stick glucose check
deepseek_deepseek-v4-pro,REC-neo-icu-003,neonate,omission,temporal,born at term with unknown maternal group b streptococcus status
deepseek_deepseek-v4-pro,REC-neo-icu-003,neonate,omission,temporal,follow-up with the primary care clinic in one week
deepseek_deepseek-v4-pro,REC-neo-icu-003,neonate,hallucinated_field,temporal,birth
deepseek_deepseek-v4-pro,REC-neo-icu-003,neonate,hallucinated_field,temporal,lumbar puncture
deepseek_deepseek-v4-pro,REC-neo-icu-003,neonate,hallucinated_field,temporal,ampicillin
deepseek_deepseek-v4-pro,REC-neo-icu-003,neonate,hallucinated_field,temporal,follow-up with primary care clinic
deepseek_deepseek-v4-pro,REC-neo-icu-004,neonate,schema_format_failure,record,unparseable output
deepseek_deepseek-v4-pro,REC-neo-icu-005,neonate,omission,temporal,born at term with unknown maternal group b streptococcus status
deepseek_deepseek-v4-pro,REC-neo-icu-005,neonate,omission,temporal,born by uncomplicated vaginal delivery
deepseek_deepseek-v4-pro,REC-neo-icu-005,neonate,hallucinated_field,temporal,lumbar puncture
deepseek_deepseek-v4-pro,REC-neo-icu-005,neonate,hallucinated_field,temporal,ampicillin initiation
deepseek_deepseek-v4-pro,REC-neo-icu-005,neonate,hallucinated_field,temporal,admission to intensive care unit
deepseek_deepseek-v4-pro,REC-neo-icu-005,neonate,hallucinated_field,temporal,transfer to inpatient unit
deepseek_deepseek-v4-pro,REC-neo-icu-006,neonate,hallucinated_field,procedures,cbc
deepseek_deepseek-v4-pro,REC-neo-icu-006,neonate,omission,temporal,repeat cbc planned for tomorrow morning
deepseek_deepseek-v4-pro,REC-neo-icu-006,neonate,hallucinated_field,temporal,hypoglycemia of the newborn
deepseek_deepseek-v4-pro,REC-neo-icu-006,neonate,hallucinated_field,temporal,dextrose 10 2 ml/kg iv once
deepseek_deepseek-v4-pro,REC-neo-icu-006,neonate,hallucinated_field,temporal,heel-stick glucose check
deepseek_deepseek-v4-pro,REC-neo-icu-006,neonate,hallucinated_field,temporal,repeat cbc
deepseek_deepseek-v4-pro,REC-neo-icu-007,neonate,omission,temporal,born at term with unknown maternal group b streptococcus status
deepseek_deepseek-v4-pro,REC-neo-icu-007,neonate,hallucinated_field,temporal,lumbar puncture
deepseek_deepseek-v4-pro,REC-neo-icu-007,neonate,hallucinated_field,temporal,ampicillin
deepseek_deepseek-v4-pro,REC-neo-icu-007,neonate,hallucinated_field,temporal,transfer to inpatient unit
deepseek_deepseek-v4-pro,REC-neo-icu-008,neonate,hallucinated_field,diagnoses,pregnancy complicated by gestational diabetes
deepseek_deepseek-v4-pro,REC-neo-icu-008,neonate,hallucinated_field,procedures,repeat cbc
deepseek_deepseek-v4-pro,REC-neo-icu-008,neonate,omission,temporal,pregnancy complicated by gestational diabetes
deepseek_deepseek-v4-pro,REC-neo-icu-008,neonate,omission,temporal,repeat cbc planned for tomorrow morning
deepseek_deepseek-v4-pro,REC-neo-icu-008,neonate,omission,temporal,follow-up with the primary care clinic in one week
deepseek_deepseek-v4-pro,REC-neo-icu-008,neonate,hallucinated_field,temporal,admission to intensive care unit
deepseek_deepseek-v4-pro,REC-neo-icu-008,neonate,hallucinated_field,temporal,heel-stick glucose check
deepseek_deepseek-v4-pro,REC-neo-icu-008,neonate,hallucinated_field,temporal,repeat cbc
deepseek_deepseek-v4-pro,REC-neo-icu-008,neonate,hallucinated_field,temporal,follow-up with primary care clinic
deepseek_deepseek-v4-pro,REC-neo-icu-009,neonate,omission,temporal,born at term with unknown maternal group b streptococcus status
deepseek_deepseek-v4-pro,REC-neo-icu-009,neonate,omission,temporal,follow-up with the primary care clinic in one week
deepseek_deepseek-v4-pro,REC-neo-icu-009,neonate,hallucinated_field,temporal,ampicillin started
deepseek_deepseek-v4-pro,REC-neo-icu-009,neonate,hallucinated_field,temporal,lumbar puncture
deepseek_deepseek-v4-pro,REC-neo-icu-009,neonate,hallucinated_field,temporal,follow-up with primary care clinic
deepseek_deepseek-v4-pro,REC-neo-icu-009,neonate,hallucinated_field,temporal,born at term
deepseek_deepseek-v4-pro,REC-neo-icu-010,neonate,hallucinated_field,diagnoses,gestational diabetes
deepseek_deepseek-v4-pro,REC-neo-icu-010,neonate,omission,temporal,pregnancy complicated by gestational diabetes
deepseek_deepseek-v4-pro,REC-neo-icu-010,neonate,omission,temporal,follow-up with the primary care clinic in one week
deepseek_deepseek-v4-pro,REC-neo-icu-010,neonate,hallucinated_field,temporal,follow-up with primary care clinic
deepseek_deepseek-v4-pro,REC-neo-inp-001,neonate,hallucinated_field,procedures,repeat cbc
deepseek_deepseek-v4-pro,REC-neo-inp-001,neonate,omission,temporal,born at term with unknown maternal group b streptococcus status
deepseek_deepseek-v4-pro,REC-neo-inp-001,neonate,omission,temporal,repeat cbc planned for tomorrow morning
deepseek_deepseek-v4-pro,REC-neo-inp-001,neonate,hallucinated_field,temporal,lumbar puncture
deepseek_deepseek-v4-pro,REC-neo-inp-001,neonate,hallucinated_field,temporal,repeat cbc
deepseek_deepseek-v4-pro,REC-neo-inp-002,neonate,omission,temporal,born at 36 weeks gestation exclusively breastfed
deepseek_deepseek-v4-pro,REC-neo-inp-002,neonate,omission,temporal,follow-up with the primary care clinic in one week
deepseek_deepseek-v4-pro,REC-neo-inp-002,neonate,hallucinated_field,temporal,phototherapy
deepseek_deepseek-v4-pro,REC-neo-inp-002,neonate,hallucinated_field,temporal,follow-up with primary care clinic
deepseek_deepseek-v4-pro,REC-neo-inp-003,neonate,hallucinated_field,diagnoses,gestational diabetes
deepseek_deepseek-v4-pro,REC-neo-inp-003,neonate,hallucinated_field,procedures,cbc
deepseek_deepseek-v4-pro,REC-neo-inp-003,neonate,omission,temporal,pregnancy complicated by gestational diabetes
deepseek_deepseek-v4-pro,REC-neo-inp-003,neonate,omission,temporal,repeat cbc planned for tomorrow morning
deepseek_deepseek-v4-pro,REC-neo-inp-003,neonate,hallucinated_field,temporal,admission
deepseek_deepseek-v4-pro,REC-neo-inp-003,neonate,hallucinated_field,temporal,dextrose 10 administration
deepseek_deepseek-v4-pro,REC-neo-inp-003,neonate,hallucinated_field,temporal,heel-stick glucose check
deepseek_deepseek-v4-pro,REC-neo-inp-003,neonate,hallucinated_field,temporal,cbc
deepseek_deepseek-v4-pro,REC-neo-inp-003,neonate,hallucinated_field,temporal,discharge
deepseek_deepseek-v4-pro,REC-neo-inp-004,neonate,omission,temporal,born at term with unknown maternal group b streptococcus status
deepseek_deepseek-v4-pro,REC-neo-inp-004,neonate,omission,temporal,follow-up with the primary care clinic in one week
deepseek_deepseek-v4-pro,REC-neo-inp-004,neonate,omission,temporal,prior clinic note listed the dose per day rather than per dose
deepseek_deepseek-v4-pro,REC-neo-inp-004,neonate,hallucinated_field,temporal,follow-up with primary care clinic
deepseek_deepseek-v4-pro,REC-neo-inp-004,neonate,hallucinated_field,temporal,lumbar puncture
deepseek_deepseek-v4-pro,REC-neo-inp-005,neonate,omission,temporal,born at 36 weeks gestation exclusively breastfed
deepseek_deepseek-v4-pro,REC-neo-inp-005,neonate,omission,temporal,follow-up with the primary care clinic in one week
deepseek_deepseek-v4-pro,REC-neo-inp-005,neonate,hallucinated_field,temporal,birth
deepseek_deepseek-v4-pro,REC-neo-inp-005,neonate,hallucinated_field,temporal,follow-up with primary care clinic
deepseek_deepseek-v4-pro,REC-neo-inp-006,neonate,hallucinated_field,diagnoses,gestational diabetes
deepseek_deepseek-v4-pro,REC-neo-inp-006,neonate,omission,temporal,pregnancy complicated by gestational diabetes
deepseek_deepseek-v4-pro,REC-neo-inp-006,neonate,omission,temporal,follow-up with the primary care clinic in one week
deepseek_deepseek-v4-pro,REC-neo-inp-006,neonate,hallucinated_field,temporal,admitted to inpatient ward
deepseek_deepseek-v4-pro,REC-neo-inp-006,neonate,hallucinated_field,temporal,follow-up with primary care clinic
deepseek_deepseek-v4-pro,REC-neo-inp-006,neonate,hallucinated_field,temporal,discharged home
deepseek_deepseek-v4-pro,REC-neo-inp-007,neonate,omission,temporal,born at term with unknown maternal group b streptococcus status
deepseek_deepseek-v4-pro,REC-neo-inp-007,neonate,omission,temporal,follow-up with the primary care clinic in one week
deepseek_deepseek-v4-pro,REC-neo-inp-007,neonate,omission,temporal,repeat cbc planned for tomorrow morning
deepseek_deepseek-v4-pro,REC-neo-inp-007,neonate,omission,temporal,prior clinic note listed the dose per day rather than per dose
deepseek_deepseek-v4-pro,REC-neo-inp-007,neonate,hallucinated_field,temporal,admission to inpatient ward
deepseek_deepseek-v4-pro,REC-neo-inp-007,neonate,hallucinated_field,temporal,ampicillin started
deepseek_deepseek-v4-pro,REC-neo-inp-007,neonate,hallucinated_field,temporal,lumbar puncture performed
deepseek_deepseek-v4-pro,REC-neo-inp-007,neonate,hallucinated_field,temporal,early-onset sepsis workup
deepseek_deepseek-v4-pro,REC-neo-inp-007,neonate,hallucinated_field,temporal,repeat cbc
deepseek_deepseek-v4-pro,REC-neo-inp-007,neonate,hallucinated_field,temporal,follow-up with primary care clinic
deepseek_deepseek-v4-pro,REC-neo-inp-007,neonate,hallucinated_field,temporal,discharge home
deepseek_deepseek-v4-pro,REC-neo-inp-007,neonate,hallucinated_field,temporal,birth at term
deepseek_deepseek-v4-pro,REC-neo-inp-008,neonate,omission,temporal,born at 36 weeks gestation exclusively breastfed
deepseek_deepseek-v4-pro,REC-neo-inp-008,neonate,omission,temporal,born by uncomplicated vaginal delivery
deepseek_deepseek-v4-pro,REC-neo-inp-008,neonate,omission,temporal,follow-up with the primary care clinic in one week
deepseek_deepseek-v4-pro,REC-neo-inp-008,neonate,hallucinated_field,temporal,birth
deepseek_deepseek-v4-pro,REC-neo-inp-008,neonate,hallucinated_field,temporal,phototherapy
deepseek_deepseek-v4-pro,REC-neo-inp-008,neonate,hallucinated_field,temporal,follow-up with primary care clinic
deepseek_deepseek-v4-pro,REC-neo-inp-008,neonate,hallucinated_field,temporal,discharged home
deepseek_deepseek-v4-pro,REC-neo-inp-009,neonate,hallucinated_field,diagnoses,pregnancy complicated by gestational diabetes
deepseek_deepseek-v4-pro,REC-neo-inp-009,neonate,omission,temporal,follow-up with the primary care clinic in one week
deepseek_deepseek-v4-pro,REC-neo-inp-009,neonate,hallucinated_field,temporal,heel-stick glucose check
deepseek_deepseek-v4-pro,REC-neo-inp-009,neonate,hallucinated_field,temporal,follow-up with primary care clinic
deepseek_deepseek-v4-pro,REC-neo-inp-010,neonate,omission,temporal,born at term with unknown maternal group b streptococcus status
deepseek_deepseek-v4-pro,REC-neo-inp-010,neonate,omission,temporal,follow-up with the primary care clinic in one week
deepseek_deepseek-v4-pro,REC-neo-inp-010,neonate,hallucinated_field,temporal,follow-up with primary care clinic
deepseek_deepseek-v4-pro,REC-neo-out-001,neonate,omission,temporal,born at 36 weeks gestation exclusively breastfed
deepseek_deepseek-v4-pro,REC-neo-out-001,neonate,omission,temporal,born by uncomplicated vaginal delivery
deepseek_deepseek-v4-pro,REC-neo-out-001,neonate,hallucinated_field,temporal,birth at 36 weeks gestation
deepseek_deepseek-v4-pro,REC-neo-out-001,neonate,hallucinated_field,temporal,phototherapy
deepseek_deepseek-v4-pro,REC-neo-out-001,neonate,hallucinated_field,temporal,discharge home
deepseek_deepseek-v4-pro,REC-neo-out-002,neonate,omission,temporal,born at 36 weeks gestation exclusively breastfed
deepseek_deepseek-v4-pro,REC-neo-out-002,neonate,omission,temporal,repeat cbc planned for tomorrow morning
deepseek_deepseek-v4-pro,REC-neo-out-002,neonate,hallucinated_field,temporal,birth
deepseek_deepseek-v4-pro,REC-neo-out-002,neonate,hallucinated_field,temporal,phototherapy
deepseek_deepseek-v4-pro,REC-neo-out-002,neonate,hallucinated_field,temporal,repeat cbc
deepseek_deepseek-v4-pro,REC-neo-out-003,neonate,omission,temporal,born at 36 weeks gestation exclusively breastfed
deepseek_deepseek-v4-pro,REC-neo-out-003,neonate,hallucinated_field,temporal,birth
deepseek_deepseek-v4-pro,REC-neo-out-003,neonate,hallucinated_field,temporal,phototherapy
deepseek_deepseek-v4-pro,REC-neo-out-003,neonate,hallucinated_field,temporal,discharge home
deepseek_deepseek-v4-pro,REC-neo-out-004,neonate,hallucinated_field,diagnoses,preterm birth at 36 weeks gestation
deepseek_deepseek-v4-pro,REC-neo-out-004,neonate,omission,temporal,born at 36 weeks gestation exclusively breastfed
deepseek_deepseek-v4-pro,REC-neo-out-004,neonate,omission,temporal,born by uncomplicated vaginal delivery
deepseek_deepseek-v4-pro,REC-neo-out-004,neonate,omission,temporal,follow-up with the primary care clinic in one week
deepseek_deepseek-v4-pro,REC-neo-out-004,neonate,hallucinated_field,temporal,birth
deepseek_deepseek-v4-pro,REC-neo-out-004,neonate,hallucinated_field,temporal,phototherapy
deepseek_deepseek-v4-pro,REC-neo-out-004,neonate,hallucinated_field,temporal,follow-up with primary care clinic
deepseek_deepseek-v4-pro,REC-neo-out-005,neonate,omission,temporal,born at 36 weeks gestation exclusively breastfed
deepseek_deepseek-v4-pro,REC-neo-out-005,neonate,omission,temporal,follow-up with the primary care clinic in one week
deepseek_deepseek-v4-pro,REC-neo-out-005,neonate,hallucinated_field,temporal,birth
deepseek_deepseek-v4-pro,REC-neo-out-005,neonate,hallucinated_field,temporal,exclusive breastfeeding
deepseek_deepseek-v4-pro,REC-neo-out-005,neonate,hallucinated_field,temporal,follow-up with primary care clinic
deepseek_deepseek-v4-pro,REC-neo-out-006,neonate,omission,temporal,born at 36 weeks gestation exclusively breastfed
deepseek_deepseek-v4-pro,REC-neo-out-006,neonate,omission,temporal,repeat cbc planned for tomorrow morning
deepseek_deepseek-v4-pro,REC-neo-out-006,neonate,hallucinated_field,temporal,phototherapy
deepseek_deepseek-v4-pro,REC-neo-out-006,neonate,hallucinated_field,temporal,repeat cbc
deepseek_deepseek-v4-pro,REC-neo-out-007,neonate,omission,temporal,born at 36 weeks gestation exclusively breastfed
deepseek_deepseek-v4-pro,REC-neo-out-007,neonate,omission,temporal,born by uncomplicated vaginal delivery
deepseek_deepseek-v4-pro,REC-neo-out-007,neonate,hallucinated_field,temporal,birth
deepseek_deepseek-v4-pro,REC-neo-out-007,neonate,hallucinated_field,temporal,exclusive breastfeeding
deepseek_deepseek-v4-pro,REC-neo-out-008,neonate,hallucinated_field,procedures,vaginal delivery
deepseek_deepseek-v4-pro,REC-neo-out-008,neonate,omission,temporal,born at 36 weeks gestation exclusively breastfed
deepseek_deepseek-v4-pro,REC-neo-out-008,neonate,omission,temporal,repeat cbc planned for tomorrow morning
deepseek_deepseek-v4-pro,REC-neo-out-008,neonate,omission,temporal,born by uncomplicated vaginal delivery
deepseek_deepseek-v4-pro,REC-neo-out-008,neonate,hallucinated_field,temporal,phototherapy
deepseek_deepseek-v4-pro,REC-neo-out-008,neonate,hallucinated_field,temporal,repeat cbc
deepseek_deepseek-v4-pro,REC-neo-out-009,neonate,omission,temporal,born at 36 weeks gestation exclusively breastfed
deepseek_deepseek-v4-pro,REC-neo-out-009,neonate,omission,temporal,born by uncomplicated vaginal delivery
deepseek_deepseek-v4-pro,REC-neo-out-009,neonate,omission,temporal,repeat cbc planned for tomorrow morning
deepseek_deepseek-v4-pro,REC-neo-out-009,neonate,hallucinated_field,temporal,uncomplicated vaginal delivery
deepseek_deepseek-v4-pro,REC-neo-out-009,neonate,hallucinated_field,temporal,born at 36 weeks gestation
deepseek_deepseek-v4-pro,REC-neo-out-009,neonate,hallucinated_field,temporal,repeat cbc
deepseek_deepseek-v4-pro,REC-neo-out-010,neonate,hallucinated_field,procedures,cbc
deepseek_deepseek-v4-pro,REC-neo-out-010,neonate,omission,temporal,born at 36 weeks gestation exclusively breastfed
deepseek_deepseek-v4-pro,REC-neo-out-010,neonate,omission,temporal,follow-up with the primary care clinic in one week
deepseek_deepseek-v4-pro,REC-neo-out-010,neonate,omission,temporal,repeat cbc planned for tomorrow morning
deepseek_deepseek-v4-pro,REC-neo-out-010,neonate,hallucinated_field,temporal,birth
deepseek_deepseek-v4-pro,REC-neo-out-010,neonate,hallucinated_field,temporal,follow-up with primary care clinic
deepseek_deepseek-v4-pro,REC-neo-out-010,neonate,hallucinated_field,temporal,repeat cbc
anthropic_claude-sonnet-5,REC-ado-eme-001,adolescent,hallucinated_field,temporal,insulin infusion started
anthropic_claude-sonnet-5,REC-ado-eme-001,adolescent,hallucinated_field,temporal,venous blood gas
anthropic_claude-sonnet-5,REC-ado-eme-001,adolescent,hallucinated_field,temporal,admission to inpatient unit
anthropic_claude-sonnet-5,REC-ado-eme-002,adolescent,hallucinated_field,diagnoses,rsv bronchiolitis
anthropic_claude-sonnet-5,REC-ado-eme-002,adolescent,hallucinated_field,procedures,cbc
anthropic_claude-sonnet-5,REC-ado-eme-002,adolescent,omission,temporal,repeat cbc planned for tomorrow morning
anthropic_claude-sonnet-5,REC-ado-eme-002,adolescent,omission,temporal,history of rsv bronchiolitis in infancy resolved
anthropic_claude-sonnet-5,REC-ado-eme-002,adolescent,hallucinated_field,temporal,fluoxetine started
anthropic_claude-sonnet-5,REC-ado-eme-002,adolescent,hallucinated_field,temporal,safety screening
anthropic_claude-sonnet-5,REC-ado-eme-002,adolescent,hallucinated_field,temporal,repeat cbc
anthropic_claude-sonnet-5,REC-ado-eme-002,adolescent,hallucinated_field,temporal,rsv bronchiolitis
anthropic_claude-sonnet-5,REC-ado-eme-002,adolescent,hallucinated_field,temporal,fever
anthropic_claude-sonnet-5,REC-ado-eme-003,adolescent,hallucinated_field,diagnoses,rsv bronchiolitis
anthropic_claude-sonnet-5,REC-ado-eme-003,adolescent,hallucinated_field,procedures,cbc
anthropic_claude-sonnet-5,REC-ado-eme-003,adolescent,omission,temporal,repeat cbc planned for tomorrow morning
anthropic_claude-sonnet-5,REC-ado-eme-003,adolescent,omission,temporal,history of rsv bronchiolitis in infancy resolved
anthropic_claude-sonnet-5,REC-ado-eme-003,adolescent,hallucinated_field,temporal,sports-related concussion
anthropic_claude-sonnet-5,REC-ado-eme-003,adolescent,hallucinated_field,temporal,acetaminophen started
anthropic_claude-sonnet-5,REC-ado-eme-003,adolescent,hallucinated_field,temporal,concussion symptom assessment
anthropic_claude-sonnet-5,REC-ado-eme-003,adolescent,hallucinated_field,temporal,repeat cbc
anthropic_claude-sonnet-5,REC-ado-eme-003,adolescent,hallucinated_field,temporal,rsv bronchiolitis
anthropic_claude-sonnet-5,REC-ado-eme-004,adolescent,hallucinated_field,diagnoses,rsv bronchiolitis
anthropic_claude-sonnet-5,REC-ado-eme-004,adolescent,hallucinated_field,procedures,cbc
anthropic_claude-sonnet-5,REC-ado-eme-004,adolescent,omission,temporal,history of rsv bronchiolitis in infancy resolved
anthropic_claude-sonnet-5,REC-ado-eme-004,adolescent,omission,temporal,repeat cbc planned for tomorrow morning
anthropic_claude-sonnet-5,REC-ado-eme-004,adolescent,hallucinated_field,temporal,insulin infusion started
anthropic_claude-sonnet-5,REC-ado-eme-004,adolescent,hallucinated_field,temporal,rsv bronchiolitis
anthropic_claude-sonnet-5,REC-ado-eme-004,adolescent,hallucinated_field,temporal,venous blood gas
anthropic_claude-sonnet-5,REC-ado-eme-004,adolescent,hallucinated_field,temporal,repeat cbc
anthropic_claude-sonnet-5,REC-ado-eme-005,adolescent,omission,temporal,follow-up with the primary care clinic in one week
anthropic_claude-sonnet-5,REC-ado-eme-005,adolescent,hallucinated_field,temporal,fluoxetine started
anthropic_claude-sonnet-5,REC-ado-eme-005,adolescent,hallucinated_field,temporal,safety screening
anthropic_claude-sonnet-5,REC-ado-eme-005,adolescent,hallucinated_field,temporal,follow-up with primary care clinic
anthropic_claude-sonnet-5,REC-ado-eme-005,adolescent,hallucinated_field,temporal,admission to inpatient unit
anthropic_claude-sonnet-5,REC-ado-eme-006,adolescent,hallucinated_field,diagnoses,rsv bronchiolitis
anthropic_claude-sonnet-5,REC-ado-eme-006,adolescent,omission,temporal,follow-up with the primary care clinic in one week
anthropic_claude-sonnet-5,REC-ado-eme-006,adolescent,omission,temporal,history of rsv bronchiolitis in infancy resolved
anthropic_claude-sonnet-5,REC-ado-eme-006,adolescent,hallucinated_field,temporal,concussion symptom assessment
anthropic_claude-sonnet-5,REC-ado-eme-006,adolescent,hallucinated_field,temporal,follow-up with primary care clinic
anthropic_claude-sonnet-5,REC-ado-eme-006,adolescent,hallucinated_field,temporal,rsv bronchiolitis
anthropic_claude-sonnet-5,REC-ado-eme-007,adolescent,omission,temporal,follow-up with the primary care clinic in one week
anthropic_claude-sonnet-5,REC-ado-eme-007,adolescent,hallucinated_field,temporal,insulin infusion started
anthropic_claude-sonnet-5,REC-ado-eme-007,adolescent,hallucinated_field,temporal,venous blood gas performed
anthropic_claude-sonnet-5,REC-ado-eme-007,adolescent,hallucinated_field,temporal,follow-up with primary care clinic
anthropic_claude-sonnet-5,REC-ado-eme-008,adolescent,hallucinated_field,procedures,cbc
anthropic_claude-sonnet-5,REC-ado-eme-008,adolescent,omission,temporal,repeat cbc planned for tomorrow morning
anthropic_claude-sonnet-5,REC-ado-eme-008,adolescent,omission,temporal,follow-up with the primary care clinic in one week
anthropic_claude-sonnet-5,REC-ado-eme-008,adolescent,hallucinated_field,temporal,fluoxetine started
anthropic_claude-sonnet-5,REC-ado-eme-008,adolescent,hallucinated_field,temporal,safety screening
anthropic_claude-sonnet-5,REC-ado-eme-008,adolescent,hallucinated_field,temporal,repeat cbc
anthropic_claude-sonnet-5,REC-ado-eme-008,adolescent,hallucinated_field,temporal,follow-up with primary care clinic
anthropic_claude-sonnet-5,REC-ado-eme-009,adolescent,hallucinated_field,procedures,cbc
anthropic_claude-sonnet-5,REC-ado-eme-009,adolescent,omission,temporal,repeat cbc planned for tomorrow morning
anthropic_claude-sonnet-5,REC-ado-eme-009,adolescent,omission,temporal,follow-up with the primary care clinic in one week
anthropic_claude-sonnet-5,REC-ado-eme-009,adolescent,hallucinated_field,temporal,repeat cbc
anthropic_claude-sonnet-5,REC-ado-eme-009,adolescent,hallucinated_field,temporal,follow-up with primary care clinic
anthropic_claude-sonnet-5,REC-ado-eme-010,adolescent,hallucinated_field,diagnoses,rsv bronchiolitis
anthropic_claude-sonnet-5,REC-ado-eme-010,adolescent,hallucinated_field,procedures,cbc
anthropic_claude-sonnet-5,REC-ado-eme-010,adolescent,omission,temporal,repeat cbc planned for tomorrow morning
anthropic_claude-sonnet-5,REC-ado-eme-010,adolescent,omission,temporal,follow-up with the primary care clinic in one week
anthropic_claude-sonnet-5,REC-ado-eme-010,adolescent,omission,temporal,history of rsv bronchiolitis in infancy resolved
anthropic_claude-sonnet-5,REC-ado-eme-010,adolescent,hallucinated_field,temporal,diabetic ketoacidosis
anthropic_claude-sonnet-5,REC-ado-eme-010,adolescent,hallucinated_field,temporal,insulin infusion started
anthropic_claude-sonnet-5,REC-ado-eme-010,adolescent,hallucinated_field,temporal,venous blood gas
anthropic_claude-sonnet-5,REC-ado-eme-010,adolescent,hallucinated_field,temporal,repeat cbc
anthropic_claude-sonnet-5,REC-ado-eme-010,adolescent,hallucinated_field,temporal,follow-up with primary care clinic
anthropic_claude-sonnet-5,REC-ado-eme-010,adolescent,hallucinated_field,temporal,rsv bronchiolitis
anthropic_claude-sonnet-5,REC-ado-icu-001,adolescent,hallucinated_field,procedures,repeat cbc
anthropic_claude-sonnet-5,REC-ado-icu-001,adolescent,omission,temporal,repeat cbc planned for tomorrow morning
anthropic_claude-sonnet-5,REC-ado-icu-001,adolescent,hallucinated_field,temporal,insulin infusion started
anthropic_claude-sonnet-5,REC-ado-icu-001,adolescent,hallucinated_field,temporal,venous blood gas performed
anthropic_claude-sonnet-5,REC-ado-icu-001,adolescent,hallucinated_field,temporal,repeat cbc
anthropic_claude-sonnet-5,REC-ado-icu-001,adolescent,hallucinated_field,temporal,transfer to inpatient unit
anthropic_claude-sonnet-5,REC-ado-icu-002,adolescent,hallucinated_field,procedures,cbc
anthropic_claude-sonnet-5,REC-ado-icu-002,adolescent,omission,temporal,repeat cbc planned for tomorrow morning
anthropic_claude-sonnet-5,REC-ado-icu-002,adolescent,hallucinated_field,temporal,icu admission
anthropic_claude-sonnet-5,REC-ado-icu-002,adolescent,hallucinated_field,temporal,insulin infusion started
anthropic_claude-sonnet-5,REC-ado-icu-002,adolescent,hallucinated_field,temporal,venous blood gas performed
anthropic_claude-sonnet-5,REC-ado-icu-002,adolescent,hallucinated_field,temporal,repeat cbc
anthropic_claude-sonnet-5,REC-ado-icu-003,adolescent,hallucinated_field,diagnoses,rsv bronchiolitis
anthropic_claude-sonnet-5,REC-ado-icu-003,adolescent,hallucinated_field,procedures,cbc
anthropic_claude-sonnet-5,REC-ado-icu-003,adolescent,omission,temporal,history of rsv bronchiolitis in infancy resolved
anthropic_claude-sonnet-5,REC-ado-icu-003,adolescent,omission,temporal,repeat cbc planned for tomorrow morning
anthropic_claude-sonnet-5,REC-ado-icu-003,adolescent,hallucinated_field,temporal,insulin infusion started
anthropic_claude-sonnet-5,REC-ado-icu-003,adolescent,hallucinated_field,temporal,rsv bronchiolitis
anthropic_claude-sonnet-5,REC-ado-icu-003,adolescent,hallucinated_field,temporal,venous blood gas
anthropic_claude-sonnet-5,REC-ado-icu-003,adolescent,hallucinated_field,temporal,cbc
anthropic_claude-sonnet-5,REC-ado-icu-004,adolescent,hallucinated_field,procedures,cbc
anthropic_claude-sonnet-5,REC-ado-icu-004,adolescent,omission,temporal,follow-up with the primary care clinic in one week
anthropic_claude-sonnet-5,REC-ado-icu-004,adolescent,omission,temporal,repeat cbc planned for tomorrow morning
anthropic_claude-sonnet-5,REC-ado-icu-004,adolescent,hallucinated_field,temporal,insulin infusion started
anthropic_claude-sonnet-5,REC-ado-icu-004,adolescent,hallucinated_field,temporal,venous blood gas performed
anthropic_claude-sonnet-5,REC-ado-icu-004,adolescent,hallucinated_field,temporal,follow-up with primary care clinic
anthropic_claude-sonnet-5,REC-ado-icu-004,adolescent,hallucinated_field,temporal,repeat cbc
anthropic_claude-sonnet-5,REC-ado-icu-005,adolescent,hallucinated_field,diagnoses,rsv bronchiolitis
anthropic_claude-sonnet-5,REC-ado-icu-005,adolescent,hallucinated_field,procedures,cbc
anthropic_claude-sonnet-5,REC-ado-icu-005,adolescent,omission,temporal,repeat cbc planned for tomorrow morning
anthropic_claude-sonnet-5,REC-ado-icu-005,adolescent,omission,temporal,history of rsv bronchiolitis in infancy resolved
anthropic_claude-sonnet-5,REC-ado-icu-005,adolescent,hallucinated_field,temporal,icu admission
anthropic_claude-sonnet-5,REC-ado-icu-005,adolescent,hallucinated_field,temporal,insulin infusion started
anthropic_claude-sonnet-5,REC-ado-icu-005,adolescent,hallucinated_field,temporal,venous blood gas performed
anthropic_claude-sonnet-5,REC-ado-icu-005,adolescent,hallucinated_field,temporal,repeat cbc
anthropic_claude-sonnet-5,REC-ado-icu-005,adolescent,hallucinated_field,temporal,rsv bronchiolitis
anthropic_claude-sonnet-5,REC-ado-icu-005,adolescent,hallucinated_field,temporal,transfer to inpatient unit
anthropic_claude-sonnet-5,REC-ado-icu-006,adolescent,hallucinated_field,diagnoses,rsv bronchiolitis
anthropic_claude-sonnet-5,REC-ado-icu-006,adolescent,omission,temporal,history of rsv bronchiolitis in infancy resolved
anthropic_claude-sonnet-5,REC-ado-icu-006,adolescent,hallucinated_field,temporal,diabetic ketoacidosis diagnosis
anthropic_claude-sonnet-5,REC-ado-icu-006,adolescent,hallucinated_field,temporal,insulin infusion started
anthropic_claude-sonnet-5,REC-ado-icu-006,adolescent,hallucinated_field,temporal,rsv bronchiolitis
anthropic_claude-sonnet-5,REC-ado-icu-006,adolescent,hallucinated_field,temporal,venous blood gas
anthropic_claude-sonnet-5,REC-ado-icu-006,adolescent,hallucinated_field,temporal,transfer to inpatient unit
anthropic_claude-sonnet-5,REC-ado-icu-007,adolescent,hallucinated_field,diagnoses,rsv bronchiolitis
anthropic_claude-sonnet-5,REC-ado-icu-007,adolescent,hallucinated_field,procedures,cbc
anthropic_claude-sonnet-5,REC-ado-icu-007,adolescent,omission,temporal,history of rsv bronchiolitis in infancy resolved
anthropic_claude-sonnet-5,REC-ado-icu-007,adolescent,omission,temporal,repeat cbc planned for tomorrow morning
anthropic_claude-sonnet-5,REC-ado-icu-007,adolescent,hallucinated_field,temporal,insulin infusion started
anthropic_claude-sonnet-5,REC-ado-icu-007,adolescent,hallucinated_field,temporal,rsv bronchiolitis
anthropic_claude-sonnet-5,REC-ado-icu-007,adolescent,hallucinated_field,temporal,repeat cbc
anthropic_claude-sonnet-5,REC-ado-icu-008,adolescent,hallucinated_field,diagnoses,rsv bronchiolitis
anthropic_claude-sonnet-5,REC-ado-icu-008,adolescent,omission,temporal,follow-up with the primary care clinic in one week
anthropic_claude-sonnet-5,REC-ado-icu-008,adolescent,omission,temporal,history of rsv bronchiolitis in infancy resolved
anthropic_claude-sonnet-5,REC-ado-icu-008,adolescent,hallucinated_field,temporal,insulin infusion started
anthropic_claude-sonnet-5,REC-ado-icu-008,adolescent,hallucinated_field,temporal,follow-up with primary care clinic
anthropic_claude-sonnet-5,REC-ado-icu-008,adolescent,hallucinated_field,temporal,rsv bronchiolitis
anthropic_claude-sonnet-5,REC-ado-icu-008,adolescent,hallucinated_field,temporal,venous blood gas
anthropic_claude-sonnet-5,REC-ado-icu-009,adolescent,omission,temporal,follow-up with the primary care clinic in one week
anthropic_claude-sonnet-5,REC-ado-icu-009,adolescent,hallucinated_field,temporal,insulin infusion started
anthropic_claude-sonnet-5,REC-ado-icu-009,adolescent,hallucinated_field,temporal,follow-up with primary care clinic
anthropic_claude-sonnet-5,REC-ado-icu-009,adolescent,hallucinated_field,temporal,transfer to inpatient unit
anthropic_claude-sonnet-5,REC-ado-icu-010,adolescent,hallucinated_field,procedures,repeat cbc
anthropic_claude-sonnet-5,REC-ado-icu-010,adolescent,omission,temporal,repeat cbc planned for tomorrow morning
anthropic_claude-sonnet-5,REC-ado-icu-010,adolescent,hallucinated_field,temporal,insulin infusion started
anthropic_claude-sonnet-5,REC-ado-icu-010,adolescent,hallucinated_field,temporal,venous blood gas performed
anthropic_claude-sonnet-5,REC-ado-icu-010,adolescent,hallucinated_field,temporal,repeat cbc
anthropic_claude-sonnet-5,REC-ado-inp-001,adolescent,hallucinated_field,procedures,cbc
anthropic_claude-sonnet-5,REC-ado-inp-001,adolescent,omission,temporal,repeat cbc planned for tomorrow morning
anthropic_claude-sonnet-5,REC-ado-inp-001,adolescent,omission,temporal,follow-up with the primary care clinic in one week
anthropic_claude-sonnet-5,REC-ado-inp-001,adolescent,hallucinated_field,temporal,insulin infusion started
anthropic_claude-sonnet-5,REC-ado-inp-001,adolescent,hallucinated_field,temporal,repeat cbc
anthropic_claude-sonnet-5,REC-ado-inp-001,adolescent,hallucinated_field,temporal,follow-up with primary care clinic
anthropic_claude-sonnet-5,REC-ado-inp-002,adolescent,hallucinated_field,procedures,cbc
anthropic_claude-sonnet-5,REC-ado-inp-002,adolescent,omission,temporal,follow-up with the primary care clinic in one week
anthropic_claude-sonnet-5,REC-ado-inp-002,adolescent,omission,temporal,repeat cbc planned for tomorrow morning
anthropic_claude-sonnet-5,REC-ado-inp-002,adolescent,hallucinated_field,temporal,follow-up with primary care clinic
anthropic_claude-sonnet-5,REC-ado-inp-002,adolescent,hallucinated_field,temporal,repeat cbc
anthropic_claude-sonnet-5,REC-ado-inp-003,adolescent,hallucinated_field,diagnoses,rsv bronchiolitis
anthropic_claude-sonnet-5,REC-ado-inp-003,adolescent,hallucinated_field,procedures,cbc
anthropic_claude-sonnet-5,REC-ado-inp-003,adolescent,omission,temporal,history of rsv bronchiolitis in infancy resolved
anthropic_claude-sonnet-5,REC-ado-inp-003,adolescent,omission,temporal,repeat cbc planned for tomorrow morning
anthropic_claude-sonnet-5,REC-ado-inp-003,adolescent,hallucinated_field,temporal,concussion symptom assessment
anthropic_claude-sonnet-5,REC-ado-inp-003,adolescent,hallucinated_field,temporal,rsv bronchiolitis
anthropic_claude-sonnet-5,REC-ado-inp-003,adolescent,hallucinated_field,temporal,repeat cbc
anthropic_claude-sonnet-5,REC-ado-inp-004,adolescent,hallucinated_field,diagnoses,rsv bronchiolitis
anthropic_claude-sonnet-5,REC-ado-inp-004,adolescent,omission,temporal,history of rsv bronchiolitis in infancy resolved
anthropic_claude-sonnet-5,REC-ado-inp-005,adolescent,hallucinated_field,procedures,repeat cbc
anthropic_claude-sonnet-5,REC-ado-inp-005,adolescent,omission,temporal,follow-up with the primary care clinic in one week
anthropic_claude-sonnet-5,REC-ado-inp-005,adolescent,omission,temporal,repeat cbc planned for tomorrow morning
anthropic_claude-sonnet-5,REC-ado-inp-005,adolescent,hallucinated_field,temporal,started fluoxetine
anthropic_claude-sonnet-5,REC-ado-inp-005,adolescent,hallucinated_field,temporal,safety screening
anthropic_claude-sonnet-5,REC-ado-inp-005,adolescent,hallucinated_field,temporal,follow-up with primary care clinic
anthropic_claude-sonnet-5,REC-ado-inp-005,adolescent,hallucinated_field,temporal,repeat cbc
anthropic_claude-sonnet-5,REC-ado-inp-006,adolescent,hallucinated_field,diagnoses,rsv bronchiolitis
anthropic_claude-sonnet-5,REC-ado-inp-006,adolescent,hallucinated_field,procedures,cbc
anthropic_claude-sonnet-5,REC-ado-inp-006,adolescent,omission,temporal,history of rsv bronchiolitis in infancy resolved
anthropic_claude-sonnet-5,REC-ado-inp-006,adolescent,omission,temporal,repeat cbc planned for tomorrow morning
anthropic_claude-sonnet-5,REC-ado-inp-006,adolescent,hallucinated_field,temporal,concussion symptom assessment
anthropic_claude-sonnet-5,REC-ado-inp-006,adolescent,hallucinated_field,temporal,rsv bronchiolitis
anthropic_claude-sonnet-5,REC-ado-inp-006,adolescent,hallucinated_field,temporal,repeat cbc
anthropic_claude-sonnet-5,REC-ado-inp-006,adolescent,hallucinated_field,temporal,acetaminophen started
anthropic_claude-sonnet-5,REC-ado-inp-007,adolescent,omission,temporal,follow-up with the primary care clinic in one week
anthropic_claude-sonnet-5,REC-ado-inp-007,adolescent,hallucinated_field,temporal,insulin infusion
anthropic_claude-sonnet-5,REC-ado-inp-007,adolescent,hallucinated_field,temporal,follow-up with primary care clinic
anthropic_claude-sonnet-5,REC-ado-inp-008,adolescent,hallucinated_field,diagnoses,rsv bronchiolitis
anthropic_claude-sonnet-5,REC-ado-inp-008,adolescent,omission,temporal,history of rsv bronchiolitis in infancy resolved
anthropic_claude-sonnet-5,REC-ado-inp-008,adolescent,hallucinated_field,temporal,fluoxetine started
anthropic_claude-sonnet-5,REC-ado-inp-008,adolescent,hallucinated_field,temporal,rsv bronchiolitis
anthropic_claude-sonnet-5,REC-ado-inp-008,adolescent,hallucinated_field,temporal,safety screening
anthropic_claude-sonnet-5,REC-ado-inp-009,adolescent,hallucinated_field,temporal,acetaminophen 650 mg po prn started
anthropic_claude-sonnet-5,REC-ado-inp-009,adolescent,hallucinated_field,temporal,concussion symptom assessment
anthropic_claude-sonnet-5,REC-ado-inp-009,adolescent,hallucinated_field,temporal,discharged home
anthropic_claude-sonnet-5,REC-ado-inp-010,adolescent,hallucinated_field,diagnoses,rsv bronchiolitis
anthropic_claude-sonnet-5,REC-ado-inp-010,adolescent,omission,temporal,history of rsv bronchiolitis in infancy resolved
anthropic_claude-sonnet-5,REC-ado-inp-010,adolescent,hallucinated_field,temporal,admission to inpatient ward
anthropic_claude-sonnet-5,REC-ado-inp-010,adolescent,hallucinated_field,temporal,insulin infusion started
anthropic_claude-sonnet-5,REC-ado-inp-010,adolescent,hallucinated_field,temporal,rsv bronchiolitis
anthropic_claude-sonnet-5,REC-ado-inp-010,adolescent,hallucinated_field,temporal,discharge home
anthropic_claude-sonnet-5,REC-ado-out-001,adolescent,hallucinated_field,temporal,fluoxetine started
anthropic_claude-sonnet-5,REC-ado-out-001,adolescent,hallucinated_field,temporal,safety screening performed
anthropic_claude-sonnet-5,REC-ado-out-002,adolescent,hallucinated_field,procedures,cbc
anthropic_claude-sonnet-5,REC-ado-out-002,adolescent,omission,temporal,repeat cbc planned for tomorrow morning
anthropic_claude-sonnet-5,REC-ado-out-002,adolescent,omission,temporal,follow-up with the primary care clinic in one week
anthropic_claude-sonnet-5,REC-ado-out-002,adolescent,hallucinated_field,temporal,acetaminophen started
anthropic_claude-sonnet-5,REC-ado-out-002,adolescent,hallucinated_field,temporal,concussion symptom assessment
anthropic_claude-sonnet-5,REC-ado-out-002,adolescent,hallucinated_field,temporal,repeat cbc
anthropic_claude-sonnet-5,REC-ado-out-002,adolescent,hallucinated_field,temporal,follow-up with primary care clinic
anthropic_claude-sonnet-5,REC-ado-out-003,adolescent,omission,temporal,follow-up with the primary care clinic in one week
anthropic_claude-sonnet-5,REC-ado-out-003,adolescent,hallucinated_field,temporal,fluoxetine started
anthropic_claude-sonnet-5,REC-ado-out-003,adolescent,hallucinated_field,temporal,safety screening performed
anthropic_claude-sonnet-5,REC-ado-out-003,adolescent,hallucinated_field,temporal,follow-up with primary care clinic
anthropic_claude-sonnet-5,REC-ado-out-004,adolescent,hallucinated_field,procedures,repeat cbc
anthropic_claude-sonnet-5,REC-ado-out-004,adolescent,omission,temporal,repeat cbc planned for tomorrow morning
anthropic_claude-sonnet-5,REC-ado-out-004,adolescent,hallucinated_field,temporal,concussion symptom assessment
anthropic_claude-sonnet-5,REC-ado-out-004,adolescent,hallucinated_field,temporal,repeat cbc
anthropic_claude-sonnet-5,REC-ado-out-005,adolescent,hallucinated_field,procedures,cbc
anthropic_claude-sonnet-5,REC-ado-out-005,adolescent,omission,temporal,repeat cbc planned for tomorrow morning
anthropic_claude-sonnet-5,REC-ado-out-005,adolescent,hallucinated_field,temporal,fluoxetine started
anthropic_claude-sonnet-5,REC-ado-out-005,adolescent,hallucinated_field,temporal,safety screening performed
anthropic_claude-sonnet-5,REC-ado-out-005,adolescent,hallucinated_field,temporal,repeat cbc
anthropic_claude-sonnet-5,REC-ado-out-006,adolescent,omission,temporal,follow-up with the primary care clinic in one week
anthropic_claude-sonnet-5,REC-ado-out-006,adolescent,hallucinated_field,temporal,follow-up with primary care clinic
anthropic_claude-sonnet-5,REC-ado-out-007,adolescent,hallucinated_field,procedures,cbc
anthropic_claude-sonnet-5,REC-ado-out-007,adolescent,omission,temporal,follow-up with the primary care clinic in one week
anthropic_claude-sonnet-5,REC-ado-out-007,adolescent,omission,temporal,repeat cbc planned for tomorrow morning
anthropic_claude-sonnet-5,REC-ado-out-007,adolescent,hallucinated_field,temporal,fluoxetine initiation
anthropic_claude-sonnet-5,REC-ado-out-007,adolescent,hallucinated_field,temporal,safety screening
anthropic_claude-sonnet-5,REC-ado-out-007,adolescent,hallucinated_field,temporal,follow-up with primary care clinic
anthropic_claude-sonnet-5,REC-ado-out-007,adolescent,hallucinated_field,temporal,repeat cbc
anthropic_claude-sonnet-5,REC-ado-out-008,adolescent,omission,temporal,follow-up with the primary care clinic in one week
anthropic_claude-sonnet-5,REC-ado-out-008,adolescent,hallucinated_field,temporal,follow-up with primary care clinic
anthropic_claude-sonnet-5,REC-ado-out-009,adolescent,hallucinated_field,diagnoses,rsv bronchiolitis
anthropic_claude-sonnet-5,REC-ado-out-009,adolescent,hallucinated_field,procedures,cbc
anthropic_claude-sonnet-5,REC-ado-out-009,adolescent,omission,temporal,history of rsv bronchiolitis in infancy resolved
anthropic_claude-sonnet-5,REC-ado-out-009,adolescent,omission,temporal,repeat cbc planned for tomorrow morning
anthropic_claude-sonnet-5,REC-ado-out-009,adolescent,hallucinated_field,temporal,fluoxetine started
anthropic_claude-sonnet-5,REC-ado-out-009,adolescent,hallucinated_field,temporal,safety screening performed
anthropic_claude-sonnet-5,REC-ado-out-009,adolescent,hallucinated_field,temporal,rsv bronchiolitis
anthropic_claude-sonnet-5,REC-ado-out-009,adolescent,hallucinated_field,temporal,repeat cbc
anthropic_claude-sonnet-5,REC-ado-out-010,adolescent,omission,temporal,follow-up with the primary care clinic in one week
anthropic_claude-sonnet-5,REC-ado-out-010,adolescent,hallucinated_field,temporal,follow-up with primary care clinic
anthropic_claude-sonnet-5,REC-chi-eme-001,child,hallucinated_field,procedures,complete blood count cbc
anthropic_claude-sonnet-5,REC-chi-eme-001,child,omission,temporal,prior clinic note listed the dose per day rather than per dose
anthropic_claude-sonnet-5,REC-chi-eme-001,child,omission,temporal,repeat cbc planned for tomorrow morning
anthropic_claude-sonnet-5,REC-chi-eme-001,child,hallucinated_field,temporal,prednisolone therapy started
anthropic_claude-sonnet-5,REC-chi-eme-001,child,hallucinated_field,temporal,peak flow measurement
anthropic_claude-sonnet-5,REC-chi-eme-001,child,hallucinated_field,temporal,repeat cbc
anthropic_claude-sonnet-5,REC-chi-eme-001,child,hallucinated_field,temporal,prior clinic note dosing documentation per day rather than per dose
anthropic_claude-sonnet-5,REC-chi-eme-002,child,hallucinated_field,temporal,amoxicillin therapy started
anthropic_claude-sonnet-5,REC-chi-eme-002,child,hallucinated_field,temporal,chest radiograph performed
anthropic_claude-sonnet-5,REC-chi-eme-002,child,hallucinated_field,temporal,admission to inpatient unit
anthropic_claude-sonnet-5,REC-chi-eme-003,child,omission,temporal,prior clinic note listed the dose per day rather than per dose
anthropic_claude-sonnet-5,REC-chi-eme-003,child,hallucinated_field,temporal,appendicitis workup
anthropic_claude-sonnet-5,REC-chi-eme-003,child,hallucinated_field,temporal,morphine administration
anthropic_claude-sonnet-5,REC-chi-eme-003,child,hallucinated_field,temporal,abdominal ultrasound
anthropic_claude-sonnet-5,REC-chi-eme-003,child,hallucinated_field,temporal,prior clinic note documented morphine dose per day
anthropic_claude-sonnet-5,REC-chi-eme-004,child,hallucinated_field,diagnoses,rsv bronchiolitis
anthropic_claude-sonnet-5,REC-chi-eme-004,child,omission,temporal,prior clinic note listed the dose per day rather than per dose
anthropic_claude-sonnet-5,REC-chi-eme-004,child,omission,temporal,history of rsv bronchiolitis in infancy resolved
anthropic_claude-sonnet-5,REC-chi-eme-004,child,hallucinated_field,temporal,asthma exacerbation
anthropic_claude-sonnet-5,REC-chi-eme-004,child,hallucinated_field,temporal,started prednisolone
anthropic_claude-sonnet-5,REC-chi-eme-004,child,hallucinated_field,temporal,peak flow measurement performed
anthropic_claude-sonnet-5,REC-chi-eme-004,child,hallucinated_field,temporal,rsv bronchiolitis
anthropic_claude-sonnet-5,REC-chi-eme-004,child,hallucinated_field,temporal,admission to inpatient unit
anthropic_claude-sonnet-5,REC-chi-eme-005,child,hallucinated_field,temporal,chest radiograph
anthropic_claude-sonnet-5,REC-chi-eme-005,child,hallucinated_field,temporal,amoxicillin started
anthropic_claude-sonnet-5,REC-chi-eme-005,child,hallucinated_field,temporal,fever
anthropic_claude-sonnet-5,REC-chi-eme-006,child,hallucinated_field,temporal,morphine administration
anthropic_claude-sonnet-5,REC-chi-eme-006,child,hallucinated_field,temporal,abdominal ultrasound
anthropic_claude-sonnet-5,REC-chi-eme-007,child,hallucinated_field,diagnoses,rsv bronchiolitis
anthropic_claude-sonnet-5,REC-chi-eme-007,child,omission,temporal,history of rsv bronchiolitis in infancy resolved
anthropic_claude-sonnet-5,REC-chi-eme-007,child,omission,temporal,follow-up with the primary care clinic in one week
anthropic_claude-sonnet-5,REC-chi-eme-007,child,hallucinated_field,temporal,asthma exacerbation
anthropic_claude-sonnet-5,REC-chi-eme-007,child,hallucinated_field,temporal,rsv bronchiolitis
anthropic_claude-sonnet-5,REC-chi-eme-007,child,hallucinated_field,temporal,peak flow measurement
anthropic_claude-sonnet-5,REC-chi-eme-007,child,hallucinated_field,temporal,follow-up with primary care clinic
anthropic_claude-sonnet-5,REC-chi-eme-009,child,hallucinated_field,diagnoses,rsv bronchiolitis
anthropic_claude-sonnet-5,REC-chi-eme-009,child,omission,temporal,prior clinic note listed the dose per day rather than per dose
anthropic_claude-sonnet-5,REC-chi-eme-009,child,omission,temporal,history of rsv bronchiolitis in infancy resolved
anthropic_claude-sonnet-5,REC-chi-eme-009,child,hallucinated_field,temporal,morphine administration
anthropic_claude-sonnet-5,REC-chi-eme-009,child,hallucinated_field,temporal,abdominal ultrasound
anthropic_claude-sonnet-5,REC-chi-eme-009,child,hallucinated_field,temporal,rsv bronchiolitis
anthropic_claude-sonnet-5,REC-chi-eme-009,child,hallucinated_field,temporal,prior clinic note dosing per day
anthropic_claude-sonnet-5,REC-chi-eme-010,child,hallucinated_field,temporal,fever
anthropic_claude-sonnet-5,REC-chi-icu-001,child,omission,temporal,follow-up with the primary care clinic in one week
anthropic_claude-sonnet-5,REC-chi-icu-001,child,hallucinated_field,temporal,follow-up with primary care clinic
anthropic_claude-sonnet-5,REC-chi-icu-002,child,hallucinated_field,diagnoses,rsv bronchiolitis
anthropic_claude-sonnet-5,REC-chi-icu-002,child,omission,temporal,history of rsv bronchiolitis in infancy resolved
anthropic_claude-sonnet-5,REC-chi-icu-002,child,omission,temporal,prior clinic note listed the dose per day rather than per dose
anthropic_claude-sonnet-5,REC-chi-icu-002,child,hallucinated_field,temporal,admission to icu
anthropic_claude-sonnet-5,REC-chi-icu-002,child,hallucinated_field,temporal,appendectomy
anthropic_claude-sonnet-5,REC-chi-icu-002,child,hallucinated_field,temporal,rsv bronchiolitis
anthropic_claude-sonnet-5,REC-chi-icu-002,child,hallucinated_field,temporal,morphine dose documented as per day in prior clinic note
anthropic_claude-sonnet-5,REC-chi-icu-003,child,hallucinated_field,procedures,cbc
anthropic_claude-sonnet-5,REC-chi-icu-003,child,omission,temporal,repeat cbc planned for tomorrow morning
anthropic_claude-sonnet-5,REC-chi-icu-003,child,hallucinated_field,temporal,continuous pulse oximetry
anthropic_claude-sonnet-5,REC-chi-icu-003,child,hallucinated_field,temporal,repeat cbc
anthropic_claude-sonnet-5,REC-chi-icu-004,child,hallucinated_field,diagnoses,rsv bronchiolitis
anthropic_claude-sonnet-5,REC-chi-icu-004,child,omission,temporal,history of rsv bronchiolitis in infancy resolved
anthropic_claude-sonnet-5,REC-chi-icu-004,child,hallucinated_field,temporal,perforated appendicitis
anthropic_claude-sonnet-5,REC-chi-icu-004,child,hallucinated_field,temporal,appendectomy
anthropic_claude-sonnet-5,REC-chi-icu-004,child,hallucinated_field,temporal,rsv bronchiolitis
anthropic_claude-sonnet-5,REC-chi-icu-004,child,hallucinated_field,temporal,transfer to inpatient unit
anthropic_claude-sonnet-5,REC-chi-icu-005,child,hallucinated_field,diagnoses,rsv bronchiolitis
anthropic_claude-sonnet-5,REC-chi-icu-005,child,hallucinated_field,procedures,cbc
anthropic_claude-sonnet-5,REC-chi-icu-005,child,omission,temporal,repeat cbc planned for tomorrow morning
anthropic_claude-sonnet-5,REC-chi-icu-005,child,omission,temporal,history of rsv bronchiolitis in infancy resolved
anthropic_claude-sonnet-5,REC-chi-icu-005,child,hallucinated_field,temporal,albuterol nebulized continuous started
anthropic_claude-sonnet-5,REC-chi-icu-005,child,hallucinated_field,temporal,repeat cbc
anthropic_claude-sonnet-5,REC-chi-icu-005,child,hallucinated_field,temporal,rsv bronchiolitis
anthropic_claude-sonnet-5,REC-chi-icu-006,child,hallucinated_field,procedures,repeat cbc
anthropic_claude-sonnet-5,REC-chi-icu-006,child,omission,temporal,repeat cbc planned for tomorrow morning
anthropic_claude-sonnet-5,REC-chi-icu-006,child,omission,temporal,follow-up with the primary care clinic in one week
anthropic_claude-sonnet-5,REC-chi-icu-006,child,hallucinated_field,temporal,appendectomy
anthropic_claude-sonnet-5,REC-chi-icu-006,child,hallucinated_field,temporal,repeat cbc
anthropic_claude-sonnet-5,REC-chi-icu-006,child,hallucinated_field,temporal,follow-up with primary care clinic
anthropic_claude-sonnet-5,REC-chi-icu-007,child,omission,temporal,prior clinic note listed the dose per day rather than per dose
anthropic_claude-sonnet-5,REC-chi-icu-007,child,omission,temporal,follow-up with the primary care clinic in one week
anthropic_claude-sonnet-5,REC-chi-icu-007,child,hallucinated_field,temporal,albuterol nebulized continuous therapy
anthropic_claude-sonnet-5,REC-chi-icu-007,child,hallucinated_field,temporal,continuous pulse oximetry
anthropic_claude-sonnet-5,REC-chi-icu-007,child,hallucinated_field,temporal,follow-up with primary care clinic
anthropic_claude-sonnet-5,REC-chi-icu-008,child,omission,temporal,follow-up with the primary care clinic in one week
anthropic_claude-sonnet-5,REC-chi-icu-008,child,hallucinated_field,temporal,appendectomy
anthropic_claude-sonnet-5,REC-chi-icu-008,child,hallucinated_field,temporal,follow-up with primary care clinic
anthropic_claude-sonnet-5,REC-chi-icu-009,child,hallucinated_field,procedures,cbc
anthropic_claude-sonnet-5,REC-chi-icu-009,child,omission,temporal,repeat cbc planned for tomorrow morning
anthropic_claude-sonnet-5,REC-chi-icu-009,child,omission,temporal,follow-up with the primary care clinic in one week
anthropic_claude-sonnet-5,REC-chi-icu-009,child,hallucinated_field,temporal,repeat cbc
anthropic_claude-sonnet-5,REC-chi-icu-009,child,hallucinated_field,temporal,follow-up with primary care clinic
anthropic_claude-sonnet-5,REC-chi-icu-010,child,hallucinated_field,temporal,appendectomy
anthropic_claude-sonnet-5,REC-chi-icu-010,child,hallucinated_field,temporal,transfer to inpatient unit
anthropic_claude-sonnet-5,REC-chi-inp-001,child,hallucinated_field,diagnoses,rsv bronchiolitis
anthropic_claude-sonnet-5,REC-chi-inp-001,child,omission,temporal,follow-up with the primary care clinic in one week
anthropic_claude-sonnet-5,REC-chi-inp-001,child,omission,temporal,history of rsv bronchiolitis in infancy resolved
anthropic_claude-sonnet-5,REC-chi-inp-001,child,hallucinated_field,temporal,rsv bronchiolitis
anthropic_claude-sonnet-5,REC-chi-inp-001,child,hallucinated_field,temporal,follow-up with primary care clinic
anthropic_claude-sonnet-5,REC-chi-inp-002,child,omission,temporal,prior clinic note listed the dose per day rather than per dose
anthropic_claude-sonnet-5,REC-chi-inp-002,child,hallucinated_field,temporal,amoxicillin started
anthropic_claude-sonnet-5,REC-chi-inp-002,child,hallucinated_field,temporal,chest radiograph performed
anthropic_claude-sonnet-5,REC-chi-inp-002,child,hallucinated_field,temporal,prior clinic note listed dose per day instead of per dose
anthropic_claude-sonnet-5,REC-chi-inp-003,child,hallucinated_field,temporal,appendicitis workup
anthropic_claude-sonnet-5,REC-chi-inp-003,child,hallucinated_field,temporal,morphine administration
anthropic_claude-sonnet-5,REC-chi-inp-003,child,hallucinated_field,temporal,abdominal ultrasound
anthropic_claude-sonnet-5,REC-chi-inp-003,child,hallucinated_field,temporal,discharge home
anthropic_claude-sonnet-5,REC-chi-inp-004,child,hallucinated_field,diagnoses,rsv bronchiolitis
anthropic_claude-sonnet-5,REC-chi-inp-004,child,omission,temporal,history of rsv bronchiolitis in infancy resolved
anthropic_claude-sonnet-5,REC-chi-inp-004,child,hallucinated_field,temporal,asthma exacerbation
anthropic_claude-sonnet-5,REC-chi-inp-004,child,hallucinated_field,temporal,rsv bronchiolitis
anthropic_claude-sonnet-5,REC-chi-inp-004,child,hallucinated_field,temporal,prednisolone started
anthropic_claude-sonnet-5,REC-chi-inp-004,child,hallucinated_field,temporal,peak flow measurement
anthropic_claude-sonnet-5,REC-chi-inp-004,child,hallucinated_field,temporal,discharge home
anthropic_claude-sonnet-5,REC-chi-inp-005,child,hallucinated_field,diagnoses,rsv bronchiolitis
anthropic_claude-sonnet-5,REC-chi-inp-005,child,omission,temporal,history of rsv bronchiolitis in infancy resolved
anthropic_claude-sonnet-5,REC-chi-inp-005,child,hallucinated_field,temporal,rsv bronchiolitis
anthropic_claude-sonnet-5,REC-chi-inp-005,child,hallucinated_field,temporal,amoxicillin started
anthropic_claude-sonnet-5,REC-chi-inp-005,child,hallucinated_field,temporal,chest radiograph
anthropic_claude-sonnet-5,REC-chi-inp-006,child,hallucinated_field,diagnoses,rsv bronchiolitis
anthropic_claude-sonnet-5,REC-chi-inp-006,child,omission,temporal,prior clinic note listed the dose per day rather than per dose
anthropic_claude-sonnet-5,REC-chi-inp-006,child,omission,temporal,history of rsv bronchiolitis in infancy resolved
anthropic_claude-sonnet-5,REC-chi-inp-006,child,hallucinated_field,temporal,appendicitis workup
anthropic_claude-sonnet-5,REC-chi-inp-006,child,hallucinated_field,temporal,abdominal ultrasound
anthropic_claude-sonnet-5,REC-chi-inp-006,child,hallucinated_field,temporal,morphine dose documented as per day
anthropic_claude-sonnet-5,REC-chi-inp-006,child,hallucinated_field,temporal,rsv bronchiolitis
anthropic_claude-sonnet-5,REC-chi-inp-007,child,omission,temporal,follow-up with the primary care clinic in one week
anthropic_claude-sonnet-5,REC-chi-inp-007,child,hallucinated_field,temporal,admission to inpatient ward
anthropic_claude-sonnet-5,REC-chi-inp-007,child,hallucinated_field,temporal,peak flow measurement
anthropic_claude-sonnet-5,REC-chi-inp-007,child,hallucinated_field,temporal,follow-up with primary care clinic
anthropic_claude-sonnet-5,REC-chi-inp-008,child,omission,temporal,prior clinic note listed the dose per day rather than per dose
anthropic_claude-sonnet-5,REC-chi-inp-008,child,hallucinated_field,temporal,admission
anthropic_claude-sonnet-5,REC-chi-inp-008,child,hallucinated_field,temporal,amoxicillin started
anthropic_claude-sonnet-5,REC-chi-inp-008,child,hallucinated_field,temporal,chest radiograph performed
anthropic_claude-sonnet-5,REC-chi-inp-008,child,hallucinated_field,temporal,prior clinic note documented different dosing
anthropic_claude-sonnet-5,REC-chi-inp-008,child,hallucinated_field,temporal,discharge home
anthropic_claude-sonnet-5,REC-chi-inp-009,child,hallucinated_field,procedures,repeat cbc
anthropic_claude-sonnet-5,REC-chi-inp-009,child,omission,temporal,repeat cbc planned for tomorrow morning
anthropic_claude-sonnet-5,REC-chi-inp-009,child,hallucinated_field,temporal,appendicitis workup
anthropic_claude-sonnet-5,REC-chi-inp-009,child,hallucinated_field,temporal,abdominal ultrasound
anthropic_claude-sonnet-5,REC-chi-inp-009,child,hallucinated_field,temporal,repeat cbc
anthropic_claude-sonnet-5,REC-chi-inp-010,child,omission,temporal,follow-up with the primary care clinic in one week
anthropic_claude-sonnet-5,REC-chi-inp-010,child,omission,temporal,prior clinic note listed the dose per day rather than per dose
anthropic_claude-sonnet-5,REC-chi-inp-010,child,hallucinated_field,temporal,peak flow measurement
anthropic_claude-sonnet-5,REC-chi-inp-010,child,hallucinated_field,temporal,follow-up with primary care clinic
anthropic_claude-sonnet-5,REC-chi-inp-010,child,hallucinated_field,temporal,prior clinic dosing documentation
anthropic_claude-sonnet-5,REC-chi-out-001,child,hallucinated_field,procedures,cbc
anthropic_claude-sonnet-5,REC-chi-out-001,child,omission,temporal,repeat cbc planned for tomorrow morning
anthropic_claude-sonnet-5,REC-chi-out-001,child,omission,temporal,prior clinic note listed the dose per day rather than per dose
anthropic_claude-sonnet-5,REC-chi-out-001,child,hallucinated_field,temporal,prednisolone started
anthropic_claude-sonnet-5,REC-chi-out-001,child,hallucinated_field,temporal,peak flow measurement
anthropic_claude-sonnet-5,REC-chi-out-001,child,hallucinated_field,temporal,repeat cbc
anthropic_claude-sonnet-5,REC-chi-out-002,child,hallucinated_field,diagnoses,rsv bronchiolitis
anthropic_claude-sonnet-5,REC-chi-out-002,child,hallucinated_field,procedures,cbc
anthropic_claude-sonnet-5,REC-chi-out-002,child,omission,temporal,history of rsv bronchiolitis in infancy resolved
anthropic_claude-sonnet-5,REC-chi-out-002,child,omission,temporal,repeat cbc planned for tomorrow morning
anthropic_claude-sonnet-5,REC-chi-out-002,child,hallucinated_field,temporal,rsv bronchiolitis
anthropic_claude-sonnet-5,REC-chi-out-002,child,hallucinated_field,temporal,chest radiograph
anthropic_claude-sonnet-5,REC-chi-out-002,child,hallucinated_field,temporal,repeat cbc
anthropic_claude-sonnet-5,REC-chi-out-003,child,hallucinated_field,procedures,cbc
anthropic_claude-sonnet-5,REC-chi-out-003,child,omission,temporal,repeat cbc planned for tomorrow morning
anthropic_claude-sonnet-5,REC-chi-out-003,child,hallucinated_field,temporal,prednisolone started
anthropic_claude-sonnet-5,REC-chi-out-003,child,hallucinated_field,temporal,peak flow measurement
anthropic_claude-sonnet-5,REC-chi-out-003,child,hallucinated_field,temporal,cbc
anthropic_claude-sonnet-5,REC-chi-out-004,child,omission,temporal,prior clinic note listed the dose per day rather than per dose
anthropic_claude-sonnet-5,REC-chi-out-004,child,hallucinated_field,temporal,amoxicillin started
anthropic_claude-sonnet-5,REC-chi-out-004,child,hallucinated_field,temporal,chest radiograph performed
anthropic_claude-sonnet-5,REC-chi-out-004,child,hallucinated_field,temporal,amoxicillin dose documented as per day
anthropic_claude-sonnet-5,REC-chi-out-005,child,hallucinated_field,diagnoses,rsv bronchiolitis
anthropic_claude-sonnet-5,REC-chi-out-005,child,hallucinated_field,procedures,cbc
anthropic_claude-sonnet-5,REC-chi-out-005,child,omission,temporal,repeat cbc planned for tomorrow morning
anthropic_claude-sonnet-5,REC-chi-out-005,child,omission,temporal,history of rsv bronchiolitis in infancy resolved
anthropic_claude-sonnet-5,REC-chi-out-005,child,hallucinated_field,temporal,repeat cbc
anthropic_claude-sonnet-5,REC-chi-out-006,child,hallucinated_field,procedures,repeat cbc
anthropic_claude-sonnet-5,REC-chi-out-006,child,omission,temporal,repeat cbc planned for tomorrow morning
anthropic_claude-sonnet-5,REC-chi-out-006,child,omission,temporal,follow-up with the primary care clinic in one week
anthropic_claude-sonnet-5,REC-chi-out-006,child,hallucinated_field,temporal,chest radiograph performed
anthropic_claude-sonnet-5,REC-chi-out-006,child,hallucinated_field,temporal,repeat cbc
anthropic_claude-sonnet-5,REC-chi-out-006,child,hallucinated_field,temporal,follow-up with primary care clinic
anthropic_claude-sonnet-5,REC-chi-out-006,child,hallucinated_field,temporal,amoxicillin started
anthropic_claude-sonnet-5,REC-chi-out-007,child,hallucinated_field,diagnoses,rsv bronchiolitis
anthropic_claude-sonnet-5,REC-chi-out-007,child,hallucinated_field,procedures,repeat cbc
anthropic_claude-sonnet-5,REC-chi-out-007,child,omission,temporal,history of rsv bronchiolitis in infancy resolved
anthropic_claude-sonnet-5,REC-chi-out-007,child,omission,temporal,repeat cbc planned for tomorrow morning
anthropic_claude-sonnet-5,REC-chi-out-007,child,hallucinated_field,temporal,asthma exacerbation
anthropic_claude-sonnet-5,REC-chi-out-007,child,hallucinated_field,temporal,prednisolone started
anthropic_claude-sonnet-5,REC-chi-out-007,child,hallucinated_field,temporal,peak flow measurement
anthropic_claude-sonnet-5,REC-chi-out-007,child,hallucinated_field,temporal,rsv bronchiolitis
anthropic_claude-sonnet-5,REC-chi-out-007,child,hallucinated_field,temporal,repeat cbc
anthropic_claude-sonnet-5,REC-chi-out-008,child,hallucinated_field,temporal,chest radiograph
anthropic_claude-sonnet-5,REC-chi-out-008,child,hallucinated_field,temporal,amoxicillin started
anthropic_claude-sonnet-5,REC-chi-out-009,child,omission,temporal,prior clinic note listed the dose per day rather than per dose
anthropic_claude-sonnet-5,REC-chi-out-009,child,hallucinated_field,temporal,peak flow measurement
anthropic_claude-sonnet-5,REC-chi-out-009,child,hallucinated_field,temporal,prior clinic note dose documentation
anthropic_claude-sonnet-5,REC-chi-out-010,child,omission,temporal,prior clinic note listed the dose per day rather than per dose
anthropic_claude-sonnet-5,REC-chi-out-010,child,omission,temporal,follow-up with the primary care clinic in one week
anthropic_claude-sonnet-5,REC-chi-out-010,child,hallucinated_field,temporal,chest radiograph
anthropic_claude-sonnet-5,REC-chi-out-010,child,hallucinated_field,temporal,follow-up with primary care clinic
anthropic_claude-sonnet-5,REC-inf-eme-001,infant,hallucinated_field,temporal,nasal suctioning
anthropic_claude-sonnet-5,REC-inf-eme-002,infant,omission,temporal,follow-up with the primary care clinic in one week
anthropic_claude-sonnet-5,REC-inf-eme-002,infant,hallucinated_field,temporal,follow-up with primary care clinic
anthropic_claude-sonnet-5,REC-inf-eme-003,infant,hallucinated_field,diagnoses,mild eczema
anthropic_claude-sonnet-5,REC-inf-eme-003,infant,omission,temporal,history of mild eczema well controlled
anthropic_claude-sonnet-5,REC-inf-eme-003,infant,omission,temporal,follow-up with the primary care clinic in one week
anthropic_claude-sonnet-5,REC-inf-eme-003,infant,hallucinated_field,temporal,ceftriaxone administration
anthropic_claude-sonnet-5,REC-inf-eme-003,infant,hallucinated_field,temporal,urine culture
anthropic_claude-sonnet-5,REC-inf-eme-003,infant,hallucinated_field,temporal,follow-up with primary care clinic
anthropic_claude-sonnet-5,REC-inf-eme-003,infant,hallucinated_field,temporal,admission to inpatient unit
anthropic_claude-sonnet-5,REC-inf-eme-004,infant,hallucinated_field,diagnoses,eczema
anthropic_claude-sonnet-5,REC-inf-eme-004,infant,hallucinated_field,procedures,cbc
anthropic_claude-sonnet-5,REC-inf-eme-004,infant,omission,temporal,history of mild eczema well controlled
anthropic_claude-sonnet-5,REC-inf-eme-004,infant,omission,temporal,repeat cbc planned for tomorrow morning
anthropic_claude-sonnet-5,REC-inf-eme-004,infant,hallucinated_field,temporal,nasal suctioning
anthropic_claude-sonnet-5,REC-inf-eme-004,infant,hallucinated_field,temporal,repeat cbc
anthropic_claude-sonnet-5,REC-inf-eme-004,infant,hallucinated_field,temporal,eczema
anthropic_claude-sonnet-5,REC-inf-eme-004,infant,hallucinated_field,temporal,fever
anthropic_claude-sonnet-5,REC-inf-eme-005,infant,hallucinated_field,diagnoses,eczema
anthropic_claude-sonnet-5,REC-inf-eme-005,infant,omission,temporal,history of mild eczema well controlled
anthropic_claude-sonnet-5,REC-inf-eme-005,infant,omission,temporal,follow-up with the primary care clinic in one week
anthropic_claude-sonnet-5,REC-inf-eme-005,infant,hallucinated_field,temporal,tympanic membrane exam
anthropic_claude-sonnet-5,REC-inf-eme-005,infant,hallucinated_field,temporal,follow-up with primary care clinic
anthropic_claude-sonnet-5,REC-inf-eme-005,infant,hallucinated_field,temporal,eczema
anthropic_claude-sonnet-5,REC-inf-eme-006,infant,omission,temporal,prior clinic note listed the dose per day rather than per dose
anthropic_claude-sonnet-5,REC-inf-eme-006,infant,hallucinated_field,temporal,ceftriaxone dosing documented as per day
anthropic_claude-sonnet-5,REC-inf-eme-006,infant,hallucinated_field,temporal,admission to inpatient unit
anthropic_claude-sonnet-5,REC-inf-eme-007,infant,omission,temporal,follow-up with the primary care clinic in one week
anthropic_claude-sonnet-5,REC-inf-eme-007,infant,hallucinated_field,temporal,nasal suctioning
anthropic_claude-sonnet-5,REC-inf-eme-007,infant,hallucinated_field,temporal,follow-up with primary care clinic
anthropic_claude-sonnet-5,REC-inf-eme-008,infant,omission,temporal,follow-up with the primary care clinic in one week
anthropic_claude-sonnet-5,REC-inf-eme-008,infant,omission,temporal,prior clinic note listed the dose per day rather than per dose
anthropic_claude-sonnet-5,REC-inf-eme-008,infant,hallucinated_field,temporal,amoxicillin started
anthropic_claude-sonnet-5,REC-inf-eme-008,infant,hallucinated_field,temporal,follow-up with primary care clinic
anthropic_claude-sonnet-5,REC-inf-eme-009,infant,hallucinated_field,procedures,cbc
anthropic_claude-sonnet-5,REC-inf-eme-009,infant,omission,temporal,prior clinic note listed the dose per day rather than per dose
anthropic_claude-sonnet-5,REC-inf-eme-009,infant,omission,temporal,repeat cbc planned for tomorrow morning
anthropic_claude-sonnet-5,REC-inf-eme-009,infant,omission,temporal,follow-up with the primary care clinic in one week
anthropic_claude-sonnet-5,REC-inf-eme-009,infant,hallucinated_field,temporal,ceftriaxone administration
anthropic_claude-sonnet-5,REC-inf-eme-009,infant,hallucinated_field,temporal,repeat cbc
anthropic_claude-sonnet-5,REC-inf-eme-009,infant,hallucinated_field,temporal,follow-up with primary care clinic
anthropic_claude-sonnet-5,REC-inf-eme-009,infant,hallucinated_field,temporal,prior clinic note dosing documentation
anthropic_claude-sonnet-5,REC-inf-eme-010,infant,hallucinated_field,diagnoses,eczema
anthropic_claude-sonnet-5,REC-inf-eme-010,infant,omission,temporal,history of mild eczema well controlled
anthropic_claude-sonnet-5,REC-inf-eme-010,infant,hallucinated_field,temporal,nasal suctioning
anthropic_claude-sonnet-5,REC-inf-icu-001,infant,hallucinated_field,procedures,repeat cbc
anthropic_claude-sonnet-5,REC-inf-icu-001,infant,omission,temporal,repeat cbc planned for tomorrow morning
anthropic_claude-sonnet-5,REC-inf-icu-001,infant,hallucinated_field,temporal,nasal suctioning
anthropic_claude-sonnet-5,REC-inf-icu-001,infant,hallucinated_field,temporal,repeat cbc
anthropic_claude-sonnet-5,REC-inf-icu-002,infant,omission,temporal,prior clinic note listed the dose per day rather than per dose
anthropic_claude-sonnet-5,REC-inf-icu-002,infant,omission,temporal,follow-up with the primary care clinic in one week
anthropic_claude-sonnet-5,REC-inf-icu-002,infant,hallucinated_field,temporal,urine culture
anthropic_claude-sonnet-5,REC-inf-icu-002,infant,hallucinated_field,temporal,follow-up with primary care clinic
anthropic_claude-sonnet-5,REC-inf-icu-002,infant,hallucinated_field,temporal,prior clinic note dose documentation per day rather than per dose
anthropic_claude-sonnet-5,REC-inf-icu-003,infant,hallucinated_field,temporal,nasal suctioning
anthropic_claude-sonnet-5,REC-inf-icu-003,infant,hallucinated_field,temporal,transfer to inpatient unit
anthropic_claude-sonnet-5,REC-inf-icu-004,infant,hallucinated_field,diagnoses,mild eczema
anthropic_claude-sonnet-5,REC-inf-icu-004,infant,hallucinated_field,procedures,cbc
anthropic_claude-sonnet-5,REC-inf-icu-004,infant,omission,temporal,follow-up with the primary care clinic in one week
anthropic_claude-sonnet-5,REC-inf-icu-004,infant,omission,temporal,repeat cbc planned for tomorrow morning
anthropic_claude-sonnet-5,REC-inf-icu-004,infant,omission,temporal,history of mild eczema well controlled
anthropic_claude-sonnet-5,REC-inf-icu-004,infant,hallucinated_field,temporal,ceftriaxone started
anthropic_claude-sonnet-5,REC-inf-icu-004,infant,hallucinated_field,temporal,urine culture performed
anthropic_claude-sonnet-5,REC-inf-icu-004,infant,hallucinated_field,temporal,follow-up with primary care clinic
anthropic_claude-sonnet-5,REC-inf-icu-004,infant,hallucinated_field,temporal,repeat cbc
anthropic_claude-sonnet-5,REC-inf-icu-005,infant,hallucinated_field,procedures,cbc
anthropic_claude-sonnet-5,REC-inf-icu-005,infant,omission,temporal,repeat cbc planned for tomorrow morning
anthropic_claude-sonnet-5,REC-inf-icu-005,infant,omission,temporal,follow-up with the primary care clinic in one week
anthropic_claude-sonnet-5,REC-inf-icu-005,infant,hallucinated_field,temporal,repeat cbc
anthropic_claude-sonnet-5,REC-inf-icu-005,infant,hallucinated_field,temporal,follow-up with primary care clinic
anthropic_claude-sonnet-5,REC-inf-icu-006,infant,omission,temporal,prior clinic note listed the dose per day rather than per dose
anthropic_claude-sonnet-5,REC-inf-icu-006,infant,hallucinated_field,temporal,ceftriaxone started
anthropic_claude-sonnet-5,REC-inf-icu-006,infant,hallucinated_field,temporal,prior clinic note listed dose per day
anthropic_claude-sonnet-5,REC-inf-icu-006,infant,hallucinated_field,temporal,urine culture performed
anthropic_claude-sonnet-5,REC-inf-icu-006,infant,hallucinated_field,temporal,transfer to inpatient unit
anthropic_claude-sonnet-5,REC-inf-icu-007,infant,hallucinated_field,procedures,repeat cbc
anthropic_claude-sonnet-5,REC-inf-icu-007,infant,omission,temporal,follow-up with the primary care clinic in one week
anthropic_claude-sonnet-5,REC-inf-icu-007,infant,omission,temporal,repeat cbc planned for tomorrow morning
anthropic_claude-sonnet-5,REC-inf-icu-007,infant,hallucinated_field,temporal,nasal suctioning
anthropic_claude-sonnet-5,REC-inf-icu-007,infant,hallucinated_field,temporal,follow-up with primary care clinic
anthropic_claude-sonnet-5,REC-inf-icu-007,infant,hallucinated_field,temporal,repeat cbc
anthropic_claude-sonnet-5,REC-inf-icu-008,infant,omission,temporal,prior clinic note listed the dose per day rather than per dose
anthropic_claude-sonnet-5,REC-inf-icu-008,infant,hallucinated_field,temporal,admission to icu
anthropic_claude-sonnet-5,REC-inf-icu-008,infant,hallucinated_field,temporal,ceftriaxone initiation
anthropic_claude-sonnet-5,REC-inf-icu-008,infant,hallucinated_field,temporal,urine culture
anthropic_claude-sonnet-5,REC-inf-icu-008,infant,hallucinated_field,temporal,transfer to inpatient unit
anthropic_claude-sonnet-5,REC-inf-icu-009,infant,hallucinated_field,temporal,nasal suctioning
anthropic_claude-sonnet-5,REC-inf-icu-009,infant,hallucinated_field,temporal,transfer to inpatient unit
anthropic_claude-sonnet-5,REC-inf-icu-010,infant,hallucinated_field,diagnoses,eczema
anthropic_claude-sonnet-5,REC-inf-icu-010,infant,omission,temporal,history of mild eczema well controlled
anthropic_claude-sonnet-5,REC-inf-icu-010,infant,omission,temporal,prior clinic note listed the dose per day rather than per dose
anthropic_claude-sonnet-5,REC-inf-icu-010,infant,hallucinated_field,temporal,ceftriaxone dosing documented as per day in prior clinic note
anthropic_claude-sonnet-5,REC-inf-icu-010,infant,hallucinated_field,temporal,transfer to inpatient unit
anthropic_claude-sonnet-5,REC-inf-inp-001,infant,omission,temporal,follow-up with the primary care clinic in one week
anthropic_claude-sonnet-5,REC-inf-inp-001,infant,hallucinated_field,temporal,nasal suctioning
anthropic_claude-sonnet-5,REC-inf-inp-001,infant,hallucinated_field,temporal,follow-up with primary care clinic
anthropic_claude-sonnet-5,REC-inf-inp-002,infant,hallucinated_field,diagnoses,eczema
anthropic_claude-sonnet-5,REC-inf-inp-002,infant,hallucinated_field,procedures,cbc
anthropic_claude-sonnet-5,REC-inf-inp-002,infant,omission,temporal,repeat cbc planned for tomorrow morning
anthropic_claude-sonnet-5,REC-inf-inp-002,infant,omission,temporal,history of mild eczema well controlled
anthropic_claude-sonnet-5,REC-inf-inp-002,infant,omission,temporal,follow-up with the primary care clinic in one week
anthropic_claude-sonnet-5,REC-inf-inp-002,infant,hallucinated_field,temporal,urine culture
anthropic_claude-sonnet-5,REC-inf-inp-002,infant,hallucinated_field,temporal,repeat cbc
anthropic_claude-sonnet-5,REC-inf-inp-002,infant,hallucinated_field,temporal,follow-up with primary care clinic
anthropic_claude-sonnet-5,REC-inf-inp-003,infant,hallucinated_field,temporal,nasal suctioning
anthropic_claude-sonnet-5,REC-inf-inp-004,infant,hallucinated_field,diagnoses,eczema
anthropic_claude-sonnet-5,REC-inf-inp-004,infant,omission,temporal,history of mild eczema well controlled
anthropic_claude-sonnet-5,REC-inf-inp-005,infant,hallucinated_field,procedures,cbc
anthropic_claude-sonnet-5,REC-inf-inp-005,infant,omission,temporal,repeat cbc planned for tomorrow morning
anthropic_claude-sonnet-5,REC-inf-inp-005,infant,omission,temporal,follow-up with the primary care clinic in one week
anthropic_claude-sonnet-5,REC-inf-inp-005,infant,hallucinated_field,temporal,cbc
anthropic_claude-sonnet-5,REC-inf-inp-005,infant,hallucinated_field,temporal,follow-up with primary care clinic
anthropic_claude-sonnet-5,REC-inf-inp-006,infant,hallucinated_field,procedures,cbc
anthropic_claude-sonnet-5,REC-inf-inp-006,infant,omission,temporal,repeat cbc planned for tomorrow morning
anthropic_claude-sonnet-5,REC-inf-inp-006,infant,hallucinated_field,temporal,urine culture
anthropic_claude-sonnet-5,REC-inf-inp-006,infant,hallucinated_field,temporal,repeat cbc
anthropic_claude-sonnet-5,REC-inf-inp-007,infant,hallucinated_field,procedures,repeat cbc
anthropic_claude-sonnet-5,REC-inf-inp-007,infant,omission,temporal,repeat cbc planned for tomorrow morning
anthropic_claude-sonnet-5,REC-inf-inp-007,infant,hallucinated_field,temporal,nasal suctioning
anthropic_claude-sonnet-5,REC-inf-inp-007,infant,hallucinated_field,temporal,repeat cbc
anthropic_claude-sonnet-5,REC-inf-inp-008,infant,hallucinated_field,diagnoses,eczema
anthropic_claude-sonnet-5,REC-inf-inp-008,infant,omission,temporal,history of mild eczema well controlled
anthropic_claude-sonnet-5,REC-inf-inp-008,infant,hallucinated_field,temporal,admission to inpatient ward
anthropic_claude-sonnet-5,REC-inf-inp-008,infant,hallucinated_field,temporal,ceftriaxone administration
anthropic_claude-sonnet-5,REC-inf-inp-008,infant,hallucinated_field,temporal,urine culture
anthropic_claude-sonnet-5,REC-inf-inp-008,infant,hallucinated_field,temporal,eczema
anthropic_claude-sonnet-5,REC-inf-inp-008,infant,hallucinated_field,temporal,discharge
anthropic_claude-sonnet-5,REC-inf-inp-009,infant,hallucinated_field,procedures,repeat cbc
anthropic_claude-sonnet-5,REC-inf-inp-009,infant,omission,temporal,repeat cbc planned for tomorrow morning
anthropic_claude-sonnet-5,REC-inf-inp-009,infant,omission,temporal,follow-up with the primary care clinic in one week
anthropic_claude-sonnet-5,REC-inf-inp-009,infant,hallucinated_field,temporal,repeat cbc
anthropic_claude-sonnet-5,REC-inf-inp-009,infant,hallucinated_field,temporal,follow-up with primary care clinic
anthropic_claude-sonnet-5,REC-inf-inp-010,infant,omission,temporal,follow-up with the primary care clinic in one week
anthropic_claude-sonnet-5,REC-inf-inp-010,infant,hallucinated_field,temporal,ceftriaxone administration
anthropic_claude-sonnet-5,REC-inf-inp-010,infant,hallucinated_field,temporal,follow-up with primary care clinic
anthropic_claude-sonnet-5,REC-inf-out-001,infant,hallucinated_field,temporal,nasal suctioning
anthropic_claude-sonnet-5,REC-inf-out-002,infant,hallucinated_field,diagnoses,mild eczema
anthropic_claude-sonnet-5,REC-inf-out-002,infant,omission,temporal,history of mild eczema well controlled
anthropic_claude-sonnet-5,REC-inf-out-002,infant,hallucinated_field,temporal,amoxicillin therapy
anthropic_claude-sonnet-5,REC-inf-out-002,infant,hallucinated_field,temporal,tympanic membrane exam
anthropic_claude-sonnet-5,REC-inf-out-003,infant,hallucinated_field,temporal,nasal suctioning
anthropic_claude-sonnet-5,REC-inf-out-004,infant,hallucinated_field,procedures,cbc
anthropic_claude-sonnet-5,REC-inf-out-004,infant,omission,temporal,repeat cbc planned for tomorrow morning
anthropic_claude-sonnet-5,REC-inf-out-004,infant,hallucinated_field,temporal,amoxicillin started
anthropic_claude-sonnet-5,REC-inf-out-004,infant,hallucinated_field,temporal,tympanic membrane exam
anthropic_claude-sonnet-5,REC-inf-out-004,infant,hallucinated_field,temporal,repeat cbc
anthropic_claude-sonnet-5,REC-inf-out-005,infant,hallucinated_field,temporal,nasal suctioning
anthropic_claude-sonnet-5,REC-inf-out-006,infant,omission,temporal,follow-up with the primary care clinic in one week
anthropic_claude-sonnet-5,REC-inf-out-006,infant,hallucinated_field,temporal,tympanic membrane exam
anthropic_claude-sonnet-5,REC-inf-out-006,infant,hallucinated_field,temporal,follow-up with primary care clinic
anthropic_claude-sonnet-5,REC-inf-out-007,infant,hallucinated_field,temporal,nasal suctioning
anthropic_claude-sonnet-5,REC-inf-out-008,infant,hallucinated_field,diagnoses,eczema
anthropic_claude-sonnet-5,REC-inf-out-008,infant,hallucinated_field,procedures,cbc
anthropic_claude-sonnet-5,REC-inf-out-008,infant,omission,temporal,history of mild eczema well controlled
anthropic_claude-sonnet-5,REC-inf-out-008,infant,omission,temporal,repeat cbc planned for tomorrow morning
anthropic_claude-sonnet-5,REC-inf-out-008,infant,omission,temporal,prior clinic note listed the dose per day rather than per dose
anthropic_claude-sonnet-5,REC-inf-out-008,infant,hallucinated_field,temporal,amoxicillin started
anthropic_claude-sonnet-5,REC-inf-out-008,infant,hallucinated_field,temporal,tympanic membrane exam
anthropic_claude-sonnet-5,REC-inf-out-008,infant,hallucinated_field,temporal,cbc
anthropic_claude-sonnet-5,REC-inf-out-009,infant,hallucinated_field,procedures,cbc
anthropic_claude-sonnet-5,REC-inf-out-009,infant,omission,temporal,repeat cbc planned for tomorrow morning
anthropic_claude-sonnet-5,REC-inf-out-009,infant,omission,temporal,follow-up with the primary care clinic in one week
anthropic_claude-sonnet-5,REC-inf-out-009,infant,hallucinated_field,temporal,nasal suctioning
anthropic_claude-sonnet-5,REC-inf-out-009,infant,hallucinated_field,temporal,repeat cbc
anthropic_claude-sonnet-5,REC-inf-out-009,infant,hallucinated_field,temporal,follow-up with primary care clinic
anthropic_claude-sonnet-5,REC-inf-out-010,infant,hallucinated_field,temporal,amoxicillin started
anthropic_claude-sonnet-5,REC-inf-out-010,infant,hallucinated_field,temporal,tympanic membrane exam
anthropic_claude-sonnet-5,REC-inf-out-010,infant,hallucinated_field,temporal,discharged home
anthropic_claude-sonnet-5,REC-neo-eme-001,neonate,hallucinated_field,diagnoses,term birth
anthropic_claude-sonnet-5,REC-neo-eme-001,neonate,hallucinated_field,procedures,vaginal delivery
anthropic_claude-sonnet-5,REC-neo-eme-001,neonate,omission,temporal,born at term with unknown maternal group b streptococcus status
anthropic_claude-sonnet-5,REC-neo-eme-001,neonate,omission,temporal,born by uncomplicated vaginal delivery
anthropic_claude-sonnet-5,REC-neo-eme-001,neonate,hallucinated_field,temporal,early-onset sepsis workup
anthropic_claude-sonnet-5,REC-neo-eme-001,neonate,hallucinated_field,temporal,delivery
anthropic_claude-sonnet-5,REC-neo-eme-001,neonate,hallucinated_field,temporal,lumbar puncture
anthropic_claude-sonnet-5,REC-neo-eme-002,neonate,omission,temporal,born at 36 weeks gestation exclusively breastfed
anthropic_claude-sonnet-5,REC-neo-eme-002,neonate,omission,temporal,born by uncomplicated vaginal delivery
anthropic_claude-sonnet-5,REC-neo-eme-002,neonate,hallucinated_field,temporal,birth at 36 weeks gestation
anthropic_claude-sonnet-5,REC-neo-eme-002,neonate,hallucinated_field,temporal,vaginal delivery
anthropic_claude-sonnet-5,REC-neo-eme-002,neonate,hallucinated_field,temporal,phototherapy
anthropic_claude-sonnet-5,REC-neo-eme-003,neonate,hallucinated_field,diagnoses,gestational diabetes maternal
anthropic_claude-sonnet-5,REC-neo-eme-003,neonate,hallucinated_field,procedures,vaginal delivery
anthropic_claude-sonnet-5,REC-neo-eme-003,neonate,omission,temporal,pregnancy complicated by gestational diabetes
anthropic_claude-sonnet-5,REC-neo-eme-003,neonate,omission,temporal,follow-up with the primary care clinic in one week
anthropic_claude-sonnet-5,REC-neo-eme-003,neonate,omission,temporal,born by uncomplicated vaginal delivery
anthropic_claude-sonnet-5,REC-neo-eme-003,neonate,hallucinated_field,temporal,dextrose 10 administration
anthropic_claude-sonnet-5,REC-neo-eme-003,neonate,hallucinated_field,temporal,heel-stick glucose check
anthropic_claude-sonnet-5,REC-neo-eme-003,neonate,hallucinated_field,temporal,vaginal delivery
anthropic_claude-sonnet-5,REC-neo-eme-003,neonate,hallucinated_field,temporal,follow-up with primary care clinic
anthropic_claude-sonnet-5,REC-neo-eme-004,neonate,omission,temporal,born at term with unknown maternal group b streptococcus status
anthropic_claude-sonnet-5,REC-neo-eme-004,neonate,omission,temporal,follow-up with the primary care clinic in one week
anthropic_claude-sonnet-5,REC-neo-eme-004,neonate,hallucinated_field,temporal,birth at term
anthropic_claude-sonnet-5,REC-neo-eme-004,neonate,hallucinated_field,temporal,ampicillin started
anthropic_claude-sonnet-5,REC-neo-eme-004,neonate,hallucinated_field,temporal,lumbar puncture
anthropic_claude-sonnet-5,REC-neo-eme-004,neonate,hallucinated_field,temporal,follow-up with primary care clinic
anthropic_claude-sonnet-5,REC-neo-eme-005,neonate,omission,temporal,born at 36 weeks gestation exclusively breastfed
anthropic_claude-sonnet-5,REC-neo-eme-005,neonate,omission,temporal,follow-up with the primary care clinic in one week
anthropic_claude-sonnet-5,REC-neo-eme-005,neonate,hallucinated_field,temporal,phototherapy
anthropic_claude-sonnet-5,REC-neo-eme-005,neonate,hallucinated_field,temporal,birth at 36 weeks gestation
anthropic_claude-sonnet-5,REC-neo-eme-005,neonate,hallucinated_field,temporal,follow-up with primary care clinic
anthropic_claude-sonnet-5,REC-neo-eme-006,neonate,hallucinated_field,diagnoses,gestational diabetes
anthropic_claude-sonnet-5,REC-neo-eme-006,neonate,hallucinated_field,procedures,cbc
anthropic_claude-sonnet-5,REC-neo-eme-006,neonate,omission,temporal,pregnancy complicated by gestational diabetes
anthropic_claude-sonnet-5,REC-neo-eme-006,neonate,omission,temporal,repeat cbc planned for tomorrow morning
anthropic_claude-sonnet-5,REC-neo-eme-006,neonate,hallucinated_field,temporal,heel-stick glucose check
anthropic_claude-sonnet-5,REC-neo-eme-006,neonate,hallucinated_field,temporal,dextrose 10 administration
anthropic_claude-sonnet-5,REC-neo-eme-006,neonate,hallucinated_field,temporal,repeat cbc
anthropic_claude-sonnet-5,REC-neo-eme-007,neonate,omission,temporal,born at term with unknown maternal group b streptococcus status
anthropic_claude-sonnet-5,REC-neo-eme-007,neonate,omission,temporal,follow-up with the primary care clinic in one week
anthropic_claude-sonnet-5,REC-neo-eme-007,neonate,hallucinated_field,temporal,sepsis workup
anthropic_claude-sonnet-5,REC-neo-eme-007,neonate,hallucinated_field,temporal,lumbar puncture
anthropic_claude-sonnet-5,REC-neo-eme-007,neonate,hallucinated_field,temporal,follow-up with primary care clinic
anthropic_claude-sonnet-5,REC-neo-eme-008,neonate,hallucinated_field,diagnoses,prematurity 36 weeks gestation
anthropic_claude-sonnet-5,REC-neo-eme-008,neonate,omission,temporal,born at 36 weeks gestation exclusively breastfed
anthropic_claude-sonnet-5,REC-neo-eme-008,neonate,omission,temporal,born by uncomplicated vaginal delivery
anthropic_claude-sonnet-5,REC-neo-eme-008,neonate,omission,temporal,follow-up with the primary care clinic in one week
anthropic_claude-sonnet-5,REC-neo-eme-008,neonate,hallucinated_field,temporal,phototherapy
anthropic_claude-sonnet-5,REC-neo-eme-008,neonate,hallucinated_field,temporal,birth at 36 weeks gestation
anthropic_claude-sonnet-5,REC-neo-eme-008,neonate,hallucinated_field,temporal,follow-up with primary care clinic
anthropic_claude-sonnet-5,REC-neo-eme-009,neonate,hallucinated_field,diagnoses,gestational diabetes maternal history
anthropic_claude-sonnet-5,REC-neo-eme-009,neonate,hallucinated_field,procedures,repeat cbc
anthropic_claude-sonnet-5,REC-neo-eme-009,neonate,omission,temporal,pregnancy complicated by gestational diabetes
anthropic_claude-sonnet-5,REC-neo-eme-009,neonate,omission,temporal,repeat cbc planned for tomorrow morning
anthropic_claude-sonnet-5,REC-neo-eme-009,neonate,hallucinated_field,temporal,dextrose 10 iv administration
anthropic_claude-sonnet-5,REC-neo-eme-009,neonate,hallucinated_field,temporal,heel-stick glucose check
anthropic_claude-sonnet-5,REC-neo-eme-009,neonate,hallucinated_field,temporal,repeat cbc
anthropic_claude-sonnet-5,REC-neo-eme-010,neonate,hallucinated_field,procedures,repeat cbc
anthropic_claude-sonnet-5,REC-neo-eme-010,neonate,omission,temporal,born at term with unknown maternal group b streptococcus status
anthropic_claude-sonnet-5,REC-neo-eme-010,neonate,omission,temporal,repeat cbc planned for tomorrow morning
anthropic_claude-sonnet-5,REC-neo-eme-010,neonate,omission,temporal,prior clinic note listed the dose per day rather than per dose
anthropic_claude-sonnet-5,REC-neo-eme-010,neonate,hallucinated_field,temporal,sepsis workup
anthropic_claude-sonnet-5,REC-neo-eme-010,neonate,hallucinated_field,temporal,lumbar puncture
anthropic_claude-sonnet-5,REC-neo-eme-010,neonate,hallucinated_field,temporal,repeat cbc
anthropic_claude-sonnet-5,REC-neo-eme-010,neonate,hallucinated_field,temporal,born at term
anthropic_claude-sonnet-5,REC-neo-eme-010,neonate,hallucinated_field,temporal,prior clinic dose documentation per day rather than per dose
anthropic_claude-sonnet-5,REC-neo-icu-001,neonate,hallucinated_field,procedures,vaginal delivery
anthropic_claude-sonnet-5,REC-neo-icu-001,neonate,omission,temporal,born at term with unknown maternal group b streptococcus status
anthropic_claude-sonnet-5,REC-neo-icu-001,neonate,omission,temporal,prior clinic note listed the dose per day rather than per dose
anthropic_claude-sonnet-5,REC-neo-icu-001,neonate,omission,temporal,born by uncomplicated vaginal delivery
anthropic_claude-sonnet-5,REC-neo-icu-001,neonate,omission,temporal,follow-up with the primary care clinic in one week
anthropic_claude-sonnet-5,REC-neo-icu-001,neonate,hallucinated_field,temporal,birth at term
anthropic_claude-sonnet-5,REC-neo-icu-001,neonate,hallucinated_field,temporal,ampicillin therapy started
anthropic_claude-sonnet-5,REC-neo-icu-001,neonate,hallucinated_field,temporal,lumbar puncture
anthropic_claude-sonnet-5,REC-neo-icu-001,neonate,hallucinated_field,temporal,follow-up with primary care clinic
anthropic_claude-sonnet-5,REC-neo-icu-002,neonate,hallucinated_field,diagnoses,gestational diabetes maternal
anthropic_claude-sonnet-5,REC-neo-icu-002,neonate,omission,temporal,pregnancy complicated by gestational diabetes
anthropic_claude-sonnet-5,REC-neo-icu-002,neonate,omission,temporal,follow-up with the primary care clinic in one week
anthropic_claude-sonnet-5,REC-neo-icu-002,neonate,hallucinated_field,temporal,admission to icu
anthropic_claude-sonnet-5,REC-neo-icu-002,neonate,hallucinated_field,temporal,dextrose 10 administration
anthropic_claude-sonnet-5,REC-neo-icu-002,neonate,hallucinated_field,temporal,heel-stick glucose check
anthropic_claude-sonnet-5,REC-neo-icu-002,neonate,hallucinated_field,temporal,follow-up with primary care clinic
anthropic_claude-sonnet-5,REC-neo-icu-003,neonate,omission,temporal,born at term with unknown maternal group b streptococcus status
anthropic_claude-sonnet-5,REC-neo-icu-003,neonate,omission,temporal,follow-up with the primary care clinic in one week
anthropic_claude-sonnet-5,REC-neo-icu-003,neonate,hallucinated_field,temporal,born at term
anthropic_claude-sonnet-5,REC-neo-icu-003,neonate,hallucinated_field,temporal,ampicillin started
anthropic_claude-sonnet-5,REC-neo-icu-003,neonate,hallucinated_field,temporal,lumbar puncture performed
anthropic_claude-sonnet-5,REC-neo-icu-003,neonate,hallucinated_field,temporal,follow-up with primary care clinic
anthropic_claude-sonnet-5,REC-neo-icu-003,neonate,hallucinated_field,temporal,transfer to inpatient unit
anthropic_claude-sonnet-5,REC-neo-icu-004,neonate,hallucinated_field,diagnoses,gestational diabetes
anthropic_claude-sonnet-5,REC-neo-icu-004,neonate,hallucinated_field,procedures,repeat cbc
anthropic_claude-sonnet-5,REC-neo-icu-004,neonate,omission,temporal,pregnancy complicated by gestational diabetes
anthropic_claude-sonnet-5,REC-neo-icu-004,neonate,omission,temporal,repeat cbc planned for tomorrow morning
anthropic_claude-sonnet-5,REC-neo-icu-004,neonate,hallucinated_field,temporal,hypoglycemia of the newborn
anthropic_claude-sonnet-5,REC-neo-icu-004,neonate,hallucinated_field,temporal,dextrose 10 administration
anthropic_claude-sonnet-5,REC-neo-icu-004,neonate,hallucinated_field,temporal,heel-stick glucose check
anthropic_claude-sonnet-5,REC-neo-icu-004,neonate,hallucinated_field,temporal,repeat cbc
anthropic_claude-sonnet-5,REC-neo-icu-004,neonate,hallucinated_field,temporal,gestational diabetes
anthropic_claude-sonnet-5,REC-neo-icu-004,neonate,hallucinated_field,temporal,fever
anthropic_claude-sonnet-5,REC-neo-icu-005,neonate,omission,temporal,born at term with unknown maternal group b streptococcus status
anthropic_claude-sonnet-5,REC-neo-icu-005,neonate,omission,temporal,born by uncomplicated vaginal delivery
anthropic_claude-sonnet-5,REC-neo-icu-005,neonate,hallucinated_field,temporal,birth at term
anthropic_claude-sonnet-5,REC-neo-icu-005,neonate,hallucinated_field,temporal,vaginal delivery
anthropic_claude-sonnet-5,REC-neo-icu-005,neonate,hallucinated_field,temporal,sepsis workup
anthropic_claude-sonnet-5,REC-neo-icu-005,neonate,hallucinated_field,temporal,lumbar puncture
anthropic_claude-sonnet-5,REC-neo-icu-005,neonate,hallucinated_field,temporal,transfer to inpatient unit
anthropic_claude-sonnet-5,REC-neo-icu-006,neonate,hallucinated_field,diagnoses,gestational diabetes maternal
anthropic_claude-sonnet-5,REC-neo-icu-006,neonate,hallucinated_field,procedures,repeat cbc
anthropic_claude-sonnet-5,REC-neo-icu-006,neonate,omission,temporal,pregnancy complicated by gestational diabetes
anthropic_claude-sonnet-5,REC-neo-icu-006,neonate,omission,temporal,repeat cbc planned for tomorrow morning
anthropic_claude-sonnet-5,REC-neo-icu-006,neonate,hallucinated_field,temporal,admission to icu
anthropic_claude-sonnet-5,REC-neo-icu-006,neonate,hallucinated_field,temporal,dextrose 10 administration
anthropic_claude-sonnet-5,REC-neo-icu-006,neonate,hallucinated_field,temporal,heel-stick glucose check
anthropic_claude-sonnet-5,REC-neo-icu-006,neonate,hallucinated_field,temporal,repeat cbc
anthropic_claude-sonnet-5,REC-neo-icu-007,neonate,omission,temporal,born at term with unknown maternal group b streptococcus status
anthropic_claude-sonnet-5,REC-neo-icu-007,neonate,hallucinated_field,temporal,early-onset sepsis workup
anthropic_claude-sonnet-5,REC-neo-icu-007,neonate,hallucinated_field,temporal,ampicillin started
anthropic_claude-sonnet-5,REC-neo-icu-007,neonate,hallucinated_field,temporal,lumbar puncture performed
anthropic_claude-sonnet-5,REC-neo-icu-007,neonate,hallucinated_field,temporal,birth at term
anthropic_claude-sonnet-5,REC-neo-icu-007,neonate,hallucinated_field,temporal,transfer to inpatient unit
anthropic_claude-sonnet-5,REC-neo-icu-008,neonate,hallucinated_field,diagnoses,gestational diabetes maternal history
anthropic_claude-sonnet-5,REC-neo-icu-008,neonate,hallucinated_field,procedures,cbc
anthropic_claude-sonnet-5,REC-neo-icu-008,neonate,omission,temporal,pregnancy complicated by gestational diabetes
anthropic_claude-sonnet-5,REC-neo-icu-008,neonate,omission,temporal,repeat cbc planned for tomorrow morning
anthropic_claude-sonnet-5,REC-neo-icu-008,neonate,omission,temporal,follow-up with the primary care clinic in one week
anthropic_claude-sonnet-5,REC-neo-icu-008,neonate,hallucinated_field,temporal,repeat cbc
anthropic_claude-sonnet-5,REC-neo-icu-008,neonate,hallucinated_field,temporal,follow-up with primary care clinic
anthropic_claude-sonnet-5,REC-neo-icu-009,neonate,omission,temporal,born at term with unknown maternal group b streptococcus status
anthropic_claude-sonnet-5,REC-neo-icu-009,neonate,omission,temporal,follow-up with the primary care clinic in one week
anthropic_claude-sonnet-5,REC-neo-icu-009,neonate,hallucinated_field,temporal,follow-up with primary care clinic
anthropic_claude-sonnet-5,REC-neo-icu-009,neonate,hallucinated_field,temporal,lumbar puncture
anthropic_claude-sonnet-5,REC-neo-icu-009,neonate,hallucinated_field,temporal,born at term
anthropic_claude-sonnet-5,REC-neo-icu-009,neonate,hallucinated_field,temporal,ampicillin therapy started
anthropic_claude-sonnet-5,REC-neo-icu-010,neonate,hallucinated_field,diagnoses,gestational diabetes maternal
anthropic_claude-sonnet-5,REC-neo-icu-010,neonate,omission,temporal,pregnancy complicated by gestational diabetes
anthropic_claude-sonnet-5,REC-neo-icu-010,neonate,omission,temporal,follow-up with the primary care clinic in one week
anthropic_claude-sonnet-5,REC-neo-icu-010,neonate,hallucinated_field,temporal,dextrose 10 administration
anthropic_claude-sonnet-5,REC-neo-icu-010,neonate,hallucinated_field,temporal,heel-stick glucose check
anthropic_claude-sonnet-5,REC-neo-icu-010,neonate,hallucinated_field,temporal,follow-up with primary care clinic
anthropic_claude-sonnet-5,REC-neo-inp-001,neonate,hallucinated_field,procedures,repeat cbc
anthropic_claude-sonnet-5,REC-neo-inp-001,neonate,omission,temporal,born at term with unknown maternal group b streptococcus status
anthropic_claude-sonnet-5,REC-neo-inp-001,neonate,omission,temporal,repeat cbc planned for tomorrow morning
anthropic_claude-sonnet-5,REC-neo-inp-001,neonate,hallucinated_field,temporal,born
anthropic_claude-sonnet-5,REC-neo-inp-001,neonate,hallucinated_field,temporal,lumbar puncture
anthropic_claude-sonnet-5,REC-neo-inp-001,neonate,hallucinated_field,temporal,repeat cbc
anthropic_claude-sonnet-5,REC-neo-inp-002,neonate,omission,temporal,born at 36 weeks gestation exclusively breastfed
anthropic_claude-sonnet-5,REC-neo-inp-002,neonate,omission,temporal,follow-up with the primary care clinic in one week
anthropic_claude-sonnet-5,REC-neo-inp-002,neonate,hallucinated_field,temporal,born at 36 weeks gestation
anthropic_claude-sonnet-5,REC-neo-inp-002,neonate,hallucinated_field,temporal,phototherapy
anthropic_claude-sonnet-5,REC-neo-inp-002,neonate,hallucinated_field,temporal,exclusively breastfed
anthropic_claude-sonnet-5,REC-neo-inp-002,neonate,hallucinated_field,temporal,follow-up with primary care clinic
anthropic_claude-sonnet-5,REC-neo-inp-003,neonate,hallucinated_field,diagnoses,gestational diabetes maternal history
anthropic_claude-sonnet-5,REC-neo-inp-003,neonate,hallucinated_field,procedures,repeat cbc
anthropic_claude-sonnet-5,REC-neo-inp-003,neonate,omission,temporal,pregnancy complicated by gestational diabetes
anthropic_claude-sonnet-5,REC-neo-inp-003,neonate,omission,temporal,repeat cbc planned for tomorrow morning
anthropic_claude-sonnet-5,REC-neo-inp-003,neonate,hallucinated_field,temporal,heel-stick glucose check
anthropic_claude-sonnet-5,REC-neo-inp-003,neonate,hallucinated_field,temporal,repeat cbc
anthropic_claude-sonnet-5,REC-neo-inp-003,neonate,hallucinated_field,temporal,gestational diabetes
anthropic_claude-sonnet-5,REC-neo-inp-004,neonate,omission,temporal,born at term with unknown maternal group b streptococcus status
anthropic_claude-sonnet-5,REC-neo-inp-004,neonate,omission,temporal,follow-up with the primary care clinic in one week
anthropic_claude-sonnet-5,REC-neo-inp-004,neonate,omission,temporal,prior clinic note listed the dose per day rather than per dose
anthropic_claude-sonnet-5,REC-neo-inp-004,neonate,hallucinated_field,temporal,ampicillin therapy started
anthropic_claude-sonnet-5,REC-neo-inp-004,neonate,hallucinated_field,temporal,lumbar puncture performed
anthropic_claude-sonnet-5,REC-neo-inp-004,neonate,hallucinated_field,temporal,follow-up with primary care clinic
anthropic_claude-sonnet-5,REC-neo-inp-005,neonate,hallucinated_field,diagnoses,prematurity 36 weeks gestation
anthropic_claude-sonnet-5,REC-neo-inp-005,neonate,omission,temporal,born at 36 weeks gestation exclusively breastfed
anthropic_claude-sonnet-5,REC-neo-inp-005,neonate,omission,temporal,follow-up with the primary care clinic in one week
anthropic_claude-sonnet-5,REC-neo-inp-005,neonate,hallucinated_field,temporal,phototherapy
anthropic_claude-sonnet-5,REC-neo-inp-005,neonate,hallucinated_field,temporal,follow-up with primary care clinic
anthropic_claude-sonnet-5,REC-neo-inp-005,neonate,hallucinated_field,temporal,born at 36 weeks gestation
anthropic_claude-sonnet-5,REC-neo-inp-006,neonate,hallucinated_field,diagnoses,gestational diabetes maternal
anthropic_claude-sonnet-5,REC-neo-inp-006,neonate,omission,temporal,pregnancy complicated by gestational diabetes
anthropic_claude-sonnet-5,REC-neo-inp-006,neonate,omission,temporal,follow-up with the primary care clinic in one week
anthropic_claude-sonnet-5,REC-neo-inp-006,neonate,hallucinated_field,temporal,dextrose 10 iv administration
anthropic_claude-sonnet-5,REC-neo-inp-006,neonate,hallucinated_field,temporal,heel-stick glucose check
anthropic_claude-sonnet-5,REC-neo-inp-006,neonate,hallucinated_field,temporal,follow-up with primary care clinic
anthropic_claude-sonnet-5,REC-neo-inp-007,neonate,hallucinated_field,procedures,repeat cbc
anthropic_claude-sonnet-5,REC-neo-inp-007,neonate,omission,temporal,born at term with unknown maternal group b streptococcus status
anthropic_claude-sonnet-5,REC-neo-inp-007,neonate,omission,temporal,follow-up with the primary care clinic in one week
anthropic_claude-sonnet-5,REC-neo-inp-007,neonate,omission,temporal,repeat cbc planned for tomorrow morning
anthropic_claude-sonnet-5,REC-neo-inp-007,neonate,omission,temporal,prior clinic note listed the dose per day rather than per dose
anthropic_claude-sonnet-5,REC-neo-inp-007,neonate,hallucinated_field,temporal,birth
anthropic_claude-sonnet-5,REC-neo-inp-007,neonate,hallucinated_field,temporal,follow-up with primary care clinic
anthropic_claude-sonnet-5,REC-neo-inp-007,neonate,hallucinated_field,temporal,repeat cbc
anthropic_claude-sonnet-5,REC-neo-inp-008,neonate,hallucinated_field,diagnoses,prematurity born at 36 weeks gestation
anthropic_claude-sonnet-5,REC-neo-inp-008,neonate,omission,temporal,born at 36 weeks gestation exclusively breastfed
anthropic_claude-sonnet-5,REC-neo-inp-008,neonate,omission,temporal,born by uncomplicated vaginal delivery
anthropic_claude-sonnet-5,REC-neo-inp-008,neonate,omission,temporal,follow-up with the primary care clinic in one week
anthropic_claude-sonnet-5,REC-neo-inp-008,neonate,hallucinated_field,temporal,phototherapy
anthropic_claude-sonnet-5,REC-neo-inp-008,neonate,hallucinated_field,temporal,birth at 36 weeks gestation
anthropic_claude-sonnet-5,REC-neo-inp-008,neonate,hallucinated_field,temporal,follow-up with primary care clinic
anthropic_claude-sonnet-5,REC-neo-inp-009,neonate,hallucinated_field,diagnoses,gestational diabetes maternal
anthropic_claude-sonnet-5,REC-neo-inp-009,neonate,omission,temporal,pregnancy complicated by gestational diabetes
anthropic_claude-sonnet-5,REC-neo-inp-009,neonate,omission,temporal,follow-up with the primary care clinic in one week
anthropic_claude-sonnet-5,REC-neo-inp-009,neonate,hallucinated_field,temporal,admission to inpatient ward
anthropic_claude-sonnet-5,REC-neo-inp-009,neonate,hallucinated_field,temporal,dextrose 10 administration
anthropic_claude-sonnet-5,REC-neo-inp-009,neonate,hallucinated_field,temporal,heel-stick glucose check
anthropic_claude-sonnet-5,REC-neo-inp-009,neonate,hallucinated_field,temporal,follow-up with primary care clinic
anthropic_claude-sonnet-5,REC-neo-inp-010,neonate,omission,temporal,born at term with unknown maternal group b streptococcus status
anthropic_claude-sonnet-5,REC-neo-inp-010,neonate,omission,temporal,follow-up with the primary care clinic in one week
anthropic_claude-sonnet-5,REC-neo-inp-010,neonate,hallucinated_field,temporal,birth at term
anthropic_claude-sonnet-5,REC-neo-inp-010,neonate,hallucinated_field,temporal,follow-up with primary care clinic
anthropic_claude-sonnet-5,REC-neo-out-001,neonate,hallucinated_field,diagnoses,prematurity 36 weeks gestation
anthropic_claude-sonnet-5,REC-neo-out-001,neonate,omission,temporal,born at 36 weeks gestation exclusively breastfed
anthropic_claude-sonnet-5,REC-neo-out-001,neonate,omission,temporal,born by uncomplicated vaginal delivery
anthropic_claude-sonnet-5,REC-neo-out-001,neonate,hallucinated_field,temporal,birth at 36 weeks gestation
anthropic_claude-sonnet-5,REC-neo-out-001,neonate,hallucinated_field,temporal,phototherapy
anthropic_claude-sonnet-5,REC-neo-out-002,neonate,hallucinated_field,procedures,cbc
anthropic_claude-sonnet-5,REC-neo-out-002,neonate,omission,temporal,born at 36 weeks gestation exclusively breastfed
anthropic_claude-sonnet-5,REC-neo-out-002,neonate,omission,temporal,repeat cbc planned for tomorrow morning
anthropic_claude-sonnet-5,REC-neo-out-002,neonate,hallucinated_field,temporal,phototherapy
anthropic_claude-sonnet-5,REC-neo-out-002,neonate,hallucinated_field,temporal,repeat cbc
anthropic_claude-sonnet-5,REC-neo-out-002,neonate,hallucinated_field,temporal,born at 36 weeks gestation
anthropic_claude-sonnet-5,REC-neo-out-003,neonate,omission,temporal,born at 36 weeks gestation exclusively breastfed
anthropic_claude-sonnet-5,REC-neo-out-003,neonate,hallucinated_field,temporal,birth at 36 weeks gestation
anthropic_claude-sonnet-5,REC-neo-out-003,neonate,hallucinated_field,temporal,phototherapy
anthropic_claude-sonnet-5,REC-neo-out-003,neonate,hallucinated_field,temporal,exclusive breastfeeding
anthropic_claude-sonnet-5,REC-neo-out-004,neonate,omission,temporal,born at 36 weeks gestation exclusively breastfed
anthropic_claude-sonnet-5,REC-neo-out-004,neonate,omission,temporal,born by uncomplicated vaginal delivery
anthropic_claude-sonnet-5,REC-neo-out-004,neonate,omission,temporal,follow-up with the primary care clinic in one week
anthropic_claude-sonnet-5,REC-neo-out-004,neonate,hallucinated_field,temporal,born at 36 weeks gestation
anthropic_claude-sonnet-5,REC-neo-out-004,neonate,hallucinated_field,temporal,vaginal delivery
anthropic_claude-sonnet-5,REC-neo-out-004,neonate,hallucinated_field,temporal,phototherapy
anthropic_claude-sonnet-5,REC-neo-out-004,neonate,hallucinated_field,temporal,follow-up with primary care clinic
anthropic_claude-sonnet-5,REC-neo-out-005,neonate,omission,temporal,born at 36 weeks gestation exclusively breastfed
anthropic_claude-sonnet-5,REC-neo-out-005,neonate,omission,temporal,follow-up with the primary care clinic in one week
anthropic_claude-sonnet-5,REC-neo-out-005,neonate,hallucinated_field,temporal,phototherapy
anthropic_claude-sonnet-5,REC-neo-out-005,neonate,hallucinated_field,temporal,birth at 36 weeks gestation
anthropic_claude-sonnet-5,REC-neo-out-005,neonate,hallucinated_field,temporal,follow-up with primary care clinic
anthropic_claude-sonnet-5,REC-neo-out-006,neonate,hallucinated_field,diagnoses,prematurity 36 weeks gestation
anthropic_claude-sonnet-5,REC-neo-out-006,neonate,hallucinated_field,procedures,repeat cbc
anthropic_claude-sonnet-5,REC-neo-out-006,neonate,omission,temporal,born at 36 weeks gestation exclusively breastfed
anthropic_claude-sonnet-5,REC-neo-out-006,neonate,omission,temporal,repeat cbc planned for tomorrow morning
anthropic_claude-sonnet-5,REC-neo-out-006,neonate,hallucinated_field,temporal,phototherapy
anthropic_claude-sonnet-5,REC-neo-out-006,neonate,hallucinated_field,temporal,repeat cbc
anthropic_claude-sonnet-5,REC-neo-out-006,neonate,hallucinated_field,temporal,birth at 36 weeks gestation
anthropic_claude-sonnet-5,REC-neo-out-007,neonate,omission,temporal,born at 36 weeks gestation exclusively breastfed
anthropic_claude-sonnet-5,REC-neo-out-007,neonate,omission,temporal,born by uncomplicated vaginal delivery
anthropic_claude-sonnet-5,REC-neo-out-007,neonate,hallucinated_field,temporal,birth at 36 weeks gestation
anthropic_claude-sonnet-5,REC-neo-out-007,neonate,hallucinated_field,temporal,vaginal delivery
anthropic_claude-sonnet-5,REC-neo-out-007,neonate,hallucinated_field,temporal,phototherapy
anthropic_claude-sonnet-5,REC-neo-out-008,neonate,hallucinated_field,procedures,repeat cbc
anthropic_claude-sonnet-5,REC-neo-out-008,neonate,omission,temporal,born at 36 weeks gestation exclusively breastfed
anthropic_claude-sonnet-5,REC-neo-out-008,neonate,omission,temporal,repeat cbc planned for tomorrow morning
anthropic_claude-sonnet-5,REC-neo-out-008,neonate,omission,temporal,born by uncomplicated vaginal delivery
anthropic_claude-sonnet-5,REC-neo-out-008,neonate,hallucinated_field,temporal,born at 36 weeks gestation
anthropic_claude-sonnet-5,REC-neo-out-008,neonate,hallucinated_field,temporal,phototherapy
anthropic_claude-sonnet-5,REC-neo-out-008,neonate,hallucinated_field,temporal,repeat cbc
anthropic_claude-sonnet-5,REC-neo-out-009,neonate,hallucinated_field,diagnoses,prematurity 36 weeks gestation
anthropic_claude-sonnet-5,REC-neo-out-009,neonate,hallucinated_field,procedures,complete blood count cbc
anthropic_claude-sonnet-5,REC-neo-out-009,neonate,hallucinated_field,procedures,vaginal delivery
anthropic_claude-sonnet-5,REC-neo-out-009,neonate,omission,temporal,born at 36 weeks gestation exclusively breastfed
anthropic_claude-sonnet-5,REC-neo-out-009,neonate,omission,temporal,born by uncomplicated vaginal delivery
anthropic_claude-sonnet-5,REC-neo-out-009,neonate,omission,temporal,repeat cbc planned for tomorrow morning
anthropic_claude-sonnet-5,REC-neo-out-009,neonate,hallucinated_field,temporal,birth at 36 weeks gestation
anthropic_claude-sonnet-5,REC-neo-out-009,neonate,hallucinated_field,temporal,phototherapy
anthropic_claude-sonnet-5,REC-neo-out-009,neonate,hallucinated_field,temporal,repeat cbc
anthropic_claude-sonnet-5,REC-neo-out-010,neonate,hallucinated_field,procedures,cbc
anthropic_claude-sonnet-5,REC-neo-out-010,neonate,omission,temporal,born at 36 weeks gestation exclusively breastfed
anthropic_claude-sonnet-5,REC-neo-out-010,neonate,omission,temporal,follow-up with the primary care clinic in one week
anthropic_claude-sonnet-5,REC-neo-out-010,neonate,omission,temporal,repeat cbc planned for tomorrow morning
anthropic_claude-sonnet-5,REC-neo-out-010,neonate,hallucinated_field,temporal,born at 36 weeks gestation
anthropic_claude-sonnet-5,REC-neo-out-010,neonate,hallucinated_field,temporal,phototherapy
anthropic_claude-sonnet-5,REC-neo-out-010,neonate,hallucinated_field,temporal,follow-up with primary care clinic
anthropic_claude-sonnet-5,REC-neo-out-010,neonate,hallucinated_field,temporal,repeat cbc
