model,record,run,band,domain,tp,fp,fn,n_gold,n_pred,precision,recall,f1
google_gemini-3-1-pro-preview,REC-ado-eme-001,3,adolescent,diagnoses,2,0,0,2,2,1.0,1.0,1.0
google_gemini-3-1-pro-preview,REC-ado-eme-001,3,adolescent,medications,1,0,0,1,1,1.0,1.0,1.0
google_gemini-3-1-pro-preview,REC-ado-eme-001,3,adolescent,labs,1,0,0,1,1,1.0,1.0,1.0
google_gemini-3-1-pro-preview,REC-ado-eme-001,3,adolescent,procedures,1,0,0,1,1,1.0,1.0,1.0
google_gemini-3-1-pro-preview,REC-ado-eme-001,3,adolescent,temporal,0,3,0,0,3,0.0,0.0,0.0
google_gemini-3-1-pro-preview,REC-ado-eme-002,3,adolescent,diagnoses,2,1,0,2,3,0.6666666666666666,1.0,0.8
google_gemini-3-1-pro-preview,REC-ado-eme-002,3,adolescent,medications,1,0,0,1,1,1.0,1.0,1.0
google_gemini-3-1-pro-preview,REC-ado-eme-002,3,adolescent,labs,0,0,0,0,0,0.0,0.0,0.0
google_gemini-3-1-pro-preview,REC-ado-eme-002,3,adolescent,procedures,1,1,0,1,2,0.5,1.0,0.6666666666666666
google_gemini-3-1-pro-preview,REC-ado-eme-002,3,adolescent,temporal,0,3,2,2,3,0.0,0.0,0.0
google_gemini-3-1-pro-preview,REC-ado-eme-003,3,adolescent,diagnoses,1,1,0,1,2,0.5,1.0,0.6666666666666666
google_gemini-3-1-pro-preview,REC-ado-eme-003,3,adolescent,medications,1,0,0,1,1,1.0,1.0,1.0
google_gemini-3-1-pro-preview,REC-ado-eme-003,3,adolescent,labs,0,0,0,0,0,0.0,0.0,0.0
google_gemini-3-1-pro-preview,REC-ado-eme-003,3,adolescent,procedures,1,1,0,1,2,0.5,1.0,0.6666666666666666
google_gemini-3-1-pro-preview,REC-ado-eme-003,3,adolescent,temporal,0,3,2,2,3,0.0,0.0,0.0
google_gemini-3-1-pro-preview,REC-ado-eme-004,3,adolescent,diagnoses,2,1,0,2,3,0.6666666666666666,1.0,0.8
google_gemini-3-1-pro-preview,REC-ado-eme-004,3,adolescent,medications,1,0,0,1,1,1.0,1.0,1.0
google_gemini-3-1-pro-preview,REC-ado-eme-004,3,adolescent,labs,1,0,0,1,1,1.0,1.0,1.0
google_gemini-3-1-pro-preview,REC-ado-eme-004,3,adolescent,procedures,1,1,0,1,2,0.5,1.0,0.6666666666666666
google_gemini-3-1-pro-preview,REC-ado-eme-004,3,adolescent,temporal,0,2,2,2,2,0.0,0.0,0.0
google_gemini-3-1-pro-preview,REC-ado-eme-005,3,adolescent,diagnoses,2,0,0,2,2,1.0,1.0,1.0
google_gemini-3-1-pro-preview,REC-ado-eme-005,3,adolescent,medications,1,0,0,1,1,1.0,1.0,1.0
google_gemini-3-1-pro-preview,REC-ado-eme-005,3,adolescent,labs,0,0,0,0,0,0.0,0.0,0.0
google_gemini-3-1-pro-preview,REC-ado-eme-005,3,adolescent,procedures,1,0,0,1,1,1.0,1.0,1.0
google_gemini-3-1-pro-preview,REC-ado-eme-005,3,adolescent,temporal,0,1,1,1,1,0.0,0.0,0.0
google_gemini-3-1-pro-preview,REC-ado-eme-006,3,adolescent,diagnoses,2,1,0,2,3,0.6666666666666666,1.0,0.8
google_gemini-3-1-pro-preview,REC-ado-eme-006,3,adolescent,medications,1,0,0,1,1,1.0,1.0,1.0
google_gemini-3-1-pro-preview,REC-ado-eme-006,3,adolescent,labs,0,0,0,0,0,0.0,0.0,0.0
google_gemini-3-1-pro-preview,REC-ado-eme-006,3,adolescent,procedures,1,0,0,1,1,1.0,1.0,1.0
google_gemini-3-1-pro-preview,REC-ado-eme-006,3,adolescent,temporal,0,2,2,2,2,0.0,0.0,0.0
google_gemini-3-1-pro-preview,REC-ado-eme-007,3,adolescent,diagnoses,3,0,0,3,3,1.0,1.0,1.0
google_gemini-3-1-pro-preview,REC-ado-eme-007,3,adolescent,medications,1,0,0,1,1,1.0,1.0,1.0
google_gemini-3-1-pro-preview,REC-ado-eme-007,3,adolescent,labs,1,0,0,1,1,1.0,1.0,1.0
google_gemini-3-1-pro-preview,REC-ado-eme-007,3,adolescent,procedures,1,0,0,1,1,1.0,1.0,1.0
google_gemini-3-1-pro-preview,REC-ado-eme-007,3,adolescent,temporal,0,1,1,1,1,0.0,0.0,0.0
google_gemini-3-1-pro-preview,REC-ado-eme-008,3,adolescent,diagnoses,2,0,0,2,2,1.0,1.0,1.0
google_gemini-3-1-pro-preview,REC-ado-eme-008,3,adolescent,medications,1,0,0,1,1,1.0,1.0,1.0
google_gemini-3-1-pro-preview,REC-ado-eme-008,3,adolescent,labs,0,1,0,0,1,0.0,0.0,0.0
google_gemini-3-1-pro-preview,REC-ado-eme-008,3,adolescent,procedures,1,0,0,1,1,1.0,1.0,1.0
google_gemini-3-1-pro-preview,REC-ado-eme-008,3,adolescent,temporal,0,2,2,2,2,0.0,0.0,0.0
google_gemini-3-1-pro-preview,REC-ado-eme-009,3,adolescent,diagnoses,2,0,0,2,2,1.0,1.0,1.0
google_gemini-3-1-pro-preview,REC-ado-eme-009,3,adolescent,medications,1,0,0,1,1,1.0,1.0,1.0
google_gemini-3-1-pro-preview,REC-ado-eme-009,3,adolescent,labs,0,1,0,0,1,0.0,0.0,0.0
google_gemini-3-1-pro-preview,REC-ado-eme-009,3,adolescent,procedures,1,0,0,1,1,1.0,1.0,1.0
google_gemini-3-1-pro-preview,REC-ado-eme-009,3,adolescent,temporal,0,2,2,2,2,0.0,0.0,0.0
google_gemini-3-1-pro-preview,REC-ado-eme-010,3,adolescent,diagnoses,1,1,0,1,2,0.5,1.0,0.6666666666666666
google_gemini-3-1-pro-preview,REC-ado-eme-010,3,adolescent,medications,1,0,0,1,1,1.0,1.0,1.0
google_gemini-3-1-pro-preview,REC-ado-eme-010,3,adolescent,labs,1,0,0,1,1,1.0,1.0,1.0
google_gemini-3-1-pro-preview,REC-ado-eme-010,3,adolescent,procedures,1,1,0,1,2,0.5,1.0,0.6666666666666666
google_gemini-3-1-pro-preview,REC-ado-eme-010,3,adolescent,temporal,0,3,3,3,3,0.0,0.0,0.0
google_gemini-3-1-pro-preview,REC-ado-icu-001,3,adolescent,diagnoses,1,0,0,1,1,1.0,1.0,1.0
google_gemini-3-1-pro-preview,REC-ado-icu-001,3,adolescent,medications,1,0,0,1,1,1.0,1.0,1.0
google_gemini-3-1-pro-preview,REC-ado-icu-001,3,adolescent,labs,1,0,0,1,1,1.0,1.0,1.0
google_gemini-3-1-pro-preview,REC-ado-icu-001,3,adolescent,procedures,1,1,0,1,2,0.5,1.0,0.6666666666666666
google_gemini-3-1-pro-preview,REC-ado-icu-001,3,adolescent,temporal,0,1,1,1,1,0.0,0.0,0.0
google_gemini-3-1-pro-preview,REC-ado-icu-002,3,adolescent,diagnoses,2,0,0,2,2,1.0,1.0,1.0
google_gemini-3-1-pro-preview,REC-ado-icu-002,3,adolescent,medications,1,0,0,1,1,1.0,1.0,1.0
google_gemini-3-1-pro-preview,REC-ado-icu-002,3,adolescent,labs,1,0,0,1,1,1.0,1.0,1.0
google_gemini-3-1-pro-preview,REC-ado-icu-002,3,adolescent,procedures,1,1,0,1,2,0.5,1.0,0.6666666666666666
google_gemini-3-1-pro-preview,REC-ado-icu-002,3,adolescent,temporal,0,1,1,1,1,0.0,0.0,0.0
google_gemini-3-1-pro-preview,REC-ado-icu-003,3,adolescent,diagnoses,2,1,0,2,3,0.6666666666666666,1.0,0.8
google_gemini-3-1-pro-preview,REC-ado-icu-003,3,adolescent,medications,1,0,0,1,1,1.0,1.0,1.0
google_gemini-3-1-pro-preview,REC-ado-icu-003,3,adolescent,labs,1,0,0,1,1,1.0,1.0,1.0
google_gemini-3-1-pro-preview,REC-ado-icu-003,3,adolescent,procedures,1,1,0,1,2,0.5,1.0,0.6666666666666666
google_gemini-3-1-pro-preview,REC-ado-icu-003,3,adolescent,temporal,0,2,2,2,2,0.0,0.0,0.0
google_gemini-3-1-pro-preview,REC-ado-icu-004,3,adolescent,diagnoses,2,0,0,2,2,1.0,1.0,1.0
google_gemini-3-1-pro-preview,REC-ado-icu-004,3,adolescent,medications,1,0,0,1,1,1.0,1.0,1.0
google_gemini-3-1-pro-preview,REC-ado-icu-004,3,adolescent,labs,1,0,0,1,1,1.0,1.0,1.0
google_gemini-3-1-pro-preview,REC-ado-icu-004,3,adolescent,procedures,1,1,0,1,2,0.5,1.0,0.6666666666666666
google_gemini-3-1-pro-preview,REC-ado-icu-004,3,adolescent,temporal,0,2,2,2,2,0.0,0.0,0.0
google_gemini-3-1-pro-preview,REC-ado-icu-005,3,adolescent,diagnoses,2,1,0,2,3,0.6666666666666666,1.0,0.8
google_gemini-3-1-pro-preview,REC-ado-icu-005,3,adolescent,medications,1,0,0,1,1,1.0,1.0,1.0
google_gemini-3-1-pro-preview,REC-ado-icu-005,3,adolescent,labs,1,0,0,1,1,1.0,1.0,1.0
google_gemini-3-1-pro-preview,REC-ado-icu-005,3,adolescent,procedures,1,1,0,1,2,0.5,1.0,0.6666666666666666
google_gemini-3-1-pro-preview,REC-ado-icu-005,3,adolescent,temporal,0,2,2,2,2,0.0,0.0,0.0
google_gemini-3-1-pro-preview,REC-ado-icu-006,3,adolescent,diagnoses,2,1,0,2,3,0.6666666666666666,1.0,0.8
google_gemini-3-1-pro-preview,REC-ado-icu-006,3,adolescent,medications,1,0,0,1,1,1.0,1.0,1.0
google_gemini-3-1-pro-preview,REC-ado-icu-006,3,adolescent,labs,1,0,0,1,1,1.0,1.0,1.0
google_gemini-3-1-pro-preview,REC-ado-icu-006,3,adolescent,procedures,1,0,0,1,1,1.0,1.0,1.0
google_gemini-3-1-pro-preview,REC-ado-icu-006,3,adolescent,temporal,0,1,1,1,1,0.0,0.0,0.0
google_gemini-3-1-pro-preview,REC-ado-icu-007,3,adolescent,diagnoses,1,1,0,1,2,0.5,1.0,0.6666666666666666
google_gemini-3-1-pro-preview,REC-ado-icu-007,3,adolescent,medications,1,0,0,1,1,1.0,1.0,1.0
google_gemini-3-1-pro-preview,REC-ado-icu-007,3,adolescent,labs,1,0,0,1,1,1.0,1.0,1.0
google_gemini-3-1-pro-preview,REC-ado-icu-007,3,adolescent,procedures,1,1,0,1,2,0.5,1.0,0.6666666666666666
google_gemini-3-1-pro-preview,REC-ado-icu-007,3,adolescent,temporal,0,2,2,2,2,0.0,0.0,0.0
google_gemini-3-1-pro-preview,REC-ado-icu-008,3,adolescent,diagnoses,1,1,0,1,2,0.5,1.0,0.6666666666666666
google_gemini-3-1-pro-preview,REC-ado-icu-008,3,adolescent,medications,1,0,0,1,1,1.0,1.0,1.0
google_gemini-3-1-pro-preview,REC-ado-icu-008,3,adolescent,labs,1,0,0,1,1,1.0,1.0,1.0
google_gemini-3-1-pro-preview,REC-ado-icu-008,3,adolescent,procedures,1,0,0,1,1,1.0,1.0,1.0
google_gemini-3-1-pro-preview,REC-ado-icu-008,3,adolescent,temporal,0,2,2,2,2,0.0,0.0,0.0
google_gemini-3-1-pro-preview,REC-ado-icu-009,3,adolescent,diagnoses,2,0,0,2,2,1.0,1.0,1.0
google_gemini-3-1-pro-preview,REC-ado-icu-009,3,adolescent,medications,1,0,0,1,1,1.0,1.0,1.0
google_gemini-3-1-pro-preview,REC-ado-icu-009,3,adolescent,labs,1,0,0,1,1,1.0,1.0,1.0
google_gemini-3-1-pro-preview,REC-ado-icu-009,3,adolescent,procedures,1,0,0,1,1,1.0,1.0,1.0
google_gemini-3-1-pro-preview,REC-ado-icu-009,3,adolescent,temporal,0,1,1,1,1,0.0,0.0,0.0
google_gemini-3-1-pro-preview,REC-ado-icu-010,3,adolescent,diagnoses,2,0,0,2,2,1.0,1.0,1.0
google_gemini-3-1-pro-preview,REC-ado-icu-010,3,adolescent,medications,1,0,0,1,1,1.0,1.0,1.0
google_gemini-3-1-pro-preview,REC-ado-icu-010,3,adolescent,labs,1,0,0,1,1,1.0,1.0,1.0
google_gemini-3-1-pro-preview,REC-ado-icu-010,3,adolescent,procedures,1,1,0,1,2,0.5,1.0,0.6666666666666666
google_gemini-3-1-pro-preview,REC-ado-icu-010,3,adolescent,temporal,0,1,1,1,1,0.0,0.0,0.0
google_gemini-3-1-pro-preview,REC-ado-inp-001,3,adolescent,diagnoses,2,0,0,2,2,1.0,1.0,1.0
google_gemini-3-1-pro-preview,REC-ado-inp-001,3,adolescent,medications,1,0,0,1,1,1.0,1.0,1.0
google_gemini-3-1-pro-preview,REC-ado-inp-001,3,adolescent,labs,1,0,0,1,1,1.0,1.0,1.0
google_gemini-3-1-pro-preview,REC-ado-inp-001,3,adolescent,procedures,1,1,0,1,2,0.5,1.0,0.6666666666666666
google_gemini-3-1-pro-preview,REC-ado-inp-001,3,adolescent,temporal,0,2,2,2,2,0.0,0.0,0.0
google_gemini-3-1-pro-preview,REC-ado-inp-002,3,adolescent,diagnoses,2,0,0,2,2,1.0,1.0,1.0
google_gemini-3-1-pro-preview,REC-ado-inp-002,3,adolescent,medications,1,0,0,1,1,1.0,1.0,1.0
google_gemini-3-1-pro-preview,REC-ado-inp-002,3,adolescent,labs,0,1,0,0,1,0.0,0.0,0.0
google_gemini-3-1-pro-preview,REC-ado-inp-002,3,adolescent,procedures,1,0,0,1,1,1.0,1.0,1.0
google_gemini-3-1-pro-preview,REC-ado-inp-002,3,adolescent,temporal,0,3,2,2,3,0.0,0.0,0.0
google_gemini-3-1-pro-preview,REC-ado-inp-003,3,adolescent,diagnoses,2,1,0,2,3,0.6666666666666666,1.0,0.8
google_gemini-3-1-pro-preview,REC-ado-inp-003,3,adolescent,medications,1,0,0,1,1,1.0,1.0,1.0
google_gemini-3-1-pro-preview,REC-ado-inp-003,3,adolescent,labs,0,1,0,0,1,0.0,0.0,0.0
google_gemini-3-1-pro-preview,REC-ado-inp-003,3,adolescent,procedures,1,0,0,1,1,1.0,1.0,1.0
google_gemini-3-1-pro-preview,REC-ado-inp-003,3,adolescent,temporal,0,2,2,2,2,0.0,0.0,0.0
google_gemini-3-1-pro-preview,REC-ado-inp-004,3,adolescent,diagnoses,3,1,0,3,4,0.75,1.0,0.8571428571428571
google_gemini-3-1-pro-preview,REC-ado-inp-004,3,adolescent,medications,1,0,0,1,1,1.0,1.0,1.0
google_gemini-3-1-pro-preview,REC-ado-inp-004,3,adolescent,labs,1,0,0,1,1,1.0,1.0,1.0
google_gemini-3-1-pro-preview,REC-ado-inp-004,3,adolescent,procedures,1,0,0,1,1,1.0,1.0,1.0
google_gemini-3-1-pro-preview,REC-ado-inp-004,3,adolescent,temporal,0,1,1,1,1,0.0,0.0,0.0
google_gemini-3-1-pro-preview,REC-ado-inp-005,3,adolescent,diagnoses,2,0,0,2,2,1.0,1.0,1.0
google_gemini-3-1-pro-preview,REC-ado-inp-005,3,adolescent,medications,1,0,0,1,1,1.0,1.0,1.0
google_gemini-3-1-pro-preview,REC-ado-inp-005,3,adolescent,labs,0,0,0,0,0,0.0,0.0,0.0
google_gemini-3-1-pro-preview,REC-ado-inp-005,3,adolescent,procedures,1,1,0,1,2,0.5,1.0,0.6666666666666666
google_gemini-3-1-pro-preview,REC-ado-inp-005,3,adolescent,temporal,0,3,2,2,3,0.0,0.0,0.0
google_gemini-3-1-pro-preview,REC-ado-inp-006,3,adolescent,diagnoses,2,1,0,2,3,0.6666666666666666,1.0,0.8
google_gemini-3-1-pro-preview,REC-ado-inp-006,3,adolescent,medications,1,0,0,1,1,1.0,1.0,1.0
google_gemini-3-1-pro-preview,REC-ado-inp-006,3,adolescent,labs,0,1,0,0,1,0.0,0.0,0.0
google_gemini-3-1-pro-preview,REC-ado-inp-006,3,adolescent,procedures,1,1,0,1,2,0.5,1.0,0.6666666666666666
google_gemini-3-1-pro-preview,REC-ado-inp-006,3,adolescent,temporal,0,2,2,2,2,0.0,0.0,0.0
google_gemini-3-1-pro-preview,REC-ado-inp-007,3,adolescent,diagnoses,1,0,0,1,1,1.0,1.0,1.0
google_gemini-3-1-pro-preview,REC-ado-inp-007,3,adolescent,medications,1,0,0,1,1,1.0,1.0,1.0
google_gemini-3-1-pro-preview,REC-ado-inp-007,3,adolescent,labs,1,0,0,1,1,1.0,1.0,1.0
google_gemini-3-1-pro-preview,REC-ado-inp-007,3,adolescent,procedures,1,0,0,1,1,1.0,1.0,1.0
google_gemini-3-1-pro-preview,REC-ado-inp-007,3,adolescent,temporal,0,1,1,1,1,0.0,0.0,0.0
google_gemini-3-1-pro-preview,REC-ado-inp-008,3,adolescent,diagnoses,2,1,0,2,3,0.6666666666666666,1.0,0.8
google_gemini-3-1-pro-preview,REC-ado-inp-008,3,adolescent,medications,1,0,0,1,1,1.0,1.0,1.0
google_gemini-3-1-pro-preview,REC-ado-inp-008,3,adolescent,labs,0,0,0,0,0,0.0,0.0,0.0
google_gemini-3-1-pro-preview,REC-ado-inp-008,3,adolescent,procedures,1,0,0,1,1,1.0,1.0,1.0
google_gemini-3-1-pro-preview,REC-ado-inp-008,3,adolescent,temporal,0,1,1,1,1,0.0,0.0,0.0
google_gemini-3-1-pro-preview,REC-ado-inp-009,3,adolescent,diagnoses,2,0,0,2,2,1.0,1.0,1.0
google_gemini-3-1-pro-preview,REC-ado-inp-009,3,adolescent,medications,1,0,0,1,1,1.0,1.0,1.0
google_gemini-3-1-pro-preview,REC-ado-inp-009,3,adolescent,labs,0,0,0,0,0,0.0,0.0,0.0
google_gemini-3-1-pro-preview,REC-ado-inp-009,3,adolescent,procedures,1,0,0,1,1,1.0,1.0,1.0
google_gemini-3-1-pro-preview,REC-ado-inp-009,3,adolescent,temporal,0,0,0,0,0,0.0,0.0,0.0
google_gemini-3-1-pro-preview,REC-ado-inp-010,3,adolescent,diagnoses,1,1,0,1,2,0.5,1.0,0.6666666666666666
google_gemini-3-1-pro-preview,REC-ado-inp-010,3,adolescent,medications,1,0,0,1,1,1.0,1.0,1.0
google_gemini-3-1-pro-preview,REC-ado-inp-010,3,adolescent,labs,1,0,0,1,1,1.0,1.0,1.0
google_gemini-3-1-pro-preview,REC-ado-inp-010,3,adolescent,procedures,1,0,0,1,1,1.0,1.0,1.0
google_gemini-3-1-pro-preview,REC-ado-inp-010,3,adolescent,temporal,0,1,1,1,1,0.0,0.0,0.0
google_gemini-3-1-pro-preview,REC-ado-out-001,3,adolescent,diagnoses,3,0,0,3,3,1.0,1.0,1.0
google_gemini-3-1-pro-preview,REC-ado-out-001,3,adolescent,medications,1,0,0,1,1,1.0,1.0,1.0
google_gemini-3-1-pro-preview,REC-ado-out-001,3,adolescent,labs,0,0,0,0,0,0.0,0.0,0.0
google_gemini-3-1-pro-preview,REC-ado-out-001,3,adolescent,procedures,1,0,0,1,1,1.0,1.0,1.0
google_gemini-3-1-pro-preview,REC-ado-out-001,3,adolescent,temporal,0,0,0,0,0,0.0,0.0,0.0
google_gemini-3-1-pro-preview,REC-ado-out-002,3,adolescent,diagnoses,2,0,0,2,2,1.0,1.0,1.0
google_gemini-3-1-pro-preview,REC-ado-out-002,3,adolescent,medications,1,0,0,1,1,1.0,1.0,1.0
google_gemini-3-1-pro-preview,REC-ado-out-002,3,adolescent,labs,0,1,0,0,1,0.0,0.0,0.0
google_gemini-3-1-pro-preview,REC-ado-out-002,3,adolescent,procedures,1,0,0,1,1,1.0,1.0,1.0
google_gemini-3-1-pro-preview,REC-ado-out-002,3,adolescent,temporal,0,2,2,2,2,0.0,0.0,0.0
google_gemini-3-1-pro-preview,REC-ado-out-003,3,adolescent,diagnoses,2,0,0,2,2,1.0,1.0,1.0
google_gemini-3-1-pro-preview,REC-ado-out-003,3,adolescent,medications,1,0,0,1,1,1.0,1.0,1.0
google_gemini-3-1-pro-preview,REC-ado-out-003,3,adolescent,labs,0,0,0,0,0,0.0,0.0,0.0
google_gemini-3-1-pro-preview,REC-ado-out-003,3,adolescent,procedures,1,1,0,1,2,0.5,1.0,0.6666666666666666
google_gemini-3-1-pro-preview,REC-ado-out-003,3,adolescent,temporal,0,1,1,1,1,0.0,0.0,0.0
google_gemini-3-1-pro-preview,REC-ado-out-004,3,adolescent,diagnoses,1,0,0,1,1,1.0,1.0,1.0
google_gemini-3-1-pro-preview,REC-ado-out-004,3,adolescent,medications,1,0,0,1,1,1.0,1.0,1.0
google_gemini-3-1-pro-preview,REC-ado-out-004,3,adolescent,labs,0,0,0,0,0,0.0,0.0,0.0
google_gemini-3-1-pro-preview,REC-ado-out-004,3,adolescent,procedures,1,1,0,1,2,0.5,1.0,0.6666666666666666
google_gemini-3-1-pro-preview,REC-ado-out-004,3,adolescent,temporal,0,1,1,1,1,0.0,0.0,0.0
google_gemini-3-1-pro-preview,REC-ado-out-005,3,adolescent,diagnoses,2,0,0,2,2,1.0,1.0,1.0
google_gemini-3-1-pro-preview,REC-ado-out-005,3,adolescent,medications,1,0,0,1,1,1.0,1.0,1.0
google_gemini-3-1-pro-preview,REC-ado-out-005,3,adolescent,labs,0,1,0,0,1,0.0,0.0,0.0
google_gemini-3-1-pro-preview,REC-ado-out-005,3,adolescent,procedures,1,0,0,1,1,1.0,1.0,1.0
google_gemini-3-1-pro-preview,REC-ado-out-005,3,adolescent,temporal,0,1,1,1,1,0.0,0.0,0.0
google_gemini-3-1-pro-preview,REC-ado-out-006,3,adolescent,diagnoses,1,0,0,1,1,1.0,1.0,1.0
google_gemini-3-1-pro-preview,REC-ado-out-006,3,adolescent,medications,1,0,0,1,1,1.0,1.0,1.0
google_gemini-3-1-pro-preview,REC-ado-out-006,3,adolescent,labs,0,0,0,0,0,0.0,0.0,0.0
google_gemini-3-1-pro-preview,REC-ado-out-006,3,adolescent,procedures,1,0,0,1,1,1.0,1.0,1.0
google_gemini-3-1-pro-preview,REC-ado-out-006,3,adolescent,temporal,0,1,1,1,1,0.0,0.0,0.0
google_gemini-3-1-pro-preview,REC-ado-out-007,3,adolescent,diagnoses,2,0,0,2,2,1.0,1.0,1.0
google_gemini-3-1-pro-preview,REC-ado-out-007,3,adolescent,medications,1,0,0,1,1,1.0,1.0,1.0
google_gemini-3-1-pro-preview,REC-ado-out-007,3,adolescent,labs,0,1,0,0,1,0.0,0.0,0.0
google_gemini-3-1-pro-preview,REC-ado-out-007,3,adolescent,procedures,1,0,0,1,1,1.0,1.0,1.0
google_gemini-3-1-pro-preview,REC-ado-out-007,3,adolescent,temporal,0,3,2,2,3,0.0,0.0,0.0
google_gemini-3-1-pro-preview,REC-ado-out-008,3,adolescent,diagnoses,1,0,0,1,1,1.0,1.0,1.0
google_gemini-3-1-pro-preview,REC-ado-out-008,3,adolescent,medications,1,0,0,1,1,1.0,1.0,1.0
google_gemini-3-1-pro-preview,REC-ado-out-008,3,adolescent,labs,0,0,0,0,0,0.0,0.0,0.0
google_gemini-3-1-pro-preview,REC-ado-out-008,3,adolescent,procedures,1,0,0,1,1,1.0,1.0,1.0
google_gemini-3-1-pro-preview,REC-ado-out-008,3,adolescent,temporal,0,1,1,1,1,0.0,0.0,0.0
google_gemini-3-1-pro-preview,REC-ado-out-009,3,adolescent,diagnoses,2,1,0,2,3,0.6666666666666666,1.0,0.8
google_gemini-3-1-pro-preview,REC-ado-out-009,3,adolescent,medications,1,0,0,1,1,1.0,1.0,1.0
google_gemini-3-1-pro-preview,REC-ado-out-009,3,adolescent,labs,0,0,0,0,0,0.0,0.0,0.0
google_gemini-3-1-pro-preview,REC-ado-out-009,3,adolescent,procedures,1,1,0,1,2,0.5,1.0,0.6666666666666666
google_gemini-3-1-pro-preview,REC-ado-out-009,3,adolescent,temporal,0,2,2,2,2,0.0,0.0,0.0
google_gemini-3-1-pro-preview,REC-ado-out-010,3,adolescent,diagnoses,2,0,0,2,2,1.0,1.0,1.0
google_gemini-3-1-pro-preview,REC-ado-out-010,3,adolescent,medications,1,0,0,1,1,1.0,1.0,1.0
google_gemini-3-1-pro-preview,REC-ado-out-010,3,adolescent,labs,0,0,0,0,0,0.0,0.0,0.0
google_gemini-3-1-pro-preview,REC-ado-out-010,3,adolescent,procedures,1,0,0,1,1,1.0,1.0,1.0
google_gemini-3-1-pro-preview,REC-ado-out-010,3,adolescent,temporal,0,1,1,1,1,0.0,0.0,0.0
google_gemini-3-1-pro-preview,REC-chi-eme-001,3,child,diagnoses,2,0,0,2,2,1.0,1.0,1.0
google_gemini-3-1-pro-preview,REC-chi-eme-001,3,child,medications,1,0,0,1,1,1.0,1.0,1.0
google_gemini-3-1-pro-preview,REC-chi-eme-001,3,child,labs,0,1,0,0,1,0.0,0.0,0.0
google_gemini-3-1-pro-preview,REC-chi-eme-001,3,child,procedures,1,0,0,1,1,1.0,1.0,1.0
google_gemini-3-1-pro-preview,REC-chi-eme-001,3,child,temporal,0,1,2,2,1,0.0,0.0,0.0
google_gemini-3-1-pro-preview,REC-chi-eme-002,3,child,diagnoses,2,0,0,2,2,1.0,1.0,1.0
google_gemini-3-1-pro-preview,REC-chi-eme-002,3,child,medications,1,0,0,1,1,1.0,1.0,1.0
google_gemini-3-1-pro-preview,REC-chi-eme-002,3,child,labs,1,0,0,1,1,1.0,1.0,1.0
google_gemini-3-1-pro-preview,REC-chi-eme-002,3,child,procedures,1,0,0,1,1,1.0,1.0,1.0
google_gemini-3-1-pro-preview,REC-chi-eme-002,3,child,temporal,0,3,0,0,3,0.0,0.0,0.0
google_gemini-3-1-pro-preview,REC-chi-eme-003,3,child,diagnoses,1,0,0,1,1,1.0,1.0,1.0
google_gemini-3-1-pro-preview,REC-chi-eme-003,3,child,medications,1,0,0,1,1,1.0,1.0,1.0
google_gemini-3-1-pro-preview,REC-chi-eme-003,3,child,labs,1,0,0,1,1,1.0,1.0,1.0
google_gemini-3-1-pro-preview,REC-chi-eme-003,3,child,procedures,1,0,0,1,1,1.0,1.0,1.0
google_gemini-3-1-pro-preview,REC-chi-eme-003,3,child,temporal,0,3,1,1,3,0.0,0.0,0.0
google_gemini-3-1-pro-preview,REC-chi-eme-004,3,child,diagnoses,2,1,0,2,3,0.6666666666666666,1.0,0.8
google_gemini-3-1-pro-preview,REC-chi-eme-004,3,child,medications,1,0,0,1,1,1.0,1.0,1.0
google_gemini-3-1-pro-preview,REC-chi-eme-004,3,child,labs,0,0,0,0,0,0.0,0.0,0.0
google_gemini-3-1-pro-preview,REC-chi-eme-004,3,child,procedures,1,0,0,1,1,1.0,1.0,1.0
google_gemini-3-1-pro-preview,REC-chi-eme-004,3,child,temporal,0,1,2,2,1,0.0,0.0,0.0
google_gemini-3-1-pro-preview,REC-chi-eme-005,3,child,diagnoses,2,0,0,2,2,1.0,1.0,1.0
google_gemini-3-1-pro-preview,REC-chi-eme-005,3,child,medications,1,0,0,1,1,1.0,1.0,1.0
google_gemini-3-1-pro-preview,REC-chi-eme-005,3,child,labs,1,0,0,1,1,1.0,1.0,1.0
google_gemini-3-1-pro-preview,REC-chi-eme-005,3,child,procedures,1,0,0,1,1,1.0,1.0,1.0
google_gemini-3-1-pro-preview,REC-chi-eme-005,3,child,temporal,0,1,0,0,1,0.0,0.0,0.0
google_gemini-3-1-pro-preview,REC-chi-eme-006,3,child,diagnoses,2,0,0,2,2,1.0,1.0,1.0
google_gemini-3-1-pro-preview,REC-chi-eme-006,3,child,medications,1,0,0,1,1,1.0,1.0,1.0
google_gemini-3-1-pro-preview,REC-chi-eme-006,3,child,labs,1,0,0,1,1,1.0,1.0,1.0
google_gemini-3-1-pro-preview,REC-chi-eme-006,3,child,procedures,1,0,0,1,1,1.0,1.0,1.0
google_gemini-3-1-pro-preview,REC-chi-eme-006,3,child,temporal,0,1,0,0,1,0.0,0.0,0.0
google_gemini-3-1-pro-preview,REC-chi-eme-007,3,child,diagnoses,2,1,0,2,3,0.6666666666666666,1.0,0.8
google_gemini-3-1-pro-preview,REC-chi-eme-007,3,child,medications,1,0,0,1,1,1.0,1.0,1.0
google_gemini-3-1-pro-preview,REC-chi-eme-007,3,child,labs,0,0,0,0,0,0.0,0.0,0.0
google_gemini-3-1-pro-preview,REC-chi-eme-007,3,child,procedures,1,0,0,1,1,1.0,1.0,1.0
google_gemini-3-1-pro-preview,REC-chi-eme-007,3,child,temporal,0,2,2,2,2,0.0,0.0,0.0
google_gemini-3-1-pro-preview,REC-chi-eme-008,3,child,diagnoses,2,0,0,2,2,1.0,1.0,1.0
google_gemini-3-1-pro-preview,REC-chi-eme-008,3,child,medications,1,0,0,1,1,1.0,1.0,1.0
google_gemini-3-1-pro-preview,REC-chi-eme-008,3,child,labs,1,0,0,1,1,1.0,1.0,1.0
google_gemini-3-1-pro-preview,REC-chi-eme-008,3,child,procedures,1,0,0,1,1,1.0,1.0,1.0
google_gemini-3-1-pro-preview,REC-chi-eme-008,3,child,temporal,0,3,0,0,3,0.0,0.0,0.0
google_gemini-3-1-pro-preview,REC-chi-eme-009,3,child,diagnoses,2,1,0,2,3,0.6666666666666666,1.0,0.8
google_gemini-3-1-pro-preview,REC-chi-eme-009,3,child,medications,1,0,0,1,1,1.0,1.0,1.0
google_gemini-3-1-pro-preview,REC-chi-eme-009,3,child,labs,1,0,0,1,1,1.0,1.0,1.0
google_gemini-3-1-pro-preview,REC-chi-eme-009,3,child,procedures,1,0,0,1,1,1.0,1.0,1.0
google_gemini-3-1-pro-preview,REC-chi-eme-009,3,child,temporal,0,1,2,2,1,0.0,0.0,0.0
google_gemini-3-1-pro-preview,REC-chi-eme-010,3,child,diagnoses,3,0,0,3,3,1.0,1.0,1.0
google_gemini-3-1-pro-preview,REC-chi-eme-010,3,child,medications,1,0,0,1,1,1.0,1.0,1.0
google_gemini-3-1-pro-preview,REC-chi-eme-010,3,child,labs,0,0,0,0,0,0.0,0.0,0.0
google_gemini-3-1-pro-preview,REC-chi-eme-010,3,child,procedures,1,0,0,1,1,1.0,1.0,1.0
google_gemini-3-1-pro-preview,REC-chi-eme-010,3,child,temporal,0,0,0,0,0,0.0,0.0,0.0
google_gemini-3-1-pro-preview,REC-chi-icu-001,3,child,diagnoses,1,0,0,1,1,1.0,1.0,1.0
google_gemini-3-1-pro-preview,REC-chi-icu-001,3,child,medications,1,0,0,1,1,1.0,1.0,1.0
google_gemini-3-1-pro-preview,REC-chi-icu-001,3,child,labs,0,0,0,0,0,0.0,0.0,0.0
google_gemini-3-1-pro-preview,REC-chi-icu-001,3,child,procedures,1,0,0,1,1,1.0,1.0,1.0
google_gemini-3-1-pro-preview,REC-chi-icu-001,3,child,temporal,0,1,1,1,1,0.0,0.0,0.0
google_gemini-3-1-pro-preview,REC-chi-icu-002,3,child,diagnoses,1,1,0,1,2,0.5,1.0,0.6666666666666666
google_gemini-3-1-pro-preview,REC-chi-icu-002,3,child,medications,1,0,0,1,1,1.0,1.0,1.0
google_gemini-3-1-pro-preview,REC-chi-icu-002,3,child,labs,1,0,0,1,1,1.0,1.0,1.0
google_gemini-3-1-pro-preview,REC-chi-icu-002,3,child,procedures,1,0,0,1,1,1.0,1.0,1.0
google_gemini-3-1-pro-preview,REC-chi-icu-002,3,child,temporal,0,1,2,2,1,0.0,0.0,0.0
google_gemini-3-1-pro-preview,REC-chi-icu-003,3,child,diagnoses,2,0,0,2,2,1.0,1.0,1.0
google_gemini-3-1-pro-preview,REC-chi-icu-003,3,child,medications,1,0,0,1,1,1.0,1.0,1.0
google_gemini-3-1-pro-preview,REC-chi-icu-003,3,child,labs,0,1,0,0,1,0.0,0.0,0.0
google_gemini-3-1-pro-preview,REC-chi-icu-003,3,child,procedures,1,0,0,1,1,1.0,1.0,1.0
google_gemini-3-1-pro-preview,REC-chi-icu-003,3,child,temporal,0,1,1,1,1,0.0,0.0,0.0
google_gemini-3-1-pro-preview,REC-chi-icu-004,3,child,diagnoses,2,1,0,2,3,0.6666666666666666,1.0,0.8
google_gemini-3-1-pro-preview,REC-chi-icu-004,3,child,medications,1,0,0,1,1,1.0,1.0,1.0
google_gemini-3-1-pro-preview,REC-chi-icu-004,3,child,labs,1,0,0,1,1,1.0,1.0,1.0
google_gemini-3-1-pro-preview,REC-chi-icu-004,3,child,procedures,1,0,0,1,1,1.0,1.0,1.0
google_gemini-3-1-pro-preview,REC-chi-icu-004,3,child,temporal,0,1,1,1,1,0.0,0.0,0.0
google_gemini-3-1-pro-preview,REC-chi-icu-005,3,child,diagnoses,2,1,0,2,3,0.6666666666666666,1.0,0.8
google_gemini-3-1-pro-preview,REC-chi-icu-005,3,child,medications,1,0,0,1,1,1.0,1.0,1.0
google_gemini-3-1-pro-preview,REC-chi-icu-005,3,child,labs,0,0,0,0,0,0.0,0.0,0.0
google_gemini-3-1-pro-preview,REC-chi-icu-005,3,child,procedures,1,1,0,1,2,0.5,1.0,0.6666666666666666
google_gemini-3-1-pro-preview,REC-chi-icu-005,3,child,temporal,0,3,2,2,3,0.0,0.0,0.0
google_gemini-3-1-pro-preview,REC-chi-icu-006,3,child,diagnoses,1,0,0,1,1,1.0,1.0,1.0
google_gemini-3-1-pro-preview,REC-chi-icu-006,3,child,medications,1,0,0,1,1,1.0,1.0,1.0
google_gemini-3-1-pro-preview,REC-chi-icu-006,3,child,labs,1,0,0,1,1,1.0,1.0,1.0
google_gemini-3-1-pro-preview,REC-chi-icu-006,3,child,procedures,1,0,0,1,1,1.0,1.0,1.0
google_gemini-3-1-pro-preview,REC-chi-icu-006,3,child,temporal,0,2,2,2,2,0.0,0.0,0.0
google_gemini-3-1-pro-preview,REC-chi-icu-007,3,child,diagnoses,1,0,0,1,1,1.0,1.0,1.0
google_gemini-3-1-pro-preview,REC-chi-icu-007,3,child,medications,1,0,0,1,1,1.0,1.0,1.0
google_gemini-3-1-pro-preview,REC-chi-icu-007,3,child,labs,0,0,0,0,0,0.0,0.0,0.0
google_gemini-3-1-pro-preview,REC-chi-icu-007,3,child,procedures,1,0,0,1,1,1.0,1.0,1.0
google_gemini-3-1-pro-preview,REC-chi-icu-007,3,child,temporal,0,1,2,2,1,0.0,0.0,0.0
google_gemini-3-1-pro-preview,REC-chi-icu-008,3,child,diagnoses,1,0,0,1,1,1.0,1.0,1.0
google_gemini-3-1-pro-preview,REC-chi-icu-008,3,child,medications,1,0,0,1,1,1.0,1.0,1.0
google_gemini-3-1-pro-preview,REC-chi-icu-008,3,child,labs,1,0,0,1,1,1.0,1.0,1.0
google_gemini-3-1-pro-preview,REC-chi-icu-008,3,child,procedures,1,0,0,1,1,1.0,1.0,1.0
google_gemini-3-1-pro-preview,REC-chi-icu-008,3,child,temporal,0,1,1,1,1,0.0,0.0,0.0
google_gemini-3-1-pro-preview,REC-chi-icu-009,3,child,diagnoses,2,0,0,2,2,1.0,1.0,1.0
google_gemini-3-1-pro-preview,REC-chi-icu-009,3,child,medications,1,0,0,1,1,1.0,1.0,1.0
google_gemini-3-1-pro-preview,REC-chi-icu-009,3,child,labs,0,1,0,0,1,0.0,0.0,0.0
google_gemini-3-1-pro-preview,REC-chi-icu-009,3,child,procedures,1,0,0,1,1,1.0,1.0,1.0
google_gemini-3-1-pro-preview,REC-chi-icu-009,3,child,temporal,0,2,2,2,2,0.0,0.0,0.0
google_gemini-3-1-pro-preview,REC-chi-icu-010,3,child,diagnoses,2,0,0,2,2,1.0,1.0,1.0
google_gemini-3-1-pro-preview,REC-chi-icu-010,3,child,medications,1,0,0,1,1,1.0,1.0,1.0
google_gemini-3-1-pro-preview,REC-chi-icu-010,3,child,labs,1,0,0,1,1,1.0,1.0,1.0
google_gemini-3-1-pro-preview,REC-chi-icu-010,3,child,procedures,1,0,0,1,1,1.0,1.0,1.0
google_gemini-3-1-pro-preview,REC-chi-icu-010,3,child,temporal,0,2,0,0,2,0.0,0.0,0.0
google_gemini-3-1-pro-preview,REC-chi-inp-001,3,child,diagnoses,2,1,0,2,3,0.6666666666666666,1.0,0.8
google_gemini-3-1-pro-preview,REC-chi-inp-001,3,child,medications,1,0,0,1,1,1.0,1.0,1.0
google_gemini-3-1-pro-preview,REC-chi-inp-001,3,child,labs,0,0,0,0,0,0.0,0.0,0.0
google_gemini-3-1-pro-preview,REC-chi-inp-001,3,child,procedures,1,0,0,1,1,1.0,1.0,1.0
google_gemini-3-1-pro-preview,REC-chi-inp-001,3,child,temporal,0,2,2,2,2,0.0,0.0,0.0
google_gemini-3-1-pro-preview,REC-chi-inp-002,3,child,diagnoses,1,0,0,1,1,1.0,1.0,1.0
google_gemini-3-1-pro-preview,REC-chi-inp-002,3,child,medications,1,0,0,1,1,1.0,1.0,1.0
google_gemini-3-1-pro-preview,REC-chi-inp-002,3,child,labs,1,0,0,1,1,1.0,1.0,1.0
google_gemini-3-1-pro-preview,REC-chi-inp-002,3,child,procedures,1,0,0,1,1,1.0,1.0,1.0
google_gemini-3-1-pro-preview,REC-chi-inp-002,3,child,temporal,0,3,1,1,3,0.0,0.0,0.0
google_gemini-3-1-pro-preview,REC-chi-inp-003,3,child,diagnoses,2,0,0,2,2,1.0,1.0,1.0
google_gemini-3-1-pro-preview,REC-chi-inp-003,3,child,medications,1,0,0,1,1,1.0,1.0,1.0
google_gemini-3-1-pro-preview,REC-chi-inp-003,3,child,labs,1,0,0,1,1,1.0,1.0,1.0
google_gemini-3-1-pro-preview,REC-chi-inp-003,3,child,procedures,1,0,0,1,1,1.0,1.0,1.0
google_gemini-3-1-pro-preview,REC-chi-inp-003,3,child,temporal,0,3,0,0,3,0.0,0.0,0.0
google_gemini-3-1-pro-preview,REC-chi-inp-004,3,child,diagnoses,2,1,0,2,3,0.6666666666666666,1.0,0.8
google_gemini-3-1-pro-preview,REC-chi-inp-004,3,child,medications,1,0,0,1,1,1.0,1.0,1.0
google_gemini-3-1-pro-preview,REC-chi-inp-004,3,child,labs,0,0,0,0,0,0.0,0.0,0.0
google_gemini-3-1-pro-preview,REC-chi-inp-004,3,child,procedures,1,0,0,1,1,1.0,1.0,1.0
google_gemini-3-1-pro-preview,REC-chi-inp-004,3,child,temporal,0,1,1,1,1,0.0,0.0,0.0
google_gemini-3-1-pro-preview,REC-chi-inp-005,3,child,diagnoses,1,1,0,1,2,0.5,1.0,0.6666666666666666
google_gemini-3-1-pro-preview,REC-chi-inp-005,3,child,medications,1,0,0,1,1,1.0,1.0,1.0
google_gemini-3-1-pro-preview,REC-chi-inp-005,3,child,labs,1,0,0,1,1,1.0,1.0,1.0
google_gemini-3-1-pro-preview,REC-chi-inp-005,3,child,procedures,1,0,0,1,1,1.0,1.0,1.0
google_gemini-3-1-pro-preview,REC-chi-inp-005,3,child,temporal,0,1,1,1,1,0.0,0.0,0.0
google_gemini-3-1-pro-preview,REC-chi-inp-006,3,child,diagnoses,1,1,0,1,2,0.5,1.0,0.6666666666666666
google_gemini-3-1-pro-preview,REC-chi-inp-006,3,child,medications,1,0,0,1,1,1.0,1.0,1.0
google_gemini-3-1-pro-preview,REC-chi-inp-006,3,child,labs,1,0,0,1,1,1.0,1.0,1.0
google_gemini-3-1-pro-preview,REC-chi-inp-006,3,child,procedures,1,0,0,1,1,1.0,1.0,1.0
google_gemini-3-1-pro-preview,REC-chi-inp-006,3,child,temporal,0,2,2,2,2,0.0,0.0,0.0
google_gemini-3-1-pro-preview,REC-chi-inp-007,3,child,diagnoses,1,0,0,1,1,1.0,1.0,1.0
google_gemini-3-1-pro-preview,REC-chi-inp-007,3,child,medications,1,0,0,1,1,1.0,1.0,1.0
google_gemini-3-1-pro-preview,REC-chi-inp-007,3,child,labs,0,0,0,0,0,0.0,0.0,0.0
google_gemini-3-1-pro-preview,REC-chi-inp-007,3,child,procedures,1,0,0,1,1,1.0,1.0,1.0
google_gemini-3-1-pro-preview,REC-chi-inp-007,3,child,temporal,0,1,1,1,1,0.0,0.0,0.0
google_gemini-3-1-pro-preview,REC-chi-inp-008,3,child,diagnoses,2,0,0,2,2,1.0,1.0,1.0
google_gemini-3-1-pro-preview,REC-chi-inp-008,3,child,medications,1,0,0,1,1,1.0,1.0,1.0
google_gemini-3-1-pro-preview,REC-chi-inp-008,3,child,labs,1,0,0,1,1,1.0,1.0,1.0
google_gemini-3-1-pro-preview,REC-chi-inp-008,3,child,procedures,1,0,0,1,1,1.0,1.0,1.0
google_gemini-3-1-pro-preview,REC-chi-inp-008,3,child,temporal,0,3,1,1,3,0.0,0.0,0.0
google_gemini-3-1-pro-preview,REC-chi-inp-009,3,child,diagnoses,1,0,0,1,1,1.0,1.0,1.0
google_gemini-3-1-pro-preview,REC-chi-inp-009,3,child,medications,1,0,0,1,1,1.0,1.0,1.0
google_gemini-3-1-pro-preview,REC-chi-inp-009,3,child,labs,1,0,0,1,1,1.0,1.0,1.0
google_gemini-3-1-pro-preview,REC-chi-inp-009,3,child,procedures,1,0,0,1,1,1.0,1.0,1.0
google_gemini-3-1-pro-preview,REC-chi-inp-009,3,child,temporal,0,2,1,1,2,0.0,0.0,0.0
google_gemini-3-1-pro-preview,REC-chi-inp-010,3,child,diagnoses,2,0,0,2,2,1.0,1.0,1.0
google_gemini-3-1-pro-preview,REC-chi-inp-010,3,child,medications,1,0,0,1,1,1.0,1.0,1.0
google_gemini-3-1-pro-preview,REC-chi-inp-010,3,child,labs,0,0,0,0,0,0.0,0.0,0.0
google_gemini-3-1-pro-preview,REC-chi-inp-010,3,child,procedures,1,0,0,1,1,1.0,1.0,1.0
google_gemini-3-1-pro-preview,REC-chi-inp-010,3,child,temporal,0,1,2,2,1,0.0,0.0,0.0
google_gemini-3-1-pro-preview,REC-chi-out-001,3,child,diagnoses,2,0,0,2,2,1.0,1.0,1.0
google_gemini-3-1-pro-preview,REC-chi-out-001,3,child,medications,1,0,0,1,1,1.0,1.0,1.0
google_gemini-3-1-pro-preview,REC-chi-out-001,3,child,labs,0,1,0,0,1,0.0,0.0,0.0
google_gemini-3-1-pro-preview,REC-chi-out-001,3,child,procedures,1,0,0,1,1,1.0,1.0,1.0
google_gemini-3-1-pro-preview,REC-chi-out-001,3,child,temporal,0,1,2,2,1,0.0,0.0,0.0
google_gemini-3-1-pro-preview,REC-chi-out-002,3,child,diagnoses,2,1,0,2,3,0.6666666666666666,1.0,0.8
google_gemini-3-1-pro-preview,REC-chi-out-002,3,child,medications,1,0,0,1,1,1.0,1.0,1.0
google_gemini-3-1-pro-preview,REC-chi-out-002,3,child,labs,1,0,0,1,1,1.0,1.0,1.0
google_gemini-3-1-pro-preview,REC-chi-out-002,3,child,procedures,1,1,0,1,2,0.5,1.0,0.6666666666666666
google_gemini-3-1-pro-preview,REC-chi-out-002,3,child,temporal,0,2,2,2,2,0.0,0.0,0.0
google_gemini-3-1-pro-preview,REC-chi-out-003,3,child,diagnoses,2,0,0,2,2,1.0,1.0,1.0
google_gemini-3-1-pro-preview,REC-chi-out-003,3,child,medications,1,0,0,1,1,1.0,1.0,1.0
google_gemini-3-1-pro-preview,REC-chi-out-003,3,child,labs,0,0,0,0,0,0.0,0.0,0.0
google_gemini-3-1-pro-preview,REC-chi-out-003,3,child,procedures,1,1,0,1,2,0.5,1.0,0.6666666666666666
google_gemini-3-1-pro-preview,REC-chi-out-003,3,child,temporal,0,1,1,1,1,0.0,0.0,0.0
google_gemini-3-1-pro-preview,REC-chi-out-004,3,child,diagnoses,2,0,0,2,2,1.0,1.0,1.0
google_gemini-3-1-pro-preview,REC-chi-out-004,3,child,medications,1,0,0,1,1,1.0,1.0,1.0
google_gemini-3-1-pro-preview,REC-chi-out-004,3,child,labs,1,0,0,1,1,1.0,1.0,1.0
google_gemini-3-1-pro-preview,REC-chi-out-004,3,child,procedures,1,0,0,1,1,1.0,1.0,1.0
google_gemini-3-1-pro-preview,REC-chi-out-004,3,child,temporal,0,0,1,1,0,0.0,0.0,0.0
google_gemini-3-1-pro-preview,REC-chi-out-005,3,child,diagnoses,1,1,0,1,2,0.5,1.0,0.6666666666666666
google_gemini-3-1-pro-preview,REC-chi-out-005,3,child,medications,1,0,0,1,1,1.0,1.0,1.0
google_gemini-3-1-pro-preview,REC-chi-out-005,3,child,labs,0,1,0,0,1,0.0,0.0,0.0
google_gemini-3-1-pro-preview,REC-chi-out-005,3,child,procedures,1,0,0,1,1,1.0,1.0,1.0
google_gemini-3-1-pro-preview,REC-chi-out-005,3,child,temporal,0,2,2,2,2,0.0,0.0,0.0
google_gemini-3-1-pro-preview,REC-chi-out-006,3,child,diagnoses,1,0,0,1,1,1.0,1.0,1.0
google_gemini-3-1-pro-preview,REC-chi-out-006,3,child,medications,1,0,0,1,1,1.0,1.0,1.0
google_gemini-3-1-pro-preview,REC-chi-out-006,3,child,labs,1,0,0,1,1,1.0,1.0,1.0
google_gemini-3-1-pro-preview,REC-chi-out-006,3,child,procedures,1,1,0,1,2,0.5,1.0,0.6666666666666666
google_gemini-3-1-pro-preview,REC-chi-out-006,3,child,temporal,0,3,2,2,3,0.0,0.0,0.0
google_gemini-3-1-pro-preview,REC-chi-out-007,3,child,diagnoses,2,1,0,2,3,0.6666666666666666,1.0,0.8
google_gemini-3-1-pro-preview,REC-chi-out-007,3,child,medications,1,0,0,1,1,1.0,1.0,1.0
google_gemini-3-1-pro-preview,REC-chi-out-007,3,child,labs,0,1,0,0,1,0.0,0.0,0.0
google_gemini-3-1-pro-preview,REC-chi-out-007,3,child,procedures,1,0,0,1,1,1.0,1.0,1.0
google_gemini-3-1-pro-preview,REC-chi-out-007,3,child,temporal,0,2,2,2,2,0.0,0.0,0.0
google_gemini-3-1-pro-preview,REC-chi-out-008,3,child,diagnoses,3,0,0,3,3,1.0,1.0,1.0
google_gemini-3-1-pro-preview,REC-chi-out-008,3,child,medications,1,0,0,1,1,1.0,1.0,1.0
google_gemini-3-1-pro-preview,REC-chi-out-008,3,child,labs,1,0,0,1,1,1.0,1.0,1.0
google_gemini-3-1-pro-preview,REC-chi-out-008,3,child,procedures,1,0,0,1,1,1.0,1.0,1.0
google_gemini-3-1-pro-preview,REC-chi-out-008,3,child,temporal,0,3,0,0,3,0.0,0.0,0.0
google_gemini-3-1-pro-preview,REC-chi-out-009,3,child,diagnoses,2,0,0,2,2,1.0,1.0,1.0
google_gemini-3-1-pro-preview,REC-chi-out-009,3,child,medications,1,0,0,1,1,1.0,1.0,1.0
google_gemini-3-1-pro-preview,REC-chi-out-009,3,child,labs,0,0,0,0,0,0.0,0.0,0.0
google_gemini-3-1-pro-preview,REC-chi-out-009,3,child,procedures,1,0,0,1,1,1.0,1.0,1.0
google_gemini-3-1-pro-preview,REC-chi-out-009,3,child,temporal,0,1,1,1,1,0.0,0.0,0.0
google_gemini-3-1-pro-preview,REC-chi-out-010,3,child,diagnoses,1,0,0,1,1,1.0,1.0,1.0
google_gemini-3-1-pro-preview,REC-chi-out-010,3,child,medications,1,0,0,1,1,1.0,1.0,1.0
google_gemini-3-1-pro-preview,REC-chi-out-010,3,child,labs,1,0,0,1,1,1.0,1.0,1.0
google_gemini-3-1-pro-preview,REC-chi-out-010,3,child,procedures,1,0,0,1,1,1.0,1.0,1.0
google_gemini-3-1-pro-preview,REC-chi-out-010,3,child,temporal,0,1,2,2,1,0.0,0.0,0.0
google_gemini-3-1-pro-preview,REC-inf-eme-001,3,infant,diagnoses,3,0,0,3,3,1.0,1.0,1.0
google_gemini-3-1-pro-preview,REC-inf-eme-001,3,infant,medications,0,0,0,0,0,0.0,0.0,0.0
google_gemini-3-1-pro-preview,REC-inf-eme-001,3,infant,labs,0,0,0,0,0,0.0,0.0,0.0
google_gemini-3-1-pro-preview,REC-inf-eme-001,3,infant,procedures,1,0,0,1,1,1.0,1.0,1.0
google_gemini-3-1-pro-preview,REC-inf-eme-001,3,infant,temporal,0,0,0,0,0,0.0,0.0,0.0
google_gemini-3-1-pro-preview,REC-inf-eme-002,3,infant,diagnoses,2,0,0,2,2,1.0,1.0,1.0
google_gemini-3-1-pro-preview,REC-inf-eme-002,3,infant,medications,1,0,0,1,1,1.0,1.0,1.0
google_gemini-3-1-pro-preview,REC-inf-eme-002,3,infant,labs,0,0,0,0,0,0.0,0.0,0.0
google_gemini-3-1-pro-preview,REC-inf-eme-002,3,infant,procedures,1,0,0,1,1,1.0,1.0,1.0
google_gemini-3-1-pro-preview,REC-inf-eme-002,3,infant,temporal,0,1,1,1,1,0.0,0.0,0.0
google_gemini-3-1-pro-preview,REC-inf-eme-003,3,infant,diagnoses,2,1,0,2,3,0.6666666666666666,1.0,0.8
google_gemini-3-1-pro-preview,REC-inf-eme-003,3,infant,medications,1,0,0,1,1,1.0,1.0,1.0
google_gemini-3-1-pro-preview,REC-inf-eme-003,3,infant,labs,1,0,0,1,1,1.0,1.0,1.0
google_gemini-3-1-pro-preview,REC-inf-eme-003,3,infant,procedures,1,0,0,1,1,1.0,1.0,1.0
google_gemini-3-1-pro-preview,REC-inf-eme-003,3,infant,temporal,0,1,2,2,1,0.0,0.0,0.0
google_gemini-3-1-pro-preview,REC-inf-eme-004,3,infant,diagnoses,2,1,0,2,3,0.6666666666666666,1.0,0.8
google_gemini-3-1-pro-preview,REC-inf-eme-004,3,infant,medications,0,0,0,0,0,0.0,0.0,0.0
google_gemini-3-1-pro-preview,REC-inf-eme-004,3,infant,labs,0,0,0,0,0,0.0,0.0,0.0
google_gemini-3-1-pro-preview,REC-inf-eme-004,3,infant,procedures,1,1,0,1,2,0.5,1.0,0.6666666666666666
google_gemini-3-1-pro-preview,REC-inf-eme-004,3,infant,temporal,0,1,2,2,1,0.0,0.0,0.0
google_gemini-3-1-pro-preview,REC-inf-eme-005,3,infant,diagnoses,1,1,0,1,2,0.5,1.0,0.6666666666666666
google_gemini-3-1-pro-preview,REC-inf-eme-005,3,infant,medications,1,0,0,1,1,1.0,1.0,1.0
google_gemini-3-1-pro-preview,REC-inf-eme-005,3,infant,labs,0,0,0,0,0,0.0,0.0,0.0
google_gemini-3-1-pro-preview,REC-inf-eme-005,3,infant,procedures,1,0,0,1,1,1.0,1.0,1.0
google_gemini-3-1-pro-preview,REC-inf-eme-005,3,infant,temporal,0,1,2,2,1,0.0,0.0,0.0
google_gemini-3-1-pro-preview,REC-inf-eme-006,3,infant,diagnoses,1,0,0,1,1,1.0,1.0,1.0
google_gemini-3-1-pro-preview,REC-inf-eme-006,3,infant,medications,1,0,0,1,1,1.0,1.0,1.0
google_gemini-3-1-pro-preview,REC-inf-eme-006,3,infant,labs,1,0,0,1,1,1.0,1.0,1.0
google_gemini-3-1-pro-preview,REC-inf-eme-006,3,infant,procedures,1,0,0,1,1,1.0,1.0,1.0
google_gemini-3-1-pro-preview,REC-inf-eme-006,3,infant,temporal,0,1,1,1,1,0.0,0.0,0.0
google_gemini-3-1-pro-preview,REC-inf-eme-007,3,infant,diagnoses,3,0,0,3,3,1.0,1.0,1.0
google_gemini-3-1-pro-preview,REC-inf-eme-007,3,infant,medications,0,0,0,0,0,0.0,0.0,0.0
google_gemini-3-1-pro-preview,REC-inf-eme-007,3,infant,labs,0,0,0,0,0,0.0,0.0,0.0
google_gemini-3-1-pro-preview,REC-inf-eme-007,3,infant,procedures,1,0,0,1,1,1.0,1.0,1.0
google_gemini-3-1-pro-preview,REC-inf-eme-007,3,infant,temporal,0,1,1,1,1,0.0,0.0,0.0
google_gemini-3-1-pro-preview,REC-inf-eme-008,3,infant,diagnoses,1,0,0,1,1,1.0,1.0,1.0
google_gemini-3-1-pro-preview,REC-inf-eme-008,3,infant,medications,1,0,0,1,1,1.0,1.0,1.0
google_gemini-3-1-pro-preview,REC-inf-eme-008,3,infant,labs,0,0,0,0,0,0.0,0.0,0.0
google_gemini-3-1-pro-preview,REC-inf-eme-008,3,infant,procedures,1,0,0,1,1,1.0,1.0,1.0
google_gemini-3-1-pro-preview,REC-inf-eme-008,3,infant,temporal,0,1,2,2,1,0.0,0.0,0.0
google_gemini-3-1-pro-preview,REC-inf-eme-009,3,infant,diagnoses,1,0,0,1,1,1.0,1.0,1.0
google_gemini-3-1-pro-preview,REC-inf-eme-009,3,infant,medications,1,0,0,1,1,1.0,1.0,1.0
google_gemini-3-1-pro-preview,REC-inf-eme-009,3,infant,labs,1,0,0,1,1,1.0,1.0,1.0
google_gemini-3-1-pro-preview,REC-inf-eme-009,3,infant,procedures,1,1,0,1,2,0.5,1.0,0.6666666666666666
google_gemini-3-1-pro-preview,REC-inf-eme-009,3,infant,temporal,0,2,3,3,2,0.0,0.0,0.0
google_gemini-3-1-pro-preview,REC-inf-eme-010,3,infant,diagnoses,1,1,0,1,2,0.5,1.0,0.6666666666666666
google_gemini-3-1-pro-preview,REC-inf-eme-010,3,infant,medications,0,0,0,0,0,0.0,0.0,0.0
google_gemini-3-1-pro-preview,REC-inf-eme-010,3,infant,labs,0,0,0,0,0,0.0,0.0,0.0
google_gemini-3-1-pro-preview,REC-inf-eme-010,3,infant,procedures,1,0,0,1,1,1.0,1.0,1.0
google_gemini-3-1-pro-preview,REC-inf-eme-010,3,infant,temporal,0,0,1,1,0,0.0,0.0,0.0
google_gemini-3-1-pro-preview,REC-inf-icu-001,3,infant,diagnoses,1,0,0,1,1,1.0,1.0,1.0
google_gemini-3-1-pro-preview,REC-inf-icu-001,3,infant,medications,0,0,0,0,0,0.0,0.0,0.0
google_gemini-3-1-pro-preview,REC-inf-icu-001,3,infant,labs,0,0,0,0,0,0.0,0.0,0.0
google_gemini-3-1-pro-preview,REC-inf-icu-001,3,infant,procedures,1,1,0,1,2,0.5,1.0,0.6666666666666666
google_gemini-3-1-pro-preview,REC-inf-icu-001,3,infant,temporal,0,1,1,1,1,0.0,0.0,0.0
google_gemini-3-1-pro-preview,REC-inf-icu-002,3,infant,diagnoses,2,0,0,2,2,1.0,1.0,1.0
google_gemini-3-1-pro-preview,REC-inf-icu-002,3,infant,medications,1,0,0,1,1,1.0,1.0,1.0
google_gemini-3-1-pro-preview,REC-inf-icu-002,3,infant,labs,1,0,0,1,1,1.0,1.0,1.0
google_gemini-3-1-pro-preview,REC-inf-icu-002,3,infant,procedures,1,0,0,1,1,1.0,1.0,1.0
google_gemini-3-1-pro-preview,REC-inf-icu-002,3,infant,temporal,0,1,2,2,1,0.0,0.0,0.0
google_gemini-3-1-pro-preview,REC-inf-icu-003,3,infant,diagnoses,2,0,0,2,2,1.0,1.0,1.0
google_gemini-3-1-pro-preview,REC-inf-icu-003,3,infant,medications,0,0,0,0,0,0.0,0.0,0.0
google_gemini-3-1-pro-preview,REC-inf-icu-003,3,infant,labs,0,0,0,0,0,0.0,0.0,0.0
google_gemini-3-1-pro-preview,REC-inf-icu-003,3,infant,procedures,1,0,0,1,1,1.0,1.0,1.0
google_gemini-3-1-pro-preview,REC-inf-icu-003,3,infant,temporal,0,0,0,0,0,0.0,0.0,0.0
google_gemini-3-1-pro-preview,REC-inf-icu-004,3,infant,diagnoses,1,1,0,1,2,0.5,1.0,0.6666666666666666
google_gemini-3-1-pro-preview,REC-inf-icu-004,3,infant,medications,1,0,0,1,1,1.0,1.0,1.0
google_gemini-3-1-pro-preview,REC-inf-icu-004,3,infant,labs,1,0,0,1,1,1.0,1.0,1.0
google_gemini-3-1-pro-preview,REC-inf-icu-004,3,infant,procedures,1,1,0,1,2,0.5,1.0,0.6666666666666666
google_gemini-3-1-pro-preview,REC-inf-icu-004,3,infant,temporal,0,2,3,3,2,0.0,0.0,0.0
google_gemini-3-1-pro-preview,REC-inf-icu-005,3,infant,diagnoses,1,0,0,1,1,1.0,1.0,1.0
google_gemini-3-1-pro-preview,REC-inf-icu-005,3,infant,medications,0,0,0,0,0,0.0,0.0,0.0
google_gemini-3-1-pro-preview,REC-inf-icu-005,3,infant,labs,0,1,0,0,1,0.0,0.0,0.0
google_gemini-3-1-pro-preview,REC-inf-icu-005,3,infant,procedures,1,1,0,1,2,0.5,1.0,0.6666666666666666
google_gemini-3-1-pro-preview,REC-inf-icu-005,3,infant,temporal,0,2,2,2,2,0.0,0.0,0.0
google_gemini-3-1-pro-preview,REC-inf-icu-006,3,infant,diagnoses,1,0,0,1,1,1.0,1.0,1.0
google_gemini-3-1-pro-preview,REC-inf-icu-006,3,infant,medications,1,0,0,1,1,1.0,1.0,1.0
google_gemini-3-1-pro-preview,REC-inf-icu-006,3,infant,labs,1,0,0,1,1,1.0,1.0,1.0
google_gemini-3-1-pro-preview,REC-inf-icu-006,3,infant,procedures,1,0,0,1,1,1.0,1.0,1.0
google_gemini-3-1-pro-preview,REC-inf-icu-006,3,infant,temporal,0,1,1,1,1,0.0,0.0,0.0
google_gemini-3-1-pro-preview,REC-inf-icu-007,3,infant,diagnoses,2,0,0,2,2,1.0,1.0,1.0
google_gemini-3-1-pro-preview,REC-inf-icu-007,3,infant,medications,0,0,0,0,0,0.0,0.0,0.0
google_gemini-3-1-pro-preview,REC-inf-icu-007,3,infant,labs,0,1,0,0,1,0.0,0.0,0.0
google_gemini-3-1-pro-preview,REC-inf-icu-007,3,infant,procedures,1,0,0,1,1,1.0,1.0,1.0
google_gemini-3-1-pro-preview,REC-inf-icu-007,3,infant,temporal,0,2,2,2,2,0.0,0.0,0.0
google_gemini-3-1-pro-preview,REC-inf-icu-008,3,infant,diagnoses,1,0,0,1,1,1.0,1.0,1.0
google_gemini-3-1-pro-preview,REC-inf-icu-008,3,infant,medications,1,0,0,1,1,1.0,1.0,1.0
google_gemini-3-1-pro-preview,REC-inf-icu-008,3,infant,labs,1,0,0,1,1,1.0,1.0,1.0
google_gemini-3-1-pro-preview,REC-inf-icu-008,3,infant,procedures,1,0,0,1,1,1.0,1.0,1.0
google_gemini-3-1-pro-preview,REC-inf-icu-008,3,infant,temporal,0,1,1,1,1,0.0,0.0,0.0
google_gemini-3-1-pro-preview,REC-inf-icu-009,3,infant,diagnoses,3,0,0,3,3,1.0,1.0,1.0
google_gemini-3-1-pro-preview,REC-inf-icu-009,3,infant,medications,0,0,0,0,0,0.0,0.0,0.0
google_gemini-3-1-pro-preview,REC-inf-icu-009,3,infant,labs,0,0,0,0,0,0.0,0.0,0.0
google_gemini-3-1-pro-preview,REC-inf-icu-009,3,infant,procedures,1,0,0,1,1,1.0,1.0,1.0
google_gemini-3-1-pro-preview,REC-inf-icu-009,3,infant,temporal,0,1,0,0,1,0.0,0.0,0.0
google_gemini-3-1-pro-preview,REC-inf-icu-010,3,infant,diagnoses,2,1,0,2,3,0.6666666666666666,1.0,0.8
google_gemini-3-1-pro-preview,REC-inf-icu-010,3,infant,medications,1,0,0,1,1,1.0,1.0,1.0
google_gemini-3-1-pro-preview,REC-inf-icu-010,3,infant,labs,1,0,0,1,1,1.0,1.0,1.0
google_gemini-3-1-pro-preview,REC-inf-icu-010,3,infant,procedures,1,0,0,1,1,1.0,1.0,1.0
google_gemini-3-1-pro-preview,REC-inf-icu-010,3,infant,temporal,0,2,2,2,2,0.0,0.0,0.0
google_gemini-3-1-pro-preview,REC-inf-inp-001,3,infant,diagnoses,2,0,0,2,2,1.0,1.0,1.0
google_gemini-3-1-pro-preview,REC-inf-inp-001,3,infant,medications,0,0,0,0,0,0.0,0.0,0.0
google_gemini-3-1-pro-preview,REC-inf-inp-001,3,infant,labs,0,0,0,0,0,0.0,0.0,0.0
google_gemini-3-1-pro-preview,REC-inf-inp-001,3,infant,procedures,1,0,0,1,1,1.0,1.0,1.0
google_gemini-3-1-pro-preview,REC-inf-inp-001,3,infant,temporal,0,1,1,1,1,0.0,0.0,0.0
google_gemini-3-1-pro-preview,REC-inf-inp-002,3,infant,diagnoses,1,1,0,1,2,0.5,1.0,0.6666666666666666
google_gemini-3-1-pro-preview,REC-inf-inp-002,3,infant,medications,1,0,0,1,1,1.0,1.0,1.0
google_gemini-3-1-pro-preview,REC-inf-inp-002,3,infant,labs,1,0,0,1,1,1.0,1.0,1.0
google_gemini-3-1-pro-preview,REC-inf-inp-002,3,infant,procedures,1,1,0,1,2,0.5,1.0,0.6666666666666666
google_gemini-3-1-pro-preview,REC-inf-inp-002,3,infant,temporal,0,2,3,3,2,0.0,0.0,0.0
google_gemini-3-1-pro-preview,REC-inf-inp-003,3,infant,diagnoses,3,0,0,3,3,1.0,1.0,1.0
google_gemini-3-1-pro-preview,REC-inf-inp-003,3,infant,medications,0,0,0,0,0,0.0,0.0,0.0
google_gemini-3-1-pro-preview,REC-inf-inp-003,3,infant,labs,0,0,0,0,0,0.0,0.0,0.0
google_gemini-3-1-pro-preview,REC-inf-inp-003,3,infant,procedures,1,0,0,1,1,1.0,1.0,1.0
google_gemini-3-1-pro-preview,REC-inf-inp-003,3,infant,temporal,0,0,0,0,0,0.0,0.0,0.0
google_gemini-3-1-pro-preview,REC-inf-inp-004,3,infant,diagnoses,2,1,0,2,3,0.6666666666666666,1.0,0.8
google_gemini-3-1-pro-preview,REC-inf-inp-004,3,infant,medications,1,0,0,1,1,1.0,1.0,1.0
google_gemini-3-1-pro-preview,REC-inf-inp-004,3,infant,labs,1,0,0,1,1,1.0,1.0,1.0
google_gemini-3-1-pro-preview,REC-inf-inp-004,3,infant,procedures,1,0,0,1,1,1.0,1.0,1.0
google_gemini-3-1-pro-preview,REC-inf-inp-004,3,infant,temporal,0,2,1,1,2,0.0,0.0,0.0
google_gemini-3-1-pro-preview,REC-inf-inp-005,3,infant,diagnoses,2,0,0,2,2,1.0,1.0,1.0
google_gemini-3-1-pro-preview,REC-inf-inp-005,3,infant,medications,0,0,0,0,0,0.0,0.0,0.0
google_gemini-3-1-pro-preview,REC-inf-inp-005,3,infant,labs,0,0,0,0,0,0.0,0.0,0.0
google_gemini-3-1-pro-preview,REC-inf-inp-005,3,infant,procedures,1,1,0,1,2,0.5,1.0,0.6666666666666666
google_gemini-3-1-pro-preview,REC-inf-inp-005,3,infant,temporal,0,2,2,2,2,0.0,0.0,0.0
google_gemini-3-1-pro-preview,REC-inf-inp-006,3,infant,diagnoses,1,0,0,1,1,1.0,1.0,1.0
google_gemini-3-1-pro-preview,REC-inf-inp-006,3,infant,medications,1,0,0,1,1,1.0,1.0,1.0
google_gemini-3-1-pro-preview,REC-inf-inp-006,3,infant,labs,1,0,0,1,1,1.0,1.0,1.0
google_gemini-3-1-pro-preview,REC-inf-inp-006,3,infant,procedures,1,1,0,1,2,0.5,1.0,0.6666666666666666
google_gemini-3-1-pro-preview,REC-inf-inp-006,3,infant,temporal,0,1,1,1,1,0.0,0.0,0.0
google_gemini-3-1-pro-preview,REC-inf-inp-007,3,infant,diagnoses,1,0,0,1,1,1.0,1.0,1.0
google_gemini-3-1-pro-preview,REC-inf-inp-007,3,infant,medications,0,0,0,0,0,0.0,0.0,0.0
google_gemini-3-1-pro-preview,REC-inf-inp-007,3,infant,labs,0,1,0,0,1,0.0,0.0,0.0
google_gemini-3-1-pro-preview,REC-inf-inp-007,3,infant,procedures,1,0,0,1,1,1.0,1.0,1.0
google_gemini-3-1-pro-preview,REC-inf-inp-007,3,infant,temporal,0,1,1,1,1,0.0,0.0,0.0
google_gemini-3-1-pro-preview,REC-inf-inp-008,3,infant,diagnoses,1,1,0,1,2,0.5,1.0,0.6666666666666666
google_gemini-3-1-pro-preview,REC-inf-inp-008,3,infant,medications,1,0,0,1,1,1.0,1.0,1.0
google_gemini-3-1-pro-preview,REC-inf-inp-008,3,infant,labs,1,0,0,1,1,1.0,1.0,1.0
google_gemini-3-1-pro-preview,REC-inf-inp-008,3,infant,procedures,1,0,0,1,1,1.0,1.0,1.0
google_gemini-3-1-pro-preview,REC-inf-inp-008,3,infant,temporal,0,2,1,1,2,0.0,0.0,0.0
google_gemini-3-1-pro-preview,REC-inf-inp-009,3,infant,diagnoses,2,0,0,2,2,1.0,1.0,1.0
google_gemini-3-1-pro-preview,REC-inf-inp-009,3,infant,medications,0,0,0,0,0,0.0,0.0,0.0
google_gemini-3-1-pro-preview,REC-inf-inp-009,3,infant,labs,0,0,0,0,0,0.0,0.0,0.0
google_gemini-3-1-pro-preview,REC-inf-inp-009,3,infant,procedures,1,1,0,1,2,0.5,1.0,0.6666666666666666
google_gemini-3-1-pro-preview,REC-inf-inp-009,3,infant,temporal,0,2,2,2,2,0.0,0.0,0.0
google_gemini-3-1-pro-preview,REC-inf-inp-010,3,infant,diagnoses,1,0,0,1,1,1.0,1.0,1.0
google_gemini-3-1-pro-preview,REC-inf-inp-010,3,infant,medications,1,0,0,1,1,1.0,1.0,1.0
google_gemini-3-1-pro-preview,REC-inf-inp-010,3,infant,labs,1,0,0,1,1,1.0,1.0,1.0
google_gemini-3-1-pro-preview,REC-inf-inp-010,3,infant,procedures,1,0,0,1,1,1.0,1.0,1.0
google_gemini-3-1-pro-preview,REC-inf-inp-010,3,infant,temporal,0,1,1,1,1,0.0,0.0,0.0
google_gemini-3-1-pro-preview,REC-inf-out-001,3,infant,diagnoses,2,0,0,2,2,1.0,1.0,1.0
google_gemini-3-1-pro-preview,REC-inf-out-001,3,infant,medications,0,0,0,0,0,0.0,0.0,0.0
google_gemini-3-1-pro-preview,REC-inf-out-001,3,infant,labs,0,0,0,0,0,0.0,0.0,0.0
google_gemini-3-1-pro-preview,REC-inf-out-001,3,infant,procedures,1,0,0,1,1,1.0,1.0,1.0
google_gemini-3-1-pro-preview,REC-inf-out-001,3,infant,temporal,0,0,0,0,0,0.0,0.0,0.0
google_gemini-3-1-pro-preview,REC-inf-out-002,3,infant,diagnoses,1,1,0,1,2,0.5,1.0,0.6666666666666666
google_gemini-3-1-pro-preview,REC-inf-out-002,3,infant,medications,1,0,0,1,1,1.0,1.0,1.0
google_gemini-3-1-pro-preview,REC-inf-out-002,3,infant,labs,0,0,0,0,0,0.0,0.0,0.0
google_gemini-3-1-pro-preview,REC-inf-out-002,3,infant,procedures,1,0,0,1,1,1.0,1.0,1.0
google_gemini-3-1-pro-preview,REC-inf-out-002,3,infant,temporal,0,0,1,1,0,0.0,0.0,0.0
google_gemini-3-1-pro-preview,REC-inf-out-003,3,infant,diagnoses,2,0,0,2,2,1.0,1.0,1.0
google_gemini-3-1-pro-preview,REC-inf-out-003,3,infant,medications,0,0,0,0,0,0.0,0.0,0.0
google_gemini-3-1-pro-preview,REC-inf-out-003,3,infant,labs,0,0,0,0,0,0.0,0.0,0.0
google_gemini-3-1-pro-preview,REC-inf-out-003,3,infant,procedures,1,0,0,1,1,1.0,1.0,1.0
google_gemini-3-1-pro-preview,REC-inf-out-003,3,infant,temporal,0,0,0,0,0,0.0,0.0,0.0
google_gemini-3-1-pro-preview,REC-inf-out-004,3,infant,diagnoses,3,0,0,3,3,1.0,1.0,1.0
google_gemini-3-1-pro-preview,REC-inf-out-004,3,infant,medications,1,0,0,1,1,1.0,1.0,1.0
google_gemini-3-1-pro-preview,REC-inf-out-004,3,infant,labs,0,1,0,0,1,0.0,0.0,0.0
google_gemini-3-1-pro-preview,REC-inf-out-004,3,infant,procedures,1,0,0,1,1,1.0,1.0,1.0
google_gemini-3-1-pro-preview,REC-inf-out-004,3,infant,temporal,0,1,1,1,1,0.0,0.0,0.0
google_gemini-3-1-pro-preview,REC-inf-out-005,3,infant,diagnoses,2,0,0,2,2,1.0,1.0,1.0
google_gemini-3-1-pro-preview,REC-inf-out-005,3,infant,medications,0,0,0,0,0,0.0,0.0,0.0
google_gemini-3-1-pro-preview,REC-inf-out-005,3,infant,labs,0,0,0,0,0,0.0,0.0,0.0
google_gemini-3-1-pro-preview,REC-inf-out-005,3,infant,procedures,1,0,0,1,1,1.0,1.0,1.0
google_gemini-3-1-pro-preview,REC-inf-out-005,3,infant,temporal,0,0,0,0,0,0.0,0.0,0.0
google_gemini-3-1-pro-preview,REC-inf-out-006,3,infant,diagnoses,1,0,0,1,1,1.0,1.0,1.0
google_gemini-3-1-pro-preview,REC-inf-out-006,3,infant,medications,1,0,0,1,1,1.0,1.0,1.0
google_gemini-3-1-pro-preview,REC-inf-out-006,3,infant,labs,0,0,0,0,0,0.0,0.0,0.0
google_gemini-3-1-pro-preview,REC-inf-out-006,3,infant,procedures,1,0,0,1,1,1.0,1.0,1.0
google_gemini-3-1-pro-preview,REC-inf-out-006,3,infant,temporal,0,1,1,1,1,0.0,0.0,0.0
google_gemini-3-1-pro-preview,REC-inf-out-007,3,infant,diagnoses,2,0,0,2,2,1.0,1.0,1.0
google_gemini-3-1-pro-preview,REC-inf-out-007,3,infant,medications,0,0,0,0,0,0.0,0.0,0.0
google_gemini-3-1-pro-preview,REC-inf-out-007,3,infant,labs,0,0,0,0,0,0.0,0.0,0.0
google_gemini-3-1-pro-preview,REC-inf-out-007,3,infant,procedures,1,0,0,1,1,1.0,1.0,1.0
google_gemini-3-1-pro-preview,REC-inf-out-007,3,infant,temporal,0,0,0,0,0,0.0,0.0,0.0
google_gemini-3-1-pro-preview,REC-inf-out-008,3,infant,diagnoses,1,1,0,1,2,0.5,1.0,0.6666666666666666
google_gemini-3-1-pro-preview,REC-inf-out-008,3,infant,medications,1,0,0,1,1,1.0,1.0,1.0
google_gemini-3-1-pro-preview,REC-inf-out-008,3,infant,labs,0,1,0,0,1,0.0,0.0,0.0
google_gemini-3-1-pro-preview,REC-inf-out-008,3,infant,procedures,1,0,0,1,1,1.0,1.0,1.0
google_gemini-3-1-pro-preview,REC-inf-out-008,3,infant,temporal,0,1,3,3,1,0.0,0.0,0.0
google_gemini-3-1-pro-preview,REC-inf-out-009,3,infant,diagnoses,1,0,0,1,1,1.0,1.0,1.0
google_gemini-3-1-pro-preview,REC-inf-out-009,3,infant,medications,0,0,0,0,0,0.0,0.0,0.0
google_gemini-3-1-pro-preview,REC-inf-out-009,3,infant,labs,0,0,0,0,0,0.0,0.0,0.0
google_gemini-3-1-pro-preview,REC-inf-out-009,3,infant,procedures,1,1,0,1,2,0.5,1.0,0.6666666666666666
google_gemini-3-1-pro-preview,REC-inf-out-009,3,infant,temporal,0,2,2,2,2,0.0,0.0,0.0
google_gemini-3-1-pro-preview,REC-inf-out-010,3,infant,diagnoses,2,0,0,2,2,1.0,1.0,1.0
google_gemini-3-1-pro-preview,REC-inf-out-010,3,infant,medications,1,0,0,1,1,1.0,1.0,1.0
google_gemini-3-1-pro-preview,REC-inf-out-010,3,infant,labs,0,0,0,0,0,0.0,0.0,0.0
google_gemini-3-1-pro-preview,REC-inf-out-010,3,infant,procedures,1,0,0,1,1,1.0,1.0,1.0
google_gemini-3-1-pro-preview,REC-inf-out-010,3,infant,temporal,0,0,0,0,0,0.0,0.0,0.0
google_gemini-3-1-pro-preview,REC-neo-eme-001,3,neonate,diagnoses,2,0,0,2,2,1.0,1.0,1.0
google_gemini-3-1-pro-preview,REC-neo-eme-001,3,neonate,medications,1,0,0,1,1,1.0,1.0,1.0
google_gemini-3-1-pro-preview,REC-neo-eme-001,3,neonate,labs,1,0,0,1,1,1.0,1.0,1.0
google_gemini-3-1-pro-preview,REC-neo-eme-001,3,neonate,procedures,1,1,0,1,2,0.5,1.0,0.6666666666666666
google_gemini-3-1-pro-preview,REC-neo-eme-001,3,neonate,temporal,0,2,2,2,2,0.0,0.0,0.0
google_gemini-3-1-pro-preview,REC-neo-eme-002,3,neonate,diagnoses,3,0,0,3,3,1.0,1.0,1.0
google_gemini-3-1-pro-preview,REC-neo-eme-002,3,neonate,medications,0,0,0,0,0,0.0,0.0,0.0
google_gemini-3-1-pro-preview,REC-neo-eme-002,3,neonate,labs,1,0,0,1,1,1.0,1.0,1.0
google_gemini-3-1-pro-preview,REC-neo-eme-002,3,neonate,procedures,1,1,0,1,2,0.5,1.0,0.6666666666666666
google_gemini-3-1-pro-preview,REC-neo-eme-002,3,neonate,temporal,0,1,2,2,1,0.0,0.0,0.0
google_gemini-3-1-pro-preview,REC-neo-eme-003,3,neonate,diagnoses,1,1,0,1,2,0.5,1.0,0.6666666666666666
google_gemini-3-1-pro-preview,REC-neo-eme-003,3,neonate,medications,1,0,0,1,1,1.0,1.0,1.0
google_gemini-3-1-pro-preview,REC-neo-eme-003,3,neonate,labs,1,0,0,1,1,1.0,1.0,1.0
google_gemini-3-1-pro-preview,REC-neo-eme-003,3,neonate,procedures,1,1,0,1,2,0.5,1.0,0.6666666666666666
google_gemini-3-1-pro-preview,REC-neo-eme-003,3,neonate,temporal,0,2,3,3,2,0.0,0.0,0.0
google_gemini-3-1-pro-preview,REC-neo-eme-004,3,neonate,diagnoses,2,0,0,2,2,1.0,1.0,1.0
google_gemini-3-1-pro-preview,REC-neo-eme-004,3,neonate,medications,1,0,0,1,1,1.0,1.0,1.0
google_gemini-3-1-pro-preview,REC-neo-eme-004,3,neonate,labs,1,0,0,1,1,1.0,1.0,1.0
google_gemini-3-1-pro-preview,REC-neo-eme-004,3,neonate,procedures,1,0,0,1,1,1.0,1.0,1.0
google_gemini-3-1-pro-preview,REC-neo-eme-004,3,neonate,temporal,0,1,2,2,1,0.0,0.0,0.0
google_gemini-3-1-pro-preview,REC-neo-eme-005,3,neonate,diagnoses,3,0,0,3,3,1.0,1.0,1.0
google_gemini-3-1-pro-preview,REC-neo-eme-005,3,neonate,medications,0,0,0,0,0,0.0,0.0,0.0
google_gemini-3-1-pro-preview,REC-neo-eme-005,3,neonate,labs,1,0,0,1,1,1.0,1.0,1.0
google_gemini-3-1-pro-preview,REC-neo-eme-005,3,neonate,procedures,1,0,0,1,1,1.0,1.0,1.0
google_gemini-3-1-pro-preview,REC-neo-eme-005,3,neonate,temporal,0,2,2,2,2,0.0,0.0,0.0
google_gemini-3-1-pro-preview,REC-neo-eme-006,3,neonate,diagnoses,2,1,0,2,3,0.6666666666666666,1.0,0.8
google_gemini-3-1-pro-preview,REC-neo-eme-006,3,neonate,medications,1,0,0,1,1,1.0,1.0,1.0
google_gemini-3-1-pro-preview,REC-neo-eme-006,3,neonate,labs,1,0,0,1,1,1.0,1.0,1.0
google_gemini-3-1-pro-preview,REC-neo-eme-006,3,neonate,procedures,1,1,0,1,2,0.5,1.0,0.6666666666666666
google_gemini-3-1-pro-preview,REC-neo-eme-006,3,neonate,temporal,0,1,2,2,1,0.0,0.0,0.0
google_gemini-3-1-pro-preview,REC-neo-eme-007,3,neonate,diagnoses,3,0,0,3,3,1.0,1.0,1.0
google_gemini-3-1-pro-preview,REC-neo-eme-007,3,neonate,medications,1,0,0,1,1,1.0,1.0,1.0
google_gemini-3-1-pro-preview,REC-neo-eme-007,3,neonate,labs,1,0,0,1,1,1.0,1.0,1.0
google_gemini-3-1-pro-preview,REC-neo-eme-007,3,neonate,procedures,1,0,0,1,1,1.0,1.0,1.0
google_gemini-3-1-pro-preview,REC-neo-eme-007,3,neonate,temporal,0,1,2,2,1,0.0,0.0,0.0
google_gemini-3-1-pro-preview,REC-neo-eme-008,3,neonate,diagnoses,2,0,0,2,2,1.0,1.0,1.0
google_gemini-3-1-pro-preview,REC-neo-eme-008,3,neonate,medications,0,0,0,0,0,0.0,0.0,0.0
google_gemini-3-1-pro-preview,REC-neo-eme-008,3,neonate,labs,1,0,0,1,1,1.0,1.0,1.0
google_gemini-3-1-pro-preview,REC-neo-eme-008,3,neonate,procedures,1,1,0,1,2,0.5,1.0,0.6666666666666666
google_gemini-3-1-pro-preview,REC-neo-eme-008,3,neonate,temporal,0,2,3,3,2,0.0,0.0,0.0
google_gemini-3-1-pro-preview,REC-neo-eme-009,3,neonate,diagnoses,1,1,0,1,2,0.5,1.0,0.6666666666666666
google_gemini-3-1-pro-preview,REC-neo-eme-009,3,neonate,medications,1,0,0,1,1,1.0,1.0,1.0
google_gemini-3-1-pro-preview,REC-neo-eme-009,3,neonate,labs,1,0,0,1,1,1.0,1.0,1.0
google_gemini-3-1-pro-preview,REC-neo-eme-009,3,neonate,procedures,1,1,0,1,2,0.5,1.0,0.6666666666666666
google_gemini-3-1-pro-preview,REC-neo-eme-009,3,neonate,temporal,0,1,2,2,1,0.0,0.0,0.0
google_gemini-3-1-pro-preview,REC-neo-eme-010,3,neonate,diagnoses,1,0,0,1,1,1.0,1.0,1.0
google_gemini-3-1-pro-preview,REC-neo-eme-010,3,neonate,medications,1,0,0,1,1,1.0,1.0,1.0
google_gemini-3-1-pro-preview,REC-neo-eme-010,3,neonate,labs,1,0,0,1,1,1.0,1.0,1.0
google_gemini-3-1-pro-preview,REC-neo-eme-010,3,neonate,procedures,1,1,0,1,2,0.5,1.0,0.6666666666666666
google_gemini-3-1-pro-preview,REC-neo-eme-010,3,neonate,temporal,0,2,3,3,2,0.0,0.0,0.0
google_gemini-3-1-pro-preview,REC-neo-icu-001,3,neonate,diagnoses,1,0,0,1,1,1.0,1.0,1.0
google_gemini-3-1-pro-preview,REC-neo-icu-001,3,neonate,medications,1,0,0,1,1,1.0,1.0,1.0
google_gemini-3-1-pro-preview,REC-neo-icu-001,3,neonate,labs,1,0,0,1,1,1.0,1.0,1.0
google_gemini-3-1-pro-preview,REC-neo-icu-001,3,neonate,procedures,1,1,0,1,2,0.5,1.0,0.6666666666666666
google_gemini-3-1-pro-preview,REC-neo-icu-001,3,neonate,temporal,0,1,4,4,1,0.0,0.0,0.0
google_gemini-3-1-pro-preview,REC-neo-icu-002,3,neonate,diagnoses,3,1,0,3,4,0.75,1.0,0.8571428571428571
google_gemini-3-1-pro-preview,REC-neo-icu-002,3,neonate,medications,1,0,0,1,1,1.0,1.0,1.0
google_gemini-3-1-pro-preview,REC-neo-icu-002,3,neonate,labs,1,0,0,1,1,1.0,1.0,1.0
google_gemini-3-1-pro-preview,REC-neo-icu-002,3,neonate,procedures,1,0,0,1,1,1.0,1.0,1.0
google_gemini-3-1-pro-preview,REC-neo-icu-002,3,neonate,temporal,0,1,2,2,1,0.0,0.0,0.0
google_gemini-3-1-pro-preview,REC-neo-icu-003,3,neonate,diagnoses,2,0,0,2,2,1.0,1.0,1.0
google_gemini-3-1-pro-preview,REC-neo-icu-003,3,neonate,medications,1,0,0,1,1,1.0,1.0,1.0
google_gemini-3-1-pro-preview,REC-neo-icu-003,3,neonate,labs,1,0,0,1,1,1.0,1.0,1.0
google_gemini-3-1-pro-preview,REC-neo-icu-003,3,neonate,procedures,1,0,0,1,1,1.0,1.0,1.0
google_gemini-3-1-pro-preview,REC-neo-icu-003,3,neonate,temporal,0,1,2,2,1,0.0,0.0,0.0
google_gemini-3-1-pro-preview,REC-neo-icu-004,3,neonate,diagnoses,2,1,0,2,3,0.6666666666666666,1.0,0.8
google_gemini-3-1-pro-preview,REC-neo-icu-004,3,neonate,medications,1,0,0,1,1,1.0,1.0,1.0
google_gemini-3-1-pro-preview,REC-neo-icu-004,3,neonate,labs,1,0,0,1,1,1.0,1.0,1.0
google_gemini-3-1-pro-preview,REC-neo-icu-004,3,neonate,procedures,1,1,0,1,2,0.5,1.0,0.6666666666666666
google_gemini-3-1-pro-preview,REC-neo-icu-004,3,neonate,temporal,0,3,2,2,3,0.0,0.0,0.0
google_gemini-3-1-pro-preview,REC-neo-icu-005,3,neonate,diagnoses,1,0,0,1,1,1.0,1.0,1.0
google_gemini-3-1-pro-preview,REC-neo-icu-005,3,neonate,medications,1,0,0,1,1,1.0,1.0,1.0
google_gemini-3-1-pro-preview,REC-neo-icu-005,3,neonate,labs,1,0,0,1,1,1.0,1.0,1.0
google_gemini-3-1-pro-preview,REC-neo-icu-005,3,neonate,procedures,1,1,0,1,2,0.5,1.0,0.6666666666666666
google_gemini-3-1-pro-preview,REC-neo-icu-005,3,neonate,temporal,0,2,2,2,2,0.0,0.0,0.0
google_gemini-3-1-pro-preview,REC-neo-icu-006,3,neonate,diagnoses,1,1,0,1,2,0.5,1.0,0.6666666666666666
google_gemini-3-1-pro-preview,REC-neo-icu-006,3,neonate,medications,1,0,0,1,1,1.0,1.0,1.0
google_gemini-3-1-pro-preview,REC-neo-icu-006,3,neonate,labs,1,0,0,1,1,1.0,1.0,1.0
google_gemini-3-1-pro-preview,REC-neo-icu-006,3,neonate,procedures,1,1,0,1,2,0.5,1.0,0.6666666666666666
google_gemini-3-1-pro-preview,REC-neo-icu-006,3,neonate,temporal,0,1,2,2,1,0.0,0.0,0.0
google_gemini-3-1-pro-preview,REC-neo-icu-007,3,neonate,diagnoses,2,0,0,2,2,1.0,1.0,1.0
google_gemini-3-1-pro-preview,REC-neo-icu-007,3,neonate,medications,1,0,0,1,1,1.0,1.0,1.0
google_gemini-3-1-pro-preview,REC-neo-icu-007,3,neonate,labs,1,0,0,1,1,1.0,1.0,1.0
google_gemini-3-1-pro-preview,REC-neo-icu-007,3,neonate,procedures,1,0,0,1,1,1.0,1.0,1.0
google_gemini-3-1-pro-preview,REC-neo-icu-007,3,neonate,temporal,0,1,1,1,1,0.0,0.0,0.0
google_gemini-3-1-pro-preview,REC-neo-icu-008,3,neonate,diagnoses,2,1,0,2,3,0.6666666666666666,1.0,0.8
google_gemini-3-1-pro-preview,REC-neo-icu-008,3,neonate,medications,1,0,0,1,1,1.0,1.0,1.0
google_gemini-3-1-pro-preview,REC-neo-icu-008,3,neonate,labs,1,0,0,1,1,1.0,1.0,1.0
google_gemini-3-1-pro-preview,REC-neo-icu-008,3,neonate,procedures,1,1,0,1,2,0.5,1.0,0.6666666666666666
google_gemini-3-1-pro-preview,REC-neo-icu-008,3,neonate,temporal,0,2,3,3,2,0.0,0.0,0.0
google_gemini-3-1-pro-preview,REC-neo-icu-009,3,neonate,diagnoses,1,0,0,1,1,1.0,1.0,1.0
google_gemini-3-1-pro-preview,REC-neo-icu-009,3,neonate,medications,1,0,0,1,1,1.0,1.0,1.0
google_gemini-3-1-pro-preview,REC-neo-icu-009,3,neonate,labs,1,0,0,1,1,1.0,1.0,1.0
google_gemini-3-1-pro-preview,REC-neo-icu-009,3,neonate,procedures,1,0,0,1,1,1.0,1.0,1.0
google_gemini-3-1-pro-preview,REC-neo-icu-009,3,neonate,temporal,0,1,2,2,1,0.0,0.0,0.0
google_gemini-3-1-pro-preview,REC-neo-icu-010,3,neonate,diagnoses,3,1,0,3,4,0.75,1.0,0.8571428571428571
google_gemini-3-1-pro-preview,REC-neo-icu-010,3,neonate,medications,1,0,0,1,1,1.0,1.0,1.0
google_gemini-3-1-pro-preview,REC-neo-icu-010,3,neonate,labs,1,0,0,1,1,1.0,1.0,1.0
google_gemini-3-1-pro-preview,REC-neo-icu-010,3,neonate,procedures,1,0,0,1,1,1.0,1.0,1.0
google_gemini-3-1-pro-preview,REC-neo-icu-010,3,neonate,temporal,0,1,2,2,1,0.0,0.0,0.0
google_gemini-3-1-pro-preview,REC-neo-inp-001,3,neonate,diagnoses,2,0,0,2,2,1.0,1.0,1.0
google_gemini-3-1-pro-preview,REC-neo-inp-001,3,neonate,medications,1,0,0,1,1,1.0,1.0,1.0
google_gemini-3-1-pro-preview,REC-neo-inp-001,3,neonate,labs,1,0,0,1,1,1.0,1.0,1.0
google_gemini-3-1-pro-preview,REC-neo-inp-001,3,neonate,procedures,1,1,0,1,2,0.5,1.0,0.6666666666666666
google_gemini-3-1-pro-preview,REC-neo-inp-001,3,neonate,temporal,0,1,2,2,1,0.0,0.0,0.0
google_gemini-3-1-pro-preview,REC-neo-inp-002,3,neonate,diagnoses,3,0,0,3,3,1.0,1.0,1.0
google_gemini-3-1-pro-preview,REC-neo-inp-002,3,neonate,medications,0,0,0,0,0,0.0,0.0,0.0
google_gemini-3-1-pro-preview,REC-neo-inp-002,3,neonate,labs,1,0,0,1,1,1.0,1.0,1.0
google_gemini-3-1-pro-preview,REC-neo-inp-002,3,neonate,procedures,1,0,0,1,1,1.0,1.0,1.0
google_gemini-3-1-pro-preview,REC-neo-inp-002,3,neonate,temporal,0,2,2,2,2,0.0,0.0,0.0
google_gemini-3-1-pro-preview,REC-neo-inp-003,3,neonate,diagnoses,2,1,0,2,3,0.6666666666666666,1.0,0.8
google_gemini-3-1-pro-preview,REC-neo-inp-003,3,neonate,medications,1,0,0,1,1,1.0,1.0,1.0
google_gemini-3-1-pro-preview,REC-neo-inp-003,3,neonate,labs,1,0,0,1,1,1.0,1.0,1.0
google_gemini-3-1-pro-preview,REC-neo-inp-003,3,neonate,procedures,1,1,0,1,2,0.5,1.0,0.6666666666666666
google_gemini-3-1-pro-preview,REC-neo-inp-003,3,neonate,temporal,0,1,2,2,1,0.0,0.0,0.0
google_gemini-3-1-pro-preview,REC-neo-inp-004,3,neonate,diagnoses,2,0,0,2,2,1.0,1.0,1.0
google_gemini-3-1-pro-preview,REC-neo-inp-004,3,neonate,medications,1,0,0,1,1,1.0,1.0,1.0
google_gemini-3-1-pro-preview,REC-neo-inp-004,3,neonate,labs,1,0,0,1,1,1.0,1.0,1.0
google_gemini-3-1-pro-preview,REC-neo-inp-004,3,neonate,procedures,1,0,0,1,1,1.0,1.0,1.0
google_gemini-3-1-pro-preview,REC-neo-inp-004,3,neonate,temporal,0,1,3,3,1,0.0,0.0,0.0
google_gemini-3-1-pro-preview,REC-neo-inp-005,3,neonate,diagnoses,2,0,0,2,2,1.0,1.0,1.0
google_gemini-3-1-pro-preview,REC-neo-inp-005,3,neonate,medications,0,0,0,0,0,0.0,0.0,0.0
google_gemini-3-1-pro-preview,REC-neo-inp-005,3,neonate,labs,1,0,0,1,1,1.0,1.0,1.0
google_gemini-3-1-pro-preview,REC-neo-inp-005,3,neonate,procedures,1,0,0,1,1,1.0,1.0,1.0
google_gemini-3-1-pro-preview,REC-neo-inp-005,3,neonate,temporal,0,2,2,2,2,0.0,0.0,0.0
google_gemini-3-1-pro-preview,REC-neo-inp-006,3,neonate,diagnoses,1,1,0,1,2,0.5,1.0,0.6666666666666666
google_gemini-3-1-pro-preview,REC-neo-inp-006,3,neonate,medications,1,0,0,1,1,1.0,1.0,1.0
google_gemini-3-1-pro-preview,REC-neo-inp-006,3,neonate,labs,1,0,0,1,1,1.0,1.0,1.0
google_gemini-3-1-pro-preview,REC-neo-inp-006,3,neonate,procedures,1,0,0,1,1,1.0,1.0,1.0
google_gemini-3-1-pro-preview,REC-neo-inp-006,3,neonate,temporal,0,1,2,2,1,0.0,0.0,0.0
google_gemini-3-1-pro-preview,REC-neo-inp-007,3,neonate,diagnoses,1,0,0,1,1,1.0,1.0,1.0
google_gemini-3-1-pro-preview,REC-neo-inp-007,3,neonate,medications,1,0,0,1,1,1.0,1.0,1.0
google_gemini-3-1-pro-preview,REC-neo-inp-007,3,neonate,labs,1,0,0,1,1,1.0,1.0,1.0
google_gemini-3-1-pro-preview,REC-neo-inp-007,3,neonate,procedures,1,1,0,1,2,0.5,1.0,0.6666666666666666
google_gemini-3-1-pro-preview,REC-neo-inp-007,3,neonate,temporal,0,2,4,4,2,0.0,0.0,0.0
google_gemini-3-1-pro-preview,REC-neo-inp-008,3,neonate,diagnoses,2,0,0,2,2,1.0,1.0,1.0
google_gemini-3-1-pro-preview,REC-neo-inp-008,3,neonate,medications,0,0,0,0,0,0.0,0.0,0.0
google_gemini-3-1-pro-preview,REC-neo-inp-008,3,neonate,labs,1,0,0,1,1,1.0,1.0,1.0
google_gemini-3-1-pro-preview,REC-neo-inp-008,3,neonate,procedures,1,1,0,1,2,0.5,1.0,0.6666666666666666
google_gemini-3-1-pro-preview,REC-neo-inp-008,3,neonate,temporal,0,2,3,3,2,0.0,0.0,0.0
google_gemini-3-1-pro-preview,REC-neo-inp-009,3,neonate,diagnoses,1,1,0,1,2,0.5,1.0,0.6666666666666666
google_gemini-3-1-pro-preview,REC-neo-inp-009,3,neonate,medications,1,0,0,1,1,1.0,1.0,1.0
google_gemini-3-1-pro-preview,REC-neo-inp-009,3,neonate,labs,1,0,0,1,1,1.0,1.0,1.0
google_gemini-3-1-pro-preview,REC-neo-inp-009,3,neonate,procedures,1,0,0,1,1,1.0,1.0,1.0
google_gemini-3-1-pro-preview,REC-neo-inp-009,3,neonate,temporal,0,1,2,2,1,0.0,0.0,0.0
google_gemini-3-1-pro-preview,REC-neo-inp-010,3,neonate,diagnoses,1,0,0,1,1,1.0,1.0,1.0
google_gemini-3-1-pro-preview,REC-neo-inp-010,3,neonate,medications,1,0,0,1,1,1.0,1.0,1.0
google_gemini-3-1-pro-preview,REC-neo-inp-010,3,neonate,labs,1,0,0,1,1,1.0,1.0,1.0
google_gemini-3-1-pro-preview,REC-neo-inp-010,3,neonate,procedures,1,0,0,1,1,1.0,1.0,1.0
google_gemini-3-1-pro-preview,REC-neo-inp-010,3,neonate,temporal,0,1,2,2,1,0.0,0.0,0.0
google_gemini-3-1-pro-preview,REC-neo-out-001,3,neonate,diagnoses,1,0,0,1,1,1.0,1.0,1.0
google_gemini-3-1-pro-preview,REC-neo-out-001,3,neonate,medications,0,0,0,0,0,0.0,0.0,0.0
google_gemini-3-1-pro-preview,REC-neo-out-001,3,neonate,labs,1,0,0,1,1,1.0,1.0,1.0
google_gemini-3-1-pro-preview,REC-neo-out-001,3,neonate,procedures,1,1,0,1,2,0.5,1.0,0.6666666666666666
google_gemini-3-1-pro-preview,REC-neo-out-001,3,neonate,temporal,0,2,2,2,2,0.0,0.0,0.0
google_gemini-3-1-pro-preview,REC-neo-out-002,3,neonate,diagnoses,3,0,0,3,3,1.0,1.0,1.0
google_gemini-3-1-pro-preview,REC-neo-out-002,3,neonate,medications,0,0,0,0,0,0.0,0.0,0.0
google_gemini-3-1-pro-preview,REC-neo-out-002,3,neonate,labs,1,0,0,1,1,1.0,1.0,1.0
google_gemini-3-1-pro-preview,REC-neo-out-002,3,neonate,procedures,1,1,0,1,2,0.5,1.0,0.6666666666666666
google_gemini-3-1-pro-preview,REC-neo-out-002,3,neonate,temporal,0,2,2,2,2,0.0,0.0,0.0
google_gemini-3-1-pro-preview,REC-neo-out-003,3,neonate,diagnoses,2,0,0,2,2,1.0,1.0,1.0
google_gemini-3-1-pro-preview,REC-neo-out-003,3,neonate,medications,0,0,0,0,0,0.0,0.0,0.0
google_gemini-3-1-pro-preview,REC-neo-out-003,3,neonate,labs,1,0,0,1,1,1.0,1.0,1.0
google_gemini-3-1-pro-preview,REC-neo-out-003,3,neonate,procedures,1,0,0,1,1,1.0,1.0,1.0
google_gemini-3-1-pro-preview,REC-neo-out-003,3,neonate,temporal,0,1,1,1,1,0.0,0.0,0.0
google_gemini-3-1-pro-preview,REC-neo-out-004,3,neonate,diagnoses,2,0,0,2,2,1.0,1.0,1.0
google_gemini-3-1-pro-preview,REC-neo-out-004,3,neonate,medications,0,0,0,0,0,0.0,0.0,0.0
google_gemini-3-1-pro-preview,REC-neo-out-004,3,neonate,labs,1,0,0,1,1,1.0,1.0,1.0
google_gemini-3-1-pro-preview,REC-neo-out-004,3,neonate,procedures,1,1,0,1,2,0.5,1.0,0.6666666666666666
google_gemini-3-1-pro-preview,REC-neo-out-004,3,neonate,temporal,0,2,3,3,2,0.0,0.0,0.0
google_gemini-3-1-pro-preview,REC-neo-out-005,3,neonate,diagnoses,1,1,0,1,2,0.5,1.0,0.6666666666666666
google_gemini-3-1-pro-preview,REC-neo-out-005,3,neonate,medications,0,0,0,0,0,0.0,0.0,0.0
google_gemini-3-1-pro-preview,REC-neo-out-005,3,neonate,labs,1,0,0,1,1,1.0,1.0,1.0
google_gemini-3-1-pro-preview,REC-neo-out-005,3,neonate,procedures,1,0,0,1,1,1.0,1.0,1.0
google_gemini-3-1-pro-preview,REC-neo-out-005,3,neonate,temporal,0,2,2,2,2,0.0,0.0,0.0
google_gemini-3-1-pro-preview,REC-neo-out-006,3,neonate,diagnoses,2,0,0,2,2,1.0,1.0,1.0
google_gemini-3-1-pro-preview,REC-neo-out-006,3,neonate,medications,0,0,0,0,0,0.0,0.0,0.0
google_gemini-3-1-pro-preview,REC-neo-out-006,3,neonate,labs,1,0,0,1,1,1.0,1.0,1.0
google_gemini-3-1-pro-preview,REC-neo-out-006,3,neonate,procedures,1,1,0,1,2,0.5,1.0,0.6666666666666666
google_gemini-3-1-pro-preview,REC-neo-out-006,3,neonate,temporal,0,2,2,2,2,0.0,0.0,0.0
google_gemini-3-1-pro-preview,REC-neo-out-007,3,neonate,diagnoses,3,0,0,3,3,1.0,1.0,1.0
google_gemini-3-1-pro-preview,REC-neo-out-007,3,neonate,medications,0,0,0,0,0,0.0,0.0,0.0
google_gemini-3-1-pro-preview,REC-neo-out-007,3,neonate,labs,1,0,0,1,1,1.0,1.0,1.0
google_gemini-3-1-pro-preview,REC-neo-out-007,3,neonate,procedures,1,1,0,1,2,0.5,1.0,0.6666666666666666
google_gemini-3-1-pro-preview,REC-neo-out-007,3,neonate,temporal,0,1,2,2,1,0.0,0.0,0.0
google_gemini-3-1-pro-preview,REC-neo-out-008,3,neonate,diagnoses,2,0,0,2,2,1.0,1.0,1.0
google_gemini-3-1-pro-preview,REC-neo-out-008,3,neonate,medications,0,0,0,0,0,0.0,0.0,0.0
google_gemini-3-1-pro-preview,REC-neo-out-008,3,neonate,labs,1,1,0,1,2,0.5,1.0,0.6666666666666666
google_gemini-3-1-pro-preview,REC-neo-out-008,3,neonate,procedures,1,1,0,1,2,0.5,1.0,0.6666666666666666
google_gemini-3-1-pro-preview,REC-neo-out-008,3,neonate,temporal,0,2,3,3,2,0.0,0.0,0.0
google_gemini-3-1-pro-preview,REC-neo-out-009,3,neonate,diagnoses,2,0,0,2,2,1.0,1.0,1.0
google_gemini-3-1-pro-preview,REC-neo-out-009,3,neonate,medications,0,0,0,0,0,0.0,0.0,0.0
google_gemini-3-1-pro-preview,REC-neo-out-009,3,neonate,labs,1,0,0,1,1,1.0,1.0,1.0
google_gemini-3-1-pro-preview,REC-neo-out-009,3,neonate,procedures,1,2,0,1,3,0.3333333333333333,1.0,0.5
google_gemini-3-1-pro-preview,REC-neo-out-009,3,neonate,temporal,0,2,3,3,2,0.0,0.0,0.0
google_gemini-3-1-pro-preview,REC-neo-out-010,3,neonate,diagnoses,2,0,0,2,2,1.0,1.0,1.0
google_gemini-3-1-pro-preview,REC-neo-out-010,3,neonate,medications,0,0,0,0,0,0.0,0.0,0.0
google_gemini-3-1-pro-preview,REC-neo-out-010,3,neonate,labs,1,0,0,1,1,1.0,1.0,1.0
google_gemini-3-1-pro-preview,REC-neo-out-010,3,neonate,procedures,1,1,0,1,2,0.5,1.0,0.6666666666666666
google_gemini-3-1-pro-preview,REC-neo-out-010,3,neonate,temporal,0,3,3,3,3,0.0,0.0,0.0
google_gemini-3-1-pro-preview,REC-ado-eme-001,1,adolescent,diagnoses,2,0,0,2,2,1.0,1.0,1.0
google_gemini-3-1-pro-preview,REC-ado-eme-001,1,adolescent,medications,1,0,0,1,1,1.0,1.0,1.0
google_gemini-3-1-pro-preview,REC-ado-eme-001,1,adolescent,labs,1,0,0,1,1,1.0,1.0,1.0
google_gemini-3-1-pro-preview,REC-ado-eme-001,1,adolescent,procedures,1,0,0,1,1,1.0,1.0,1.0
google_gemini-3-1-pro-preview,REC-ado-eme-001,1,adolescent,temporal,0,4,0,0,4,0.0,0.0,0.0
google_gemini-3-1-pro-preview,REC-ado-eme-002,1,adolescent,diagnoses,2,1,0,2,3,0.6666666666666666,1.0,0.8
google_gemini-3-1-pro-preview,REC-ado-eme-002,1,adolescent,medications,1,0,0,1,1,1.0,1.0,1.0
google_gemini-3-1-pro-preview,REC-ado-eme-002,1,adolescent,labs,0,0,0,0,0,0.0,0.0,0.0
google_gemini-3-1-pro-preview,REC-ado-eme-002,1,adolescent,procedures,1,1,0,1,2,0.5,1.0,0.6666666666666666
google_gemini-3-1-pro-preview,REC-ado-eme-002,1,adolescent,temporal,0,3,2,2,3,0.0,0.0,0.0
google_gemini-3-1-pro-preview,REC-ado-eme-003,1,adolescent,diagnoses,1,1,0,1,2,0.5,1.0,0.6666666666666666
google_gemini-3-1-pro-preview,REC-ado-eme-003,1,adolescent,medications,1,0,0,1,1,1.0,1.0,1.0
google_gemini-3-1-pro-preview,REC-ado-eme-003,1,adolescent,labs,0,0,0,0,0,0.0,0.0,0.0
google_gemini-3-1-pro-preview,REC-ado-eme-003,1,adolescent,procedures,1,1,0,1,2,0.5,1.0,0.6666666666666666
google_gemini-3-1-pro-preview,REC-ado-eme-003,1,adolescent,temporal,0,2,2,2,2,0.0,0.0,0.0
google_gemini-3-1-pro-preview,REC-ado-eme-004,1,adolescent,diagnoses,2,1,0,2,3,0.6666666666666666,1.0,0.8
google_gemini-3-1-pro-preview,REC-ado-eme-004,1,adolescent,medications,1,0,0,1,1,1.0,1.0,1.0
google_gemini-3-1-pro-preview,REC-ado-eme-004,1,adolescent,labs,1,0,0,1,1,1.0,1.0,1.0
google_gemini-3-1-pro-preview,REC-ado-eme-004,1,adolescent,procedures,1,1,0,1,2,0.5,1.0,0.6666666666666666
google_gemini-3-1-pro-preview,REC-ado-eme-004,1,adolescent,temporal,0,2,2,2,2,0.0,0.0,0.0
google_gemini-3-1-pro-preview,REC-ado-eme-005,1,adolescent,diagnoses,2,0,0,2,2,1.0,1.0,1.0
google_gemini-3-1-pro-preview,REC-ado-eme-005,1,adolescent,medications,1,0,0,1,1,1.0,1.0,1.0
google_gemini-3-1-pro-preview,REC-ado-eme-005,1,adolescent,labs,0,0,0,0,0,0.0,0.0,0.0
google_gemini-3-1-pro-preview,REC-ado-eme-005,1,adolescent,procedures,1,0,0,1,1,1.0,1.0,1.0
google_gemini-3-1-pro-preview,REC-ado-eme-005,1,adolescent,temporal,0,1,1,1,1,0.0,0.0,0.0
google_gemini-3-1-pro-preview,REC-ado-eme-006,1,adolescent,diagnoses,2,1,0,2,3,0.6666666666666666,1.0,0.8
google_gemini-3-1-pro-preview,REC-ado-eme-006,1,adolescent,medications,1,0,0,1,1,1.0,1.0,1.0
google_gemini-3-1-pro-preview,REC-ado-eme-006,1,adolescent,labs,0,0,0,0,0,0.0,0.0,0.0
google_gemini-3-1-pro-preview,REC-ado-eme-006,1,adolescent,procedures,1,0,0,1,1,1.0,1.0,1.0
google_gemini-3-1-pro-preview,REC-ado-eme-006,1,adolescent,temporal,0,2,2,2,2,0.0,0.0,0.0
google_gemini-3-1-pro-preview,REC-ado-eme-007,1,adolescent,diagnoses,3,0,0,3,3,1.0,1.0,1.0
google_gemini-3-1-pro-preview,REC-ado-eme-007,1,adolescent,medications,1,0,0,1,1,1.0,1.0,1.0
google_gemini-3-1-pro-preview,REC-ado-eme-007,1,adolescent,labs,1,0,0,1,1,1.0,1.0,1.0
google_gemini-3-1-pro-preview,REC-ado-eme-007,1,adolescent,procedures,1,0,0,1,1,1.0,1.0,1.0
google_gemini-3-1-pro-preview,REC-ado-eme-007,1,adolescent,temporal,0,1,1,1,1,0.0,0.0,0.0
google_gemini-3-1-pro-preview,REC-ado-eme-008,1,adolescent,diagnoses,2,0,0,2,2,1.0,1.0,1.0
google_gemini-3-1-pro-preview,REC-ado-eme-008,1,adolescent,medications,1,0,0,1,1,1.0,1.0,1.0
google_gemini-3-1-pro-preview,REC-ado-eme-008,1,adolescent,labs,0,1,0,0,1,0.0,0.0,0.0
google_gemini-3-1-pro-preview,REC-ado-eme-008,1,adolescent,procedures,1,1,0,1,2,0.5,1.0,0.6666666666666666
google_gemini-3-1-pro-preview,REC-ado-eme-008,1,adolescent,temporal,0,2,2,2,2,0.0,0.0,0.0
google_gemini-3-1-pro-preview,REC-ado-eme-009,1,adolescent,diagnoses,2,0,0,2,2,1.0,1.0,1.0
google_gemini-3-1-pro-preview,REC-ado-eme-009,1,adolescent,medications,1,0,0,1,1,1.0,1.0,1.0
google_gemini-3-1-pro-preview,REC-ado-eme-009,1,adolescent,labs,0,0,0,0,0,0.0,0.0,0.0
google_gemini-3-1-pro-preview,REC-ado-eme-009,1,adolescent,procedures,1,0,0,1,1,1.0,1.0,1.0
google_gemini-3-1-pro-preview,REC-ado-eme-009,1,adolescent,temporal,0,2,2,2,2,0.0,0.0,0.0
google_gemini-3-1-pro-preview,REC-ado-eme-010,1,adolescent,diagnoses,1,1,0,1,2,0.5,1.0,0.6666666666666666
google_gemini-3-1-pro-preview,REC-ado-eme-010,1,adolescent,medications,1,0,0,1,1,1.0,1.0,1.0
google_gemini-3-1-pro-preview,REC-ado-eme-010,1,adolescent,labs,1,0,0,1,1,1.0,1.0,1.0
google_gemini-3-1-pro-preview,REC-ado-eme-010,1,adolescent,procedures,1,1,0,1,2,0.5,1.0,0.6666666666666666
google_gemini-3-1-pro-preview,REC-ado-eme-010,1,adolescent,temporal,0,3,3,3,3,0.0,0.0,0.0
google_gemini-3-1-pro-preview,REC-ado-icu-001,1,adolescent,diagnoses,1,0,0,1,1,1.0,1.0,1.0
google_gemini-3-1-pro-preview,REC-ado-icu-001,1,adolescent,medications,1,0,0,1,1,1.0,1.0,1.0
google_gemini-3-1-pro-preview,REC-ado-icu-001,1,adolescent,labs,1,0,0,1,1,1.0,1.0,1.0
google_gemini-3-1-pro-preview,REC-ado-icu-001,1,adolescent,procedures,1,1,0,1,2,0.5,1.0,0.6666666666666666
google_gemini-3-1-pro-preview,REC-ado-icu-001,1,adolescent,temporal,0,1,1,1,1,0.0,0.0,0.0
google_gemini-3-1-pro-preview,REC-ado-icu-002,1,adolescent,diagnoses,2,0,0,2,2,1.0,1.0,1.0
google_gemini-3-1-pro-preview,REC-ado-icu-002,1,adolescent,medications,1,0,0,1,1,1.0,1.0,1.0
google_gemini-3-1-pro-preview,REC-ado-icu-002,1,adolescent,labs,1,0,0,1,1,1.0,1.0,1.0
google_gemini-3-1-pro-preview,REC-ado-icu-002,1,adolescent,procedures,1,1,0,1,2,0.5,1.0,0.6666666666666666
google_gemini-3-1-pro-preview,REC-ado-icu-002,1,adolescent,temporal,0,1,1,1,1,0.0,0.0,0.0
google_gemini-3-1-pro-preview,REC-ado-icu-003,1,adolescent,diagnoses,2,1,0,2,3,0.6666666666666666,1.0,0.8
google_gemini-3-1-pro-preview,REC-ado-icu-003,1,adolescent,medications,1,0,0,1,1,1.0,1.0,1.0
google_gemini-3-1-pro-preview,REC-ado-icu-003,1,adolescent,labs,1,0,0,1,1,1.0,1.0,1.0
google_gemini-3-1-pro-preview,REC-ado-icu-003,1,adolescent,procedures,1,1,0,1,2,0.5,1.0,0.6666666666666666
google_gemini-3-1-pro-preview,REC-ado-icu-003,1,adolescent,temporal,0,2,2,2,2,0.0,0.0,0.0
google_gemini-3-1-pro-preview,REC-ado-icu-004,1,adolescent,diagnoses,2,0,0,2,2,1.0,1.0,1.0
google_gemini-3-1-pro-preview,REC-ado-icu-004,1,adolescent,medications,1,0,0,1,1,1.0,1.0,1.0
google_gemini-3-1-pro-preview,REC-ado-icu-004,1,adolescent,labs,1,0,0,1,1,1.0,1.0,1.0
google_gemini-3-1-pro-preview,REC-ado-icu-004,1,adolescent,procedures,1,1,0,1,2,0.5,1.0,0.6666666666666666
google_gemini-3-1-pro-preview,REC-ado-icu-004,1,adolescent,temporal,0,2,2,2,2,0.0,0.0,0.0
google_gemini-3-1-pro-preview,REC-ado-icu-005,1,adolescent,diagnoses,2,1,0,2,3,0.6666666666666666,1.0,0.8
google_gemini-3-1-pro-preview,REC-ado-icu-005,1,adolescent,medications,1,0,0,1,1,1.0,1.0,1.0
google_gemini-3-1-pro-preview,REC-ado-icu-005,1,adolescent,labs,1,0,0,1,1,1.0,1.0,1.0
google_gemini-3-1-pro-preview,REC-ado-icu-005,1,adolescent,procedures,1,1,0,1,2,0.5,1.0,0.6666666666666666
google_gemini-3-1-pro-preview,REC-ado-icu-005,1,adolescent,temporal,0,2,2,2,2,0.0,0.0,0.0
google_gemini-3-1-pro-preview,REC-ado-icu-006,1,adolescent,diagnoses,2,1,0,2,3,0.6666666666666666,1.0,0.8
google_gemini-3-1-pro-preview,REC-ado-icu-006,1,adolescent,medications,1,0,0,1,1,1.0,1.0,1.0
google_gemini-3-1-pro-preview,REC-ado-icu-006,1,adolescent,labs,1,0,0,1,1,1.0,1.0,1.0
google_gemini-3-1-pro-preview,REC-ado-icu-006,1,adolescent,procedures,1,0,0,1,1,1.0,1.0,1.0
google_gemini-3-1-pro-preview,REC-ado-icu-006,1,adolescent,temporal,0,1,1,1,1,0.0,0.0,0.0
google_gemini-3-1-pro-preview,REC-ado-icu-007,1,adolescent,diagnoses,1,1,0,1,2,0.5,1.0,0.6666666666666666
google_gemini-3-1-pro-preview,REC-ado-icu-007,1,adolescent,medications,1,0,0,1,1,1.0,1.0,1.0
google_gemini-3-1-pro-preview,REC-ado-icu-007,1,adolescent,labs,1,0,0,1,1,1.0,1.0,1.0
google_gemini-3-1-pro-preview,REC-ado-icu-007,1,adolescent,procedures,1,1,0,1,2,0.5,1.0,0.6666666666666666
google_gemini-3-1-pro-preview,REC-ado-icu-007,1,adolescent,temporal,0,2,2,2,2,0.0,0.0,0.0
google_gemini-3-1-pro-preview,REC-ado-icu-008,1,adolescent,diagnoses,1,1,0,1,2,0.5,1.0,0.6666666666666666
google_gemini-3-1-pro-preview,REC-ado-icu-008,1,adolescent,medications,1,0,0,1,1,1.0,1.0,1.0
google_gemini-3-1-pro-preview,REC-ado-icu-008,1,adolescent,labs,1,0,0,1,1,1.0,1.0,1.0
google_gemini-3-1-pro-preview,REC-ado-icu-008,1,adolescent,procedures,1,0,0,1,1,1.0,1.0,1.0
google_gemini-3-1-pro-preview,REC-ado-icu-008,1,adolescent,temporal,0,2,2,2,2,0.0,0.0,0.0
google_gemini-3-1-pro-preview,REC-ado-icu-009,1,adolescent,diagnoses,2,0,0,2,2,1.0,1.0,1.0
google_gemini-3-1-pro-preview,REC-ado-icu-009,1,adolescent,medications,1,0,0,1,1,1.0,1.0,1.0
google_gemini-3-1-pro-preview,REC-ado-icu-009,1,adolescent,labs,1,0,0,1,1,1.0,1.0,1.0
google_gemini-3-1-pro-preview,REC-ado-icu-009,1,adolescent,procedures,1,0,0,1,1,1.0,1.0,1.0
google_gemini-3-1-pro-preview,REC-ado-icu-009,1,adolescent,temporal,0,1,1,1,1,0.0,0.0,0.0
google_gemini-3-1-pro-preview,REC-ado-icu-010,1,adolescent,diagnoses,2,0,0,2,2,1.0,1.0,1.0
google_gemini-3-1-pro-preview,REC-ado-icu-010,1,adolescent,medications,1,0,0,1,1,1.0,1.0,1.0
google_gemini-3-1-pro-preview,REC-ado-icu-010,1,adolescent,labs,1,0,0,1,1,1.0,1.0,1.0
google_gemini-3-1-pro-preview,REC-ado-icu-010,1,adolescent,procedures,1,1,0,1,2,0.5,1.0,0.6666666666666666
google_gemini-3-1-pro-preview,REC-ado-icu-010,1,adolescent,temporal,0,1,1,1,1,0.0,0.0,0.0
google_gemini-3-1-pro-preview,REC-ado-inp-001,1,adolescent,diagnoses,2,0,0,2,2,1.0,1.0,1.0
google_gemini-3-1-pro-preview,REC-ado-inp-001,1,adolescent,medications,1,0,0,1,1,1.0,1.0,1.0
google_gemini-3-1-pro-preview,REC-ado-inp-001,1,adolescent,labs,1,0,0,1,1,1.0,1.0,1.0
google_gemini-3-1-pro-preview,REC-ado-inp-001,1,adolescent,procedures,1,1,0,1,2,0.5,1.0,0.6666666666666666
google_gemini-3-1-pro-preview,REC-ado-inp-001,1,adolescent,temporal,0,2,2,2,2,0.0,0.0,0.0
google_gemini-3-1-pro-preview,REC-ado-inp-002,1,adolescent,diagnoses,2,0,0,2,2,1.0,1.0,1.0
google_gemini-3-1-pro-preview,REC-ado-inp-002,1,adolescent,medications,1,0,0,1,1,1.0,1.0,1.0
google_gemini-3-1-pro-preview,REC-ado-inp-002,1,adolescent,labs,0,1,0,0,1,0.0,0.0,0.0
google_gemini-3-1-pro-preview,REC-ado-inp-002,1,adolescent,procedures,1,0,0,1,1,1.0,1.0,1.0
google_gemini-3-1-pro-preview,REC-ado-inp-002,1,adolescent,temporal,0,3,2,2,3,0.0,0.0,0.0
google_gemini-3-1-pro-preview,REC-ado-inp-003,1,adolescent,diagnoses,2,1,0,2,3,0.6666666666666666,1.0,0.8
google_gemini-3-1-pro-preview,REC-ado-inp-003,1,adolescent,medications,1,0,0,1,1,1.0,1.0,1.0
google_gemini-3-1-pro-preview,REC-ado-inp-003,1,adolescent,labs,0,0,0,0,0,0.0,0.0,0.0
google_gemini-3-1-pro-preview,REC-ado-inp-003,1,adolescent,procedures,1,1,0,1,2,0.5,1.0,0.6666666666666666
google_gemini-3-1-pro-preview,REC-ado-inp-003,1,adolescent,temporal,0,2,2,2,2,0.0,0.0,0.0
google_gemini-3-1-pro-preview,REC-ado-inp-004,1,adolescent,diagnoses,3,1,0,3,4,0.75,1.0,0.8571428571428571
google_gemini-3-1-pro-preview,REC-ado-inp-004,1,adolescent,medications,1,0,0,1,1,1.0,1.0,1.0
google_gemini-3-1-pro-preview,REC-ado-inp-004,1,adolescent,labs,1,0,0,1,1,1.0,1.0,1.0
google_gemini-3-1-pro-preview,REC-ado-inp-004,1,adolescent,procedures,1,0,0,1,1,1.0,1.0,1.0
google_gemini-3-1-pro-preview,REC-ado-inp-004,1,adolescent,temporal,0,1,1,1,1,0.0,0.0,0.0
google_gemini-3-1-pro-preview,REC-ado-inp-005,1,adolescent,diagnoses,2,0,0,2,2,1.0,1.0,1.0
google_gemini-3-1-pro-preview,REC-ado-inp-005,1,adolescent,medications,1,0,0,1,1,1.0,1.0,1.0
google_gemini-3-1-pro-preview,REC-ado-inp-005,1,adolescent,labs,0,1,0,0,1,0.0,0.0,0.0
google_gemini-3-1-pro-preview,REC-ado-inp-005,1,adolescent,procedures,1,0,0,1,1,1.0,1.0,1.0
google_gemini-3-1-pro-preview,REC-ado-inp-005,1,adolescent,temporal,0,2,2,2,2,0.0,0.0,0.0
google_gemini-3-1-pro-preview,REC-ado-inp-006,1,adolescent,diagnoses,2,1,0,2,3,0.6666666666666666,1.0,0.8
google_gemini-3-1-pro-preview,REC-ado-inp-006,1,adolescent,medications,1,0,0,1,1,1.0,1.0,1.0
google_gemini-3-1-pro-preview,REC-ado-inp-006,1,adolescent,labs,0,1,0,0,1,0.0,0.0,0.0
google_gemini-3-1-pro-preview,REC-ado-inp-006,1,adolescent,procedures,1,0,0,1,1,1.0,1.0,1.0
google_gemini-3-1-pro-preview,REC-ado-inp-006,1,adolescent,temporal,0,2,2,2,2,0.0,0.0,0.0
google_gemini-3-1-pro-preview,REC-ado-inp-007,1,adolescent,diagnoses,1,0,0,1,1,1.0,1.0,1.0
google_gemini-3-1-pro-preview,REC-ado-inp-007,1,adolescent,medications,1,0,0,1,1,1.0,1.0,1.0
google_gemini-3-1-pro-preview,REC-ado-inp-007,1,adolescent,labs,1,0,0,1,1,1.0,1.0,1.0
google_gemini-3-1-pro-preview,REC-ado-inp-007,1,adolescent,procedures,1,0,0,1,1,1.0,1.0,1.0
google_gemini-3-1-pro-preview,REC-ado-inp-007,1,adolescent,temporal,0,1,1,1,1,0.0,0.0,0.0
google_gemini-3-1-pro-preview,REC-ado-inp-008,1,adolescent,diagnoses,2,1,0,2,3,0.6666666666666666,1.0,0.8
google_gemini-3-1-pro-preview,REC-ado-inp-008,1,adolescent,medications,1,0,0,1,1,1.0,1.0,1.0
google_gemini-3-1-pro-preview,REC-ado-inp-008,1,adolescent,labs,0,0,0,0,0,0.0,0.0,0.0
google_gemini-3-1-pro-preview,REC-ado-inp-008,1,adolescent,procedures,1,0,0,1,1,1.0,1.0,1.0
google_gemini-3-1-pro-preview,REC-ado-inp-008,1,adolescent,temporal,0,2,1,1,2,0.0,0.0,0.0
google_gemini-3-1-pro-preview,REC-ado-inp-009,1,adolescent,diagnoses,2,0,0,2,2,1.0,1.0,1.0
google_gemini-3-1-pro-preview,REC-ado-inp-009,1,adolescent,medications,1,0,0,1,1,1.0,1.0,1.0
google_gemini-3-1-pro-preview,REC-ado-inp-009,1,adolescent,labs,0,0,0,0,0,0.0,0.0,0.0
google_gemini-3-1-pro-preview,REC-ado-inp-009,1,adolescent,procedures,1,0,0,1,1,1.0,1.0,1.0
google_gemini-3-1-pro-preview,REC-ado-inp-009,1,adolescent,temporal,0,3,0,0,3,0.0,0.0,0.0
google_gemini-3-1-pro-preview,REC-ado-inp-010,1,adolescent,diagnoses,1,1,0,1,2,0.5,1.0,0.6666666666666666
google_gemini-3-1-pro-preview,REC-ado-inp-010,1,adolescent,medications,1,0,0,1,1,1.0,1.0,1.0
google_gemini-3-1-pro-preview,REC-ado-inp-010,1,adolescent,labs,1,0,0,1,1,1.0,1.0,1.0
google_gemini-3-1-pro-preview,REC-ado-inp-010,1,adolescent,procedures,1,0,0,1,1,1.0,1.0,1.0
google_gemini-3-1-pro-preview,REC-ado-inp-010,1,adolescent,temporal,0,1,1,1,1,0.0,0.0,0.0
google_gemini-3-1-pro-preview,REC-ado-out-001,1,adolescent,diagnoses,3,0,0,3,3,1.0,1.0,1.0
google_gemini-3-1-pro-preview,REC-ado-out-001,1,adolescent,medications,1,0,0,1,1,1.0,1.0,1.0
google_gemini-3-1-pro-preview,REC-ado-out-001,1,adolescent,labs,0,0,0,0,0,0.0,0.0,0.0
google_gemini-3-1-pro-preview,REC-ado-out-001,1,adolescent,procedures,1,0,0,1,1,1.0,1.0,1.0
google_gemini-3-1-pro-preview,REC-ado-out-001,1,adolescent,temporal,0,0,0,0,0,0.0,0.0,0.0
google_gemini-3-1-pro-preview,REC-ado-out-002,1,adolescent,diagnoses,2,0,0,2,2,1.0,1.0,1.0
google_gemini-3-1-pro-preview,REC-ado-out-002,1,adolescent,medications,1,0,0,1,1,1.0,1.0,1.0
google_gemini-3-1-pro-preview,REC-ado-out-002,1,adolescent,labs,0,1,0,0,1,0.0,0.0,0.0
google_gemini-3-1-pro-preview,REC-ado-out-002,1,adolescent,procedures,1,0,0,1,1,1.0,1.0,1.0
google_gemini-3-1-pro-preview,REC-ado-out-002,1,adolescent,temporal,0,2,2,2,2,0.0,0.0,0.0
google_gemini-3-1-pro-preview,REC-ado-out-003,1,adolescent,diagnoses,2,0,0,2,2,1.0,1.0,1.0
google_gemini-3-1-pro-preview,REC-ado-out-003,1,adolescent,medications,1,0,0,1,1,1.0,1.0,1.0
google_gemini-3-1-pro-preview,REC-ado-out-003,1,adolescent,labs,0,0,0,0,0,0.0,0.0,0.0
google_gemini-3-1-pro-preview,REC-ado-out-003,1,adolescent,procedures,1,0,0,1,1,1.0,1.0,1.0
google_gemini-3-1-pro-preview,REC-ado-out-003,1,adolescent,temporal,0,2,1,1,2,0.0,0.0,0.0
google_gemini-3-1-pro-preview,REC-ado-out-004,1,adolescent,diagnoses,1,0,0,1,1,1.0,1.0,1.0
google_gemini-3-1-pro-preview,REC-ado-out-004,1,adolescent,medications,1,0,0,1,1,1.0,1.0,1.0
google_gemini-3-1-pro-preview,REC-ado-out-004,1,adolescent,labs,0,0,0,0,0,0.0,0.0,0.0
google_gemini-3-1-pro-preview,REC-ado-out-004,1,adolescent,procedures,1,1,0,1,2,0.5,1.0,0.6666666666666666
google_gemini-3-1-pro-preview,REC-ado-out-004,1,adolescent,temporal,0,2,1,1,2,0.0,0.0,0.0
google_gemini-3-1-pro-preview,REC-ado-out-005,1,adolescent,diagnoses,2,0,0,2,2,1.0,1.0,1.0
google_gemini-3-1-pro-preview,REC-ado-out-005,1,adolescent,medications,1,0,0,1,1,1.0,1.0,1.0
google_gemini-3-1-pro-preview,REC-ado-out-005,1,adolescent,labs,0,1,0,0,1,0.0,0.0,0.0
google_gemini-3-1-pro-preview,REC-ado-out-005,1,adolescent,procedures,1,0,0,1,1,1.0,1.0,1.0
google_gemini-3-1-pro-preview,REC-ado-out-005,1,adolescent,temporal,0,1,1,1,1,0.0,0.0,0.0
google_gemini-3-1-pro-preview,REC-ado-out-006,1,adolescent,diagnoses,1,0,0,1,1,1.0,1.0,1.0
google_gemini-3-1-pro-preview,REC-ado-out-006,1,adolescent,medications,1,0,0,1,1,1.0,1.0,1.0
google_gemini-3-1-pro-preview,REC-ado-out-006,1,adolescent,labs,0,0,0,0,0,0.0,0.0,0.0
google_gemini-3-1-pro-preview,REC-ado-out-006,1,adolescent,procedures,1,0,0,1,1,1.0,1.0,1.0
google_gemini-3-1-pro-preview,REC-ado-out-006,1,adolescent,temporal,0,1,1,1,1,0.0,0.0,0.0
google_gemini-3-1-pro-preview,REC-ado-out-007,1,adolescent,diagnoses,2,0,0,2,2,1.0,1.0,1.0
google_gemini-3-1-pro-preview,REC-ado-out-007,1,adolescent,medications,1,0,0,1,1,1.0,1.0,1.0
google_gemini-3-1-pro-preview,REC-ado-out-007,1,adolescent,labs,0,1,0,0,1,0.0,0.0,0.0
google_gemini-3-1-pro-preview,REC-ado-out-007,1,adolescent,procedures,1,1,0,1,2,0.5,1.0,0.6666666666666666
google_gemini-3-1-pro-preview,REC-ado-out-007,1,adolescent,temporal,0,2,2,2,2,0.0,0.0,0.0
google_gemini-3-1-pro-preview,REC-ado-out-008,1,adolescent,diagnoses,1,0,0,1,1,1.0,1.0,1.0
google_gemini-3-1-pro-preview,REC-ado-out-008,1,adolescent,medications,1,0,0,1,1,1.0,1.0,1.0
google_gemini-3-1-pro-preview,REC-ado-out-008,1,adolescent,labs,0,0,0,0,0,0.0,0.0,0.0
google_gemini-3-1-pro-preview,REC-ado-out-008,1,adolescent,procedures,1,0,0,1,1,1.0,1.0,1.0
google_gemini-3-1-pro-preview,REC-ado-out-008,1,adolescent,temporal,0,1,1,1,1,0.0,0.0,0.0
google_gemini-3-1-pro-preview,REC-ado-out-009,1,adolescent,diagnoses,2,1,0,2,3,0.6666666666666666,1.0,0.8
google_gemini-3-1-pro-preview,REC-ado-out-009,1,adolescent,medications,1,0,0,1,1,1.0,1.0,1.0
google_gemini-3-1-pro-preview,REC-ado-out-009,1,adolescent,labs,0,0,0,0,0,0.0,0.0,0.0
google_gemini-3-1-pro-preview,REC-ado-out-009,1,adolescent,procedures,1,1,0,1,2,0.5,1.0,0.6666666666666666
google_gemini-3-1-pro-preview,REC-ado-out-009,1,adolescent,temporal,0,2,2,2,2,0.0,0.0,0.0
google_gemini-3-1-pro-preview,REC-ado-out-010,1,adolescent,diagnoses,2,0,0,2,2,1.0,1.0,1.0
google_gemini-3-1-pro-preview,REC-ado-out-010,1,adolescent,medications,1,0,0,1,1,1.0,1.0,1.0
google_gemini-3-1-pro-preview,REC-ado-out-010,1,adolescent,labs,0,0,0,0,0,0.0,0.0,0.0
google_gemini-3-1-pro-preview,REC-ado-out-010,1,adolescent,procedures,1,0,0,1,1,1.0,1.0,1.0
google_gemini-3-1-pro-preview,REC-ado-out-010,1,adolescent,temporal,0,1,1,1,1,0.0,0.0,0.0
google_gemini-3-1-pro-preview,REC-chi-eme-001,1,child,diagnoses,2,0,0,2,2,1.0,1.0,1.0
google_gemini-3-1-pro-preview,REC-chi-eme-001,1,child,medications,1,0,0,1,1,1.0,1.0,1.0
google_gemini-3-1-pro-preview,REC-chi-eme-001,1,child,labs,0,1,0,0,1,0.0,0.0,0.0
google_gemini-3-1-pro-preview,REC-chi-eme-001,1,child,procedures,1,0,0,1,1,1.0,1.0,1.0
google_gemini-3-1-pro-preview,REC-chi-eme-001,1,child,temporal,0,1,2,2,1,0.0,0.0,0.0
google_gemini-3-1-pro-preview,REC-chi-eme-002,1,child,diagnoses,2,0,0,2,2,1.0,1.0,1.0
google_gemini-3-1-pro-preview,REC-chi-eme-002,1,child,medications,1,0,0,1,1,1.0,1.0,1.0
google_gemini-3-1-pro-preview,REC-chi-eme-002,1,child,labs,1,0,0,1,1,1.0,1.0,1.0
google_gemini-3-1-pro-preview,REC-chi-eme-002,1,child,procedures,1,0,0,1,1,1.0,1.0,1.0
google_gemini-3-1-pro-preview,REC-chi-eme-002,1,child,temporal,0,3,0,0,3,0.0,0.0,0.0
google_gemini-3-1-pro-preview,REC-chi-eme-003,1,child,diagnoses,1,0,0,1,1,1.0,1.0,1.0
google_gemini-3-1-pro-preview,REC-chi-eme-003,1,child,medications,1,0,0,1,1,1.0,1.0,1.0
google_gemini-3-1-pro-preview,REC-chi-eme-003,1,child,labs,1,0,0,1,1,1.0,1.0,1.0
google_gemini-3-1-pro-preview,REC-chi-eme-003,1,child,procedures,1,0,0,1,1,1.0,1.0,1.0
google_gemini-3-1-pro-preview,REC-chi-eme-003,1,child,temporal,0,2,1,1,2,0.0,0.0,0.0
google_gemini-3-1-pro-preview,REC-chi-eme-004,1,child,diagnoses,2,1,0,2,3,0.6666666666666666,1.0,0.8
google_gemini-3-1-pro-preview,REC-chi-eme-004,1,child,medications,1,0,0,1,1,1.0,1.0,1.0
google_gemini-3-1-pro-preview,REC-chi-eme-004,1,child,labs,0,0,0,0,0,0.0,0.0,0.0
google_gemini-3-1-pro-preview,REC-chi-eme-004,1,child,procedures,1,0,0,1,1,1.0,1.0,1.0
google_gemini-3-1-pro-preview,REC-chi-eme-004,1,child,temporal,0,1,2,2,1,0.0,0.0,0.0
google_gemini-3-1-pro-preview,REC-chi-eme-005,1,child,diagnoses,2,0,0,2,2,1.0,1.0,1.0
google_gemini-3-1-pro-preview,REC-chi-eme-005,1,child,medications,1,0,0,1,1,1.0,1.0,1.0
google_gemini-3-1-pro-preview,REC-chi-eme-005,1,child,labs,1,0,0,1,1,1.0,1.0,1.0
google_gemini-3-1-pro-preview,REC-chi-eme-005,1,child,procedures,1,0,0,1,1,1.0,1.0,1.0
google_gemini-3-1-pro-preview,REC-chi-eme-005,1,child,temporal,0,1,0,0,1,0.0,0.0,0.0
google_gemini-3-1-pro-preview,REC-chi-eme-006,1,child,diagnoses,2,0,0,2,2,1.0,1.0,1.0
google_gemini-3-1-pro-preview,REC-chi-eme-006,1,child,medications,1,0,0,1,1,1.0,1.0,1.0
google_gemini-3-1-pro-preview,REC-chi-eme-006,1,child,labs,1,0,0,1,1,1.0,1.0,1.0
google_gemini-3-1-pro-preview,REC-chi-eme-006,1,child,procedures,1,0,0,1,1,1.0,1.0,1.0
google_gemini-3-1-pro-preview,REC-chi-eme-006,1,child,temporal,0,3,0,0,3,0.0,0.0,0.0
google_gemini-3-1-pro-preview,REC-chi-eme-007,1,child,diagnoses,2,1,0,2,3,0.6666666666666666,1.0,0.8
google_gemini-3-1-pro-preview,REC-chi-eme-007,1,child,medications,1,0,0,1,1,1.0,1.0,1.0
google_gemini-3-1-pro-preview,REC-chi-eme-007,1,child,labs,0,0,0,0,0,0.0,0.0,0.0
google_gemini-3-1-pro-preview,REC-chi-eme-007,1,child,procedures,1,0,0,1,1,1.0,1.0,1.0
google_gemini-3-1-pro-preview,REC-chi-eme-007,1,child,temporal,0,2,2,2,2,0.0,0.0,0.0
google_gemini-3-1-pro-preview,REC-chi-eme-008,1,child,diagnoses,2,0,0,2,2,1.0,1.0,1.0
google_gemini-3-1-pro-preview,REC-chi-eme-008,1,child,medications,1,0,0,1,1,1.0,1.0,1.0
google_gemini-3-1-pro-preview,REC-chi-eme-008,1,child,labs,1,0,0,1,1,1.0,1.0,1.0
google_gemini-3-1-pro-preview,REC-chi-eme-008,1,child,procedures,1,0,0,1,1,1.0,1.0,1.0
google_gemini-3-1-pro-preview,REC-chi-eme-008,1,child,temporal,0,3,0,0,3,0.0,0.0,0.0
google_gemini-3-1-pro-preview,REC-chi-eme-009,1,child,diagnoses,2,1,0,2,3,0.6666666666666666,1.0,0.8
google_gemini-3-1-pro-preview,REC-chi-eme-009,1,child,medications,1,0,0,1,1,1.0,1.0,1.0
google_gemini-3-1-pro-preview,REC-chi-eme-009,1,child,labs,1,0,0,1,1,1.0,1.0,1.0
google_gemini-3-1-pro-preview,REC-chi-eme-009,1,child,procedures,1,0,0,1,1,1.0,1.0,1.0
google_gemini-3-1-pro-preview,REC-chi-eme-009,1,child,temporal,0,1,2,2,1,0.0,0.0,0.0
google_gemini-3-1-pro-preview,REC-chi-eme-010,1,child,diagnoses,3,0,0,3,3,1.0,1.0,1.0
google_gemini-3-1-pro-preview,REC-chi-eme-010,1,child,medications,1,0,0,1,1,1.0,1.0,1.0
google_gemini-3-1-pro-preview,REC-chi-eme-010,1,child,labs,0,0,0,0,0,0.0,0.0,0.0
google_gemini-3-1-pro-preview,REC-chi-eme-010,1,child,procedures,1,0,0,1,1,1.0,1.0,1.0
google_gemini-3-1-pro-preview,REC-chi-eme-010,1,child,temporal,0,0,0,0,0,0.0,0.0,0.0
google_gemini-3-1-pro-preview,REC-chi-icu-001,1,child,diagnoses,1,0,0,1,1,1.0,1.0,1.0
google_gemini-3-1-pro-preview,REC-chi-icu-001,1,child,medications,1,0,0,1,1,1.0,1.0,1.0
google_gemini-3-1-pro-preview,REC-chi-icu-001,1,child,labs,0,0,0,0,0,0.0,0.0,0.0
google_gemini-3-1-pro-preview,REC-chi-icu-001,1,child,procedures,1,0,0,1,1,1.0,1.0,1.0
google_gemini-3-1-pro-preview,REC-chi-icu-001,1,child,temporal,0,1,1,1,1,0.0,0.0,0.0
google_gemini-3-1-pro-preview,REC-chi-icu-002,1,child,diagnoses,1,1,0,1,2,0.5,1.0,0.6666666666666666
google_gemini-3-1-pro-preview,REC-chi-icu-002,1,child,medications,1,0,0,1,1,1.0,1.0,1.0
google_gemini-3-1-pro-preview,REC-chi-icu-002,1,child,labs,1,0,0,1,1,1.0,1.0,1.0
google_gemini-3-1-pro-preview,REC-chi-icu-002,1,child,procedures,1,0,0,1,1,1.0,1.0,1.0
google_gemini-3-1-pro-preview,REC-chi-icu-002,1,child,temporal,0,2,2,2,2,0.0,0.0,0.0
google_gemini-3-1-pro-preview,REC-chi-icu-003,1,child,diagnoses,2,0,0,2,2,1.0,1.0,1.0
google_gemini-3-1-pro-preview,REC-chi-icu-003,1,child,medications,1,0,0,1,1,1.0,1.0,1.0
google_gemini-3-1-pro-preview,REC-chi-icu-003,1,child,labs,0,1,0,0,1,0.0,0.0,0.0
google_gemini-3-1-pro-preview,REC-chi-icu-003,1,child,procedures,1,0,0,1,1,1.0,1.0,1.0
google_gemini-3-1-pro-preview,REC-chi-icu-003,1,child,temporal,0,1,1,1,1,0.0,0.0,0.0
google_gemini-3-1-pro-preview,REC-chi-icu-004,1,child,diagnoses,2,1,0,2,3,0.6666666666666666,1.0,0.8
google_gemini-3-1-pro-preview,REC-chi-icu-004,1,child,medications,1,0,0,1,1,1.0,1.0,1.0
google_gemini-3-1-pro-preview,REC-chi-icu-004,1,child,labs,1,0,0,1,1,1.0,1.0,1.0
google_gemini-3-1-pro-preview,REC-chi-icu-004,1,child,procedures,1,0,0,1,1,1.0,1.0,1.0
google_gemini-3-1-pro-preview,REC-chi-icu-004,1,child,temporal,0,1,1,1,1,0.0,0.0,0.0
google_gemini-3-1-pro-preview,REC-chi-icu-005,1,child,diagnoses,2,1,0,2,3,0.6666666666666666,1.0,0.8
google_gemini-3-1-pro-preview,REC-chi-icu-005,1,child,medications,1,0,0,1,1,1.0,1.0,1.0
google_gemini-3-1-pro-preview,REC-chi-icu-005,1,child,labs,0,1,0,0,1,0.0,0.0,0.0
google_gemini-3-1-pro-preview,REC-chi-icu-005,1,child,procedures,1,0,0,1,1,1.0,1.0,1.0
google_gemini-3-1-pro-preview,REC-chi-icu-005,1,child,temporal,0,2,2,2,2,0.0,0.0,0.0
google_gemini-3-1-pro-preview,REC-chi-icu-006,1,child,diagnoses,1,0,0,1,1,1.0,1.0,1.0
google_gemini-3-1-pro-preview,REC-chi-icu-006,1,child,medications,1,0,0,1,1,1.0,1.0,1.0
google_gemini-3-1-pro-preview,REC-chi-icu-006,1,child,labs,1,0,0,1,1,1.0,1.0,1.0
google_gemini-3-1-pro-preview,REC-chi-icu-006,1,child,procedures,1,0,0,1,1,1.0,1.0,1.0
google_gemini-3-1-pro-preview,REC-chi-icu-006,1,child,temporal,0,3,2,2,3,0.0,0.0,0.0
google_gemini-3-1-pro-preview,REC-chi-icu-007,1,child,diagnoses,1,0,0,1,1,1.0,1.0,1.0
google_gemini-3-1-pro-preview,REC-chi-icu-007,1,child,medications,1,0,0,1,1,1.0,1.0,1.0
google_gemini-3-1-pro-preview,REC-chi-icu-007,1,child,labs,0,0,0,0,0,0.0,0.0,0.0
google_gemini-3-1-pro-preview,REC-chi-icu-007,1,child,procedures,1,0,0,1,1,1.0,1.0,1.0
google_gemini-3-1-pro-preview,REC-chi-icu-007,1,child,temporal,0,1,2,2,1,0.0,0.0,0.0
google_gemini-3-1-pro-preview,REC-chi-icu-008,1,child,diagnoses,1,0,0,1,1,1.0,1.0,1.0
google_gemini-3-1-pro-preview,REC-chi-icu-008,1,child,medications,1,0,0,1,1,1.0,1.0,1.0
google_gemini-3-1-pro-preview,REC-chi-icu-008,1,child,labs,1,0,0,1,1,1.0,1.0,1.0
google_gemini-3-1-pro-preview,REC-chi-icu-008,1,child,procedures,1,0,0,1,1,1.0,1.0,1.0
google_gemini-3-1-pro-preview,REC-chi-icu-008,1,child,temporal,0,1,1,1,1,0.0,0.0,0.0
google_gemini-3-1-pro-preview,REC-chi-icu-009,1,child,diagnoses,2,0,0,2,2,1.0,1.0,1.0
google_gemini-3-1-pro-preview,REC-chi-icu-009,1,child,medications,1,0,0,1,1,1.0,1.0,1.0
google_gemini-3-1-pro-preview,REC-chi-icu-009,1,child,labs,0,0,0,0,0,0.0,0.0,0.0
google_gemini-3-1-pro-preview,REC-chi-icu-009,1,child,procedures,1,1,0,1,2,0.5,1.0,0.6666666666666666
google_gemini-3-1-pro-preview,REC-chi-icu-009,1,child,temporal,0,2,2,2,2,0.0,0.0,0.0
google_gemini-3-1-pro-preview,REC-chi-icu-010,1,child,diagnoses,2,0,0,2,2,1.0,1.0,1.0
google_gemini-3-1-pro-preview,REC-chi-icu-010,1,child,medications,1,0,0,1,1,1.0,1.0,1.0
google_gemini-3-1-pro-preview,REC-chi-icu-010,1,child,labs,1,0,0,1,1,1.0,1.0,1.0
google_gemini-3-1-pro-preview,REC-chi-icu-010,1,child,procedures,1,0,0,1,1,1.0,1.0,1.0
google_gemini-3-1-pro-preview,REC-chi-icu-010,1,child,temporal,0,3,0,0,3,0.0,0.0,0.0
google_gemini-3-1-pro-preview,REC-chi-inp-001,1,child,diagnoses,2,1,0,2,3,0.6666666666666666,1.0,0.8
google_gemini-3-1-pro-preview,REC-chi-inp-001,1,child,medications,1,0,0,1,1,1.0,1.0,1.0
google_gemini-3-1-pro-preview,REC-chi-inp-001,1,child,labs,0,0,0,0,0,0.0,0.0,0.0
google_gemini-3-1-pro-preview,REC-chi-inp-001,1,child,procedures,1,0,0,1,1,1.0,1.0,1.0
google_gemini-3-1-pro-preview,REC-chi-inp-001,1,child,temporal,0,2,2,2,2,0.0,0.0,0.0
google_gemini-3-1-pro-preview,REC-chi-inp-002,1,child,diagnoses,1,0,0,1,1,1.0,1.0,1.0
google_gemini-3-1-pro-preview,REC-chi-inp-002,1,child,medications,1,0,0,1,1,1.0,1.0,1.0
google_gemini-3-1-pro-preview,REC-chi-inp-002,1,child,labs,1,0,0,1,1,1.0,1.0,1.0
google_gemini-3-1-pro-preview,REC-chi-inp-002,1,child,procedures,1,0,0,1,1,1.0,1.0,1.0
google_gemini-3-1-pro-preview,REC-chi-inp-002,1,child,temporal,0,1,1,1,1,0.0,0.0,0.0
google_gemini-3-1-pro-preview,REC-chi-inp-003,1,child,diagnoses,2,0,0,2,2,1.0,1.0,1.0
google_gemini-3-1-pro-preview,REC-chi-inp-003,1,child,medications,1,0,0,1,1,1.0,1.0,1.0
google_gemini-3-1-pro-preview,REC-chi-inp-003,1,child,labs,1,0,0,1,1,1.0,1.0,1.0
google_gemini-3-1-pro-preview,REC-chi-inp-003,1,child,procedures,1,0,0,1,1,1.0,1.0,1.0
google_gemini-3-1-pro-preview,REC-chi-inp-003,1,child,temporal,0,3,0,0,3,0.0,0.0,0.0
google_gemini-3-1-pro-preview,REC-chi-inp-004,1,child,diagnoses,2,1,0,2,3,0.6666666666666666,1.0,0.8
google_gemini-3-1-pro-preview,REC-chi-inp-004,1,child,medications,1,0,0,1,1,1.0,1.0,1.0
google_gemini-3-1-pro-preview,REC-chi-inp-004,1,child,labs,0,0,0,0,0,0.0,0.0,0.0
google_gemini-3-1-pro-preview,REC-chi-inp-004,1,child,procedures,1,0,0,1,1,1.0,1.0,1.0
google_gemini-3-1-pro-preview,REC-chi-inp-004,1,child,temporal,0,1,1,1,1,0.0,0.0,0.0
google_gemini-3-1-pro-preview,REC-chi-inp-005,1,child,diagnoses,1,1,0,1,2,0.5,1.0,0.6666666666666666
google_gemini-3-1-pro-preview,REC-chi-inp-005,1,child,medications,1,0,0,1,1,1.0,1.0,1.0
google_gemini-3-1-pro-preview,REC-chi-inp-005,1,child,labs,1,0,0,1,1,1.0,1.0,1.0
google_gemini-3-1-pro-preview,REC-chi-inp-005,1,child,procedures,1,0,0,1,1,1.0,1.0,1.0
google_gemini-3-1-pro-preview,REC-chi-inp-005,1,child,temporal,0,1,1,1,1,0.0,0.0,0.0
google_gemini-3-1-pro-preview,REC-chi-inp-006,1,child,diagnoses,1,1,0,1,2,0.5,1.0,0.6666666666666666
google_gemini-3-1-pro-preview,REC-chi-inp-006,1,child,medications,1,0,0,1,1,1.0,1.0,1.0
google_gemini-3-1-pro-preview,REC-chi-inp-006,1,child,labs,1,0,0,1,1,1.0,1.0,1.0
google_gemini-3-1-pro-preview,REC-chi-inp-006,1,child,procedures,1,0,0,1,1,1.0,1.0,1.0
google_gemini-3-1-pro-preview,REC-chi-inp-006,1,child,temporal,0,2,2,2,2,0.0,0.0,0.0
google_gemini-3-1-pro-preview,REC-chi-inp-007,1,child,diagnoses,1,0,0,1,1,1.0,1.0,1.0
google_gemini-3-1-pro-preview,REC-chi-inp-007,1,child,medications,1,0,0,1,1,1.0,1.0,1.0
google_gemini-3-1-pro-preview,REC-chi-inp-007,1,child,labs,0,0,0,0,0,0.0,0.0,0.0
google_gemini-3-1-pro-preview,REC-chi-inp-007,1,child,procedures,1,0,0,1,1,1.0,1.0,1.0
google_gemini-3-1-pro-preview,REC-chi-inp-007,1,child,temporal,0,1,1,1,1,0.0,0.0,0.0
google_gemini-3-1-pro-preview,REC-chi-inp-008,1,child,diagnoses,2,0,0,2,2,1.0,1.0,1.0
google_gemini-3-1-pro-preview,REC-chi-inp-008,1,child,medications,1,0,0,1,1,1.0,1.0,1.0
google_gemini-3-1-pro-preview,REC-chi-inp-008,1,child,labs,1,0,0,1,1,1.0,1.0,1.0
google_gemini-3-1-pro-preview,REC-chi-inp-008,1,child,procedures,1,0,0,1,1,1.0,1.0,1.0
google_gemini-3-1-pro-preview,REC-chi-inp-008,1,child,temporal,0,3,1,1,3,0.0,0.0,0.0
google_gemini-3-1-pro-preview,REC-chi-inp-009,1,child,diagnoses,1,0,0,1,1,1.0,1.0,1.0
google_gemini-3-1-pro-preview,REC-chi-inp-009,1,child,medications,1,0,0,1,1,1.0,1.0,1.0
google_gemini-3-1-pro-preview,REC-chi-inp-009,1,child,labs,1,0,0,1,1,1.0,1.0,1.0
google_gemini-3-1-pro-preview,REC-chi-inp-009,1,child,procedures,1,0,0,1,1,1.0,1.0,1.0
google_gemini-3-1-pro-preview,REC-chi-inp-009,1,child,temporal,0,2,1,1,2,0.0,0.0,0.0
google_gemini-3-1-pro-preview,REC-chi-inp-010,1,child,diagnoses,2,0,0,2,2,1.0,1.0,1.0
google_gemini-3-1-pro-preview,REC-chi-inp-010,1,child,medications,1,0,0,1,1,1.0,1.0,1.0
google_gemini-3-1-pro-preview,REC-chi-inp-010,1,child,labs,0,0,0,0,0,0.0,0.0,0.0
google_gemini-3-1-pro-preview,REC-chi-inp-010,1,child,procedures,1,0,0,1,1,1.0,1.0,1.0
google_gemini-3-1-pro-preview,REC-chi-inp-010,1,child,temporal,0,1,2,2,1,0.0,0.0,0.0
google_gemini-3-1-pro-preview,REC-chi-out-001,1,child,diagnoses,2,0,0,2,2,1.0,1.0,1.0
google_gemini-3-1-pro-preview,REC-chi-out-001,1,child,medications,1,0,0,1,1,1.0,1.0,1.0
google_gemini-3-1-pro-preview,REC-chi-out-001,1,child,labs,0,1,0,0,1,0.0,0.0,0.0
google_gemini-3-1-pro-preview,REC-chi-out-001,1,child,procedures,1,0,0,1,1,1.0,1.0,1.0
google_gemini-3-1-pro-preview,REC-chi-out-001,1,child,temporal,0,1,2,2,1,0.0,0.0,0.0
google_gemini-3-1-pro-preview,REC-chi-out-002,1,child,diagnoses,2,1,0,2,3,0.6666666666666666,1.0,0.8
google_gemini-3-1-pro-preview,REC-chi-out-002,1,child,medications,1,0,0,1,1,1.0,1.0,1.0
google_gemini-3-1-pro-preview,REC-chi-out-002,1,child,labs,1,0,0,1,1,1.0,1.0,1.0
google_gemini-3-1-pro-preview,REC-chi-out-002,1,child,procedures,1,1,0,1,2,0.5,1.0,0.6666666666666666
google_gemini-3-1-pro-preview,REC-chi-out-002,1,child,temporal,0,2,2,2,2,0.0,0.0,0.0
google_gemini-3-1-pro-preview,REC-chi-out-003,1,child,diagnoses,2,0,0,2,2,1.0,1.0,1.0
google_gemini-3-1-pro-preview,REC-chi-out-003,1,child,medications,1,0,0,1,1,1.0,1.0,1.0
google_gemini-3-1-pro-preview,REC-chi-out-003,1,child,labs,0,0,0,0,0,0.0,0.0,0.0
google_gemini-3-1-pro-preview,REC-chi-out-003,1,child,procedures,1,1,0,1,2,0.5,1.0,0.6666666666666666
google_gemini-3-1-pro-preview,REC-chi-out-003,1,child,temporal,0,1,1,1,1,0.0,0.0,0.0
google_gemini-3-1-pro-preview,REC-chi-out-004,1,child,diagnoses,2,0,0,2,2,1.0,1.0,1.0
google_gemini-3-1-pro-preview,REC-chi-out-004,1,child,medications,1,0,0,1,1,1.0,1.0,1.0
google_gemini-3-1-pro-preview,REC-chi-out-004,1,child,labs,1,0,0,1,1,1.0,1.0,1.0
google_gemini-3-1-pro-preview,REC-chi-out-004,1,child,procedures,1,0,0,1,1,1.0,1.0,1.0
google_gemini-3-1-pro-preview,REC-chi-out-004,1,child,temporal,0,0,1,1,0,0.0,0.0,0.0
google_gemini-3-1-pro-preview,REC-chi-out-005,1,child,diagnoses,1,1,0,1,2,0.5,1.0,0.6666666666666666
google_gemini-3-1-pro-preview,REC-chi-out-005,1,child,medications,1,0,0,1,1,1.0,1.0,1.0
google_gemini-3-1-pro-preview,REC-chi-out-005,1,child,labs,0,0,0,0,0,0.0,0.0,0.0
google_gemini-3-1-pro-preview,REC-chi-out-005,1,child,procedures,1,1,0,1,2,0.5,1.0,0.6666666666666666
google_gemini-3-1-pro-preview,REC-chi-out-005,1,child,temporal,0,2,2,2,2,0.0,0.0,0.0
google_gemini-3-1-pro-preview,REC-chi-out-006,1,child,diagnoses,1,0,0,1,1,1.0,1.0,1.0
google_gemini-3-1-pro-preview,REC-chi-out-006,1,child,medications,1,0,0,1,1,1.0,1.0,1.0
google_gemini-3-1-pro-preview,REC-chi-out-006,1,child,labs,1,0,0,1,1,1.0,1.0,1.0
google_gemini-3-1-pro-preview,REC-chi-out-006,1,child,procedures,1,1,0,1,2,0.5,1.0,0.6666666666666666
google_gemini-3-1-pro-preview,REC-chi-out-006,1,child,temporal,0,2,2,2,2,0.0,0.0,0.0
google_gemini-3-1-pro-preview,REC-chi-out-007,1,child,diagnoses,2,1,0,2,3,0.6666666666666666,1.0,0.8
google_gemini-3-1-pro-preview,REC-chi-out-007,1,child,medications,1,0,0,1,1,1.0,1.0,1.0
google_gemini-3-1-pro-preview,REC-chi-out-007,1,child,labs,0,1,0,0,1,0.0,0.0,0.0
google_gemini-3-1-pro-preview,REC-chi-out-007,1,child,procedures,1,0,0,1,1,1.0,1.0,1.0
google_gemini-3-1-pro-preview,REC-chi-out-007,1,child,temporal,0,2,2,2,2,0.0,0.0,0.0
google_gemini-3-1-pro-preview,REC-chi-out-008,1,child,diagnoses,3,0,0,3,3,1.0,1.0,1.0
google_gemini-3-1-pro-preview,REC-chi-out-008,1,child,medications,1,0,0,1,1,1.0,1.0,1.0
google_gemini-3-1-pro-preview,REC-chi-out-008,1,child,labs,1,0,0,1,1,1.0,1.0,1.0
google_gemini-3-1-pro-preview,REC-chi-out-008,1,child,procedures,1,0,0,1,1,1.0,1.0,1.0
google_gemini-3-1-pro-preview,REC-chi-out-008,1,child,temporal,0,3,0,0,3,0.0,0.0,0.0
google_gemini-3-1-pro-preview,REC-chi-out-009,1,child,diagnoses,2,0,0,2,2,1.0,1.0,1.0
google_gemini-3-1-pro-preview,REC-chi-out-009,1,child,medications,1,0,0,1,1,1.0,1.0,1.0
google_gemini-3-1-pro-preview,REC-chi-out-009,1,child,labs,0,0,0,0,0,0.0,0.0,0.0
google_gemini-3-1-pro-preview,REC-chi-out-009,1,child,procedures,1,0,0,1,1,1.0,1.0,1.0
google_gemini-3-1-pro-preview,REC-chi-out-009,1,child,temporal,0,1,1,1,1,0.0,0.0,0.0
google_gemini-3-1-pro-preview,REC-chi-out-010,1,child,diagnoses,1,0,0,1,1,1.0,1.0,1.0
google_gemini-3-1-pro-preview,REC-chi-out-010,1,child,medications,1,0,0,1,1,1.0,1.0,1.0
google_gemini-3-1-pro-preview,REC-chi-out-010,1,child,labs,1,0,0,1,1,1.0,1.0,1.0
google_gemini-3-1-pro-preview,REC-chi-out-010,1,child,procedures,1,0,0,1,1,1.0,1.0,1.0
google_gemini-3-1-pro-preview,REC-chi-out-010,1,child,temporal,0,1,2,2,1,0.0,0.0,0.0
google_gemini-3-1-pro-preview,REC-inf-eme-001,1,infant,diagnoses,3,0,0,3,3,1.0,1.0,1.0
google_gemini-3-1-pro-preview,REC-inf-eme-001,1,infant,medications,0,0,0,0,0,0.0,0.0,0.0
google_gemini-3-1-pro-preview,REC-inf-eme-001,1,infant,labs,0,0,0,0,0,0.0,0.0,0.0
google_gemini-3-1-pro-preview,REC-inf-eme-001,1,infant,procedures,1,0,0,1,1,1.0,1.0,1.0
google_gemini-3-1-pro-preview,REC-inf-eme-001,1,infant,temporal,0,0,0,0,0,0.0,0.0,0.0
google_gemini-3-1-pro-preview,REC-inf-eme-002,1,infant,diagnoses,2,0,0,2,2,1.0,1.0,1.0
google_gemini-3-1-pro-preview,REC-inf-eme-002,1,infant,medications,1,0,0,1,1,1.0,1.0,1.0
google_gemini-3-1-pro-preview,REC-inf-eme-002,1,infant,labs,0,0,0,0,0,0.0,0.0,0.0
google_gemini-3-1-pro-preview,REC-inf-eme-002,1,infant,procedures,1,0,0,1,1,1.0,1.0,1.0
google_gemini-3-1-pro-preview,REC-inf-eme-002,1,infant,temporal,0,1,1,1,1,0.0,0.0,0.0
google_gemini-3-1-pro-preview,REC-inf-eme-003,1,infant,diagnoses,2,1,0,2,3,0.6666666666666666,1.0,0.8
google_gemini-3-1-pro-preview,REC-inf-eme-003,1,infant,medications,1,0,0,1,1,1.0,1.0,1.0
google_gemini-3-1-pro-preview,REC-inf-eme-003,1,infant,labs,1,0,0,1,1,1.0,1.0,1.0
google_gemini-3-1-pro-preview,REC-inf-eme-003,1,infant,procedures,1,0,0,1,1,1.0,1.0,1.0
google_gemini-3-1-pro-preview,REC-inf-eme-003,1,infant,temporal,0,1,2,2,1,0.0,0.0,0.0
google_gemini-3-1-pro-preview,REC-inf-eme-004,1,infant,diagnoses,2,1,0,2,3,0.6666666666666666,1.0,0.8
google_gemini-3-1-pro-preview,REC-inf-eme-004,1,infant,medications,0,0,0,0,0,0.0,0.0,0.0
google_gemini-3-1-pro-preview,REC-inf-eme-004,1,infant,labs,0,0,0,0,0,0.0,0.0,0.0
google_gemini-3-1-pro-preview,REC-inf-eme-004,1,infant,procedures,1,1,0,1,2,0.5,1.0,0.6666666666666666
google_gemini-3-1-pro-preview,REC-inf-eme-004,1,infant,temporal,0,2,2,2,2,0.0,0.0,0.0
google_gemini-3-1-pro-preview,REC-inf-eme-005,1,infant,diagnoses,1,1,0,1,2,0.5,1.0,0.6666666666666666
google_gemini-3-1-pro-preview,REC-inf-eme-005,1,infant,medications,1,0,0,1,1,1.0,1.0,1.0
google_gemini-3-1-pro-preview,REC-inf-eme-005,1,infant,labs,0,0,0,0,0,0.0,0.0,0.0
google_gemini-3-1-pro-preview,REC-inf-eme-005,1,infant,procedures,1,0,0,1,1,1.0,1.0,1.0
google_gemini-3-1-pro-preview,REC-inf-eme-005,1,infant,temporal,0,1,2,2,1,0.0,0.0,0.0
google_gemini-3-1-pro-preview,REC-inf-eme-006,1,infant,diagnoses,1,0,0,1,1,1.0,1.0,1.0
google_gemini-3-1-pro-preview,REC-inf-eme-006,1,infant,medications,1,0,0,1,1,1.0,1.0,1.0
google_gemini-3-1-pro-preview,REC-inf-eme-006,1,infant,labs,1,0,0,1,1,1.0,1.0,1.0
google_gemini-3-1-pro-preview,REC-inf-eme-006,1,infant,procedures,1,0,0,1,1,1.0,1.0,1.0
google_gemini-3-1-pro-preview,REC-inf-eme-006,1,infant,temporal,0,1,1,1,1,0.0,0.0,0.0
google_gemini-3-1-pro-preview,REC-inf-eme-007,1,infant,diagnoses,3,0,0,3,3,1.0,1.0,1.0
google_gemini-3-1-pro-preview,REC-inf-eme-007,1,infant,medications,0,0,0,0,0,0.0,0.0,0.0
google_gemini-3-1-pro-preview,REC-inf-eme-007,1,infant,labs,0,0,0,0,0,0.0,0.0,0.0
google_gemini-3-1-pro-preview,REC-inf-eme-007,1,infant,procedures,1,0,0,1,1,1.0,1.0,1.0
google_gemini-3-1-pro-preview,REC-inf-eme-007,1,infant,temporal,0,1,1,1,1,0.0,0.0,0.0
google_gemini-3-1-pro-preview,REC-inf-eme-008,1,infant,diagnoses,1,0,0,1,1,1.0,1.0,1.0
google_gemini-3-1-pro-preview,REC-inf-eme-008,1,infant,medications,1,0,0,1,1,1.0,1.0,1.0
google_gemini-3-1-pro-preview,REC-inf-eme-008,1,infant,labs,0,0,0,0,0,0.0,0.0,0.0
google_gemini-3-1-pro-preview,REC-inf-eme-008,1,infant,procedures,1,0,0,1,1,1.0,1.0,1.0
google_gemini-3-1-pro-preview,REC-inf-eme-008,1,infant,temporal,0,1,2,2,1,0.0,0.0,0.0
google_gemini-3-1-pro-preview,REC-inf-eme-009,1,infant,diagnoses,1,0,0,1,1,1.0,1.0,1.0
google_gemini-3-1-pro-preview,REC-inf-eme-009,1,infant,medications,1,0,0,1,1,1.0,1.0,1.0
google_gemini-3-1-pro-preview,REC-inf-eme-009,1,infant,labs,1,0,0,1,1,1.0,1.0,1.0
google_gemini-3-1-pro-preview,REC-inf-eme-009,1,infant,procedures,1,1,0,1,2,0.5,1.0,0.6666666666666666
google_gemini-3-1-pro-preview,REC-inf-eme-009,1,infant,temporal,0,2,3,3,2,0.0,0.0,0.0
google_gemini-3-1-pro-preview,REC-inf-eme-010,1,infant,diagnoses,1,1,0,1,2,0.5,1.0,0.6666666666666666
google_gemini-3-1-pro-preview,REC-inf-eme-010,1,infant,medications,0,0,0,0,0,0.0,0.0,0.0
google_gemini-3-1-pro-preview,REC-inf-eme-010,1,infant,labs,0,0,0,0,0,0.0,0.0,0.0
google_gemini-3-1-pro-preview,REC-inf-eme-010,1,infant,procedures,1,0,0,1,1,1.0,1.0,1.0
google_gemini-3-1-pro-preview,REC-inf-eme-010,1,infant,temporal,0,0,1,1,0,0.0,0.0,0.0
google_gemini-3-1-pro-preview,REC-inf-icu-001,1,infant,diagnoses,1,0,0,1,1,1.0,1.0,1.0
google_gemini-3-1-pro-preview,REC-inf-icu-001,1,infant,medications,0,0,0,0,0,0.0,0.0,0.0
google_gemini-3-1-pro-preview,REC-inf-icu-001,1,infant,labs,0,0,0,0,0,0.0,0.0,0.0
google_gemini-3-1-pro-preview,REC-inf-icu-001,1,infant,procedures,1,1,0,1,2,0.5,1.0,0.6666666666666666
google_gemini-3-1-pro-preview,REC-inf-icu-001,1,infant,temporal,0,1,1,1,1,0.0,0.0,0.0
google_gemini-3-1-pro-preview,REC-inf-icu-002,1,infant,diagnoses,2,0,0,2,2,1.0,1.0,1.0
google_gemini-3-1-pro-preview,REC-inf-icu-002,1,infant,medications,1,0,0,1,1,1.0,1.0,1.0
google_gemini-3-1-pro-preview,REC-inf-icu-002,1,infant,labs,1,0,0,1,1,1.0,1.0,1.0
google_gemini-3-1-pro-preview,REC-inf-icu-002,1,infant,procedures,1,0,0,1,1,1.0,1.0,1.0
google_gemini-3-1-pro-preview,REC-inf-icu-002,1,infant,temporal,0,1,2,2,1,0.0,0.0,0.0
google_gemini-3-1-pro-preview,REC-inf-icu-003,1,infant,diagnoses,2,0,0,2,2,1.0,1.0,1.0
google_gemini-3-1-pro-preview,REC-inf-icu-003,1,infant,medications,0,0,0,0,0,0.0,0.0,0.0
google_gemini-3-1-pro-preview,REC-inf-icu-003,1,infant,labs,0,0,0,0,0,0.0,0.0,0.0
google_gemini-3-1-pro-preview,REC-inf-icu-003,1,infant,procedures,1,0,0,1,1,1.0,1.0,1.0
google_gemini-3-1-pro-preview,REC-inf-icu-003,1,infant,temporal,0,0,0,0,0,0.0,0.0,0.0
google_gemini-3-1-pro-preview,REC-inf-icu-004,1,infant,diagnoses,1,1,0,1,2,0.5,1.0,0.6666666666666666
google_gemini-3-1-pro-preview,REC-inf-icu-004,1,infant,medications,1,0,0,1,1,1.0,1.0,1.0
google_gemini-3-1-pro-preview,REC-inf-icu-004,1,infant,labs,1,0,0,1,1,1.0,1.0,1.0
google_gemini-3-1-pro-preview,REC-inf-icu-004,1,infant,procedures,1,1,0,1,2,0.5,1.0,0.6666666666666666
google_gemini-3-1-pro-preview,REC-inf-icu-004,1,infant,temporal,0,2,3,3,2,0.0,0.0,0.0
google_gemini-3-1-pro-preview,REC-inf-icu-005,1,infant,diagnoses,1,0,0,1,1,1.0,1.0,1.0
google_gemini-3-1-pro-preview,REC-inf-icu-005,1,infant,medications,0,0,0,0,0,0.0,0.0,0.0
google_gemini-3-1-pro-preview,REC-inf-icu-005,1,infant,labs,0,1,0,0,1,0.0,0.0,0.0
google_gemini-3-1-pro-preview,REC-inf-icu-005,1,infant,procedures,1,1,0,1,2,0.5,1.0,0.6666666666666666
google_gemini-3-1-pro-preview,REC-inf-icu-005,1,infant,temporal,0,2,2,2,2,0.0,0.0,0.0
google_gemini-3-1-pro-preview,REC-inf-icu-006,1,infant,diagnoses,1,0,0,1,1,1.0,1.0,1.0
google_gemini-3-1-pro-preview,REC-inf-icu-006,1,infant,medications,1,0,0,1,1,1.0,1.0,1.0
google_gemini-3-1-pro-preview,REC-inf-icu-006,1,infant,labs,1,0,0,1,1,1.0,1.0,1.0
google_gemini-3-1-pro-preview,REC-inf-icu-006,1,infant,procedures,1,0,0,1,1,1.0,1.0,1.0
google_gemini-3-1-pro-preview,REC-inf-icu-006,1,infant,temporal,0,1,1,1,1,0.0,0.0,0.0
google_gemini-3-1-pro-preview,REC-inf-icu-007,1,infant,diagnoses,2,0,0,2,2,1.0,1.0,1.0
google_gemini-3-1-pro-preview,REC-inf-icu-007,1,infant,medications,0,0,0,0,0,0.0,0.0,0.0
google_gemini-3-1-pro-preview,REC-inf-icu-007,1,infant,labs,0,1,0,0,1,0.0,0.0,0.0
google_gemini-3-1-pro-preview,REC-inf-icu-007,1,infant,procedures,1,0,0,1,1,1.0,1.0,1.0
google_gemini-3-1-pro-preview,REC-inf-icu-007,1,infant,temporal,0,2,2,2,2,0.0,0.0,0.0
google_gemini-3-1-pro-preview,REC-inf-icu-008,1,infant,diagnoses,1,0,0,1,1,1.0,1.0,1.0
google_gemini-3-1-pro-preview,REC-inf-icu-008,1,infant,medications,1,0,0,1,1,1.0,1.0,1.0
google_gemini-3-1-pro-preview,REC-inf-icu-008,1,infant,labs,1,0,0,1,1,1.0,1.0,1.0
google_gemini-3-1-pro-preview,REC-inf-icu-008,1,infant,procedures,1,0,0,1,1,1.0,1.0,1.0
google_gemini-3-1-pro-preview,REC-inf-icu-008,1,infant,temporal,0,1,1,1,1,0.0,0.0,0.0
google_gemini-3-1-pro-preview,REC-inf-icu-009,1,infant,diagnoses,3,0,0,3,3,1.0,1.0,1.0
google_gemini-3-1-pro-preview,REC-inf-icu-009,1,infant,medications,0,0,0,0,0,0.0,0.0,0.0
google_gemini-3-1-pro-preview,REC-inf-icu-009,1,infant,labs,0,0,0,0,0,0.0,0.0,0.0
google_gemini-3-1-pro-preview,REC-inf-icu-009,1,infant,procedures,1,0,0,1,1,1.0,1.0,1.0
google_gemini-3-1-pro-preview,REC-inf-icu-009,1,infant,temporal,0,1,0,0,1,0.0,0.0,0.0
google_gemini-3-1-pro-preview,REC-inf-icu-010,1,infant,diagnoses,2,1,0,2,3,0.6666666666666666,1.0,0.8
google_gemini-3-1-pro-preview,REC-inf-icu-010,1,infant,medications,1,0,0,1,1,1.0,1.0,1.0
google_gemini-3-1-pro-preview,REC-inf-icu-010,1,infant,labs,1,0,0,1,1,1.0,1.0,1.0
google_gemini-3-1-pro-preview,REC-inf-icu-010,1,infant,procedures,1,0,0,1,1,1.0,1.0,1.0
google_gemini-3-1-pro-preview,REC-inf-icu-010,1,infant,temporal,0,1,2,2,1,0.0,0.0,0.0
google_gemini-3-1-pro-preview,REC-inf-inp-001,1,infant,diagnoses,2,0,0,2,2,1.0,1.0,1.0
google_gemini-3-1-pro-preview,REC-inf-inp-001,1,infant,medications,0,0,0,0,0,0.0,0.0,0.0
google_gemini-3-1-pro-preview,REC-inf-inp-001,1,infant,labs,0,0,0,0,0,0.0,0.0,0.0
google_gemini-3-1-pro-preview,REC-inf-inp-001,1,infant,procedures,1,0,0,1,1,1.0,1.0,1.0
google_gemini-3-1-pro-preview,REC-inf-inp-001,1,infant,temporal,0,1,1,1,1,0.0,0.0,0.0
google_gemini-3-1-pro-preview,REC-inf-inp-002,1,infant,diagnoses,1,1,0,1,2,0.5,1.0,0.6666666666666666
google_gemini-3-1-pro-preview,REC-inf-inp-002,1,infant,medications,1,0,0,1,1,1.0,1.0,1.0
google_gemini-3-1-pro-preview,REC-inf-inp-002,1,infant,labs,1,0,0,1,1,1.0,1.0,1.0
google_gemini-3-1-pro-preview,REC-inf-inp-002,1,infant,procedures,1,1,0,1,2,0.5,1.0,0.6666666666666666
google_gemini-3-1-pro-preview,REC-inf-inp-002,1,infant,temporal,0,2,3,3,2,0.0,0.0,0.0
google_gemini-3-1-pro-preview,REC-inf-inp-003,1,infant,diagnoses,3,0,0,3,3,1.0,1.0,1.0
google_gemini-3-1-pro-preview,REC-inf-inp-003,1,infant,medications,0,0,0,0,0,0.0,0.0,0.0
google_gemini-3-1-pro-preview,REC-inf-inp-003,1,infant,labs,0,0,0,0,0,0.0,0.0,0.0
google_gemini-3-1-pro-preview,REC-inf-inp-003,1,infant,procedures,1,0,0,1,1,1.0,1.0,1.0
google_gemini-3-1-pro-preview,REC-inf-inp-003,1,infant,temporal,0,2,0,0,2,0.0,0.0,0.0
google_gemini-3-1-pro-preview,REC-inf-inp-004,1,infant,diagnoses,2,1,0,2,3,0.6666666666666666,1.0,0.8
google_gemini-3-1-pro-preview,REC-inf-inp-004,1,infant,medications,1,0,0,1,1,1.0,1.0,1.0
google_gemini-3-1-pro-preview,REC-inf-inp-004,1,infant,labs,1,0,0,1,1,1.0,1.0,1.0
google_gemini-3-1-pro-preview,REC-inf-inp-004,1,infant,procedures,1,0,0,1,1,1.0,1.0,1.0
google_gemini-3-1-pro-preview,REC-inf-inp-004,1,infant,temporal,0,2,1,1,2,0.0,0.0,0.0
google_gemini-3-1-pro-preview,REC-inf-inp-005,1,infant,diagnoses,2,0,0,2,2,1.0,1.0,1.0
google_gemini-3-1-pro-preview,REC-inf-inp-005,1,infant,medications,0,0,0,0,0,0.0,0.0,0.0
google_gemini-3-1-pro-preview,REC-inf-inp-005,1,infant,labs,0,0,0,0,0,0.0,0.0,0.0
google_gemini-3-1-pro-preview,REC-inf-inp-005,1,infant,procedures,1,1,0,1,2,0.5,1.0,0.6666666666666666
google_gemini-3-1-pro-preview,REC-inf-inp-005,1,infant,temporal,0,2,2,2,2,0.0,0.0,0.0
google_gemini-3-1-pro-preview,REC-inf-inp-006,1,infant,diagnoses,1,0,0,1,1,1.0,1.0,1.0
google_gemini-3-1-pro-preview,REC-inf-inp-006,1,infant,medications,1,0,0,1,1,1.0,1.0,1.0
google_gemini-3-1-pro-preview,REC-inf-inp-006,1,infant,labs,1,0,0,1,1,1.0,1.0,1.0
google_gemini-3-1-pro-preview,REC-inf-inp-006,1,infant,procedures,1,1,0,1,2,0.5,1.0,0.6666666666666666
google_gemini-3-1-pro-preview,REC-inf-inp-006,1,infant,temporal,0,1,1,1,1,0.0,0.0,0.0
google_gemini-3-1-pro-preview,REC-inf-inp-007,1,infant,diagnoses,1,0,0,1,1,1.0,1.0,1.0
google_gemini-3-1-pro-preview,REC-inf-inp-007,1,infant,medications,0,0,0,0,0,0.0,0.0,0.0
google_gemini-3-1-pro-preview,REC-inf-inp-007,1,infant,labs,0,1,0,0,1,0.0,0.0,0.0
google_gemini-3-1-pro-preview,REC-inf-inp-007,1,infant,procedures,1,0,0,1,1,1.0,1.0,1.0
google_gemini-3-1-pro-preview,REC-inf-inp-007,1,infant,temporal,0,1,1,1,1,0.0,0.0,0.0
google_gemini-3-1-pro-preview,REC-inf-inp-008,1,infant,diagnoses,1,1,0,1,2,0.5,1.0,0.6666666666666666
google_gemini-3-1-pro-preview,REC-inf-inp-008,1,infant,medications,1,0,0,1,1,1.0,1.0,1.0
google_gemini-3-1-pro-preview,REC-inf-inp-008,1,infant,labs,1,0,0,1,1,1.0,1.0,1.0
google_gemini-3-1-pro-preview,REC-inf-inp-008,1,infant,procedures,1,0,0,1,1,1.0,1.0,1.0
google_gemini-3-1-pro-preview,REC-inf-inp-008,1,infant,temporal,0,2,1,1,2,0.0,0.0,0.0
google_gemini-3-1-pro-preview,REC-inf-inp-009,1,infant,diagnoses,2,0,0,2,2,1.0,1.0,1.0
google_gemini-3-1-pro-preview,REC-inf-inp-009,1,infant,medications,0,0,0,0,0,0.0,0.0,0.0
google_gemini-3-1-pro-preview,REC-inf-inp-009,1,infant,labs,0,0,0,0,0,0.0,0.0,0.0
google_gemini-3-1-pro-preview,REC-inf-inp-009,1,infant,procedures,1,1,0,1,2,0.5,1.0,0.6666666666666666
google_gemini-3-1-pro-preview,REC-inf-inp-009,1,infant,temporal,0,2,2,2,2,0.0,0.0,0.0
google_gemini-3-1-pro-preview,REC-inf-inp-010,1,infant,diagnoses,1,0,0,1,1,1.0,1.0,1.0
google_gemini-3-1-pro-preview,REC-inf-inp-010,1,infant,medications,1,0,0,1,1,1.0,1.0,1.0
google_gemini-3-1-pro-preview,REC-inf-inp-010,1,infant,labs,1,0,0,1,1,1.0,1.0,1.0
google_gemini-3-1-pro-preview,REC-inf-inp-010,1,infant,procedures,1,0,0,1,1,1.0,1.0,1.0
google_gemini-3-1-pro-preview,REC-inf-inp-010,1,infant,temporal,0,1,1,1,1,0.0,0.0,0.0
google_gemini-3-1-pro-preview,REC-inf-out-001,1,infant,diagnoses,2,0,0,2,2,1.0,1.0,1.0
google_gemini-3-1-pro-preview,REC-inf-out-001,1,infant,medications,0,0,0,0,0,0.0,0.0,0.0
google_gemini-3-1-pro-preview,REC-inf-out-001,1,infant,labs,0,0,0,0,0,0.0,0.0,0.0
google_gemini-3-1-pro-preview,REC-inf-out-001,1,infant,procedures,1,0,0,1,1,1.0,1.0,1.0
google_gemini-3-1-pro-preview,REC-inf-out-001,1,infant,temporal,0,0,0,0,0,0.0,0.0,0.0
google_gemini-3-1-pro-preview,REC-inf-out-002,1,infant,diagnoses,1,1,0,1,2,0.5,1.0,0.6666666666666666
google_gemini-3-1-pro-preview,REC-inf-out-002,1,infant,medications,1,0,0,1,1,1.0,1.0,1.0
google_gemini-3-1-pro-preview,REC-inf-out-002,1,infant,labs,0,0,0,0,0,0.0,0.0,0.0
google_gemini-3-1-pro-preview,REC-inf-out-002,1,infant,procedures,1,0,0,1,1,1.0,1.0,1.0
google_gemini-3-1-pro-preview,REC-inf-out-002,1,infant,temporal,0,0,1,1,0,0.0,0.0,0.0
google_gemini-3-1-pro-preview,REC-inf-out-003,1,infant,diagnoses,2,0,0,2,2,1.0,1.0,1.0
google_gemini-3-1-pro-preview,REC-inf-out-003,1,infant,medications,0,0,0,0,0,0.0,0.0,0.0
google_gemini-3-1-pro-preview,REC-inf-out-003,1,infant,labs,0,0,0,0,0,0.0,0.0,0.0
google_gemini-3-1-pro-preview,REC-inf-out-003,1,infant,procedures,1,0,0,1,1,1.0,1.0,1.0
google_gemini-3-1-pro-preview,REC-inf-out-003,1,infant,temporal,0,0,0,0,0,0.0,0.0,0.0
google_gemini-3-1-pro-preview,REC-inf-out-004,1,infant,diagnoses,3,0,0,3,3,1.0,1.0,1.0
google_gemini-3-1-pro-preview,REC-inf-out-004,1,infant,medications,1,0,0,1,1,1.0,1.0,1.0
google_gemini-3-1-pro-preview,REC-inf-out-004,1,infant,labs,0,1,0,0,1,0.0,0.0,0.0
google_gemini-3-1-pro-preview,REC-inf-out-004,1,infant,procedures,1,0,0,1,1,1.0,1.0,1.0
google_gemini-3-1-pro-preview,REC-inf-out-004,1,infant,temporal,0,1,1,1,1,0.0,0.0,0.0
google_gemini-3-1-pro-preview,REC-inf-out-005,1,infant,diagnoses,2,0,0,2,2,1.0,1.0,1.0
google_gemini-3-1-pro-preview,REC-inf-out-005,1,infant,medications,0,0,0,0,0,0.0,0.0,0.0
google_gemini-3-1-pro-preview,REC-inf-out-005,1,infant,labs,0,0,0,0,0,0.0,0.0,0.0
google_gemini-3-1-pro-preview,REC-inf-out-005,1,infant,procedures,1,0,0,1,1,1.0,1.0,1.0
google_gemini-3-1-pro-preview,REC-inf-out-005,1,infant,temporal,0,0,0,0,0,0.0,0.0,0.0
google_gemini-3-1-pro-preview,REC-inf-out-006,1,infant,diagnoses,1,0,0,1,1,1.0,1.0,1.0
google_gemini-3-1-pro-preview,REC-inf-out-006,1,infant,medications,1,0,0,1,1,1.0,1.0,1.0
google_gemini-3-1-pro-preview,REC-inf-out-006,1,infant,labs,0,0,0,0,0,0.0,0.0,0.0
google_gemini-3-1-pro-preview,REC-inf-out-006,1,infant,procedures,1,0,0,1,1,1.0,1.0,1.0
google_gemini-3-1-pro-preview,REC-inf-out-006,1,infant,temporal,0,1,1,1,1,0.0,0.0,0.0
google_gemini-3-1-pro-preview,REC-inf-out-007,1,infant,diagnoses,2,0,0,2,2,1.0,1.0,1.0
google_gemini-3-1-pro-preview,REC-inf-out-007,1,infant,medications,0,0,0,0,0,0.0,0.0,0.0
google_gemini-3-1-pro-preview,REC-inf-out-007,1,infant,labs,0,0,0,0,0,0.0,0.0,0.0
google_gemini-3-1-pro-preview,REC-inf-out-007,1,infant,procedures,1,0,0,1,1,1.0,1.0,1.0
google_gemini-3-1-pro-preview,REC-inf-out-007,1,infant,temporal,0,0,0,0,0,0.0,0.0,0.0
google_gemini-3-1-pro-preview,REC-inf-out-008,1,infant,diagnoses,1,1,0,1,2,0.5,1.0,0.6666666666666666
google_gemini-3-1-pro-preview,REC-inf-out-008,1,infant,medications,1,0,0,1,1,1.0,1.0,1.0
google_gemini-3-1-pro-preview,REC-inf-out-008,1,infant,labs,0,1,0,0,1,0.0,0.0,0.0
google_gemini-3-1-pro-preview,REC-inf-out-008,1,infant,procedures,1,0,0,1,1,1.0,1.0,1.0
google_gemini-3-1-pro-preview,REC-inf-out-008,1,infant,temporal,0,1,3,3,1,0.0,0.0,0.0
google_gemini-3-1-pro-preview,REC-inf-out-009,1,infant,diagnoses,1,0,0,1,1,1.0,1.0,1.0
google_gemini-3-1-pro-preview,REC-inf-out-009,1,infant,medications,0,0,0,0,0,0.0,0.0,0.0
google_gemini-3-1-pro-preview,REC-inf-out-009,1,infant,labs,0,0,0,0,0,0.0,0.0,0.0
google_gemini-3-1-pro-preview,REC-inf-out-009,1,infant,procedures,1,1,0,1,2,0.5,1.0,0.6666666666666666
google_gemini-3-1-pro-preview,REC-inf-out-009,1,infant,temporal,0,2,2,2,2,0.0,0.0,0.0
google_gemini-3-1-pro-preview,REC-inf-out-010,1,infant,diagnoses,2,0,0,2,2,1.0,1.0,1.0
google_gemini-3-1-pro-preview,REC-inf-out-010,1,infant,medications,1,0,0,1,1,1.0,1.0,1.0
google_gemini-3-1-pro-preview,REC-inf-out-010,1,infant,labs,0,0,0,0,0,0.0,0.0,0.0
google_gemini-3-1-pro-preview,REC-inf-out-010,1,infant,procedures,1,0,0,1,1,1.0,1.0,1.0
google_gemini-3-1-pro-preview,REC-inf-out-010,1,infant,temporal,0,0,0,0,0,0.0,0.0,0.0
google_gemini-3-1-pro-preview,REC-neo-eme-001,1,neonate,diagnoses,2,0,0,2,2,1.0,1.0,1.0
google_gemini-3-1-pro-preview,REC-neo-eme-001,1,neonate,medications,1,0,0,1,1,1.0,1.0,1.0
google_gemini-3-1-pro-preview,REC-neo-eme-001,1,neonate,labs,1,0,0,1,1,1.0,1.0,1.0
google_gemini-3-1-pro-preview,REC-neo-eme-001,1,neonate,procedures,1,1,0,1,2,0.5,1.0,0.6666666666666666
google_gemini-3-1-pro-preview,REC-neo-eme-001,1,neonate,temporal,0,1,2,2,1,0.0,0.0,0.0
google_gemini-3-1-pro-preview,REC-neo-eme-002,1,neonate,diagnoses,3,0,0,3,3,1.0,1.0,1.0
google_gemini-3-1-pro-preview,REC-neo-eme-002,1,neonate,medications,0,0,0,0,0,0.0,0.0,0.0
google_gemini-3-1-pro-preview,REC-neo-eme-002,1,neonate,labs,1,0,0,1,1,1.0,1.0,1.0
google_gemini-3-1-pro-preview,REC-neo-eme-002,1,neonate,procedures,1,1,0,1,2,0.5,1.0,0.6666666666666666
google_gemini-3-1-pro-preview,REC-neo-eme-002,1,neonate,temporal,0,1,2,2,1,0.0,0.0,0.0
google_gemini-3-1-pro-preview,REC-neo-eme-003,1,neonate,diagnoses,1,1,0,1,2,0.5,1.0,0.6666666666666666
google_gemini-3-1-pro-preview,REC-neo-eme-003,1,neonate,medications,1,0,0,1,1,1.0,1.0,1.0
google_gemini-3-1-pro-preview,REC-neo-eme-003,1,neonate,labs,1,0,0,1,1,1.0,1.0,1.0
google_gemini-3-1-pro-preview,REC-neo-eme-003,1,neonate,procedures,1,1,0,1,2,0.5,1.0,0.6666666666666666
google_gemini-3-1-pro-preview,REC-neo-eme-003,1,neonate,temporal,0,2,3,3,2,0.0,0.0,0.0
google_gemini-3-1-pro-preview,REC-neo-eme-004,1,neonate,diagnoses,2,0,0,2,2,1.0,1.0,1.0
google_gemini-3-1-pro-preview,REC-neo-eme-004,1,neonate,medications,1,0,0,1,1,1.0,1.0,1.0
google_gemini-3-1-pro-preview,REC-neo-eme-004,1,neonate,labs,1,0,0,1,1,1.0,1.0,1.0
google_gemini-3-1-pro-preview,REC-neo-eme-004,1,neonate,procedures,1,0,0,1,1,1.0,1.0,1.0
google_gemini-3-1-pro-preview,REC-neo-eme-004,1,neonate,temporal,0,1,2,2,1,0.0,0.0,0.0
google_gemini-3-1-pro-preview,REC-neo-eme-005,1,neonate,diagnoses,3,0,0,3,3,1.0,1.0,1.0
google_gemini-3-1-pro-preview,REC-neo-eme-005,1,neonate,medications,0,0,0,0,0,0.0,0.0,0.0
google_gemini-3-1-pro-preview,REC-neo-eme-005,1,neonate,labs,1,0,0,1,1,1.0,1.0,1.0
google_gemini-3-1-pro-preview,REC-neo-eme-005,1,neonate,procedures,1,0,0,1,1,1.0,1.0,1.0
google_gemini-3-1-pro-preview,REC-neo-eme-005,1,neonate,temporal,0,2,2,2,2,0.0,0.0,0.0
google_gemini-3-1-pro-preview,REC-neo-eme-006,1,neonate,diagnoses,2,1,0,2,3,0.6666666666666666,1.0,0.8
google_gemini-3-1-pro-preview,REC-neo-eme-006,1,neonate,medications,1,0,0,1,1,1.0,1.0,1.0
google_gemini-3-1-pro-preview,REC-neo-eme-006,1,neonate,labs,1,0,0,1,1,1.0,1.0,1.0
google_gemini-3-1-pro-preview,REC-neo-eme-006,1,neonate,procedures,1,1,0,1,2,0.5,1.0,0.6666666666666666
google_gemini-3-1-pro-preview,REC-neo-eme-006,1,neonate,temporal,0,1,2,2,1,0.0,0.0,0.0
google_gemini-3-1-pro-preview,REC-neo-eme-007,1,neonate,diagnoses,3,0,0,3,3,1.0,1.0,1.0
google_gemini-3-1-pro-preview,REC-neo-eme-007,1,neonate,medications,1,0,0,1,1,1.0,1.0,1.0
google_gemini-3-1-pro-preview,REC-neo-eme-007,1,neonate,labs,1,0,0,1,1,1.0,1.0,1.0
google_gemini-3-1-pro-preview,REC-neo-eme-007,1,neonate,procedures,1,0,0,1,1,1.0,1.0,1.0
google_gemini-3-1-pro-preview,REC-neo-eme-007,1,neonate,temporal,0,2,2,2,2,0.0,0.0,0.0
google_gemini-3-1-pro-preview,REC-neo-eme-008,1,neonate,diagnoses,2,0,0,2,2,1.0,1.0,1.0
google_gemini-3-1-pro-preview,REC-neo-eme-008,1,neonate,medications,0,0,0,0,0,0.0,0.0,0.0
google_gemini-3-1-pro-preview,REC-neo-eme-008,1,neonate,labs,1,0,0,1,1,1.0,1.0,1.0
google_gemini-3-1-pro-preview,REC-neo-eme-008,1,neonate,procedures,1,1,0,1,2,0.5,1.0,0.6666666666666666
google_gemini-3-1-pro-preview,REC-neo-eme-008,1,neonate,temporal,0,2,3,3,2,0.0,0.0,0.0
google_gemini-3-1-pro-preview,REC-neo-eme-009,1,neonate,diagnoses,1,1,0,1,2,0.5,1.0,0.6666666666666666
google_gemini-3-1-pro-preview,REC-neo-eme-009,1,neonate,medications,1,0,0,1,1,1.0,1.0,1.0
google_gemini-3-1-pro-preview,REC-neo-eme-009,1,neonate,labs,1,0,0,1,1,1.0,1.0,1.0
google_gemini-3-1-pro-preview,REC-neo-eme-009,1,neonate,procedures,1,1,0,1,2,0.5,1.0,0.6666666666666666
google_gemini-3-1-pro-preview,REC-neo-eme-009,1,neonate,temporal,0,1,2,2,1,0.0,0.0,0.0
google_gemini-3-1-pro-preview,REC-neo-eme-010,1,neonate,diagnoses,1,0,0,1,1,1.0,1.0,1.0
google_gemini-3-1-pro-preview,REC-neo-eme-010,1,neonate,medications,1,0,0,1,1,1.0,1.0,1.0
google_gemini-3-1-pro-preview,REC-neo-eme-010,1,neonate,labs,1,0,0,1,1,1.0,1.0,1.0
google_gemini-3-1-pro-preview,REC-neo-eme-010,1,neonate,procedures,1,1,0,1,2,0.5,1.0,0.6666666666666666
google_gemini-3-1-pro-preview,REC-neo-eme-010,1,neonate,temporal,0,2,3,3,2,0.0,0.0,0.0
google_gemini-3-1-pro-preview,REC-neo-icu-001,1,neonate,diagnoses,1,0,0,1,1,1.0,1.0,1.0
google_gemini-3-1-pro-preview,REC-neo-icu-001,1,neonate,medications,1,0,0,1,1,1.0,1.0,1.0
google_gemini-3-1-pro-preview,REC-neo-icu-001,1,neonate,labs,1,0,0,1,1,1.0,1.0,1.0
google_gemini-3-1-pro-preview,REC-neo-icu-001,1,neonate,procedures,1,1,0,1,2,0.5,1.0,0.6666666666666666
google_gemini-3-1-pro-preview,REC-neo-icu-001,1,neonate,temporal,0,1,4,4,1,0.0,0.0,0.0
google_gemini-3-1-pro-preview,REC-neo-icu-002,1,neonate,diagnoses,3,1,0,3,4,0.75,1.0,0.8571428571428571
google_gemini-3-1-pro-preview,REC-neo-icu-002,1,neonate,medications,1,0,0,1,1,1.0,1.0,1.0
google_gemini-3-1-pro-preview,REC-neo-icu-002,1,neonate,labs,1,0,0,1,1,1.0,1.0,1.0
google_gemini-3-1-pro-preview,REC-neo-icu-002,1,neonate,procedures,1,0,0,1,1,1.0,1.0,1.0
google_gemini-3-1-pro-preview,REC-neo-icu-002,1,neonate,temporal,0,1,2,2,1,0.0,0.0,0.0
google_gemini-3-1-pro-preview,REC-neo-icu-003,1,neonate,diagnoses,2,0,0,2,2,1.0,1.0,1.0
google_gemini-3-1-pro-preview,REC-neo-icu-003,1,neonate,medications,1,0,0,1,1,1.0,1.0,1.0
google_gemini-3-1-pro-preview,REC-neo-icu-003,1,neonate,labs,1,0,0,1,1,1.0,1.0,1.0
google_gemini-3-1-pro-preview,REC-neo-icu-003,1,neonate,procedures,1,0,0,1,1,1.0,1.0,1.0
google_gemini-3-1-pro-preview,REC-neo-icu-003,1,neonate,temporal,0,1,2,2,1,0.0,0.0,0.0
google_gemini-3-1-pro-preview,REC-neo-icu-004,1,neonate,diagnoses,2,1,0,2,3,0.6666666666666666,1.0,0.8
google_gemini-3-1-pro-preview,REC-neo-icu-004,1,neonate,medications,1,0,0,1,1,1.0,1.0,1.0
google_gemini-3-1-pro-preview,REC-neo-icu-004,1,neonate,labs,1,0,0,1,1,1.0,1.0,1.0
google_gemini-3-1-pro-preview,REC-neo-icu-004,1,neonate,procedures,1,1,0,1,2,0.5,1.0,0.6666666666666666
google_gemini-3-1-pro-preview,REC-neo-icu-004,1,neonate,temporal,0,3,2,2,3,0.0,0.0,0.0
google_gemini-3-1-pro-preview,REC-neo-icu-005,1,neonate,diagnoses,1,0,0,1,1,1.0,1.0,1.0
google_gemini-3-1-pro-preview,REC-neo-icu-005,1,neonate,medications,1,0,0,1,1,1.0,1.0,1.0
google_gemini-3-1-pro-preview,REC-neo-icu-005,1,neonate,labs,1,0,0,1,1,1.0,1.0,1.0
google_gemini-3-1-pro-preview,REC-neo-icu-005,1,neonate,procedures,1,1,0,1,2,0.5,1.0,0.6666666666666666
google_gemini-3-1-pro-preview,REC-neo-icu-005,1,neonate,temporal,0,2,2,2,2,0.0,0.0,0.0
google_gemini-3-1-pro-preview,REC-neo-icu-006,1,neonate,diagnoses,1,1,0,1,2,0.5,1.0,0.6666666666666666
google_gemini-3-1-pro-preview,REC-neo-icu-006,1,neonate,medications,1,0,0,1,1,1.0,1.0,1.0
google_gemini-3-1-pro-preview,REC-neo-icu-006,1,neonate,labs,1,0,0,1,1,1.0,1.0,1.0
google_gemini-3-1-pro-preview,REC-neo-icu-006,1,neonate,procedures,1,1,0,1,2,0.5,1.0,0.6666666666666666
google_gemini-3-1-pro-preview,REC-neo-icu-006,1,neonate,temporal,0,1,2,2,1,0.0,0.0,0.0
google_gemini-3-1-pro-preview,REC-neo-icu-007,1,neonate,diagnoses,2,0,0,2,2,1.0,1.0,1.0
google_gemini-3-1-pro-preview,REC-neo-icu-007,1,neonate,medications,1,0,0,1,1,1.0,1.0,1.0
google_gemini-3-1-pro-preview,REC-neo-icu-007,1,neonate,labs,1,0,0,1,1,1.0,1.0,1.0
google_gemini-3-1-pro-preview,REC-neo-icu-007,1,neonate,procedures,1,0,0,1,1,1.0,1.0,1.0
google_gemini-3-1-pro-preview,REC-neo-icu-007,1,neonate,temporal,0,2,1,1,2,0.0,0.0,0.0
google_gemini-3-1-pro-preview,REC-neo-icu-008,1,neonate,diagnoses,2,1,0,2,3,0.6666666666666666,1.0,0.8
google_gemini-3-1-pro-preview,REC-neo-icu-008,1,neonate,medications,1,0,0,1,1,1.0,1.0,1.0
google_gemini-3-1-pro-preview,REC-neo-icu-008,1,neonate,labs,1,0,0,1,1,1.0,1.0,1.0
google_gemini-3-1-pro-preview,REC-neo-icu-008,1,neonate,procedures,1,1,0,1,2,0.5,1.0,0.6666666666666666
google_gemini-3-1-pro-preview,REC-neo-icu-008,1,neonate,temporal,0,2,3,3,2,0.0,0.0,0.0
google_gemini-3-1-pro-preview,REC-neo-icu-009,1,neonate,diagnoses,1,0,0,1,1,1.0,1.0,1.0
google_gemini-3-1-pro-preview,REC-neo-icu-009,1,neonate,medications,1,0,0,1,1,1.0,1.0,1.0
google_gemini-3-1-pro-preview,REC-neo-icu-009,1,neonate,labs,1,0,0,1,1,1.0,1.0,1.0
google_gemini-3-1-pro-preview,REC-neo-icu-009,1,neonate,procedures,1,0,0,1,1,1.0,1.0,1.0
google_gemini-3-1-pro-preview,REC-neo-icu-009,1,neonate,temporal,0,1,2,2,1,0.0,0.0,0.0
google_gemini-3-1-pro-preview,REC-neo-icu-010,1,neonate,diagnoses,3,1,0,3,4,0.75,1.0,0.8571428571428571
google_gemini-3-1-pro-preview,REC-neo-icu-010,1,neonate,medications,1,0,0,1,1,1.0,1.0,1.0
google_gemini-3-1-pro-preview,REC-neo-icu-010,1,neonate,labs,1,0,0,1,1,1.0,1.0,1.0
google_gemini-3-1-pro-preview,REC-neo-icu-010,1,neonate,procedures,1,0,0,1,1,1.0,1.0,1.0
google_gemini-3-1-pro-preview,REC-neo-icu-010,1,neonate,temporal,0,1,2,2,1,0.0,0.0,0.0
google_gemini-3-1-pro-preview,REC-neo-inp-001,1,neonate,diagnoses,2,0,0,2,2,1.0,1.0,1.0
google_gemini-3-1-pro-preview,REC-neo-inp-001,1,neonate,medications,1,0,0,1,1,1.0,1.0,1.0
google_gemini-3-1-pro-preview,REC-neo-inp-001,1,neonate,labs,1,0,0,1,1,1.0,1.0,1.0
google_gemini-3-1-pro-preview,REC-neo-inp-001,1,neonate,procedures,1,1,0,1,2,0.5,1.0,0.6666666666666666
google_gemini-3-1-pro-preview,REC-neo-inp-001,1,neonate,temporal,0,1,2,2,1,0.0,0.0,0.0
google_gemini-3-1-pro-preview,REC-neo-inp-002,1,neonate,diagnoses,3,0,0,3,3,1.0,1.0,1.0
google_gemini-3-1-pro-preview,REC-neo-inp-002,1,neonate,medications,0,0,0,0,0,0.0,0.0,0.0
google_gemini-3-1-pro-preview,REC-neo-inp-002,1,neonate,labs,1,0,0,1,1,1.0,1.0,1.0
google_gemini-3-1-pro-preview,REC-neo-inp-002,1,neonate,procedures,1,0,0,1,1,1.0,1.0,1.0
google_gemini-3-1-pro-preview,REC-neo-inp-002,1,neonate,temporal,0,2,2,2,2,0.0,0.0,0.0
google_gemini-3-1-pro-preview,REC-neo-inp-003,1,neonate,diagnoses,2,1,0,2,3,0.6666666666666666,1.0,0.8
google_gemini-3-1-pro-preview,REC-neo-inp-003,1,neonate,medications,1,0,0,1,1,1.0,1.0,1.0
google_gemini-3-1-pro-preview,REC-neo-inp-003,1,neonate,labs,1,0,0,1,1,1.0,1.0,1.0
google_gemini-3-1-pro-preview,REC-neo-inp-003,1,neonate,procedures,1,1,0,1,2,0.5,1.0,0.6666666666666666
google_gemini-3-1-pro-preview,REC-neo-inp-003,1,neonate,temporal,0,1,2,2,1,0.0,0.0,0.0
google_gemini-3-1-pro-preview,REC-neo-inp-004,1,neonate,diagnoses,2,0,0,2,2,1.0,1.0,1.0
google_gemini-3-1-pro-preview,REC-neo-inp-004,1,neonate,medications,1,0,0,1,1,1.0,1.0,1.0
google_gemini-3-1-pro-preview,REC-neo-inp-004,1,neonate,labs,1,0,0,1,1,1.0,1.0,1.0
google_gemini-3-1-pro-preview,REC-neo-inp-004,1,neonate,procedures,1,0,0,1,1,1.0,1.0,1.0
google_gemini-3-1-pro-preview,REC-neo-inp-004,1,neonate,temporal,0,1,3,3,1,0.0,0.0,0.0
google_gemini-3-1-pro-preview,REC-neo-inp-005,1,neonate,diagnoses,2,0,0,2,2,1.0,1.0,1.0
google_gemini-3-1-pro-preview,REC-neo-inp-005,1,neonate,medications,0,0,0,0,0,0.0,0.0,0.0
google_gemini-3-1-pro-preview,REC-neo-inp-005,1,neonate,labs,1,0,0,1,1,1.0,1.0,1.0
google_gemini-3-1-pro-preview,REC-neo-inp-005,1,neonate,procedures,1,0,0,1,1,1.0,1.0,1.0
google_gemini-3-1-pro-preview,REC-neo-inp-005,1,neonate,temporal,0,2,2,2,2,0.0,0.0,0.0
google_gemini-3-1-pro-preview,REC-neo-inp-006,1,neonate,diagnoses,1,1,0,1,2,0.5,1.0,0.6666666666666666
google_gemini-3-1-pro-preview,REC-neo-inp-006,1,neonate,medications,1,0,0,1,1,1.0,1.0,1.0
google_gemini-3-1-pro-preview,REC-neo-inp-006,1,neonate,labs,1,0,0,1,1,1.0,1.0,1.0
google_gemini-3-1-pro-preview,REC-neo-inp-006,1,neonate,procedures,1,0,0,1,1,1.0,1.0,1.0
google_gemini-3-1-pro-preview,REC-neo-inp-006,1,neonate,temporal,0,1,2,2,1,0.0,0.0,0.0
google_gemini-3-1-pro-preview,REC-neo-inp-007,1,neonate,diagnoses,1,0,0,1,1,1.0,1.0,1.0
google_gemini-3-1-pro-preview,REC-neo-inp-007,1,neonate,medications,1,0,0,1,1,1.0,1.0,1.0
google_gemini-3-1-pro-preview,REC-neo-inp-007,1,neonate,labs,1,0,0,1,1,1.0,1.0,1.0
google_gemini-3-1-pro-preview,REC-neo-inp-007,1,neonate,procedures,1,1,0,1,2,0.5,1.0,0.6666666666666666
google_gemini-3-1-pro-preview,REC-neo-inp-007,1,neonate,temporal,0,2,4,4,2,0.0,0.0,0.0
google_gemini-3-1-pro-preview,REC-neo-inp-008,1,neonate,diagnoses,2,0,0,2,2,1.0,1.0,1.0
google_gemini-3-1-pro-preview,REC-neo-inp-008,1,neonate,medications,0,0,0,0,0,0.0,0.0,0.0
google_gemini-3-1-pro-preview,REC-neo-inp-008,1,neonate,labs,1,0,0,1,1,1.0,1.0,1.0
google_gemini-3-1-pro-preview,REC-neo-inp-008,1,neonate,procedures,1,1,0,1,2,0.5,1.0,0.6666666666666666
google_gemini-3-1-pro-preview,REC-neo-inp-008,1,neonate,temporal,0,2,3,3,2,0.0,0.0,0.0
google_gemini-3-1-pro-preview,REC-neo-inp-009,1,neonate,diagnoses,1,1,0,1,2,0.5,1.0,0.6666666666666666
google_gemini-3-1-pro-preview,REC-neo-inp-009,1,neonate,medications,1,0,0,1,1,1.0,1.0,1.0
google_gemini-3-1-pro-preview,REC-neo-inp-009,1,neonate,labs,1,0,0,1,1,1.0,1.0,1.0
google_gemini-3-1-pro-preview,REC-neo-inp-009,1,neonate,procedures,1,0,0,1,1,1.0,1.0,1.0
google_gemini-3-1-pro-preview,REC-neo-inp-009,1,neonate,temporal,0,1,2,2,1,0.0,0.0,0.0
google_gemini-3-1-pro-preview,REC-neo-inp-010,1,neonate,diagnoses,1,0,0,1,1,1.0,1.0,1.0
google_gemini-3-1-pro-preview,REC-neo-inp-010,1,neonate,medications,1,0,0,1,1,1.0,1.0,1.0
google_gemini-3-1-pro-preview,REC-neo-inp-010,1,neonate,labs,1,0,0,1,1,1.0,1.0,1.0
google_gemini-3-1-pro-preview,REC-neo-inp-010,1,neonate,procedures,1,0,0,1,1,1.0,1.0,1.0
google_gemini-3-1-pro-preview,REC-neo-inp-010,1,neonate,temporal,0,1,2,2,1,0.0,0.0,0.0
google_gemini-3-1-pro-preview,REC-neo-out-001,1,neonate,diagnoses,1,0,0,1,1,1.0,1.0,1.0
google_gemini-3-1-pro-preview,REC-neo-out-001,1,neonate,medications,0,0,0,0,0,0.0,0.0,0.0
google_gemini-3-1-pro-preview,REC-neo-out-001,1,neonate,labs,1,0,0,1,1,1.0,1.0,1.0
google_gemini-3-1-pro-preview,REC-neo-out-001,1,neonate,procedures,1,1,0,1,2,0.5,1.0,0.6666666666666666
google_gemini-3-1-pro-preview,REC-neo-out-001,1,neonate,temporal,0,2,2,2,2,0.0,0.0,0.0
google_gemini-3-1-pro-preview,REC-neo-out-002,1,neonate,diagnoses,3,0,0,3,3,1.0,1.0,1.0
google_gemini-3-1-pro-preview,REC-neo-out-002,1,neonate,medications,0,0,0,0,0,0.0,0.0,0.0
google_gemini-3-1-pro-preview,REC-neo-out-002,1,neonate,labs,1,0,0,1,1,1.0,1.0,1.0
google_gemini-3-1-pro-preview,REC-neo-out-002,1,neonate,procedures,1,1,0,1,2,0.5,1.0,0.6666666666666666
google_gemini-3-1-pro-preview,REC-neo-out-002,1,neonate,temporal,0,2,2,2,2,0.0,0.0,0.0
google_gemini-3-1-pro-preview,REC-neo-out-003,1,neonate,diagnoses,2,0,0,2,2,1.0,1.0,1.0
google_gemini-3-1-pro-preview,REC-neo-out-003,1,neonate,medications,0,0,0,0,0,0.0,0.0,0.0
google_gemini-3-1-pro-preview,REC-neo-out-003,1,neonate,labs,1,0,0,1,1,1.0,1.0,1.0
google_gemini-3-1-pro-preview,REC-neo-out-003,1,neonate,procedures,1,0,0,1,1,1.0,1.0,1.0
google_gemini-3-1-pro-preview,REC-neo-out-003,1,neonate,temporal,0,1,1,1,1,0.0,0.0,0.0
google_gemini-3-1-pro-preview,REC-neo-out-004,1,neonate,diagnoses,2,0,0,2,2,1.0,1.0,1.0
google_gemini-3-1-pro-preview,REC-neo-out-004,1,neonate,medications,0,0,0,0,0,0.0,0.0,0.0
google_gemini-3-1-pro-preview,REC-neo-out-004,1,neonate,labs,1,0,0,1,1,1.0,1.0,1.0
google_gemini-3-1-pro-preview,REC-neo-out-004,1,neonate,procedures,1,1,0,1,2,0.5,1.0,0.6666666666666666
google_gemini-3-1-pro-preview,REC-neo-out-004,1,neonate,temporal,0,2,3,3,2,0.0,0.0,0.0
google_gemini-3-1-pro-preview,REC-neo-out-005,1,neonate,diagnoses,1,0,0,1,1,1.0,1.0,1.0
google_gemini-3-1-pro-preview,REC-neo-out-005,1,neonate,medications,0,0,0,0,0,0.0,0.0,0.0
google_gemini-3-1-pro-preview,REC-neo-out-005,1,neonate,labs,1,0,0,1,1,1.0,1.0,1.0
google_gemini-3-1-pro-preview,REC-neo-out-005,1,neonate,procedures,1,0,0,1,1,1.0,1.0,1.0
google_gemini-3-1-pro-preview,REC-neo-out-005,1,neonate,temporal,0,2,2,2,2,0.0,0.0,0.0
google_gemini-3-1-pro-preview,REC-neo-out-006,1,neonate,diagnoses,2,0,0,2,2,1.0,1.0,1.0
google_gemini-3-1-pro-preview,REC-neo-out-006,1,neonate,medications,0,0,0,0,0,0.0,0.0,0.0
google_gemini-3-1-pro-preview,REC-neo-out-006,1,neonate,labs,1,0,0,1,1,1.0,1.0,1.0
google_gemini-3-1-pro-preview,REC-neo-out-006,1,neonate,procedures,1,1,0,1,2,0.5,1.0,0.6666666666666666
google_gemini-3-1-pro-preview,REC-neo-out-006,1,neonate,temporal,0,2,2,2,2,0.0,0.0,0.0
google_gemini-3-1-pro-preview,REC-neo-out-007,1,neonate,diagnoses,3,0,0,3,3,1.0,1.0,1.0
google_gemini-3-1-pro-preview,REC-neo-out-007,1,neonate,medications,0,0,0,0,0,0.0,0.0,0.0
google_gemini-3-1-pro-preview,REC-neo-out-007,1,neonate,labs,1,0,0,1,1,1.0,1.0,1.0
google_gemini-3-1-pro-preview,REC-neo-out-007,1,neonate,procedures,1,1,0,1,2,0.5,1.0,0.6666666666666666
google_gemini-3-1-pro-preview,REC-neo-out-007,1,neonate,temporal,0,1,2,2,1,0.0,0.0,0.0
google_gemini-3-1-pro-preview,REC-neo-out-008,1,neonate,diagnoses,2,0,0,2,2,1.0,1.0,1.0
google_gemini-3-1-pro-preview,REC-neo-out-008,1,neonate,medications,0,0,0,0,0,0.0,0.0,0.0
google_gemini-3-1-pro-preview,REC-neo-out-008,1,neonate,labs,1,0,0,1,1,1.0,1.0,1.0
google_gemini-3-1-pro-preview,REC-neo-out-008,1,neonate,procedures,1,1,0,1,2,0.5,1.0,0.6666666666666666
google_gemini-3-1-pro-preview,REC-neo-out-008,1,neonate,temporal,0,4,3,3,4,0.0,0.0,0.0
google_gemini-3-1-pro-preview,REC-neo-out-009,1,neonate,diagnoses,2,0,0,2,2,1.0,1.0,1.0
google_gemini-3-1-pro-preview,REC-neo-out-009,1,neonate,medications,0,0,0,0,0,0.0,0.0,0.0
google_gemini-3-1-pro-preview,REC-neo-out-009,1,neonate,labs,1,0,0,1,1,1.0,1.0,1.0
google_gemini-3-1-pro-preview,REC-neo-out-009,1,neonate,procedures,1,2,0,1,3,0.3333333333333333,1.0,0.5
google_gemini-3-1-pro-preview,REC-neo-out-009,1,neonate,temporal,0,2,3,3,2,0.0,0.0,0.0
google_gemini-3-1-pro-preview,REC-neo-out-010,1,neonate,diagnoses,2,0,0,2,2,1.0,1.0,1.0
google_gemini-3-1-pro-preview,REC-neo-out-010,1,neonate,medications,0,0,0,0,0,0.0,0.0,0.0
google_gemini-3-1-pro-preview,REC-neo-out-010,1,neonate,labs,1,0,0,1,1,1.0,1.0,1.0
google_gemini-3-1-pro-preview,REC-neo-out-010,1,neonate,procedures,1,1,0,1,2,0.5,1.0,0.6666666666666666
google_gemini-3-1-pro-preview,REC-neo-out-010,1,neonate,temporal,0,3,3,3,3,0.0,0.0,0.0
google_gemini-3-1-pro-preview,REC-ado-eme-001,2,adolescent,diagnoses,2,0,0,2,2,1.0,1.0,1.0
google_gemini-3-1-pro-preview,REC-ado-eme-001,2,adolescent,medications,1,0,0,1,1,1.0,1.0,1.0
google_gemini-3-1-pro-preview,REC-ado-eme-001,2,adolescent,labs,1,0,0,1,1,1.0,1.0,1.0
google_gemini-3-1-pro-preview,REC-ado-eme-001,2,adolescent,procedures,1,0,0,1,1,1.0,1.0,1.0
google_gemini-3-1-pro-preview,REC-ado-eme-001,2,adolescent,temporal,0,2,0,0,2,0.0,0.0,0.0
google_gemini-3-1-pro-preview,REC-ado-eme-002,2,adolescent,diagnoses,2,1,0,2,3,0.6666666666666666,1.0,0.8
google_gemini-3-1-pro-preview,REC-ado-eme-002,2,adolescent,medications,1,0,0,1,1,1.0,1.0,1.0
google_gemini-3-1-pro-preview,REC-ado-eme-002,2,adolescent,labs,0,0,0,0,0,0.0,0.0,0.0
google_gemini-3-1-pro-preview,REC-ado-eme-002,2,adolescent,procedures,1,1,0,1,2,0.5,1.0,0.6666666666666666
google_gemini-3-1-pro-preview,REC-ado-eme-002,2,adolescent,temporal,0,3,2,2,3,0.0,0.0,0.0
google_gemini-3-1-pro-preview,REC-ado-eme-003,2,adolescent,diagnoses,1,1,0,1,2,0.5,1.0,0.6666666666666666
google_gemini-3-1-pro-preview,REC-ado-eme-003,2,adolescent,medications,1,0,0,1,1,1.0,1.0,1.0
google_gemini-3-1-pro-preview,REC-ado-eme-003,2,adolescent,labs,0,0,0,0,0,0.0,0.0,0.0
google_gemini-3-1-pro-preview,REC-ado-eme-003,2,adolescent,procedures,1,1,0,1,2,0.5,1.0,0.6666666666666666
google_gemini-3-1-pro-preview,REC-ado-eme-003,2,adolescent,temporal,0,2,2,2,2,0.0,0.0,0.0
google_gemini-3-1-pro-preview,REC-ado-eme-004,2,adolescent,diagnoses,2,1,0,2,3,0.6666666666666666,1.0,0.8
google_gemini-3-1-pro-preview,REC-ado-eme-004,2,adolescent,medications,1,0,0,1,1,1.0,1.0,1.0
google_gemini-3-1-pro-preview,REC-ado-eme-004,2,adolescent,labs,1,0,0,1,1,1.0,1.0,1.0
google_gemini-3-1-pro-preview,REC-ado-eme-004,2,adolescent,procedures,1,1,0,1,2,0.5,1.0,0.6666666666666666
google_gemini-3-1-pro-preview,REC-ado-eme-004,2,adolescent,temporal,0,2,2,2,2,0.0,0.0,0.0
google_gemini-3-1-pro-preview,REC-ado-eme-005,2,adolescent,diagnoses,2,0,0,2,2,1.0,1.0,1.0
google_gemini-3-1-pro-preview,REC-ado-eme-005,2,adolescent,medications,1,0,0,1,1,1.0,1.0,1.0
google_gemini-3-1-pro-preview,REC-ado-eme-005,2,adolescent,labs,0,0,0,0,0,0.0,0.0,0.0
google_gemini-3-1-pro-preview,REC-ado-eme-005,2,adolescent,procedures,1,0,0,1,1,1.0,1.0,1.0
google_gemini-3-1-pro-preview,REC-ado-eme-005,2,adolescent,temporal,0,1,1,1,1,0.0,0.0,0.0
google_gemini-3-1-pro-preview,REC-ado-eme-006,2,adolescent,diagnoses,2,1,0,2,3,0.6666666666666666,1.0,0.8
google_gemini-3-1-pro-preview,REC-ado-eme-006,2,adolescent,medications,1,0,0,1,1,1.0,1.0,1.0
google_gemini-3-1-pro-preview,REC-ado-eme-006,2,adolescent,labs,0,0,0,0,0,0.0,0.0,0.0
google_gemini-3-1-pro-preview,REC-ado-eme-006,2,adolescent,procedures,1,0,0,1,1,1.0,1.0,1.0
google_gemini-3-1-pro-preview,REC-ado-eme-006,2,adolescent,temporal,0,2,2,2,2,0.0,0.0,0.0
google_gemini-3-1-pro-preview,REC-ado-eme-007,2,adolescent,diagnoses,3,0,0,3,3,1.0,1.0,1.0
google_gemini-3-1-pro-preview,REC-ado-eme-007,2,adolescent,medications,1,0,0,1,1,1.0,1.0,1.0
google_gemini-3-1-pro-preview,REC-ado-eme-007,2,adolescent,labs,1,0,0,1,1,1.0,1.0,1.0
google_gemini-3-1-pro-preview,REC-ado-eme-007,2,adolescent,procedures,1,0,0,1,1,1.0,1.0,1.0
google_gemini-3-1-pro-preview,REC-ado-eme-007,2,adolescent,temporal,0,1,1,1,1,0.0,0.0,0.0
google_gemini-3-1-pro-preview,REC-ado-eme-008,2,adolescent,diagnoses,2,0,0,2,2,1.0,1.0,1.0
google_gemini-3-1-pro-preview,REC-ado-eme-008,2,adolescent,medications,1,0,0,1,1,1.0,1.0,1.0
google_gemini-3-1-pro-preview,REC-ado-eme-008,2,adolescent,labs,0,1,0,0,1,0.0,0.0,0.0
google_gemini-3-1-pro-preview,REC-ado-eme-008,2,adolescent,procedures,1,1,0,1,2,0.5,1.0,0.6666666666666666
google_gemini-3-1-pro-preview,REC-ado-eme-008,2,adolescent,temporal,0,2,2,2,2,0.0,0.0,0.0
google_gemini-3-1-pro-preview,REC-ado-eme-009,2,adolescent,diagnoses,2,0,0,2,2,1.0,1.0,1.0
google_gemini-3-1-pro-preview,REC-ado-eme-009,2,adolescent,medications,1,0,0,1,1,1.0,1.0,1.0
google_gemini-3-1-pro-preview,REC-ado-eme-009,2,adolescent,labs,0,1,0,0,1,0.0,0.0,0.0
google_gemini-3-1-pro-preview,REC-ado-eme-009,2,adolescent,procedures,1,0,0,1,1,1.0,1.0,1.0
google_gemini-3-1-pro-preview,REC-ado-eme-009,2,adolescent,temporal,0,2,2,2,2,0.0,0.0,0.0
google_gemini-3-1-pro-preview,REC-ado-eme-010,2,adolescent,diagnoses,1,1,0,1,2,0.5,1.0,0.6666666666666666
google_gemini-3-1-pro-preview,REC-ado-eme-010,2,adolescent,medications,1,0,0,1,1,1.0,1.0,1.0
google_gemini-3-1-pro-preview,REC-ado-eme-010,2,adolescent,labs,1,0,0,1,1,1.0,1.0,1.0
google_gemini-3-1-pro-preview,REC-ado-eme-010,2,adolescent,procedures,1,1,0,1,2,0.5,1.0,0.6666666666666666
google_gemini-3-1-pro-preview,REC-ado-eme-010,2,adolescent,temporal,0,3,3,3,3,0.0,0.0,0.0
google_gemini-3-1-pro-preview,REC-ado-icu-001,2,adolescent,diagnoses,1,0,0,1,1,1.0,1.0,1.0
google_gemini-3-1-pro-preview,REC-ado-icu-001,2,adolescent,medications,1,0,0,1,1,1.0,1.0,1.0
google_gemini-3-1-pro-preview,REC-ado-icu-001,2,adolescent,labs,1,0,0,1,1,1.0,1.0,1.0
google_gemini-3-1-pro-preview,REC-ado-icu-001,2,adolescent,procedures,1,1,0,1,2,0.5,1.0,0.6666666666666666
google_gemini-3-1-pro-preview,REC-ado-icu-001,2,adolescent,temporal,0,1,1,1,1,0.0,0.0,0.0
google_gemini-3-1-pro-preview,REC-ado-icu-002,2,adolescent,diagnoses,2,0,0,2,2,1.0,1.0,1.0
google_gemini-3-1-pro-preview,REC-ado-icu-002,2,adolescent,medications,1,0,0,1,1,1.0,1.0,1.0
google_gemini-3-1-pro-preview,REC-ado-icu-002,2,adolescent,labs,1,0,0,1,1,1.0,1.0,1.0
google_gemini-3-1-pro-preview,REC-ado-icu-002,2,adolescent,procedures,1,1,0,1,2,0.5,1.0,0.6666666666666666
google_gemini-3-1-pro-preview,REC-ado-icu-002,2,adolescent,temporal,0,1,1,1,1,0.0,0.0,0.0
google_gemini-3-1-pro-preview,REC-ado-icu-003,2,adolescent,diagnoses,2,1,0,2,3,0.6666666666666666,1.0,0.8
google_gemini-3-1-pro-preview,REC-ado-icu-003,2,adolescent,medications,1,0,0,1,1,1.0,1.0,1.0
google_gemini-3-1-pro-preview,REC-ado-icu-003,2,adolescent,labs,1,0,0,1,1,1.0,1.0,1.0
google_gemini-3-1-pro-preview,REC-ado-icu-003,2,adolescent,procedures,1,1,0,1,2,0.5,1.0,0.6666666666666666
google_gemini-3-1-pro-preview,REC-ado-icu-003,2,adolescent,temporal,0,2,2,2,2,0.0,0.0,0.0
google_gemini-3-1-pro-preview,REC-ado-icu-004,2,adolescent,diagnoses,2,0,0,2,2,1.0,1.0,1.0
google_gemini-3-1-pro-preview,REC-ado-icu-004,2,adolescent,medications,1,0,0,1,1,1.0,1.0,1.0
google_gemini-3-1-pro-preview,REC-ado-icu-004,2,adolescent,labs,1,0,0,1,1,1.0,1.0,1.0
google_gemini-3-1-pro-preview,REC-ado-icu-004,2,adolescent,procedures,1,1,0,1,2,0.5,1.0,0.6666666666666666
google_gemini-3-1-pro-preview,REC-ado-icu-004,2,adolescent,temporal,0,2,2,2,2,0.0,0.0,0.0
google_gemini-3-1-pro-preview,REC-ado-icu-005,2,adolescent,diagnoses,2,1,0,2,3,0.6666666666666666,1.0,0.8
google_gemini-3-1-pro-preview,REC-ado-icu-005,2,adolescent,medications,1,0,0,1,1,1.0,1.0,1.0
google_gemini-3-1-pro-preview,REC-ado-icu-005,2,adolescent,labs,1,0,0,1,1,1.0,1.0,1.0
google_gemini-3-1-pro-preview,REC-ado-icu-005,2,adolescent,procedures,1,1,0,1,2,0.5,1.0,0.6666666666666666
google_gemini-3-1-pro-preview,REC-ado-icu-005,2,adolescent,temporal,0,2,2,2,2,0.0,0.0,0.0
google_gemini-3-1-pro-preview,REC-ado-icu-006,2,adolescent,diagnoses,2,1,0,2,3,0.6666666666666666,1.0,0.8
google_gemini-3-1-pro-preview,REC-ado-icu-006,2,adolescent,medications,1,0,0,1,1,1.0,1.0,1.0
google_gemini-3-1-pro-preview,REC-ado-icu-006,2,adolescent,labs,1,0,0,1,1,1.0,1.0,1.0
google_gemini-3-1-pro-preview,REC-ado-icu-006,2,adolescent,procedures,1,0,0,1,1,1.0,1.0,1.0
google_gemini-3-1-pro-preview,REC-ado-icu-006,2,adolescent,temporal,0,1,1,1,1,0.0,0.0,0.0
google_gemini-3-1-pro-preview,REC-ado-icu-007,2,adolescent,diagnoses,1,1,0,1,2,0.5,1.0,0.6666666666666666
google_gemini-3-1-pro-preview,REC-ado-icu-007,2,adolescent,medications,1,0,0,1,1,1.0,1.0,1.0
google_gemini-3-1-pro-preview,REC-ado-icu-007,2,adolescent,labs,1,0,0,1,1,1.0,1.0,1.0
google_gemini-3-1-pro-preview,REC-ado-icu-007,2,adolescent,procedures,1,1,0,1,2,0.5,1.0,0.6666666666666666
google_gemini-3-1-pro-preview,REC-ado-icu-007,2,adolescent,temporal,0,2,2,2,2,0.0,0.0,0.0
google_gemini-3-1-pro-preview,REC-ado-icu-008,2,adolescent,diagnoses,1,1,0,1,2,0.5,1.0,0.6666666666666666
google_gemini-3-1-pro-preview,REC-ado-icu-008,2,adolescent,medications,1,0,0,1,1,1.0,1.0,1.0
google_gemini-3-1-pro-preview,REC-ado-icu-008,2,adolescent,labs,1,0,0,1,1,1.0,1.0,1.0
google_gemini-3-1-pro-preview,REC-ado-icu-008,2,adolescent,procedures,1,0,0,1,1,1.0,1.0,1.0
google_gemini-3-1-pro-preview,REC-ado-icu-008,2,adolescent,temporal,0,2,2,2,2,0.0,0.0,0.0
google_gemini-3-1-pro-preview,REC-ado-icu-009,2,adolescent,diagnoses,2,0,0,2,2,1.0,1.0,1.0
google_gemini-3-1-pro-preview,REC-ado-icu-009,2,adolescent,medications,1,0,0,1,1,1.0,1.0,1.0
google_gemini-3-1-pro-preview,REC-ado-icu-009,2,adolescent,labs,1,0,0,1,1,1.0,1.0,1.0
google_gemini-3-1-pro-preview,REC-ado-icu-009,2,adolescent,procedures,1,0,0,1,1,1.0,1.0,1.0
google_gemini-3-1-pro-preview,REC-ado-icu-009,2,adolescent,temporal,0,1,1,1,1,0.0,0.0,0.0
google_gemini-3-1-pro-preview,REC-ado-icu-010,2,adolescent,diagnoses,2,0,0,2,2,1.0,1.0,1.0
google_gemini-3-1-pro-preview,REC-ado-icu-010,2,adolescent,medications,1,0,0,1,1,1.0,1.0,1.0
google_gemini-3-1-pro-preview,REC-ado-icu-010,2,adolescent,labs,1,0,0,1,1,1.0,1.0,1.0
google_gemini-3-1-pro-preview,REC-ado-icu-010,2,adolescent,procedures,1,1,0,1,2,0.5,1.0,0.6666666666666666
google_gemini-3-1-pro-preview,REC-ado-icu-010,2,adolescent,temporal,0,1,1,1,1,0.0,0.0,0.0
google_gemini-3-1-pro-preview,REC-ado-inp-001,2,adolescent,diagnoses,2,0,0,2,2,1.0,1.0,1.0
google_gemini-3-1-pro-preview,REC-ado-inp-001,2,adolescent,medications,1,0,0,1,1,1.0,1.0,1.0
google_gemini-3-1-pro-preview,REC-ado-inp-001,2,adolescent,labs,1,0,0,1,1,1.0,1.0,1.0
google_gemini-3-1-pro-preview,REC-ado-inp-001,2,adolescent,procedures,1,1,0,1,2,0.5,1.0,0.6666666666666666
google_gemini-3-1-pro-preview,REC-ado-inp-001,2,adolescent,temporal,0,2,2,2,2,0.0,0.0,0.0
google_gemini-3-1-pro-preview,REC-ado-inp-002,2,adolescent,diagnoses,2,0,0,2,2,1.0,1.0,1.0
google_gemini-3-1-pro-preview,REC-ado-inp-002,2,adolescent,medications,1,0,0,1,1,1.0,1.0,1.0
google_gemini-3-1-pro-preview,REC-ado-inp-002,2,adolescent,labs,0,1,0,0,1,0.0,0.0,0.0
google_gemini-3-1-pro-preview,REC-ado-inp-002,2,adolescent,procedures,1,1,0,1,2,0.5,1.0,0.6666666666666666
google_gemini-3-1-pro-preview,REC-ado-inp-002,2,adolescent,temporal,0,2,2,2,2,0.0,0.0,0.0
google_gemini-3-1-pro-preview,REC-ado-inp-003,2,adolescent,diagnoses,2,1,0,2,3,0.6666666666666666,1.0,0.8
google_gemini-3-1-pro-preview,REC-ado-inp-003,2,adolescent,medications,1,0,0,1,1,1.0,1.0,1.0
google_gemini-3-1-pro-preview,REC-ado-inp-003,2,adolescent,labs,0,0,0,0,0,0.0,0.0,0.0
google_gemini-3-1-pro-preview,REC-ado-inp-003,2,adolescent,procedures,1,1,0,1,2,0.5,1.0,0.6666666666666666
google_gemini-3-1-pro-preview,REC-ado-inp-003,2,adolescent,temporal,0,2,2,2,2,0.0,0.0,0.0
google_gemini-3-1-pro-preview,REC-ado-inp-004,2,adolescent,diagnoses,3,1,0,3,4,0.75,1.0,0.8571428571428571
google_gemini-3-1-pro-preview,REC-ado-inp-004,2,adolescent,medications,1,0,0,1,1,1.0,1.0,1.0
google_gemini-3-1-pro-preview,REC-ado-inp-004,2,adolescent,labs,1,0,0,1,1,1.0,1.0,1.0
google_gemini-3-1-pro-preview,REC-ado-inp-004,2,adolescent,procedures,1,0,0,1,1,1.0,1.0,1.0
google_gemini-3-1-pro-preview,REC-ado-inp-004,2,adolescent,temporal,0,1,1,1,1,0.0,0.0,0.0
google_gemini-3-1-pro-preview,REC-ado-inp-005,2,adolescent,diagnoses,2,0,0,2,2,1.0,1.0,1.0
google_gemini-3-1-pro-preview,REC-ado-inp-005,2,adolescent,medications,1,0,0,1,1,1.0,1.0,1.0
google_gemini-3-1-pro-preview,REC-ado-inp-005,2,adolescent,labs,0,0,0,0,0,0.0,0.0,0.0
google_gemini-3-1-pro-preview,REC-ado-inp-005,2,adolescent,procedures,1,1,0,1,2,0.5,1.0,0.6666666666666666
google_gemini-3-1-pro-preview,REC-ado-inp-005,2,adolescent,temporal,0,3,2,2,3,0.0,0.0,0.0
google_gemini-3-1-pro-preview,REC-ado-inp-006,2,adolescent,diagnoses,2,1,0,2,3,0.6666666666666666,1.0,0.8
google_gemini-3-1-pro-preview,REC-ado-inp-006,2,adolescent,medications,1,0,0,1,1,1.0,1.0,1.0
google_gemini-3-1-pro-preview,REC-ado-inp-006,2,adolescent,labs,0,1,0,0,1,0.0,0.0,0.0
google_gemini-3-1-pro-preview,REC-ado-inp-006,2,adolescent,procedures,1,1,0,1,2,0.5,1.0,0.6666666666666666
google_gemini-3-1-pro-preview,REC-ado-inp-006,2,adolescent,temporal,0,2,2,2,2,0.0,0.0,0.0
google_gemini-3-1-pro-preview,REC-ado-inp-007,2,adolescent,diagnoses,1,0,0,1,1,1.0,1.0,1.0
google_gemini-3-1-pro-preview,REC-ado-inp-007,2,adolescent,medications,1,0,0,1,1,1.0,1.0,1.0
google_gemini-3-1-pro-preview,REC-ado-inp-007,2,adolescent,labs,1,0,0,1,1,1.0,1.0,1.0
google_gemini-3-1-pro-preview,REC-ado-inp-007,2,adolescent,procedures,1,0,0,1,1,1.0,1.0,1.0
google_gemini-3-1-pro-preview,REC-ado-inp-007,2,adolescent,temporal,0,1,1,1,1,0.0,0.0,0.0
google_gemini-3-1-pro-preview,REC-ado-inp-008,2,adolescent,diagnoses,2,1,0,2,3,0.6666666666666666,1.0,0.8
google_gemini-3-1-pro-preview,REC-ado-inp-008,2,adolescent,medications,1,0,0,1,1,1.0,1.0,1.0
google_gemini-3-1-pro-preview,REC-ado-inp-008,2,adolescent,labs,0,0,0,0,0,0.0,0.0,0.0
google_gemini-3-1-pro-preview,REC-ado-inp-008,2,adolescent,procedures,1,0,0,1,1,1.0,1.0,1.0
google_gemini-3-1-pro-preview,REC-ado-inp-008,2,adolescent,temporal,0,1,1,1,1,0.0,0.0,0.0
google_gemini-3-1-pro-preview,REC-ado-inp-009,2,adolescent,diagnoses,2,0,0,2,2,1.0,1.0,1.0
google_gemini-3-1-pro-preview,REC-ado-inp-009,2,adolescent,medications,1,0,0,1,1,1.0,1.0,1.0
google_gemini-3-1-pro-preview,REC-ado-inp-009,2,adolescent,labs,0,0,0,0,0,0.0,0.0,0.0
google_gemini-3-1-pro-preview,REC-ado-inp-009,2,adolescent,procedures,1,0,0,1,1,1.0,1.0,1.0
google_gemini-3-1-pro-preview,REC-ado-inp-009,2,adolescent,temporal,0,3,0,0,3,0.0,0.0,0.0
google_gemini-3-1-pro-preview,REC-ado-inp-010,2,adolescent,diagnoses,1,1,0,1,2,0.5,1.0,0.6666666666666666
google_gemini-3-1-pro-preview,REC-ado-inp-010,2,adolescent,medications,1,0,0,1,1,1.0,1.0,1.0
google_gemini-3-1-pro-preview,REC-ado-inp-010,2,adolescent,labs,1,0,0,1,1,1.0,1.0,1.0
google_gemini-3-1-pro-preview,REC-ado-inp-010,2,adolescent,procedures,1,0,0,1,1,1.0,1.0,1.0
google_gemini-3-1-pro-preview,REC-ado-inp-010,2,adolescent,temporal,0,1,1,1,1,0.0,0.0,0.0
google_gemini-3-1-pro-preview,REC-ado-out-001,2,adolescent,diagnoses,3,0,0,3,3,1.0,1.0,1.0
google_gemini-3-1-pro-preview,REC-ado-out-001,2,adolescent,medications,1,0,0,1,1,1.0,1.0,1.0
google_gemini-3-1-pro-preview,REC-ado-out-001,2,adolescent,labs,0,0,0,0,0,0.0,0.0,0.0
google_gemini-3-1-pro-preview,REC-ado-out-001,2,adolescent,procedures,1,0,0,1,1,1.0,1.0,1.0
google_gemini-3-1-pro-preview,REC-ado-out-001,2,adolescent,temporal,0,0,0,0,0,0.0,0.0,0.0
google_gemini-3-1-pro-preview,REC-ado-out-002,2,adolescent,diagnoses,2,0,0,2,2,1.0,1.0,1.0
google_gemini-3-1-pro-preview,REC-ado-out-002,2,adolescent,medications,1,0,0,1,1,1.0,1.0,1.0
google_gemini-3-1-pro-preview,REC-ado-out-002,2,adolescent,labs,0,1,0,0,1,0.0,0.0,0.0
google_gemini-3-1-pro-preview,REC-ado-out-002,2,adolescent,procedures,1,0,0,1,1,1.0,1.0,1.0
google_gemini-3-1-pro-preview,REC-ado-out-002,2,adolescent,temporal,0,2,2,2,2,0.0,0.0,0.0
google_gemini-3-1-pro-preview,REC-ado-out-003,2,adolescent,diagnoses,2,0,0,2,2,1.0,1.0,1.0
google_gemini-3-1-pro-preview,REC-ado-out-003,2,adolescent,medications,1,0,0,1,1,1.0,1.0,1.0
google_gemini-3-1-pro-preview,REC-ado-out-003,2,adolescent,labs,0,0,0,0,0,0.0,0.0,0.0
google_gemini-3-1-pro-preview,REC-ado-out-003,2,adolescent,procedures,1,1,0,1,2,0.5,1.0,0.6666666666666666
google_gemini-3-1-pro-preview,REC-ado-out-003,2,adolescent,temporal,0,1,1,1,1,0.0,0.0,0.0
google_gemini-3-1-pro-preview,REC-ado-out-004,2,adolescent,diagnoses,1,0,0,1,1,1.0,1.0,1.0
google_gemini-3-1-pro-preview,REC-ado-out-004,2,adolescent,medications,1,0,0,1,1,1.0,1.0,1.0
google_gemini-3-1-pro-preview,REC-ado-out-004,2,adolescent,labs,0,1,0,0,1,0.0,0.0,0.0
google_gemini-3-1-pro-preview,REC-ado-out-004,2,adolescent,procedures,1,0,0,1,1,1.0,1.0,1.0
google_gemini-3-1-pro-preview,REC-ado-out-004,2,adolescent,temporal,0,2,1,1,2,0.0,0.0,0.0
google_gemini-3-1-pro-preview,REC-ado-out-005,2,adolescent,diagnoses,2,0,0,2,2,1.0,1.0,1.0
google_gemini-3-1-pro-preview,REC-ado-out-005,2,adolescent,medications,1,0,0,1,1,1.0,1.0,1.0
google_gemini-3-1-pro-preview,REC-ado-out-005,2,adolescent,labs,0,1,0,0,1,0.0,0.0,0.0
google_gemini-3-1-pro-preview,REC-ado-out-005,2,adolescent,procedures,1,0,0,1,1,1.0,1.0,1.0
google_gemini-3-1-pro-preview,REC-ado-out-005,2,adolescent,temporal,0,1,1,1,1,0.0,0.0,0.0
google_gemini-3-1-pro-preview,REC-ado-out-006,2,adolescent,diagnoses,1,0,0,1,1,1.0,1.0,1.0
google_gemini-3-1-pro-preview,REC-ado-out-006,2,adolescent,medications,1,0,0,1,1,1.0,1.0,1.0
google_gemini-3-1-pro-preview,REC-ado-out-006,2,adolescent,labs,0,0,0,0,0,0.0,0.0,0.0
google_gemini-3-1-pro-preview,REC-ado-out-006,2,adolescent,procedures,1,0,0,1,1,1.0,1.0,1.0
google_gemini-3-1-pro-preview,REC-ado-out-006,2,adolescent,temporal,0,1,1,1,1,0.0,0.0,0.0
google_gemini-3-1-pro-preview,REC-ado-out-007,2,adolescent,diagnoses,2,0,0,2,2,1.0,1.0,1.0
google_gemini-3-1-pro-preview,REC-ado-out-007,2,adolescent,medications,1,0,0,1,1,1.0,1.0,1.0
google_gemini-3-1-pro-preview,REC-ado-out-007,2,adolescent,labs,0,1,0,0,1,0.0,0.0,0.0
google_gemini-3-1-pro-preview,REC-ado-out-007,2,adolescent,procedures,1,1,0,1,2,0.5,1.0,0.6666666666666666
google_gemini-3-1-pro-preview,REC-ado-out-007,2,adolescent,temporal,0,3,2,2,3,0.0,0.0,0.0
google_gemini-3-1-pro-preview,REC-ado-out-008,2,adolescent,diagnoses,1,0,0,1,1,1.0,1.0,1.0
google_gemini-3-1-pro-preview,REC-ado-out-008,2,adolescent,medications,1,0,0,1,1,1.0,1.0,1.0
google_gemini-3-1-pro-preview,REC-ado-out-008,2,adolescent,labs,0,0,0,0,0,0.0,0.0,0.0
google_gemini-3-1-pro-preview,REC-ado-out-008,2,adolescent,procedures,1,0,0,1,1,1.0,1.0,1.0
google_gemini-3-1-pro-preview,REC-ado-out-008,2,adolescent,temporal,0,1,1,1,1,0.0,0.0,0.0
google_gemini-3-1-pro-preview,REC-ado-out-009,2,adolescent,diagnoses,2,1,0,2,3,0.6666666666666666,1.0,0.8
google_gemini-3-1-pro-preview,REC-ado-out-009,2,adolescent,medications,1,0,0,1,1,1.0,1.0,1.0
google_gemini-3-1-pro-preview,REC-ado-out-009,2,adolescent,labs,0,0,0,0,0,0.0,0.0,0.0
google_gemini-3-1-pro-preview,REC-ado-out-009,2,adolescent,procedures,1,1,0,1,2,0.5,1.0,0.6666666666666666
google_gemini-3-1-pro-preview,REC-ado-out-009,2,adolescent,temporal,0,2,2,2,2,0.0,0.0,0.0
google_gemini-3-1-pro-preview,REC-ado-out-010,2,adolescent,diagnoses,2,0,0,2,2,1.0,1.0,1.0
google_gemini-3-1-pro-preview,REC-ado-out-010,2,adolescent,medications,1,0,0,1,1,1.0,1.0,1.0
google_gemini-3-1-pro-preview,REC-ado-out-010,2,adolescent,labs,0,0,0,0,0,0.0,0.0,0.0
google_gemini-3-1-pro-preview,REC-ado-out-010,2,adolescent,procedures,1,0,0,1,1,1.0,1.0,1.0
google_gemini-3-1-pro-preview,REC-ado-out-010,2,adolescent,temporal,0,1,1,1,1,0.0,0.0,0.0
google_gemini-3-1-pro-preview,REC-chi-eme-001,2,child,diagnoses,2,0,0,2,2,1.0,1.0,1.0
google_gemini-3-1-pro-preview,REC-chi-eme-001,2,child,medications,1,0,0,1,1,1.0,1.0,1.0
google_gemini-3-1-pro-preview,REC-chi-eme-001,2,child,labs,0,1,0,0,1,0.0,0.0,0.0
google_gemini-3-1-pro-preview,REC-chi-eme-001,2,child,procedures,1,0,0,1,1,1.0,1.0,1.0
google_gemini-3-1-pro-preview,REC-chi-eme-001,2,child,temporal,0,1,2,2,1,0.0,0.0,0.0
google_gemini-3-1-pro-preview,REC-chi-eme-002,2,child,diagnoses,2,0,0,2,2,1.0,1.0,1.0
google_gemini-3-1-pro-preview,REC-chi-eme-002,2,child,medications,1,0,0,1,1,1.0,1.0,1.0
google_gemini-3-1-pro-preview,REC-chi-eme-002,2,child,labs,1,0,0,1,1,1.0,1.0,1.0
google_gemini-3-1-pro-preview,REC-chi-eme-002,2,child,procedures,1,0,0,1,1,1.0,1.0,1.0
google_gemini-3-1-pro-preview,REC-chi-eme-002,2,child,temporal,0,3,0,0,3,0.0,0.0,0.0
google_gemini-3-1-pro-preview,REC-chi-eme-003,2,child,diagnoses,1,0,0,1,1,1.0,1.0,1.0
google_gemini-3-1-pro-preview,REC-chi-eme-003,2,child,medications,1,0,0,1,1,1.0,1.0,1.0
google_gemini-3-1-pro-preview,REC-chi-eme-003,2,child,labs,1,0,0,1,1,1.0,1.0,1.0
google_gemini-3-1-pro-preview,REC-chi-eme-003,2,child,procedures,1,0,0,1,1,1.0,1.0,1.0
google_gemini-3-1-pro-preview,REC-chi-eme-003,2,child,temporal,0,3,1,1,3,0.0,0.0,0.0
google_gemini-3-1-pro-preview,REC-chi-eme-004,2,child,diagnoses,2,1,0,2,3,0.6666666666666666,1.0,0.8
google_gemini-3-1-pro-preview,REC-chi-eme-004,2,child,medications,1,0,0,1,1,1.0,1.0,1.0
google_gemini-3-1-pro-preview,REC-chi-eme-004,2,child,labs,0,0,0,0,0,0.0,0.0,0.0
google_gemini-3-1-pro-preview,REC-chi-eme-004,2,child,procedures,1,0,0,1,1,1.0,1.0,1.0
google_gemini-3-1-pro-preview,REC-chi-eme-004,2,child,temporal,0,1,2,2,1,0.0,0.0,0.0
google_gemini-3-1-pro-preview,REC-chi-eme-005,2,child,diagnoses,2,0,0,2,2,1.0,1.0,1.0
google_gemini-3-1-pro-preview,REC-chi-eme-005,2,child,medications,1,0,0,1,1,1.0,1.0,1.0
google_gemini-3-1-pro-preview,REC-chi-eme-005,2,child,labs,1,0,0,1,1,1.0,1.0,1.0
google_gemini-3-1-pro-preview,REC-chi-eme-005,2,child,procedures,1,0,0,1,1,1.0,1.0,1.0
google_gemini-3-1-pro-preview,REC-chi-eme-005,2,child,temporal,0,1,0,0,1,0.0,0.0,0.0
google_gemini-3-1-pro-preview,REC-chi-eme-006,2,child,diagnoses,2,0,0,2,2,1.0,1.0,1.0
google_gemini-3-1-pro-preview,REC-chi-eme-006,2,child,medications,1,0,0,1,1,1.0,1.0,1.0
google_gemini-3-1-pro-preview,REC-chi-eme-006,2,child,labs,1,0,0,1,1,1.0,1.0,1.0
google_gemini-3-1-pro-preview,REC-chi-eme-006,2,child,procedures,1,0,0,1,1,1.0,1.0,1.0
google_gemini-3-1-pro-preview,REC-chi-eme-006,2,child,temporal,0,3,0,0,3,0.0,0.0,0.0
google_gemini-3-1-pro-preview,REC-chi-eme-007,2,child,diagnoses,2,1,0,2,3,0.6666666666666666,1.0,0.8
google_gemini-3-1-pro-preview,REC-chi-eme-007,2,child,medications,1,0,0,1,1,1.0,1.0,1.0
google_gemini-3-1-pro-preview,REC-chi-eme-007,2,child,labs,0,0,0,0,0,0.0,0.0,0.0
google_gemini-3-1-pro-preview,REC-chi-eme-007,2,child,procedures,1,0,0,1,1,1.0,1.0,1.0
google_gemini-3-1-pro-preview,REC-chi-eme-007,2,child,temporal,0,2,2,2,2,0.0,0.0,0.0
google_gemini-3-1-pro-preview,REC-chi-eme-008,2,child,diagnoses,2,0,0,2,2,1.0,1.0,1.0
google_gemini-3-1-pro-preview,REC-chi-eme-008,2,child,medications,1,0,0,1,1,1.0,1.0,1.0
google_gemini-3-1-pro-preview,REC-chi-eme-008,2,child,labs,1,0,0,1,1,1.0,1.0,1.0
google_gemini-3-1-pro-preview,REC-chi-eme-008,2,child,procedures,1,0,0,1,1,1.0,1.0,1.0
google_gemini-3-1-pro-preview,REC-chi-eme-008,2,child,temporal,0,3,0,0,3,0.0,0.0,0.0
google_gemini-3-1-pro-preview,REC-chi-eme-009,2,child,diagnoses,2,1,0,2,3,0.6666666666666666,1.0,0.8
google_gemini-3-1-pro-preview,REC-chi-eme-009,2,child,medications,1,0,0,1,1,1.0,1.0,1.0
google_gemini-3-1-pro-preview,REC-chi-eme-009,2,child,labs,1,0,0,1,1,1.0,1.0,1.0
google_gemini-3-1-pro-preview,REC-chi-eme-009,2,child,procedures,1,0,0,1,1,1.0,1.0,1.0
google_gemini-3-1-pro-preview,REC-chi-eme-009,2,child,temporal,0,2,2,2,2,0.0,0.0,0.0
google_gemini-3-1-pro-preview,REC-chi-eme-010,2,child,diagnoses,3,0,0,3,3,1.0,1.0,1.0
google_gemini-3-1-pro-preview,REC-chi-eme-010,2,child,medications,1,0,0,1,1,1.0,1.0,1.0
google_gemini-3-1-pro-preview,REC-chi-eme-010,2,child,labs,0,0,0,0,0,0.0,0.0,0.0
google_gemini-3-1-pro-preview,REC-chi-eme-010,2,child,procedures,1,0,0,1,1,1.0,1.0,1.0
google_gemini-3-1-pro-preview,REC-chi-eme-010,2,child,temporal,0,0,0,0,0,0.0,0.0,0.0
google_gemini-3-1-pro-preview,REC-chi-icu-001,2,child,diagnoses,1,0,0,1,1,1.0,1.0,1.0
google_gemini-3-1-pro-preview,REC-chi-icu-001,2,child,medications,1,0,0,1,1,1.0,1.0,1.0
google_gemini-3-1-pro-preview,REC-chi-icu-001,2,child,labs,0,0,0,0,0,0.0,0.0,0.0
google_gemini-3-1-pro-preview,REC-chi-icu-001,2,child,procedures,1,0,0,1,1,1.0,1.0,1.0
google_gemini-3-1-pro-preview,REC-chi-icu-001,2,child,temporal,0,1,1,1,1,0.0,0.0,0.0
google_gemini-3-1-pro-preview,REC-chi-icu-002,2,child,diagnoses,1,1,0,1,2,0.5,1.0,0.6666666666666666
google_gemini-3-1-pro-preview,REC-chi-icu-002,2,child,medications,1,0,0,1,1,1.0,1.0,1.0
google_gemini-3-1-pro-preview,REC-chi-icu-002,2,child,labs,1,0,0,1,1,1.0,1.0,1.0
google_gemini-3-1-pro-preview,REC-chi-icu-002,2,child,procedures,1,0,0,1,1,1.0,1.0,1.0
google_gemini-3-1-pro-preview,REC-chi-icu-002,2,child,temporal,0,2,2,2,2,0.0,0.0,0.0
google_gemini-3-1-pro-preview,REC-chi-icu-003,2,child,diagnoses,2,0,0,2,2,1.0,1.0,1.0
google_gemini-3-1-pro-preview,REC-chi-icu-003,2,child,medications,1,0,0,1,1,1.0,1.0,1.0
google_gemini-3-1-pro-preview,REC-chi-icu-003,2,child,labs,0,0,0,0,0,0.0,0.0,0.0
google_gemini-3-1-pro-preview,REC-chi-icu-003,2,child,procedures,1,1,0,1,2,0.5,1.0,0.6666666666666666
google_gemini-3-1-pro-preview,REC-chi-icu-003,2,child,temporal,0,1,1,1,1,0.0,0.0,0.0
google_gemini-3-1-pro-preview,REC-chi-icu-004,2,child,diagnoses,2,1,0,2,3,0.6666666666666666,1.0,0.8
google_gemini-3-1-pro-preview,REC-chi-icu-004,2,child,medications,1,0,0,1,1,1.0,1.0,1.0
google_gemini-3-1-pro-preview,REC-chi-icu-004,2,child,labs,1,0,0,1,1,1.0,1.0,1.0
google_gemini-3-1-pro-preview,REC-chi-icu-004,2,child,procedures,1,0,0,1,1,1.0,1.0,1.0
google_gemini-3-1-pro-preview,REC-chi-icu-004,2,child,temporal,0,1,1,1,1,0.0,0.0,0.0
google_gemini-3-1-pro-preview,REC-chi-icu-005,2,child,diagnoses,2,1,0,2,3,0.6666666666666666,1.0,0.8
google_gemini-3-1-pro-preview,REC-chi-icu-005,2,child,medications,1,0,0,1,1,1.0,1.0,1.0
google_gemini-3-1-pro-preview,REC-chi-icu-005,2,child,labs,0,0,0,0,0,0.0,0.0,0.0
google_gemini-3-1-pro-preview,REC-chi-icu-005,2,child,procedures,1,1,0,1,2,0.5,1.0,0.6666666666666666
google_gemini-3-1-pro-preview,REC-chi-icu-005,2,child,temporal,0,3,2,2,3,0.0,0.0,0.0
google_gemini-3-1-pro-preview,REC-chi-icu-006,2,child,diagnoses,1,0,0,1,1,1.0,1.0,1.0
google_gemini-3-1-pro-preview,REC-chi-icu-006,2,child,medications,1,0,0,1,1,1.0,1.0,1.0
google_gemini-3-1-pro-preview,REC-chi-icu-006,2,child,labs,1,0,0,1,1,1.0,1.0,1.0
google_gemini-3-1-pro-preview,REC-chi-icu-006,2,child,procedures,1,0,0,1,1,1.0,1.0,1.0
google_gemini-3-1-pro-preview,REC-chi-icu-006,2,child,temporal,0,2,2,2,2,0.0,0.0,0.0
google_gemini-3-1-pro-preview,REC-chi-icu-007,2,child,diagnoses,1,0,0,1,1,1.0,1.0,1.0
google_gemini-3-1-pro-preview,REC-chi-icu-007,2,child,medications,1,0,0,1,1,1.0,1.0,1.0
google_gemini-3-1-pro-preview,REC-chi-icu-007,2,child,labs,0,0,0,0,0,0.0,0.0,0.0
google_gemini-3-1-pro-preview,REC-chi-icu-007,2,child,procedures,1,0,0,1,1,1.0,1.0,1.0
google_gemini-3-1-pro-preview,REC-chi-icu-007,2,child,temporal,0,1,2,2,1,0.0,0.0,0.0
google_gemini-3-1-pro-preview,REC-chi-icu-008,2,child,diagnoses,1,0,0,1,1,1.0,1.0,1.0
google_gemini-3-1-pro-preview,REC-chi-icu-008,2,child,medications,1,0,0,1,1,1.0,1.0,1.0
google_gemini-3-1-pro-preview,REC-chi-icu-008,2,child,labs,1,0,0,1,1,1.0,1.0,1.0
google_gemini-3-1-pro-preview,REC-chi-icu-008,2,child,procedures,1,0,0,1,1,1.0,1.0,1.0
google_gemini-3-1-pro-preview,REC-chi-icu-008,2,child,temporal,0,1,1,1,1,0.0,0.0,0.0
google_gemini-3-1-pro-preview,REC-chi-icu-009,2,child,diagnoses,2,0,0,2,2,1.0,1.0,1.0
google_gemini-3-1-pro-preview,REC-chi-icu-009,2,child,medications,1,0,0,1,1,1.0,1.0,1.0
google_gemini-3-1-pro-preview,REC-chi-icu-009,2,child,labs,0,1,0,0,1,0.0,0.0,0.0
google_gemini-3-1-pro-preview,REC-chi-icu-009,2,child,procedures,1,0,0,1,1,1.0,1.0,1.0
google_gemini-3-1-pro-preview,REC-chi-icu-009,2,child,temporal,0,2,2,2,2,0.0,0.0,0.0
google_gemini-3-1-pro-preview,REC-chi-icu-010,2,child,diagnoses,2,0,0,2,2,1.0,1.0,1.0
google_gemini-3-1-pro-preview,REC-chi-icu-010,2,child,medications,1,0,0,1,1,1.0,1.0,1.0
google_gemini-3-1-pro-preview,REC-chi-icu-010,2,child,labs,1,0,0,1,1,1.0,1.0,1.0
google_gemini-3-1-pro-preview,REC-chi-icu-010,2,child,procedures,1,0,0,1,1,1.0,1.0,1.0
google_gemini-3-1-pro-preview,REC-chi-icu-010,2,child,temporal,0,3,0,0,3,0.0,0.0,0.0
google_gemini-3-1-pro-preview,REC-chi-inp-001,2,child,diagnoses,2,1,0,2,3,0.6666666666666666,1.0,0.8
google_gemini-3-1-pro-preview,REC-chi-inp-001,2,child,medications,1,0,0,1,1,1.0,1.0,1.0
google_gemini-3-1-pro-preview,REC-chi-inp-001,2,child,labs,0,0,0,0,0,0.0,0.0,0.0
google_gemini-3-1-pro-preview,REC-chi-inp-001,2,child,procedures,1,0,0,1,1,1.0,1.0,1.0
google_gemini-3-1-pro-preview,REC-chi-inp-001,2,child,temporal,0,2,2,2,2,0.0,0.0,0.0
google_gemini-3-1-pro-preview,REC-chi-inp-002,2,child,diagnoses,1,0,0,1,1,1.0,1.0,1.0
google_gemini-3-1-pro-preview,REC-chi-inp-002,2,child,medications,1,0,0,1,1,1.0,1.0,1.0
google_gemini-3-1-pro-preview,REC-chi-inp-002,2,child,labs,1,0,0,1,1,1.0,1.0,1.0
google_gemini-3-1-pro-preview,REC-chi-inp-002,2,child,procedures,1,0,0,1,1,1.0,1.0,1.0
google_gemini-3-1-pro-preview,REC-chi-inp-002,2,child,temporal,0,1,1,1,1,0.0,0.0,0.0
google_gemini-3-1-pro-preview,REC-chi-inp-003,2,child,diagnoses,2,0,0,2,2,1.0,1.0,1.0
google_gemini-3-1-pro-preview,REC-chi-inp-003,2,child,medications,1,0,0,1,1,1.0,1.0,1.0
google_gemini-3-1-pro-preview,REC-chi-inp-003,2,child,labs,1,0,0,1,1,1.0,1.0,1.0
google_gemini-3-1-pro-preview,REC-chi-inp-003,2,child,procedures,1,0,0,1,1,1.0,1.0,1.0
google_gemini-3-1-pro-preview,REC-chi-inp-003,2,child,temporal,0,3,0,0,3,0.0,0.0,0.0
google_gemini-3-1-pro-preview,REC-chi-inp-004,2,child,diagnoses,2,1,0,2,3,0.6666666666666666,1.0,0.8
google_gemini-3-1-pro-preview,REC-chi-inp-004,2,child,medications,1,0,0,1,1,1.0,1.0,1.0
google_gemini-3-1-pro-preview,REC-chi-inp-004,2,child,labs,0,0,0,0,0,0.0,0.0,0.0
google_gemini-3-1-pro-preview,REC-chi-inp-004,2,child,procedures,1,0,0,1,1,1.0,1.0,1.0
google_gemini-3-1-pro-preview,REC-chi-inp-004,2,child,temporal,0,1,1,1,1,0.0,0.0,0.0
google_gemini-3-1-pro-preview,REC-chi-inp-005,2,child,diagnoses,1,1,0,1,2,0.5,1.0,0.6666666666666666
google_gemini-3-1-pro-preview,REC-chi-inp-005,2,child,medications,1,0,0,1,1,1.0,1.0,1.0
google_gemini-3-1-pro-preview,REC-chi-inp-005,2,child,labs,1,0,0,1,1,1.0,1.0,1.0
google_gemini-3-1-pro-preview,REC-chi-inp-005,2,child,procedures,1,0,0,1,1,1.0,1.0,1.0
google_gemini-3-1-pro-preview,REC-chi-inp-005,2,child,temporal,0,1,1,1,1,0.0,0.0,0.0
google_gemini-3-1-pro-preview,REC-chi-inp-006,2,child,diagnoses,1,1,0,1,2,0.5,1.0,0.6666666666666666
google_gemini-3-1-pro-preview,REC-chi-inp-006,2,child,medications,1,0,0,1,1,1.0,1.0,1.0
google_gemini-3-1-pro-preview,REC-chi-inp-006,2,child,labs,1,0,0,1,1,1.0,1.0,1.0
google_gemini-3-1-pro-preview,REC-chi-inp-006,2,child,procedures,1,0,0,1,1,1.0,1.0,1.0
google_gemini-3-1-pro-preview,REC-chi-inp-006,2,child,temporal,0,2,2,2,2,0.0,0.0,0.0
google_gemini-3-1-pro-preview,REC-chi-inp-007,2,child,diagnoses,1,0,0,1,1,1.0,1.0,1.0
google_gemini-3-1-pro-preview,REC-chi-inp-007,2,child,medications,1,0,0,1,1,1.0,1.0,1.0
google_gemini-3-1-pro-preview,REC-chi-inp-007,2,child,labs,0,0,0,0,0,0.0,0.0,0.0
google_gemini-3-1-pro-preview,REC-chi-inp-007,2,child,procedures,1,0,0,1,1,1.0,1.0,1.0
google_gemini-3-1-pro-preview,REC-chi-inp-007,2,child,temporal,0,1,1,1,1,0.0,0.0,0.0
google_gemini-3-1-pro-preview,REC-chi-inp-008,2,child,diagnoses,2,0,0,2,2,1.0,1.0,1.0
google_gemini-3-1-pro-preview,REC-chi-inp-008,2,child,medications,1,0,0,1,1,1.0,1.0,1.0
google_gemini-3-1-pro-preview,REC-chi-inp-008,2,child,labs,1,0,0,1,1,1.0,1.0,1.0
google_gemini-3-1-pro-preview,REC-chi-inp-008,2,child,procedures,1,0,0,1,1,1.0,1.0,1.0
google_gemini-3-1-pro-preview,REC-chi-inp-008,2,child,temporal,0,3,1,1,3,0.0,0.0,0.0
google_gemini-3-1-pro-preview,REC-chi-inp-009,2,child,diagnoses,1,0,0,1,1,1.0,1.0,1.0
google_gemini-3-1-pro-preview,REC-chi-inp-009,2,child,medications,1,0,0,1,1,1.0,1.0,1.0
google_gemini-3-1-pro-preview,REC-chi-inp-009,2,child,labs,1,0,0,1,1,1.0,1.0,1.0
google_gemini-3-1-pro-preview,REC-chi-inp-009,2,child,procedures,1,0,0,1,1,1.0,1.0,1.0
google_gemini-3-1-pro-preview,REC-chi-inp-009,2,child,temporal,0,2,1,1,2,0.0,0.0,0.0
google_gemini-3-1-pro-preview,REC-chi-inp-010,2,child,diagnoses,2,0,0,2,2,1.0,1.0,1.0
google_gemini-3-1-pro-preview,REC-chi-inp-010,2,child,medications,1,0,0,1,1,1.0,1.0,1.0
google_gemini-3-1-pro-preview,REC-chi-inp-010,2,child,labs,0,0,0,0,0,0.0,0.0,0.0
google_gemini-3-1-pro-preview,REC-chi-inp-010,2,child,procedures,1,0,0,1,1,1.0,1.0,1.0
google_gemini-3-1-pro-preview,REC-chi-inp-010,2,child,temporal,0,1,2,2,1,0.0,0.0,0.0
google_gemini-3-1-pro-preview,REC-chi-out-001,2,child,diagnoses,2,0,0,2,2,1.0,1.0,1.0
google_gemini-3-1-pro-preview,REC-chi-out-001,2,child,medications,1,0,0,1,1,1.0,1.0,1.0
google_gemini-3-1-pro-preview,REC-chi-out-001,2,child,labs,0,1,0,0,1,0.0,0.0,0.0
google_gemini-3-1-pro-preview,REC-chi-out-001,2,child,procedures,1,0,0,1,1,1.0,1.0,1.0
google_gemini-3-1-pro-preview,REC-chi-out-001,2,child,temporal,0,1,2,2,1,0.0,0.0,0.0
google_gemini-3-1-pro-preview,REC-chi-out-002,2,child,diagnoses,2,1,0,2,3,0.6666666666666666,1.0,0.8
google_gemini-3-1-pro-preview,REC-chi-out-002,2,child,medications,1,0,0,1,1,1.0,1.0,1.0
google_gemini-3-1-pro-preview,REC-chi-out-002,2,child,labs,1,0,0,1,1,1.0,1.0,1.0
google_gemini-3-1-pro-preview,REC-chi-out-002,2,child,procedures,1,1,0,1,2,0.5,1.0,0.6666666666666666
google_gemini-3-1-pro-preview,REC-chi-out-002,2,child,temporal,0,2,2,2,2,0.0,0.0,0.0
google_gemini-3-1-pro-preview,REC-chi-out-003,2,child,diagnoses,2,0,0,2,2,1.0,1.0,1.0
google_gemini-3-1-pro-preview,REC-chi-out-003,2,child,medications,1,0,0,1,1,1.0,1.0,1.0
google_gemini-3-1-pro-preview,REC-chi-out-003,2,child,labs,0,1,0,0,1,0.0,0.0,0.0
google_gemini-3-1-pro-preview,REC-chi-out-003,2,child,procedures,1,0,0,1,1,1.0,1.0,1.0
google_gemini-3-1-pro-preview,REC-chi-out-003,2,child,temporal,0,1,1,1,1,0.0,0.0,0.0
google_gemini-3-1-pro-preview,REC-chi-out-004,2,child,diagnoses,2,0,0,2,2,1.0,1.0,1.0
google_gemini-3-1-pro-preview,REC-chi-out-004,2,child,medications,1,0,0,1,1,1.0,1.0,1.0
google_gemini-3-1-pro-preview,REC-chi-out-004,2,child,labs,1,0,0,1,1,1.0,1.0,1.0
google_gemini-3-1-pro-preview,REC-chi-out-004,2,child,procedures,1,0,0,1,1,1.0,1.0,1.0
google_gemini-3-1-pro-preview,REC-chi-out-004,2,child,temporal,0,1,1,1,1,0.0,0.0,0.0
google_gemini-3-1-pro-preview,REC-chi-out-005,2,child,diagnoses,1,1,0,1,2,0.5,1.0,0.6666666666666666
google_gemini-3-1-pro-preview,REC-chi-out-005,2,child,medications,1,0,0,1,1,1.0,1.0,1.0
google_gemini-3-1-pro-preview,REC-chi-out-005,2,child,labs,0,1,0,0,1,0.0,0.0,0.0
google_gemini-3-1-pro-preview,REC-chi-out-005,2,child,procedures,1,0,0,1,1,1.0,1.0,1.0
google_gemini-3-1-pro-preview,REC-chi-out-005,2,child,temporal,0,2,2,2,2,0.0,0.0,0.0
google_gemini-3-1-pro-preview,REC-chi-out-006,2,child,diagnoses,1,0,0,1,1,1.0,1.0,1.0
google_gemini-3-1-pro-preview,REC-chi-out-006,2,child,medications,1,0,0,1,1,1.0,1.0,1.0
google_gemini-3-1-pro-preview,REC-chi-out-006,2,child,labs,1,0,0,1,1,1.0,1.0,1.0
google_gemini-3-1-pro-preview,REC-chi-out-006,2,child,procedures,1,1,0,1,2,0.5,1.0,0.6666666666666666
google_gemini-3-1-pro-preview,REC-chi-out-006,2,child,temporal,0,2,2,2,2,0.0,0.0,0.0
google_gemini-3-1-pro-preview,REC-chi-out-007,2,child,diagnoses,2,1,0,2,3,0.6666666666666666,1.0,0.8
google_gemini-3-1-pro-preview,REC-chi-out-007,2,child,medications,1,0,0,1,1,1.0,1.0,1.0
google_gemini-3-1-pro-preview,REC-chi-out-007,2,child,labs,0,1,0,0,1,0.0,0.0,0.0
google_gemini-3-1-pro-preview,REC-chi-out-007,2,child,procedures,1,0,0,1,1,1.0,1.0,1.0
google_gemini-3-1-pro-preview,REC-chi-out-007,2,child,temporal,0,2,2,2,2,0.0,0.0,0.0
google_gemini-3-1-pro-preview,REC-chi-out-008,2,child,diagnoses,3,0,0,3,3,1.0,1.0,1.0
google_gemini-3-1-pro-preview,REC-chi-out-008,2,child,medications,1,0,0,1,1,1.0,1.0,1.0
google_gemini-3-1-pro-preview,REC-chi-out-008,2,child,labs,1,0,0,1,1,1.0,1.0,1.0
google_gemini-3-1-pro-preview,REC-chi-out-008,2,child,procedures,1,0,0,1,1,1.0,1.0,1.0
google_gemini-3-1-pro-preview,REC-chi-out-008,2,child,temporal,0,2,0,0,2,0.0,0.0,0.0
google_gemini-3-1-pro-preview,REC-chi-out-009,2,child,diagnoses,2,0,0,2,2,1.0,1.0,1.0
google_gemini-3-1-pro-preview,REC-chi-out-009,2,child,medications,1,0,0,1,1,1.0,1.0,1.0
google_gemini-3-1-pro-preview,REC-chi-out-009,2,child,labs,0,0,0,0,0,0.0,0.0,0.0
google_gemini-3-1-pro-preview,REC-chi-out-009,2,child,procedures,1,0,0,1,1,1.0,1.0,1.0
google_gemini-3-1-pro-preview,REC-chi-out-009,2,child,temporal,0,1,1,1,1,0.0,0.0,0.0
google_gemini-3-1-pro-preview,REC-chi-out-010,2,child,diagnoses,1,0,0,1,1,1.0,1.0,1.0
google_gemini-3-1-pro-preview,REC-chi-out-010,2,child,medications,1,0,0,1,1,1.0,1.0,1.0
google_gemini-3-1-pro-preview,REC-chi-out-010,2,child,labs,1,0,0,1,1,1.0,1.0,1.0
google_gemini-3-1-pro-preview,REC-chi-out-010,2,child,procedures,1,0,0,1,1,1.0,1.0,1.0
google_gemini-3-1-pro-preview,REC-chi-out-010,2,child,temporal,0,1,2,2,1,0.0,0.0,0.0
google_gemini-3-1-pro-preview,REC-inf-eme-001,2,infant,diagnoses,3,0,0,3,3,1.0,1.0,1.0
google_gemini-3-1-pro-preview,REC-inf-eme-001,2,infant,medications,0,0,0,0,0,0.0,0.0,0.0
google_gemini-3-1-pro-preview,REC-inf-eme-001,2,infant,labs,0,0,0,0,0,0.0,0.0,0.0
google_gemini-3-1-pro-preview,REC-inf-eme-001,2,infant,procedures,1,0,0,1,1,1.0,1.0,1.0
google_gemini-3-1-pro-preview,REC-inf-eme-001,2,infant,temporal,0,0,0,0,0,0.0,0.0,0.0
google_gemini-3-1-pro-preview,REC-inf-eme-002,2,infant,diagnoses,2,0,0,2,2,1.0,1.0,1.0
google_gemini-3-1-pro-preview,REC-inf-eme-002,2,infant,medications,1,0,0,1,1,1.0,1.0,1.0
google_gemini-3-1-pro-preview,REC-inf-eme-002,2,infant,labs,0,0,0,0,0,0.0,0.0,0.0
google_gemini-3-1-pro-preview,REC-inf-eme-002,2,infant,procedures,1,0,0,1,1,1.0,1.0,1.0
google_gemini-3-1-pro-preview,REC-inf-eme-002,2,infant,temporal,0,1,1,1,1,0.0,0.0,0.0
google_gemini-3-1-pro-preview,REC-inf-eme-003,2,infant,diagnoses,2,1,0,2,3,0.6666666666666666,1.0,0.8
google_gemini-3-1-pro-preview,REC-inf-eme-003,2,infant,medications,1,0,0,1,1,1.0,1.0,1.0
google_gemini-3-1-pro-preview,REC-inf-eme-003,2,infant,labs,1,0,0,1,1,1.0,1.0,1.0
google_gemini-3-1-pro-preview,REC-inf-eme-003,2,infant,procedures,1,0,0,1,1,1.0,1.0,1.0
google_gemini-3-1-pro-preview,REC-inf-eme-003,2,infant,temporal,0,1,2,2,1,0.0,0.0,0.0
google_gemini-3-1-pro-preview,REC-inf-eme-004,2,infant,diagnoses,2,1,0,2,3,0.6666666666666666,1.0,0.8
google_gemini-3-1-pro-preview,REC-inf-eme-004,2,infant,medications,0,0,0,0,0,0.0,0.0,0.0
google_gemini-3-1-pro-preview,REC-inf-eme-004,2,infant,labs,0,0,0,0,0,0.0,0.0,0.0
google_gemini-3-1-pro-preview,REC-inf-eme-004,2,infant,procedures,1,1,0,1,2,0.5,1.0,0.6666666666666666
google_gemini-3-1-pro-preview,REC-inf-eme-004,2,infant,temporal,0,1,2,2,1,0.0,0.0,0.0
google_gemini-3-1-pro-preview,REC-inf-eme-005,2,infant,diagnoses,1,1,0,1,2,0.5,1.0,0.6666666666666666
google_gemini-3-1-pro-preview,REC-inf-eme-005,2,infant,medications,1,0,0,1,1,1.0,1.0,1.0
google_gemini-3-1-pro-preview,REC-inf-eme-005,2,infant,labs,0,0,0,0,0,0.0,0.0,0.0
google_gemini-3-1-pro-preview,REC-inf-eme-005,2,infant,procedures,1,0,0,1,1,1.0,1.0,1.0
google_gemini-3-1-pro-preview,REC-inf-eme-005,2,infant,temporal,0,1,2,2,1,0.0,0.0,0.0
google_gemini-3-1-pro-preview,REC-inf-eme-006,2,infant,diagnoses,1,0,0,1,1,1.0,1.0,1.0
google_gemini-3-1-pro-preview,REC-inf-eme-006,2,infant,medications,1,0,0,1,1,1.0,1.0,1.0
google_gemini-3-1-pro-preview,REC-inf-eme-006,2,infant,labs,1,0,0,1,1,1.0,1.0,1.0
google_gemini-3-1-pro-preview,REC-inf-eme-006,2,infant,procedures,1,0,0,1,1,1.0,1.0,1.0
google_gemini-3-1-pro-preview,REC-inf-eme-006,2,infant,temporal,0,1,1,1,1,0.0,0.0,0.0
google_gemini-3-1-pro-preview,REC-inf-eme-007,2,infant,diagnoses,3,0,0,3,3,1.0,1.0,1.0
google_gemini-3-1-pro-preview,REC-inf-eme-007,2,infant,medications,0,0,0,0,0,0.0,0.0,0.0
google_gemini-3-1-pro-preview,REC-inf-eme-007,2,infant,labs,0,0,0,0,0,0.0,0.0,0.0
google_gemini-3-1-pro-preview,REC-inf-eme-007,2,infant,procedures,1,0,0,1,1,1.0,1.0,1.0
google_gemini-3-1-pro-preview,REC-inf-eme-007,2,infant,temporal,0,1,1,1,1,0.0,0.0,0.0
google_gemini-3-1-pro-preview,REC-inf-eme-008,2,infant,diagnoses,1,0,0,1,1,1.0,1.0,1.0
google_gemini-3-1-pro-preview,REC-inf-eme-008,2,infant,medications,1,0,0,1,1,1.0,1.0,1.0
google_gemini-3-1-pro-preview,REC-inf-eme-008,2,infant,labs,0,0,0,0,0,0.0,0.0,0.0
google_gemini-3-1-pro-preview,REC-inf-eme-008,2,infant,procedures,1,0,0,1,1,1.0,1.0,1.0
google_gemini-3-1-pro-preview,REC-inf-eme-008,2,infant,temporal,0,1,2,2,1,0.0,0.0,0.0
google_gemini-3-1-pro-preview,REC-inf-eme-009,2,infant,diagnoses,1,0,0,1,1,1.0,1.0,1.0
google_gemini-3-1-pro-preview,REC-inf-eme-009,2,infant,medications,1,0,0,1,1,1.0,1.0,1.0
google_gemini-3-1-pro-preview,REC-inf-eme-009,2,infant,labs,1,0,0,1,1,1.0,1.0,1.0
google_gemini-3-1-pro-preview,REC-inf-eme-009,2,infant,procedures,1,1,0,1,2,0.5,1.0,0.6666666666666666
google_gemini-3-1-pro-preview,REC-inf-eme-009,2,infant,temporal,0,2,3,3,2,0.0,0.0,0.0
google_gemini-3-1-pro-preview,REC-inf-eme-010,2,infant,diagnoses,1,1,0,1,2,0.5,1.0,0.6666666666666666
google_gemini-3-1-pro-preview,REC-inf-eme-010,2,infant,medications,0,0,0,0,0,0.0,0.0,0.0
google_gemini-3-1-pro-preview,REC-inf-eme-010,2,infant,labs,0,0,0,0,0,0.0,0.0,0.0
google_gemini-3-1-pro-preview,REC-inf-eme-010,2,infant,procedures,1,0,0,1,1,1.0,1.0,1.0
google_gemini-3-1-pro-preview,REC-inf-eme-010,2,infant,temporal,0,0,1,1,0,0.0,0.0,0.0
google_gemini-3-1-pro-preview,REC-inf-icu-004,2,infant,diagnoses,1,1,0,1,2,0.5,1.0,0.6666666666666666
google_gemini-3-1-pro-preview,REC-inf-icu-004,2,infant,medications,1,0,0,1,1,1.0,1.0,1.0
google_gemini-3-1-pro-preview,REC-inf-icu-004,2,infant,labs,1,0,0,1,1,1.0,1.0,1.0
google_gemini-3-1-pro-preview,REC-inf-icu-004,2,infant,procedures,1,1,0,1,2,0.5,1.0,0.6666666666666666
google_gemini-3-1-pro-preview,REC-inf-icu-004,2,infant,temporal,0,2,3,3,2,0.0,0.0,0.0
google_gemini-3-1-pro-preview,REC-inf-inp-006,2,infant,diagnoses,1,0,0,1,1,1.0,1.0,1.0
google_gemini-3-1-pro-preview,REC-inf-inp-006,2,infant,medications,1,0,0,1,1,1.0,1.0,1.0
google_gemini-3-1-pro-preview,REC-inf-inp-006,2,infant,labs,1,0,0,1,1,1.0,1.0,1.0
google_gemini-3-1-pro-preview,REC-inf-inp-006,2,infant,procedures,1,1,0,1,2,0.5,1.0,0.6666666666666666
google_gemini-3-1-pro-preview,REC-inf-inp-006,2,infant,temporal,0,1,1,1,1,0.0,0.0,0.0
google_gemini-3-1-pro-preview,REC-inf-inp-007,2,infant,diagnoses,1,0,0,1,1,1.0,1.0,1.0
google_gemini-3-1-pro-preview,REC-inf-inp-007,2,infant,medications,0,0,0,0,0,0.0,0.0,0.0
google_gemini-3-1-pro-preview,REC-inf-inp-007,2,infant,labs,0,1,0,0,1,0.0,0.0,0.0
google_gemini-3-1-pro-preview,REC-inf-inp-007,2,infant,procedures,1,0,0,1,1,1.0,1.0,1.0
google_gemini-3-1-pro-preview,REC-inf-inp-007,2,infant,temporal,0,1,1,1,1,0.0,0.0,0.0
google_gemini-3-1-pro-preview,REC-inf-out-002,2,infant,diagnoses,1,1,0,1,2,0.5,1.0,0.6666666666666666
google_gemini-3-1-pro-preview,REC-inf-out-002,2,infant,medications,1,0,0,1,1,1.0,1.0,1.0
google_gemini-3-1-pro-preview,REC-inf-out-002,2,infant,labs,0,0,0,0,0,0.0,0.0,0.0
google_gemini-3-1-pro-preview,REC-inf-out-002,2,infant,procedures,1,0,0,1,1,1.0,1.0,1.0
google_gemini-3-1-pro-preview,REC-inf-out-002,2,infant,temporal,0,0,1,1,0,0.0,0.0,0.0
google_gemini-3-1-pro-preview,REC-inf-out-004,2,infant,diagnoses,3,0,0,3,3,1.0,1.0,1.0
google_gemini-3-1-pro-preview,REC-inf-out-004,2,infant,medications,1,0,0,1,1,1.0,1.0,1.0
google_gemini-3-1-pro-preview,REC-inf-out-004,2,infant,labs,0,1,0,0,1,0.0,0.0,0.0
google_gemini-3-1-pro-preview,REC-inf-out-004,2,infant,procedures,1,0,0,1,1,1.0,1.0,1.0
google_gemini-3-1-pro-preview,REC-inf-out-004,2,infant,temporal,0,1,1,1,1,0.0,0.0,0.0
google_gemini-3-1-pro-preview,REC-inf-icu-001,2,infant,diagnoses,1,0,0,1,1,1.0,1.0,1.0
google_gemini-3-1-pro-preview,REC-inf-icu-001,2,infant,medications,0,0,0,0,0,0.0,0.0,0.0
google_gemini-3-1-pro-preview,REC-inf-icu-001,2,infant,labs,0,0,0,0,0,0.0,0.0,0.0
google_gemini-3-1-pro-preview,REC-inf-icu-001,2,infant,procedures,1,1,0,1,2,0.5,1.0,0.6666666666666666
google_gemini-3-1-pro-preview,REC-inf-icu-001,2,infant,temporal,0,1,1,1,1,0.0,0.0,0.0
google_gemini-3-1-pro-preview,REC-inf-icu-002,2,infant,diagnoses,2,0,0,2,2,1.0,1.0,1.0
google_gemini-3-1-pro-preview,REC-inf-icu-002,2,infant,medications,1,0,0,1,1,1.0,1.0,1.0
google_gemini-3-1-pro-preview,REC-inf-icu-002,2,infant,labs,1,0,0,1,1,1.0,1.0,1.0
google_gemini-3-1-pro-preview,REC-inf-icu-002,2,infant,procedures,1,0,0,1,1,1.0,1.0,1.0
google_gemini-3-1-pro-preview,REC-inf-icu-002,2,infant,temporal,0,1,2,2,1,0.0,0.0,0.0
google_gemini-3-1-pro-preview,REC-inf-icu-003,2,infant,diagnoses,2,0,0,2,2,1.0,1.0,1.0
google_gemini-3-1-pro-preview,REC-inf-icu-003,2,infant,medications,0,0,0,0,0,0.0,0.0,0.0
google_gemini-3-1-pro-preview,REC-inf-icu-003,2,infant,labs,0,0,0,0,0,0.0,0.0,0.0
google_gemini-3-1-pro-preview,REC-inf-icu-003,2,infant,procedures,1,0,0,1,1,1.0,1.0,1.0
google_gemini-3-1-pro-preview,REC-inf-icu-003,2,infant,temporal,0,0,0,0,0,0.0,0.0,0.0
google_gemini-3-1-pro-preview,REC-neo-eme-006,2,neonate,diagnoses,2,1,0,2,3,0.6666666666666666,1.0,0.8
google_gemini-3-1-pro-preview,REC-neo-eme-006,2,neonate,medications,1,0,0,1,1,1.0,1.0,1.0
google_gemini-3-1-pro-preview,REC-neo-eme-006,2,neonate,labs,1,0,0,1,1,1.0,1.0,1.0
google_gemini-3-1-pro-preview,REC-neo-eme-006,2,neonate,procedures,1,1,0,1,2,0.5,1.0,0.6666666666666666
google_gemini-3-1-pro-preview,REC-neo-eme-006,2,neonate,temporal,0,1,2,2,1,0.0,0.0,0.0
google_gemini-3-1-pro-preview,REC-inf-icu-005,2,infant,diagnoses,1,0,0,1,1,1.0,1.0,1.0
google_gemini-3-1-pro-preview,REC-inf-icu-005,2,infant,medications,0,0,0,0,0,0.0,0.0,0.0
google_gemini-3-1-pro-preview,REC-inf-icu-005,2,infant,labs,0,1,0,0,1,0.0,0.0,0.0
google_gemini-3-1-pro-preview,REC-inf-icu-005,2,infant,procedures,1,1,0,1,2,0.5,1.0,0.6666666666666666
google_gemini-3-1-pro-preview,REC-inf-icu-005,2,infant,temporal,0,2,2,2,2,0.0,0.0,0.0
google_gemini-3-1-pro-preview,REC-inf-icu-006,2,infant,diagnoses,1,0,0,1,1,1.0,1.0,1.0
google_gemini-3-1-pro-preview,REC-inf-icu-006,2,infant,medications,1,0,0,1,1,1.0,1.0,1.0
google_gemini-3-1-pro-preview,REC-inf-icu-006,2,infant,labs,1,0,0,1,1,1.0,1.0,1.0
google_gemini-3-1-pro-preview,REC-inf-icu-006,2,infant,procedures,1,0,0,1,1,1.0,1.0,1.0
google_gemini-3-1-pro-preview,REC-inf-icu-006,2,infant,temporal,0,1,1,1,1,0.0,0.0,0.0
google_gemini-3-1-pro-preview,REC-inf-icu-007,2,infant,diagnoses,2,0,0,2,2,1.0,1.0,1.0
google_gemini-3-1-pro-preview,REC-inf-icu-007,2,infant,medications,0,0,0,0,0,0.0,0.0,0.0
google_gemini-3-1-pro-preview,REC-inf-icu-007,2,infant,labs,0,1,0,0,1,0.0,0.0,0.0
google_gemini-3-1-pro-preview,REC-inf-icu-007,2,infant,procedures,1,0,0,1,1,1.0,1.0,1.0
google_gemini-3-1-pro-preview,REC-inf-icu-007,2,infant,temporal,0,2,2,2,2,0.0,0.0,0.0
google_gemini-3-1-pro-preview,REC-inf-icu-008,2,infant,diagnoses,1,0,0,1,1,1.0,1.0,1.0
google_gemini-3-1-pro-preview,REC-inf-icu-008,2,infant,medications,1,0,0,1,1,1.0,1.0,1.0
google_gemini-3-1-pro-preview,REC-inf-icu-008,2,infant,labs,1,0,0,1,1,1.0,1.0,1.0
google_gemini-3-1-pro-preview,REC-inf-icu-008,2,infant,procedures,1,0,0,1,1,1.0,1.0,1.0
google_gemini-3-1-pro-preview,REC-inf-icu-008,2,infant,temporal,0,1,1,1,1,0.0,0.0,0.0
google_gemini-3-1-pro-preview,REC-inf-icu-009,2,infant,diagnoses,3,0,0,3,3,1.0,1.0,1.0
google_gemini-3-1-pro-preview,REC-inf-icu-009,2,infant,medications,0,0,0,0,0,0.0,0.0,0.0
google_gemini-3-1-pro-preview,REC-inf-icu-009,2,infant,labs,0,0,0,0,0,0.0,0.0,0.0
google_gemini-3-1-pro-preview,REC-inf-icu-009,2,infant,procedures,1,0,0,1,1,1.0,1.0,1.0
google_gemini-3-1-pro-preview,REC-inf-icu-009,2,infant,temporal,0,1,0,0,1,0.0,0.0,0.0
google_gemini-3-1-pro-preview,REC-inf-icu-010,2,infant,diagnoses,2,1,0,2,3,0.6666666666666666,1.0,0.8
google_gemini-3-1-pro-preview,REC-inf-icu-010,2,infant,medications,1,0,0,1,1,1.0,1.0,1.0
google_gemini-3-1-pro-preview,REC-inf-icu-010,2,infant,labs,1,0,0,1,1,1.0,1.0,1.0
google_gemini-3-1-pro-preview,REC-inf-icu-010,2,infant,procedures,1,0,0,1,1,1.0,1.0,1.0
google_gemini-3-1-pro-preview,REC-inf-icu-010,2,infant,temporal,0,2,2,2,2,0.0,0.0,0.0
google_gemini-3-1-pro-preview,REC-inf-inp-001,2,infant,diagnoses,2,0,0,2,2,1.0,1.0,1.0
google_gemini-3-1-pro-preview,REC-inf-inp-001,2,infant,medications,0,0,0,0,0,0.0,0.0,0.0
google_gemini-3-1-pro-preview,REC-inf-inp-001,2,infant,labs,0,0,0,0,0,0.0,0.0,0.0
google_gemini-3-1-pro-preview,REC-inf-inp-001,2,infant,procedures,1,0,0,1,1,1.0,1.0,1.0
google_gemini-3-1-pro-preview,REC-inf-inp-001,2,infant,temporal,0,1,1,1,1,0.0,0.0,0.0
google_gemini-3-1-pro-preview,REC-inf-inp-002,2,infant,diagnoses,1,1,0,1,2,0.5,1.0,0.6666666666666666
google_gemini-3-1-pro-preview,REC-inf-inp-002,2,infant,medications,1,0,0,1,1,1.0,1.0,1.0
google_gemini-3-1-pro-preview,REC-inf-inp-002,2,infant,labs,1,0,0,1,1,1.0,1.0,1.0
google_gemini-3-1-pro-preview,REC-inf-inp-002,2,infant,procedures,1,1,0,1,2,0.5,1.0,0.6666666666666666
google_gemini-3-1-pro-preview,REC-inf-inp-002,2,infant,temporal,0,2,3,3,2,0.0,0.0,0.0
google_gemini-3-1-pro-preview,REC-inf-inp-003,2,infant,diagnoses,3,0,0,3,3,1.0,1.0,1.0
google_gemini-3-1-pro-preview,REC-inf-inp-003,2,infant,medications,0,0,0,0,0,0.0,0.0,0.0
google_gemini-3-1-pro-preview,REC-inf-inp-003,2,infant,labs,0,0,0,0,0,0.0,0.0,0.0
google_gemini-3-1-pro-preview,REC-inf-inp-003,2,infant,procedures,1,0,0,1,1,1.0,1.0,1.0
google_gemini-3-1-pro-preview,REC-inf-inp-003,2,infant,temporal,0,2,0,0,2,0.0,0.0,0.0
google_gemini-3-1-pro-preview,REC-inf-inp-004,2,infant,diagnoses,2,1,0,2,3,0.6666666666666666,1.0,0.8
google_gemini-3-1-pro-preview,REC-inf-inp-004,2,infant,medications,1,0,0,1,1,1.0,1.0,1.0
google_gemini-3-1-pro-preview,REC-inf-inp-004,2,infant,labs,1,0,0,1,1,1.0,1.0,1.0
google_gemini-3-1-pro-preview,REC-inf-inp-004,2,infant,procedures,1,0,0,1,1,1.0,1.0,1.0
google_gemini-3-1-pro-preview,REC-inf-inp-004,2,infant,temporal,0,2,1,1,2,0.0,0.0,0.0
google_gemini-3-1-pro-preview,REC-inf-inp-005,2,infant,diagnoses,2,0,0,2,2,1.0,1.0,1.0
google_gemini-3-1-pro-preview,REC-inf-inp-005,2,infant,medications,0,0,0,0,0,0.0,0.0,0.0
google_gemini-3-1-pro-preview,REC-inf-inp-005,2,infant,labs,0,0,0,0,0,0.0,0.0,0.0
google_gemini-3-1-pro-preview,REC-inf-inp-005,2,infant,procedures,1,1,0,1,2,0.5,1.0,0.6666666666666666
google_gemini-3-1-pro-preview,REC-inf-inp-005,2,infant,temporal,0,2,2,2,2,0.0,0.0,0.0
google_gemini-3-1-pro-preview,REC-inf-inp-008,2,infant,diagnoses,1,1,0,1,2,0.5,1.0,0.6666666666666666
google_gemini-3-1-pro-preview,REC-inf-inp-008,2,infant,medications,1,0,0,1,1,1.0,1.0,1.0
google_gemini-3-1-pro-preview,REC-inf-inp-008,2,infant,labs,1,0,0,1,1,1.0,1.0,1.0
google_gemini-3-1-pro-preview,REC-inf-inp-008,2,infant,procedures,1,0,0,1,1,1.0,1.0,1.0
google_gemini-3-1-pro-preview,REC-inf-inp-008,2,infant,temporal,0,2,1,1,2,0.0,0.0,0.0
google_gemini-3-1-pro-preview,REC-inf-inp-009,2,infant,diagnoses,2,0,0,2,2,1.0,1.0,1.0
google_gemini-3-1-pro-preview,REC-inf-inp-009,2,infant,medications,0,0,0,0,0,0.0,0.0,0.0
google_gemini-3-1-pro-preview,REC-inf-inp-009,2,infant,labs,0,0,0,0,0,0.0,0.0,0.0
google_gemini-3-1-pro-preview,REC-inf-inp-009,2,infant,procedures,1,1,0,1,2,0.5,1.0,0.6666666666666666
google_gemini-3-1-pro-preview,REC-inf-inp-009,2,infant,temporal,0,2,2,2,2,0.0,0.0,0.0
google_gemini-3-1-pro-preview,REC-inf-inp-010,2,infant,diagnoses,1,0,0,1,1,1.0,1.0,1.0
google_gemini-3-1-pro-preview,REC-inf-inp-010,2,infant,medications,1,0,0,1,1,1.0,1.0,1.0
google_gemini-3-1-pro-preview,REC-inf-inp-010,2,infant,labs,1,0,0,1,1,1.0,1.0,1.0
google_gemini-3-1-pro-preview,REC-inf-inp-010,2,infant,procedures,1,0,0,1,1,1.0,1.0,1.0
google_gemini-3-1-pro-preview,REC-inf-inp-010,2,infant,temporal,0,1,1,1,1,0.0,0.0,0.0
google_gemini-3-1-pro-preview,REC-inf-out-001,2,infant,diagnoses,2,0,0,2,2,1.0,1.0,1.0
google_gemini-3-1-pro-preview,REC-inf-out-001,2,infant,medications,0,0,0,0,0,0.0,0.0,0.0
google_gemini-3-1-pro-preview,REC-inf-out-001,2,infant,labs,0,0,0,0,0,0.0,0.0,0.0
google_gemini-3-1-pro-preview,REC-inf-out-001,2,infant,procedures,1,0,0,1,1,1.0,1.0,1.0
google_gemini-3-1-pro-preview,REC-inf-out-001,2,infant,temporal,0,0,0,0,0,0.0,0.0,0.0
google_gemini-3-1-pro-preview,REC-inf-out-003,2,infant,diagnoses,2,0,0,2,2,1.0,1.0,1.0
google_gemini-3-1-pro-preview,REC-inf-out-003,2,infant,medications,0,0,0,0,0,0.0,0.0,0.0
google_gemini-3-1-pro-preview,REC-inf-out-003,2,infant,labs,0,0,0,0,0,0.0,0.0,0.0
google_gemini-3-1-pro-preview,REC-inf-out-003,2,infant,procedures,1,0,0,1,1,1.0,1.0,1.0
google_gemini-3-1-pro-preview,REC-inf-out-003,2,infant,temporal,0,0,0,0,0,0.0,0.0,0.0
google_gemini-3-1-pro-preview,REC-inf-out-005,2,infant,diagnoses,2,0,0,2,2,1.0,1.0,1.0
google_gemini-3-1-pro-preview,REC-inf-out-005,2,infant,medications,0,0,0,0,0,0.0,0.0,0.0
google_gemini-3-1-pro-preview,REC-inf-out-005,2,infant,labs,0,0,0,0,0,0.0,0.0,0.0
google_gemini-3-1-pro-preview,REC-inf-out-005,2,infant,procedures,1,0,0,1,1,1.0,1.0,1.0
google_gemini-3-1-pro-preview,REC-inf-out-005,2,infant,temporal,0,0,0,0,0,0.0,0.0,0.0
google_gemini-3-1-pro-preview,REC-inf-out-006,2,infant,diagnoses,1,0,0,1,1,1.0,1.0,1.0
google_gemini-3-1-pro-preview,REC-inf-out-006,2,infant,medications,1,0,0,1,1,1.0,1.0,1.0
google_gemini-3-1-pro-preview,REC-inf-out-006,2,infant,labs,0,0,0,0,0,0.0,0.0,0.0
google_gemini-3-1-pro-preview,REC-inf-out-006,2,infant,procedures,1,0,0,1,1,1.0,1.0,1.0
google_gemini-3-1-pro-preview,REC-inf-out-006,2,infant,temporal,0,1,1,1,1,0.0,0.0,0.0
google_gemini-3-1-pro-preview,REC-inf-out-007,2,infant,diagnoses,2,0,0,2,2,1.0,1.0,1.0
google_gemini-3-1-pro-preview,REC-inf-out-007,2,infant,medications,0,0,0,0,0,0.0,0.0,0.0
google_gemini-3-1-pro-preview,REC-inf-out-007,2,infant,labs,0,0,0,0,0,0.0,0.0,0.0
google_gemini-3-1-pro-preview,REC-inf-out-007,2,infant,procedures,1,0,0,1,1,1.0,1.0,1.0
google_gemini-3-1-pro-preview,REC-inf-out-007,2,infant,temporal,0,0,0,0,0,0.0,0.0,0.0
google_gemini-3-1-pro-preview,REC-inf-out-008,2,infant,diagnoses,1,1,0,1,2,0.5,1.0,0.6666666666666666
google_gemini-3-1-pro-preview,REC-inf-out-008,2,infant,medications,1,0,0,1,1,1.0,1.0,1.0
google_gemini-3-1-pro-preview,REC-inf-out-008,2,infant,labs,0,1,0,0,1,0.0,0.0,0.0
google_gemini-3-1-pro-preview,REC-inf-out-008,2,infant,procedures,1,0,0,1,1,1.0,1.0,1.0
google_gemini-3-1-pro-preview,REC-inf-out-008,2,infant,temporal,0,1,3,3,1,0.0,0.0,0.0
google_gemini-3-1-pro-preview,REC-inf-out-009,2,infant,diagnoses,1,0,0,1,1,1.0,1.0,1.0
google_gemini-3-1-pro-preview,REC-inf-out-009,2,infant,medications,0,0,0,0,0,0.0,0.0,0.0
google_gemini-3-1-pro-preview,REC-inf-out-009,2,infant,labs,0,0,0,0,0,0.0,0.0,0.0
google_gemini-3-1-pro-preview,REC-inf-out-009,2,infant,procedures,1,1,0,1,2,0.5,1.0,0.6666666666666666
google_gemini-3-1-pro-preview,REC-inf-out-009,2,infant,temporal,0,2,2,2,2,0.0,0.0,0.0
google_gemini-3-1-pro-preview,REC-inf-out-010,2,infant,diagnoses,2,0,0,2,2,1.0,1.0,1.0
google_gemini-3-1-pro-preview,REC-inf-out-010,2,infant,medications,1,0,0,1,1,1.0,1.0,1.0
google_gemini-3-1-pro-preview,REC-inf-out-010,2,infant,labs,0,0,0,0,0,0.0,0.0,0.0
google_gemini-3-1-pro-preview,REC-inf-out-010,2,infant,procedures,1,0,0,1,1,1.0,1.0,1.0
google_gemini-3-1-pro-preview,REC-inf-out-010,2,infant,temporal,0,0,0,0,0,0.0,0.0,0.0
google_gemini-3-1-pro-preview,REC-neo-eme-001,2,neonate,diagnoses,2,0,0,2,2,1.0,1.0,1.0
google_gemini-3-1-pro-preview,REC-neo-eme-001,2,neonate,medications,1,0,0,1,1,1.0,1.0,1.0
google_gemini-3-1-pro-preview,REC-neo-eme-001,2,neonate,labs,1,0,0,1,1,1.0,1.0,1.0
google_gemini-3-1-pro-preview,REC-neo-eme-001,2,neonate,procedures,1,1,0,1,2,0.5,1.0,0.6666666666666666
google_gemini-3-1-pro-preview,REC-neo-eme-001,2,neonate,temporal,0,1,2,2,1,0.0,0.0,0.0
google_gemini-3-1-pro-preview,REC-neo-eme-002,2,neonate,diagnoses,3,0,0,3,3,1.0,1.0,1.0
google_gemini-3-1-pro-preview,REC-neo-eme-002,2,neonate,medications,0,0,0,0,0,0.0,0.0,0.0
google_gemini-3-1-pro-preview,REC-neo-eme-002,2,neonate,labs,1,0,0,1,1,1.0,1.0,1.0
google_gemini-3-1-pro-preview,REC-neo-eme-002,2,neonate,procedures,1,1,0,1,2,0.5,1.0,0.6666666666666666
google_gemini-3-1-pro-preview,REC-neo-eme-002,2,neonate,temporal,0,1,2,2,1,0.0,0.0,0.0
google_gemini-3-1-pro-preview,REC-neo-eme-003,2,neonate,diagnoses,1,1,0,1,2,0.5,1.0,0.6666666666666666
google_gemini-3-1-pro-preview,REC-neo-eme-003,2,neonate,medications,1,0,0,1,1,1.0,1.0,1.0
google_gemini-3-1-pro-preview,REC-neo-eme-003,2,neonate,labs,1,0,0,1,1,1.0,1.0,1.0
google_gemini-3-1-pro-preview,REC-neo-eme-003,2,neonate,procedures,1,1,0,1,2,0.5,1.0,0.6666666666666666
google_gemini-3-1-pro-preview,REC-neo-eme-003,2,neonate,temporal,0,2,3,3,2,0.0,0.0,0.0
google_gemini-3-1-pro-preview,REC-neo-eme-004,2,neonate,diagnoses,2,0,0,2,2,1.0,1.0,1.0
google_gemini-3-1-pro-preview,REC-neo-eme-004,2,neonate,medications,1,0,0,1,1,1.0,1.0,1.0
google_gemini-3-1-pro-preview,REC-neo-eme-004,2,neonate,labs,1,0,0,1,1,1.0,1.0,1.0
google_gemini-3-1-pro-preview,REC-neo-eme-004,2,neonate,procedures,1,0,0,1,1,1.0,1.0,1.0
google_gemini-3-1-pro-preview,REC-neo-eme-004,2,neonate,temporal,0,1,2,2,1,0.0,0.0,0.0
google_gemini-3-1-pro-preview,REC-neo-eme-005,2,neonate,diagnoses,3,0,0,3,3,1.0,1.0,1.0
google_gemini-3-1-pro-preview,REC-neo-eme-005,2,neonate,medications,0,0,0,0,0,0.0,0.0,0.0
google_gemini-3-1-pro-preview,REC-neo-eme-005,2,neonate,labs,1,0,0,1,1,1.0,1.0,1.0
google_gemini-3-1-pro-preview,REC-neo-eme-005,2,neonate,procedures,1,0,0,1,1,1.0,1.0,1.0
google_gemini-3-1-pro-preview,REC-neo-eme-005,2,neonate,temporal,0,2,2,2,2,0.0,0.0,0.0
google_gemini-3-1-pro-preview,REC-neo-eme-007,2,neonate,diagnoses,3,0,0,3,3,1.0,1.0,1.0
google_gemini-3-1-pro-preview,REC-neo-eme-007,2,neonate,medications,1,0,0,1,1,1.0,1.0,1.0
google_gemini-3-1-pro-preview,REC-neo-eme-007,2,neonate,labs,1,0,0,1,1,1.0,1.0,1.0
google_gemini-3-1-pro-preview,REC-neo-eme-007,2,neonate,procedures,1,0,0,1,1,1.0,1.0,1.0
google_gemini-3-1-pro-preview,REC-neo-eme-007,2,neonate,temporal,0,1,2,2,1,0.0,0.0,0.0
google_gemini-3-1-pro-preview,REC-neo-eme-008,2,neonate,diagnoses,2,0,0,2,2,1.0,1.0,1.0
google_gemini-3-1-pro-preview,REC-neo-eme-008,2,neonate,medications,0,0,0,0,0,0.0,0.0,0.0
google_gemini-3-1-pro-preview,REC-neo-eme-008,2,neonate,labs,1,0,0,1,1,1.0,1.0,1.0
google_gemini-3-1-pro-preview,REC-neo-eme-008,2,neonate,procedures,1,1,0,1,2,0.5,1.0,0.6666666666666666
google_gemini-3-1-pro-preview,REC-neo-eme-008,2,neonate,temporal,0,2,3,3,2,0.0,0.0,0.0
google_gemini-3-1-pro-preview,REC-neo-eme-009,2,neonate,diagnoses,1,1,0,1,2,0.5,1.0,0.6666666666666666
google_gemini-3-1-pro-preview,REC-neo-eme-009,2,neonate,medications,1,0,0,1,1,1.0,1.0,1.0
google_gemini-3-1-pro-preview,REC-neo-eme-009,2,neonate,labs,1,0,0,1,1,1.0,1.0,1.0
google_gemini-3-1-pro-preview,REC-neo-eme-009,2,neonate,procedures,1,1,0,1,2,0.5,1.0,0.6666666666666666
google_gemini-3-1-pro-preview,REC-neo-eme-009,2,neonate,temporal,0,1,2,2,1,0.0,0.0,0.0
google_gemini-3-1-pro-preview,REC-neo-eme-010,2,neonate,diagnoses,1,0,0,1,1,1.0,1.0,1.0
google_gemini-3-1-pro-preview,REC-neo-eme-010,2,neonate,medications,1,0,0,1,1,1.0,1.0,1.0
google_gemini-3-1-pro-preview,REC-neo-eme-010,2,neonate,labs,1,0,0,1,1,1.0,1.0,1.0
google_gemini-3-1-pro-preview,REC-neo-eme-010,2,neonate,procedures,1,1,0,1,2,0.5,1.0,0.6666666666666666
google_gemini-3-1-pro-preview,REC-neo-eme-010,2,neonate,temporal,0,2,3,3,2,0.0,0.0,0.0
google_gemini-3-1-pro-preview,REC-neo-icu-001,2,neonate,diagnoses,1,0,0,1,1,1.0,1.0,1.0
google_gemini-3-1-pro-preview,REC-neo-icu-001,2,neonate,medications,1,0,0,1,1,1.0,1.0,1.0
google_gemini-3-1-pro-preview,REC-neo-icu-001,2,neonate,labs,1,0,0,1,1,1.0,1.0,1.0
google_gemini-3-1-pro-preview,REC-neo-icu-001,2,neonate,procedures,1,1,0,1,2,0.5,1.0,0.6666666666666666
google_gemini-3-1-pro-preview,REC-neo-icu-001,2,neonate,temporal,0,1,4,4,1,0.0,0.0,0.0
google_gemini-3-1-pro-preview,REC-neo-icu-002,2,neonate,diagnoses,3,1,0,3,4,0.75,1.0,0.8571428571428571
google_gemini-3-1-pro-preview,REC-neo-icu-002,2,neonate,medications,1,0,0,1,1,1.0,1.0,1.0
google_gemini-3-1-pro-preview,REC-neo-icu-002,2,neonate,labs,1,0,0,1,1,1.0,1.0,1.0
google_gemini-3-1-pro-preview,REC-neo-icu-002,2,neonate,procedures,1,0,0,1,1,1.0,1.0,1.0
google_gemini-3-1-pro-preview,REC-neo-icu-002,2,neonate,temporal,0,1,2,2,1,0.0,0.0,0.0
google_gemini-3-1-pro-preview,REC-neo-icu-003,2,neonate,diagnoses,2,0,0,2,2,1.0,1.0,1.0
google_gemini-3-1-pro-preview,REC-neo-icu-003,2,neonate,medications,1,0,0,1,1,1.0,1.0,1.0
google_gemini-3-1-pro-preview,REC-neo-icu-003,2,neonate,labs,1,0,0,1,1,1.0,1.0,1.0
google_gemini-3-1-pro-preview,REC-neo-icu-003,2,neonate,procedures,1,0,0,1,1,1.0,1.0,1.0
google_gemini-3-1-pro-preview,REC-neo-icu-003,2,neonate,temporal,0,1,2,2,1,0.0,0.0,0.0
google_gemini-3-1-pro-preview,REC-neo-icu-004,2,neonate,diagnoses,2,1,0,2,3,0.6666666666666666,1.0,0.8
google_gemini-3-1-pro-preview,REC-neo-icu-004,2,neonate,medications,1,0,0,1,1,1.0,1.0,1.0
google_gemini-3-1-pro-preview,REC-neo-icu-004,2,neonate,labs,1,0,0,1,1,1.0,1.0,1.0
google_gemini-3-1-pro-preview,REC-neo-icu-004,2,neonate,procedures,1,1,0,1,2,0.5,1.0,0.6666666666666666
google_gemini-3-1-pro-preview,REC-neo-icu-004,2,neonate,temporal,0,1,2,2,1,0.0,0.0,0.0
google_gemini-3-1-pro-preview,REC-neo-icu-005,2,neonate,diagnoses,1,0,0,1,1,1.0,1.0,1.0
google_gemini-3-1-pro-preview,REC-neo-icu-005,2,neonate,medications,1,0,0,1,1,1.0,1.0,1.0
google_gemini-3-1-pro-preview,REC-neo-icu-005,2,neonate,labs,1,0,0,1,1,1.0,1.0,1.0
google_gemini-3-1-pro-preview,REC-neo-icu-005,2,neonate,procedures,1,1,0,1,2,0.5,1.0,0.6666666666666666
google_gemini-3-1-pro-preview,REC-neo-icu-005,2,neonate,temporal,0,1,2,2,1,0.0,0.0,0.0
google_gemini-3-1-pro-preview,REC-neo-icu-006,2,neonate,diagnoses,1,1,0,1,2,0.5,1.0,0.6666666666666666
google_gemini-3-1-pro-preview,REC-neo-icu-006,2,neonate,medications,1,0,0,1,1,1.0,1.0,1.0
google_gemini-3-1-pro-preview,REC-neo-icu-006,2,neonate,labs,1,0,0,1,1,1.0,1.0,1.0
google_gemini-3-1-pro-preview,REC-neo-icu-006,2,neonate,procedures,1,1,0,1,2,0.5,1.0,0.6666666666666666
google_gemini-3-1-pro-preview,REC-neo-icu-006,2,neonate,temporal,0,1,2,2,1,0.0,0.0,0.0
google_gemini-3-1-pro-preview,REC-neo-icu-007,2,neonate,diagnoses,2,0,0,2,2,1.0,1.0,1.0
google_gemini-3-1-pro-preview,REC-neo-icu-007,2,neonate,medications,1,0,0,1,1,1.0,1.0,1.0
google_gemini-3-1-pro-preview,REC-neo-icu-007,2,neonate,labs,1,0,0,1,1,1.0,1.0,1.0
google_gemini-3-1-pro-preview,REC-neo-icu-007,2,neonate,procedures,1,0,0,1,1,1.0,1.0,1.0
google_gemini-3-1-pro-preview,REC-neo-icu-007,2,neonate,temporal,0,1,1,1,1,0.0,0.0,0.0
google_gemini-3-1-pro-preview,REC-neo-icu-008,2,neonate,diagnoses,2,1,0,2,3,0.6666666666666666,1.0,0.8
google_gemini-3-1-pro-preview,REC-neo-icu-008,2,neonate,medications,1,0,0,1,1,1.0,1.0,1.0
google_gemini-3-1-pro-preview,REC-neo-icu-008,2,neonate,labs,1,0,0,1,1,1.0,1.0,1.0
google_gemini-3-1-pro-preview,REC-neo-icu-008,2,neonate,procedures,1,1,0,1,2,0.5,1.0,0.6666666666666666
google_gemini-3-1-pro-preview,REC-neo-icu-008,2,neonate,temporal,0,2,3,3,2,0.0,0.0,0.0
google_gemini-3-1-pro-preview,REC-neo-icu-009,2,neonate,diagnoses,1,0,0,1,1,1.0,1.0,1.0
google_gemini-3-1-pro-preview,REC-neo-icu-009,2,neonate,medications,1,0,0,1,1,1.0,1.0,1.0
google_gemini-3-1-pro-preview,REC-neo-icu-009,2,neonate,labs,1,0,0,1,1,1.0,1.0,1.0
google_gemini-3-1-pro-preview,REC-neo-icu-009,2,neonate,procedures,1,0,0,1,1,1.0,1.0,1.0
google_gemini-3-1-pro-preview,REC-neo-icu-009,2,neonate,temporal,0,1,2,2,1,0.0,0.0,0.0
google_gemini-3-1-pro-preview,REC-neo-icu-010,2,neonate,diagnoses,3,1,0,3,4,0.75,1.0,0.8571428571428571
google_gemini-3-1-pro-preview,REC-neo-icu-010,2,neonate,medications,1,0,0,1,1,1.0,1.0,1.0
google_gemini-3-1-pro-preview,REC-neo-icu-010,2,neonate,labs,1,0,0,1,1,1.0,1.0,1.0
google_gemini-3-1-pro-preview,REC-neo-icu-010,2,neonate,procedures,1,0,0,1,1,1.0,1.0,1.0
google_gemini-3-1-pro-preview,REC-neo-icu-010,2,neonate,temporal,0,1,2,2,1,0.0,0.0,0.0
google_gemini-3-1-pro-preview,REC-neo-inp-001,2,neonate,diagnoses,2,0,0,2,2,1.0,1.0,1.0
google_gemini-3-1-pro-preview,REC-neo-inp-001,2,neonate,medications,1,0,0,1,1,1.0,1.0,1.0
google_gemini-3-1-pro-preview,REC-neo-inp-001,2,neonate,labs,1,0,0,1,1,1.0,1.0,1.0
google_gemini-3-1-pro-preview,REC-neo-inp-001,2,neonate,procedures,1,1,0,1,2,0.5,1.0,0.6666666666666666
google_gemini-3-1-pro-preview,REC-neo-inp-001,2,neonate,temporal,0,1,2,2,1,0.0,0.0,0.0
google_gemini-3-1-pro-preview,REC-neo-inp-002,2,neonate,diagnoses,3,0,0,3,3,1.0,1.0,1.0
google_gemini-3-1-pro-preview,REC-neo-inp-002,2,neonate,medications,0,0,0,0,0,0.0,0.0,0.0
google_gemini-3-1-pro-preview,REC-neo-inp-002,2,neonate,labs,1,0,0,1,1,1.0,1.0,1.0
google_gemini-3-1-pro-preview,REC-neo-inp-002,2,neonate,procedures,1,0,0,1,1,1.0,1.0,1.0
google_gemini-3-1-pro-preview,REC-neo-inp-002,2,neonate,temporal,0,2,2,2,2,0.0,0.0,0.0
google_gemini-3-1-pro-preview,REC-neo-inp-003,2,neonate,diagnoses,2,1,0,2,3,0.6666666666666666,1.0,0.8
google_gemini-3-1-pro-preview,REC-neo-inp-003,2,neonate,medications,1,0,0,1,1,1.0,1.0,1.0
google_gemini-3-1-pro-preview,REC-neo-inp-003,2,neonate,labs,1,0,0,1,1,1.0,1.0,1.0
google_gemini-3-1-pro-preview,REC-neo-inp-003,2,neonate,procedures,1,1,0,1,2,0.5,1.0,0.6666666666666666
google_gemini-3-1-pro-preview,REC-neo-inp-003,2,neonate,temporal,0,1,2,2,1,0.0,0.0,0.0
google_gemini-3-1-pro-preview,REC-neo-inp-004,2,neonate,diagnoses,2,0,0,2,2,1.0,1.0,1.0
google_gemini-3-1-pro-preview,REC-neo-inp-004,2,neonate,medications,1,0,0,1,1,1.0,1.0,1.0
google_gemini-3-1-pro-preview,REC-neo-inp-004,2,neonate,labs,1,0,0,1,1,1.0,1.0,1.0
google_gemini-3-1-pro-preview,REC-neo-inp-004,2,neonate,procedures,1,0,0,1,1,1.0,1.0,1.0
google_gemini-3-1-pro-preview,REC-neo-inp-004,2,neonate,temporal,0,1,3,3,1,0.0,0.0,0.0
google_gemini-3-1-pro-preview,REC-neo-inp-005,2,neonate,diagnoses,2,0,0,2,2,1.0,1.0,1.0
google_gemini-3-1-pro-preview,REC-neo-inp-005,2,neonate,medications,0,0,0,0,0,0.0,0.0,0.0
google_gemini-3-1-pro-preview,REC-neo-inp-005,2,neonate,labs,1,0,0,1,1,1.0,1.0,1.0
google_gemini-3-1-pro-preview,REC-neo-inp-005,2,neonate,procedures,1,0,0,1,1,1.0,1.0,1.0
google_gemini-3-1-pro-preview,REC-neo-inp-005,2,neonate,temporal,0,2,2,2,2,0.0,0.0,0.0
google_gemini-3-1-pro-preview,REC-neo-inp-006,2,neonate,diagnoses,1,1,0,1,2,0.5,1.0,0.6666666666666666
google_gemini-3-1-pro-preview,REC-neo-inp-006,2,neonate,medications,1,0,0,1,1,1.0,1.0,1.0
google_gemini-3-1-pro-preview,REC-neo-inp-006,2,neonate,labs,1,0,0,1,1,1.0,1.0,1.0
google_gemini-3-1-pro-preview,REC-neo-inp-006,2,neonate,procedures,1,0,0,1,1,1.0,1.0,1.0
google_gemini-3-1-pro-preview,REC-neo-inp-006,2,neonate,temporal,0,1,2,2,1,0.0,0.0,0.0
google_gemini-3-1-pro-preview,REC-neo-inp-007,2,neonate,diagnoses,1,0,0,1,1,1.0,1.0,1.0
google_gemini-3-1-pro-preview,REC-neo-inp-007,2,neonate,medications,1,0,0,1,1,1.0,1.0,1.0
google_gemini-3-1-pro-preview,REC-neo-inp-007,2,neonate,labs,1,0,0,1,1,1.0,1.0,1.0
google_gemini-3-1-pro-preview,REC-neo-inp-007,2,neonate,procedures,1,1,0,1,2,0.5,1.0,0.6666666666666666
google_gemini-3-1-pro-preview,REC-neo-inp-007,2,neonate,temporal,0,2,4,4,2,0.0,0.0,0.0
google_gemini-3-1-pro-preview,REC-neo-inp-008,2,neonate,diagnoses,2,0,0,2,2,1.0,1.0,1.0
google_gemini-3-1-pro-preview,REC-neo-inp-008,2,neonate,medications,0,0,0,0,0,0.0,0.0,0.0
google_gemini-3-1-pro-preview,REC-neo-inp-008,2,neonate,labs,1,0,0,1,1,1.0,1.0,1.0
google_gemini-3-1-pro-preview,REC-neo-inp-008,2,neonate,procedures,1,1,0,1,2,0.5,1.0,0.6666666666666666
google_gemini-3-1-pro-preview,REC-neo-inp-008,2,neonate,temporal,0,2,3,3,2,0.0,0.0,0.0
google_gemini-3-1-pro-preview,REC-neo-inp-009,2,neonate,diagnoses,1,1,0,1,2,0.5,1.0,0.6666666666666666
google_gemini-3-1-pro-preview,REC-neo-inp-009,2,neonate,medications,1,0,0,1,1,1.0,1.0,1.0
google_gemini-3-1-pro-preview,REC-neo-inp-009,2,neonate,labs,1,0,0,1,1,1.0,1.0,1.0
google_gemini-3-1-pro-preview,REC-neo-inp-009,2,neonate,procedures,1,0,0,1,1,1.0,1.0,1.0
google_gemini-3-1-pro-preview,REC-neo-inp-009,2,neonate,temporal,0,1,2,2,1,0.0,0.0,0.0
google_gemini-3-1-pro-preview,REC-neo-inp-010,2,neonate,diagnoses,1,0,0,1,1,1.0,1.0,1.0
google_gemini-3-1-pro-preview,REC-neo-inp-010,2,neonate,medications,1,0,0,1,1,1.0,1.0,1.0
google_gemini-3-1-pro-preview,REC-neo-inp-010,2,neonate,labs,1,0,0,1,1,1.0,1.0,1.0
google_gemini-3-1-pro-preview,REC-neo-inp-010,2,neonate,procedures,1,0,0,1,1,1.0,1.0,1.0
google_gemini-3-1-pro-preview,REC-neo-inp-010,2,neonate,temporal,0,2,2,2,2,0.0,0.0,0.0
google_gemini-3-1-pro-preview,REC-neo-out-001,2,neonate,diagnoses,1,0,0,1,1,1.0,1.0,1.0
google_gemini-3-1-pro-preview,REC-neo-out-001,2,neonate,medications,0,0,0,0,0,0.0,0.0,0.0
google_gemini-3-1-pro-preview,REC-neo-out-001,2,neonate,labs,1,0,0,1,1,1.0,1.0,1.0
google_gemini-3-1-pro-preview,REC-neo-out-001,2,neonate,procedures,1,1,0,1,2,0.5,1.0,0.6666666666666666
google_gemini-3-1-pro-preview,REC-neo-out-001,2,neonate,temporal,0,2,2,2,2,0.0,0.0,0.0
google_gemini-3-1-pro-preview,REC-neo-out-002,2,neonate,diagnoses,3,0,0,3,3,1.0,1.0,1.0
google_gemini-3-1-pro-preview,REC-neo-out-002,2,neonate,medications,0,0,0,0,0,0.0,0.0,0.0
google_gemini-3-1-pro-preview,REC-neo-out-002,2,neonate,labs,1,0,0,1,1,1.0,1.0,1.0
google_gemini-3-1-pro-preview,REC-neo-out-002,2,neonate,procedures,1,1,0,1,2,0.5,1.0,0.6666666666666666
google_gemini-3-1-pro-preview,REC-neo-out-002,2,neonate,temporal,0,2,2,2,2,0.0,0.0,0.0
google_gemini-3-1-pro-preview,REC-neo-out-003,2,neonate,diagnoses,2,0,0,2,2,1.0,1.0,1.0
google_gemini-3-1-pro-preview,REC-neo-out-003,2,neonate,medications,0,0,0,0,0,0.0,0.0,0.0
google_gemini-3-1-pro-preview,REC-neo-out-003,2,neonate,labs,1,0,0,1,1,1.0,1.0,1.0
google_gemini-3-1-pro-preview,REC-neo-out-003,2,neonate,procedures,1,0,0,1,1,1.0,1.0,1.0
google_gemini-3-1-pro-preview,REC-neo-out-003,2,neonate,temporal,0,1,1,1,1,0.0,0.0,0.0
google_gemini-3-1-pro-preview,REC-neo-out-004,2,neonate,diagnoses,2,0,0,2,2,1.0,1.0,1.0
google_gemini-3-1-pro-preview,REC-neo-out-004,2,neonate,medications,0,0,0,0,0,0.0,0.0,0.0
google_gemini-3-1-pro-preview,REC-neo-out-004,2,neonate,labs,1,0,0,1,1,1.0,1.0,1.0
google_gemini-3-1-pro-preview,REC-neo-out-004,2,neonate,procedures,1,1,0,1,2,0.5,1.0,0.6666666666666666
google_gemini-3-1-pro-preview,REC-neo-out-004,2,neonate,temporal,0,2,3,3,2,0.0,0.0,0.0
google_gemini-3-1-pro-preview,REC-neo-out-005,2,neonate,diagnoses,1,0,0,1,1,1.0,1.0,1.0
google_gemini-3-1-pro-preview,REC-neo-out-005,2,neonate,medications,0,0,0,0,0,0.0,0.0,0.0
google_gemini-3-1-pro-preview,REC-neo-out-005,2,neonate,labs,1,0,0,1,1,1.0,1.0,1.0
google_gemini-3-1-pro-preview,REC-neo-out-005,2,neonate,procedures,1,0,0,1,1,1.0,1.0,1.0
google_gemini-3-1-pro-preview,REC-neo-out-005,2,neonate,temporal,0,2,2,2,2,0.0,0.0,0.0
google_gemini-3-1-pro-preview,REC-neo-out-006,2,neonate,diagnoses,2,0,0,2,2,1.0,1.0,1.0
google_gemini-3-1-pro-preview,REC-neo-out-006,2,neonate,medications,0,0,0,0,0,0.0,0.0,0.0
google_gemini-3-1-pro-preview,REC-neo-out-006,2,neonate,labs,1,0,0,1,1,1.0,1.0,1.0
google_gemini-3-1-pro-preview,REC-neo-out-006,2,neonate,procedures,1,1,0,1,2,0.5,1.0,0.6666666666666666
google_gemini-3-1-pro-preview,REC-neo-out-006,2,neonate,temporal,0,2,2,2,2,0.0,0.0,0.0
google_gemini-3-1-pro-preview,REC-neo-out-007,2,neonate,diagnoses,3,0,0,3,3,1.0,1.0,1.0
google_gemini-3-1-pro-preview,REC-neo-out-007,2,neonate,medications,0,0,0,0,0,0.0,0.0,0.0
google_gemini-3-1-pro-preview,REC-neo-out-007,2,neonate,labs,1,0,0,1,1,1.0,1.0,1.0
google_gemini-3-1-pro-preview,REC-neo-out-007,2,neonate,procedures,1,1,0,1,2,0.5,1.0,0.6666666666666666
google_gemini-3-1-pro-preview,REC-neo-out-007,2,neonate,temporal,0,1,2,2,1,0.0,0.0,0.0
google_gemini-3-1-pro-preview,REC-neo-out-008,2,neonate,diagnoses,2,0,0,2,2,1.0,1.0,1.0
google_gemini-3-1-pro-preview,REC-neo-out-008,2,neonate,medications,0,0,0,0,0,0.0,0.0,0.0
google_gemini-3-1-pro-preview,REC-neo-out-008,2,neonate,labs,1,0,0,1,1,1.0,1.0,1.0
google_gemini-3-1-pro-preview,REC-neo-out-008,2,neonate,procedures,1,2,0,1,3,0.3333333333333333,1.0,0.5
google_gemini-3-1-pro-preview,REC-neo-out-008,2,neonate,temporal,0,2,3,3,2,0.0,0.0,0.0
google_gemini-3-1-pro-preview,REC-neo-out-009,2,neonate,diagnoses,2,0,0,2,2,1.0,1.0,1.0
google_gemini-3-1-pro-preview,REC-neo-out-009,2,neonate,medications,0,0,0,0,0,0.0,0.0,0.0
google_gemini-3-1-pro-preview,REC-neo-out-009,2,neonate,labs,1,0,0,1,1,1.0,1.0,1.0
google_gemini-3-1-pro-preview,REC-neo-out-009,2,neonate,procedures,1,2,0,1,3,0.3333333333333333,1.0,0.5
google_gemini-3-1-pro-preview,REC-neo-out-009,2,neonate,temporal,0,2,3,3,2,0.0,0.0,0.0
google_gemini-3-1-pro-preview,REC-neo-out-010,2,neonate,diagnoses,2,0,0,2,2,1.0,1.0,1.0
google_gemini-3-1-pro-preview,REC-neo-out-010,2,neonate,medications,0,0,0,0,0,0.0,0.0,0.0
google_gemini-3-1-pro-preview,REC-neo-out-010,2,neonate,labs,1,0,0,1,1,1.0,1.0,1.0
google_gemini-3-1-pro-preview,REC-neo-out-010,2,neonate,procedures,1,1,0,1,2,0.5,1.0,0.6666666666666666
google_gemini-3-1-pro-preview,REC-neo-out-010,2,neonate,temporal,0,3,3,3,3,0.0,0.0,0.0
openai_gpt-5-5-2026-04-23,REC-ado-eme-001,3,adolescent,diagnoses,2,0,0,2,2,1.0,1.0,1.0
openai_gpt-5-5-2026-04-23,REC-ado-eme-001,3,adolescent,medications,1,0,0,1,1,1.0,1.0,1.0
openai_gpt-5-5-2026-04-23,REC-ado-eme-001,3,adolescent,labs,1,0,0,1,1,1.0,1.0,1.0
openai_gpt-5-5-2026-04-23,REC-ado-eme-001,3,adolescent,procedures,1,0,0,1,1,1.0,1.0,1.0
openai_gpt-5-5-2026-04-23,REC-ado-eme-001,3,adolescent,temporal,0,4,0,0,4,0.0,0.0,0.0
openai_gpt-5-5-2026-04-23,REC-ado-eme-002,3,adolescent,diagnoses,2,1,0,2,3,0.6666666666666666,1.0,0.8
openai_gpt-5-5-2026-04-23,REC-ado-eme-002,3,adolescent,medications,1,0,0,1,1,1.0,1.0,1.0
openai_gpt-5-5-2026-04-23,REC-ado-eme-002,3,adolescent,labs,0,0,0,0,0,0.0,0.0,0.0
openai_gpt-5-5-2026-04-23,REC-ado-eme-002,3,adolescent,procedures,1,1,0,1,2,0.5,1.0,0.6666666666666666
openai_gpt-5-5-2026-04-23,REC-ado-eme-002,3,adolescent,temporal,0,5,2,2,5,0.0,0.0,0.0
openai_gpt-5-5-2026-04-23,REC-ado-eme-003,3,adolescent,diagnoses,1,1,0,1,2,0.5,1.0,0.6666666666666666
openai_gpt-5-5-2026-04-23,REC-ado-eme-003,3,adolescent,medications,1,0,0,1,1,1.0,1.0,1.0
openai_gpt-5-5-2026-04-23,REC-ado-eme-003,3,adolescent,labs,0,0,0,0,0,0.0,0.0,0.0
openai_gpt-5-5-2026-04-23,REC-ado-eme-003,3,adolescent,procedures,1,1,0,1,2,0.5,1.0,0.6666666666666666
openai_gpt-5-5-2026-04-23,REC-ado-eme-003,3,adolescent,temporal,0,3,2,2,3,0.0,0.0,0.0
openai_gpt-5-5-2026-04-23,REC-ado-eme-004,3,adolescent,diagnoses,2,1,0,2,3,0.6666666666666666,1.0,0.8
openai_gpt-5-5-2026-04-23,REC-ado-eme-004,3,adolescent,medications,1,0,0,1,1,1.0,1.0,1.0
openai_gpt-5-5-2026-04-23,REC-ado-eme-004,3,adolescent,labs,1,0,0,1,1,1.0,1.0,1.0
openai_gpt-5-5-2026-04-23,REC-ado-eme-004,3,adolescent,procedures,1,1,0,1,2,0.5,1.0,0.6666666666666666
openai_gpt-5-5-2026-04-23,REC-ado-eme-004,3,adolescent,temporal,0,3,2,2,3,0.0,0.0,0.0
openai_gpt-5-5-2026-04-23,REC-ado-eme-005,3,adolescent,diagnoses,2,0,0,2,2,1.0,1.0,1.0
openai_gpt-5-5-2026-04-23,REC-ado-eme-005,3,adolescent,medications,1,0,0,1,1,1.0,1.0,1.0
openai_gpt-5-5-2026-04-23,REC-ado-eme-005,3,adolescent,labs,0,0,0,0,0,0.0,0.0,0.0
openai_gpt-5-5-2026-04-23,REC-ado-eme-005,3,adolescent,procedures,1,1,0,1,2,0.5,1.0,0.6666666666666666
openai_gpt-5-5-2026-04-23,REC-ado-eme-005,3,adolescent,temporal,0,3,1,1,3,0.0,0.0,0.0
openai_gpt-5-5-2026-04-23,REC-ado-eme-006,3,adolescent,diagnoses,2,1,0,2,3,0.6666666666666666,1.0,0.8
openai_gpt-5-5-2026-04-23,REC-ado-eme-006,3,adolescent,medications,1,0,0,1,1,1.0,1.0,1.0
openai_gpt-5-5-2026-04-23,REC-ado-eme-006,3,adolescent,labs,0,0,0,0,0,0.0,0.0,0.0
openai_gpt-5-5-2026-04-23,REC-ado-eme-006,3,adolescent,procedures,1,1,0,1,2,0.5,1.0,0.6666666666666666
openai_gpt-5-5-2026-04-23,REC-ado-eme-006,3,adolescent,temporal,0,4,2,2,4,0.0,0.0,0.0
openai_gpt-5-5-2026-04-23,REC-ado-eme-007,3,adolescent,diagnoses,3,0,0,3,3,1.0,1.0,1.0
openai_gpt-5-5-2026-04-23,REC-ado-eme-007,3,adolescent,medications,1,0,0,1,1,1.0,1.0,1.0
openai_gpt-5-5-2026-04-23,REC-ado-eme-007,3,adolescent,labs,1,0,0,1,1,1.0,1.0,1.0
openai_gpt-5-5-2026-04-23,REC-ado-eme-007,3,adolescent,procedures,1,1,0,1,2,0.5,1.0,0.6666666666666666
openai_gpt-5-5-2026-04-23,REC-ado-eme-007,3,adolescent,temporal,0,3,1,1,3,0.0,0.0,0.0
openai_gpt-5-5-2026-04-23,REC-ado-eme-008,3,adolescent,diagnoses,2,0,0,2,2,1.0,1.0,1.0
openai_gpt-5-5-2026-04-23,REC-ado-eme-008,3,adolescent,medications,1,0,0,1,1,1.0,1.0,1.0
openai_gpt-5-5-2026-04-23,REC-ado-eme-008,3,adolescent,labs,0,0,0,0,0,0.0,0.0,0.0
openai_gpt-5-5-2026-04-23,REC-ado-eme-008,3,adolescent,procedures,1,2,0,1,3,0.3333333333333333,1.0,0.5
openai_gpt-5-5-2026-04-23,REC-ado-eme-008,3,adolescent,temporal,0,4,2,2,4,0.0,0.0,0.0
openai_gpt-5-5-2026-04-23,REC-ado-eme-009,3,adolescent,diagnoses,2,0,0,2,2,1.0,1.0,1.0
openai_gpt-5-5-2026-04-23,REC-ado-eme-009,3,adolescent,medications,1,0,0,1,1,1.0,1.0,1.0
openai_gpt-5-5-2026-04-23,REC-ado-eme-009,3,adolescent,labs,0,0,0,0,0,0.0,0.0,0.0
openai_gpt-5-5-2026-04-23,REC-ado-eme-009,3,adolescent,procedures,1,0,0,1,1,1.0,1.0,1.0
openai_gpt-5-5-2026-04-23,REC-ado-eme-009,3,adolescent,temporal,0,4,2,2,4,0.0,0.0,0.0
openai_gpt-5-5-2026-04-23,REC-ado-eme-010,3,adolescent,diagnoses,1,1,0,1,2,0.5,1.0,0.6666666666666666
openai_gpt-5-5-2026-04-23,REC-ado-eme-010,3,adolescent,medications,1,0,0,1,1,1.0,1.0,1.0
openai_gpt-5-5-2026-04-23,REC-ado-eme-010,3,adolescent,labs,1,0,0,1,1,1.0,1.0,1.0
openai_gpt-5-5-2026-04-23,REC-ado-eme-010,3,adolescent,procedures,1,1,0,1,2,0.5,1.0,0.6666666666666666
openai_gpt-5-5-2026-04-23,REC-ado-eme-010,3,adolescent,temporal,0,3,3,3,3,0.0,0.0,0.0
openai_gpt-5-5-2026-04-23,REC-ado-icu-001,3,adolescent,diagnoses,1,0,0,1,1,1.0,1.0,1.0
openai_gpt-5-5-2026-04-23,REC-ado-icu-001,3,adolescent,medications,1,0,0,1,1,1.0,1.0,1.0
openai_gpt-5-5-2026-04-23,REC-ado-icu-001,3,adolescent,labs,1,0,0,1,1,1.0,1.0,1.0
openai_gpt-5-5-2026-04-23,REC-ado-icu-001,3,adolescent,procedures,1,1,0,1,2,0.5,1.0,0.6666666666666666
openai_gpt-5-5-2026-04-23,REC-ado-icu-001,3,adolescent,temporal,0,5,1,1,5,0.0,0.0,0.0
openai_gpt-5-5-2026-04-23,REC-ado-icu-002,3,adolescent,diagnoses,2,0,0,2,2,1.0,1.0,1.0
openai_gpt-5-5-2026-04-23,REC-ado-icu-002,3,adolescent,medications,1,0,0,1,1,1.0,1.0,1.0
openai_gpt-5-5-2026-04-23,REC-ado-icu-002,3,adolescent,labs,1,0,0,1,1,1.0,1.0,1.0
openai_gpt-5-5-2026-04-23,REC-ado-icu-002,3,adolescent,procedures,1,1,0,1,2,0.5,1.0,0.6666666666666666
openai_gpt-5-5-2026-04-23,REC-ado-icu-002,3,adolescent,temporal,0,2,1,1,2,0.0,0.0,0.0
openai_gpt-5-5-2026-04-23,REC-ado-icu-003,3,adolescent,diagnoses,2,1,0,2,3,0.6666666666666666,1.0,0.8
openai_gpt-5-5-2026-04-23,REC-ado-icu-003,3,adolescent,medications,1,0,0,1,1,1.0,1.0,1.0
openai_gpt-5-5-2026-04-23,REC-ado-icu-003,3,adolescent,labs,1,0,0,1,1,1.0,1.0,1.0
openai_gpt-5-5-2026-04-23,REC-ado-icu-003,3,adolescent,procedures,1,1,0,1,2,0.5,1.0,0.6666666666666666
openai_gpt-5-5-2026-04-23,REC-ado-icu-003,3,adolescent,temporal,0,3,2,2,3,0.0,0.0,0.0
openai_gpt-5-5-2026-04-23,REC-ado-icu-004,3,adolescent,diagnoses,2,0,0,2,2,1.0,1.0,1.0
openai_gpt-5-5-2026-04-23,REC-ado-icu-004,3,adolescent,medications,1,0,0,1,1,1.0,1.0,1.0
openai_gpt-5-5-2026-04-23,REC-ado-icu-004,3,adolescent,labs,1,0,0,1,1,1.0,1.0,1.0
openai_gpt-5-5-2026-04-23,REC-ado-icu-004,3,adolescent,procedures,1,1,0,1,2,0.5,1.0,0.6666666666666666
openai_gpt-5-5-2026-04-23,REC-ado-icu-004,3,adolescent,temporal,0,6,2,2,6,0.0,0.0,0.0
openai_gpt-5-5-2026-04-23,REC-ado-icu-005,3,adolescent,diagnoses,2,1,0,2,3,0.6666666666666666,1.0,0.8
openai_gpt-5-5-2026-04-23,REC-ado-icu-005,3,adolescent,medications,1,0,0,1,1,1.0,1.0,1.0
openai_gpt-5-5-2026-04-23,REC-ado-icu-005,3,adolescent,labs,1,0,0,1,1,1.0,1.0,1.0
openai_gpt-5-5-2026-04-23,REC-ado-icu-005,3,adolescent,procedures,1,1,0,1,2,0.5,1.0,0.6666666666666666
openai_gpt-5-5-2026-04-23,REC-ado-icu-005,3,adolescent,temporal,0,5,2,2,5,0.0,0.0,0.0
openai_gpt-5-5-2026-04-23,REC-ado-icu-006,3,adolescent,diagnoses,2,1,0,2,3,0.6666666666666666,1.0,0.8
openai_gpt-5-5-2026-04-23,REC-ado-icu-006,3,adolescent,medications,1,0,0,1,1,1.0,1.0,1.0
openai_gpt-5-5-2026-04-23,REC-ado-icu-006,3,adolescent,labs,1,0,0,1,1,1.0,1.0,1.0
openai_gpt-5-5-2026-04-23,REC-ado-icu-006,3,adolescent,procedures,1,0,0,1,1,1.0,1.0,1.0
openai_gpt-5-5-2026-04-23,REC-ado-icu-006,3,adolescent,temporal,0,4,1,1,4,0.0,0.0,0.0
openai_gpt-5-5-2026-04-23,REC-ado-icu-007,3,adolescent,diagnoses,1,1,0,1,2,0.5,1.0,0.6666666666666666
openai_gpt-5-5-2026-04-23,REC-ado-icu-007,3,adolescent,medications,1,0,0,1,1,1.0,1.0,1.0
openai_gpt-5-5-2026-04-23,REC-ado-icu-007,3,adolescent,labs,1,0,0,1,1,1.0,1.0,1.0
openai_gpt-5-5-2026-04-23,REC-ado-icu-007,3,adolescent,procedures,1,1,0,1,2,0.5,1.0,0.6666666666666666
openai_gpt-5-5-2026-04-23,REC-ado-icu-007,3,adolescent,temporal,0,4,2,2,4,0.0,0.0,0.0
openai_gpt-5-5-2026-04-23,REC-ado-icu-008,3,adolescent,diagnoses,1,1,0,1,2,0.5,1.0,0.6666666666666666
openai_gpt-5-5-2026-04-23,REC-ado-icu-008,3,adolescent,medications,1,0,0,1,1,1.0,1.0,1.0
openai_gpt-5-5-2026-04-23,REC-ado-icu-008,3,adolescent,labs,1,0,0,1,1,1.0,1.0,1.0
openai_gpt-5-5-2026-04-23,REC-ado-icu-008,3,adolescent,procedures,1,1,0,1,2,0.5,1.0,0.6666666666666666
openai_gpt-5-5-2026-04-23,REC-ado-icu-008,3,adolescent,temporal,0,4,2,2,4,0.0,0.0,0.0
openai_gpt-5-5-2026-04-23,REC-ado-icu-009,3,adolescent,diagnoses,2,0,0,2,2,1.0,1.0,1.0
openai_gpt-5-5-2026-04-23,REC-ado-icu-009,3,adolescent,medications,1,0,0,1,1,1.0,1.0,1.0
openai_gpt-5-5-2026-04-23,REC-ado-icu-009,3,adolescent,labs,1,0,0,1,1,1.0,1.0,1.0
openai_gpt-5-5-2026-04-23,REC-ado-icu-009,3,adolescent,procedures,1,0,0,1,1,1.0,1.0,1.0
openai_gpt-5-5-2026-04-23,REC-ado-icu-009,3,adolescent,temporal,0,1,1,1,1,0.0,0.0,0.0
openai_gpt-5-5-2026-04-23,REC-ado-icu-010,3,adolescent,diagnoses,2,0,0,2,2,1.0,1.0,1.0
openai_gpt-5-5-2026-04-23,REC-ado-icu-010,3,adolescent,medications,1,0,0,1,1,1.0,1.0,1.0
openai_gpt-5-5-2026-04-23,REC-ado-icu-010,3,adolescent,labs,1,0,0,1,1,1.0,1.0,1.0
openai_gpt-5-5-2026-04-23,REC-ado-icu-010,3,adolescent,procedures,1,1,0,1,2,0.5,1.0,0.6666666666666666
openai_gpt-5-5-2026-04-23,REC-ado-icu-010,3,adolescent,temporal,0,4,1,1,4,0.0,0.0,0.0
openai_gpt-5-5-2026-04-23,REC-ado-inp-001,3,adolescent,diagnoses,2,0,0,2,2,1.0,1.0,1.0
openai_gpt-5-5-2026-04-23,REC-ado-inp-001,3,adolescent,medications,1,0,0,1,1,1.0,1.0,1.0
openai_gpt-5-5-2026-04-23,REC-ado-inp-001,3,adolescent,labs,1,0,0,1,1,1.0,1.0,1.0
openai_gpt-5-5-2026-04-23,REC-ado-inp-001,3,adolescent,procedures,1,2,0,1,3,0.3333333333333333,1.0,0.5
openai_gpt-5-5-2026-04-23,REC-ado-inp-001,3,adolescent,temporal,0,6,2,2,6,0.0,0.0,0.0
openai_gpt-5-5-2026-04-23,REC-ado-inp-002,3,adolescent,diagnoses,2,0,0,2,2,1.0,1.0,1.0
openai_gpt-5-5-2026-04-23,REC-ado-inp-002,3,adolescent,medications,1,0,0,1,1,1.0,1.0,1.0
openai_gpt-5-5-2026-04-23,REC-ado-inp-002,3,adolescent,labs,0,0,0,0,0,0.0,0.0,0.0
openai_gpt-5-5-2026-04-23,REC-ado-inp-002,3,adolescent,procedures,1,1,0,1,2,0.5,1.0,0.6666666666666666
openai_gpt-5-5-2026-04-23,REC-ado-inp-002,3,adolescent,temporal,0,3,2,2,3,0.0,0.0,0.0
openai_gpt-5-5-2026-04-23,REC-ado-inp-003,3,adolescent,diagnoses,2,1,0,2,3,0.6666666666666666,1.0,0.8
openai_gpt-5-5-2026-04-23,REC-ado-inp-003,3,adolescent,medications,1,0,0,1,1,1.0,1.0,1.0
openai_gpt-5-5-2026-04-23,REC-ado-inp-003,3,adolescent,labs,0,0,0,0,0,0.0,0.0,0.0
openai_gpt-5-5-2026-04-23,REC-ado-inp-003,3,adolescent,procedures,1,1,0,1,2,0.5,1.0,0.6666666666666666
openai_gpt-5-5-2026-04-23,REC-ado-inp-003,3,adolescent,temporal,0,4,2,2,4,0.0,0.0,0.0
openai_gpt-5-5-2026-04-23,REC-ado-inp-004,3,adolescent,diagnoses,3,1,0,3,4,0.75,1.0,0.8571428571428571
openai_gpt-5-5-2026-04-23,REC-ado-inp-004,3,adolescent,medications,1,0,0,1,1,1.0,1.0,1.0
openai_gpt-5-5-2026-04-23,REC-ado-inp-004,3,adolescent,labs,1,0,0,1,1,1.0,1.0,1.0
openai_gpt-5-5-2026-04-23,REC-ado-inp-004,3,adolescent,procedures,1,0,0,1,1,1.0,1.0,1.0
openai_gpt-5-5-2026-04-23,REC-ado-inp-004,3,adolescent,temporal,0,6,1,1,6,0.0,0.0,0.0
openai_gpt-5-5-2026-04-23,REC-ado-inp-005,3,adolescent,diagnoses,2,0,0,2,2,1.0,1.0,1.0
openai_gpt-5-5-2026-04-23,REC-ado-inp-005,3,adolescent,medications,1,0,0,1,1,1.0,1.0,1.0
openai_gpt-5-5-2026-04-23,REC-ado-inp-005,3,adolescent,labs,0,0,0,0,0,0.0,0.0,0.0
openai_gpt-5-5-2026-04-23,REC-ado-inp-005,3,adolescent,procedures,1,1,0,1,2,0.5,1.0,0.6666666666666666
openai_gpt-5-5-2026-04-23,REC-ado-inp-005,3,adolescent,temporal,0,3,2,2,3,0.0,0.0,0.0
openai_gpt-5-5-2026-04-23,REC-ado-inp-006,3,adolescent,diagnoses,2,1,0,2,3,0.6666666666666666,1.0,0.8
openai_gpt-5-5-2026-04-23,REC-ado-inp-006,3,adolescent,medications,1,0,0,1,1,1.0,1.0,1.0
openai_gpt-5-5-2026-04-23,REC-ado-inp-006,3,adolescent,labs,0,0,0,0,0,0.0,0.0,0.0
openai_gpt-5-5-2026-04-23,REC-ado-inp-006,3,adolescent,procedures,1,1,0,1,2,0.5,1.0,0.6666666666666666
openai_gpt-5-5-2026-04-23,REC-ado-inp-006,3,adolescent,temporal,0,4,2,2,4,0.0,0.0,0.0
openai_gpt-5-5-2026-04-23,REC-ado-inp-007,3,adolescent,diagnoses,1,0,0,1,1,1.0,1.0,1.0
openai_gpt-5-5-2026-04-23,REC-ado-inp-007,3,adolescent,medications,1,0,0,1,1,1.0,1.0,1.0
openai_gpt-5-5-2026-04-23,REC-ado-inp-007,3,adolescent,labs,1,0,0,1,1,1.0,1.0,1.0
openai_gpt-5-5-2026-04-23,REC-ado-inp-007,3,adolescent,procedures,1,1,0,1,2,0.5,1.0,0.6666666666666666
openai_gpt-5-5-2026-04-23,REC-ado-inp-007,3,adolescent,temporal,0,5,1,1,5,0.0,0.0,0.0
openai_gpt-5-5-2026-04-23,REC-ado-inp-008,3,adolescent,diagnoses,2,1,0,2,3,0.6666666666666666,1.0,0.8
openai_gpt-5-5-2026-04-23,REC-ado-inp-008,3,adolescent,medications,1,0,0,1,1,1.0,1.0,1.0
openai_gpt-5-5-2026-04-23,REC-ado-inp-008,3,adolescent,labs,0,0,0,0,0,0.0,0.0,0.0
openai_gpt-5-5-2026-04-23,REC-ado-inp-008,3,adolescent,procedures,1,0,0,1,1,1.0,1.0,1.0
openai_gpt-5-5-2026-04-23,REC-ado-inp-008,3,adolescent,temporal,0,5,1,1,5,0.0,0.0,0.0
openai_gpt-5-5-2026-04-23,REC-ado-inp-009,3,adolescent,diagnoses,2,0,0,2,2,1.0,1.0,1.0
openai_gpt-5-5-2026-04-23,REC-ado-inp-009,3,adolescent,medications,1,0,0,1,1,1.0,1.0,1.0
openai_gpt-5-5-2026-04-23,REC-ado-inp-009,3,adolescent,labs,0,0,0,0,0,0.0,0.0,0.0
openai_gpt-5-5-2026-04-23,REC-ado-inp-009,3,adolescent,procedures,1,0,0,1,1,1.0,1.0,1.0
openai_gpt-5-5-2026-04-23,REC-ado-inp-009,3,adolescent,temporal,0,5,0,0,5,0.0,0.0,0.0
openai_gpt-5-5-2026-04-23,REC-ado-inp-010,3,adolescent,diagnoses,1,1,0,1,2,0.5,1.0,0.6666666666666666
openai_gpt-5-5-2026-04-23,REC-ado-inp-010,3,adolescent,medications,1,0,0,1,1,1.0,1.0,1.0
openai_gpt-5-5-2026-04-23,REC-ado-inp-010,3,adolescent,labs,1,0,0,1,1,1.0,1.0,1.0
openai_gpt-5-5-2026-04-23,REC-ado-inp-010,3,adolescent,procedures,1,0,0,1,1,1.0,1.0,1.0
openai_gpt-5-5-2026-04-23,REC-ado-inp-010,3,adolescent,temporal,0,4,1,1,4,0.0,0.0,0.0
openai_gpt-5-5-2026-04-23,REC-ado-out-001,3,adolescent,diagnoses,3,0,0,3,3,1.0,1.0,1.0
openai_gpt-5-5-2026-04-23,REC-ado-out-001,3,adolescent,medications,1,0,0,1,1,1.0,1.0,1.0
openai_gpt-5-5-2026-04-23,REC-ado-out-001,3,adolescent,labs,0,0,0,0,0,0.0,0.0,0.0
openai_gpt-5-5-2026-04-23,REC-ado-out-001,3,adolescent,procedures,1,0,0,1,1,1.0,1.0,1.0
openai_gpt-5-5-2026-04-23,REC-ado-out-001,3,adolescent,temporal,0,2,0,0,2,0.0,0.0,0.0
openai_gpt-5-5-2026-04-23,REC-ado-out-002,3,adolescent,diagnoses,2,0,0,2,2,1.0,1.0,1.0
openai_gpt-5-5-2026-04-23,REC-ado-out-002,3,adolescent,medications,1,0,0,1,1,1.0,1.0,1.0
openai_gpt-5-5-2026-04-23,REC-ado-out-002,3,adolescent,labs,0,0,0,0,0,0.0,0.0,0.0
openai_gpt-5-5-2026-04-23,REC-ado-out-002,3,adolescent,procedures,1,2,0,1,3,0.3333333333333333,1.0,0.5
openai_gpt-5-5-2026-04-23,REC-ado-out-002,3,adolescent,temporal,0,3,2,2,3,0.0,0.0,0.0
openai_gpt-5-5-2026-04-23,REC-ado-out-003,3,adolescent,diagnoses,2,0,0,2,2,1.0,1.0,1.0
openai_gpt-5-5-2026-04-23,REC-ado-out-003,3,adolescent,medications,1,0,0,1,1,1.0,1.0,1.0
openai_gpt-5-5-2026-04-23,REC-ado-out-003,3,adolescent,labs,0,0,0,0,0,0.0,0.0,0.0
openai_gpt-5-5-2026-04-23,REC-ado-out-003,3,adolescent,procedures,1,1,0,1,2,0.5,1.0,0.6666666666666666
openai_gpt-5-5-2026-04-23,REC-ado-out-003,3,adolescent,temporal,0,3,1,1,3,0.0,0.0,0.0
openai_gpt-5-5-2026-04-23,REC-ado-out-004,3,adolescent,diagnoses,1,0,0,1,1,1.0,1.0,1.0
openai_gpt-5-5-2026-04-23,REC-ado-out-004,3,adolescent,medications,1,0,0,1,1,1.0,1.0,1.0
openai_gpt-5-5-2026-04-23,REC-ado-out-004,3,adolescent,labs,0,0,0,0,0,0.0,0.0,0.0
openai_gpt-5-5-2026-04-23,REC-ado-out-004,3,adolescent,procedures,1,1,0,1,2,0.5,1.0,0.6666666666666666
openai_gpt-5-5-2026-04-23,REC-ado-out-004,3,adolescent,temporal,0,2,1,1,2,0.0,0.0,0.0
openai_gpt-5-5-2026-04-23,REC-ado-out-005,3,adolescent,diagnoses,2,0,0,2,2,1.0,1.0,1.0
openai_gpt-5-5-2026-04-23,REC-ado-out-005,3,adolescent,medications,1,0,0,1,1,1.0,1.0,1.0
openai_gpt-5-5-2026-04-23,REC-ado-out-005,3,adolescent,labs,0,0,0,0,0,0.0,0.0,0.0
openai_gpt-5-5-2026-04-23,REC-ado-out-005,3,adolescent,procedures,1,1,0,1,2,0.5,1.0,0.6666666666666666
openai_gpt-5-5-2026-04-23,REC-ado-out-005,3,adolescent,temporal,0,4,1,1,4,0.0,0.0,0.0
openai_gpt-5-5-2026-04-23,REC-ado-out-006,3,adolescent,diagnoses,1,0,0,1,1,1.0,1.0,1.0
openai_gpt-5-5-2026-04-23,REC-ado-out-006,3,adolescent,medications,1,0,0,1,1,1.0,1.0,1.0
openai_gpt-5-5-2026-04-23,REC-ado-out-006,3,adolescent,labs,0,0,0,0,0,0.0,0.0,0.0
openai_gpt-5-5-2026-04-23,REC-ado-out-006,3,adolescent,procedures,1,1,0,1,2,0.5,1.0,0.6666666666666666
openai_gpt-5-5-2026-04-23,REC-ado-out-006,3,adolescent,temporal,0,2,1,1,2,0.0,0.0,0.0
openai_gpt-5-5-2026-04-23,REC-ado-out-007,3,adolescent,diagnoses,2,0,0,2,2,1.0,1.0,1.0
openai_gpt-5-5-2026-04-23,REC-ado-out-007,3,adolescent,medications,1,0,0,1,1,1.0,1.0,1.0
openai_gpt-5-5-2026-04-23,REC-ado-out-007,3,adolescent,labs,0,0,0,0,0,0.0,0.0,0.0
openai_gpt-5-5-2026-04-23,REC-ado-out-007,3,adolescent,procedures,1,1,0,1,2,0.5,1.0,0.6666666666666666
openai_gpt-5-5-2026-04-23,REC-ado-out-007,3,adolescent,temporal,0,4,2,2,4,0.0,0.0,0.0
openai_gpt-5-5-2026-04-23,REC-ado-out-008,3,adolescent,diagnoses,1,0,0,1,1,1.0,1.0,1.0
openai_gpt-5-5-2026-04-23,REC-ado-out-008,3,adolescent,medications,1,0,0,1,1,1.0,1.0,1.0
openai_gpt-5-5-2026-04-23,REC-ado-out-008,3,adolescent,labs,0,0,0,0,0,0.0,0.0,0.0
openai_gpt-5-5-2026-04-23,REC-ado-out-008,3,adolescent,procedures,1,1,0,1,2,0.5,1.0,0.6666666666666666
openai_gpt-5-5-2026-04-23,REC-ado-out-008,3,adolescent,temporal,0,3,1,1,3,0.0,0.0,0.0
openai_gpt-5-5-2026-04-23,REC-ado-out-009,3,adolescent,diagnoses,2,1,0,2,3,0.6666666666666666,1.0,0.8
openai_gpt-5-5-2026-04-23,REC-ado-out-009,3,adolescent,medications,1,0,0,1,1,1.0,1.0,1.0
openai_gpt-5-5-2026-04-23,REC-ado-out-009,3,adolescent,labs,0,0,0,0,0,0.0,0.0,0.0
openai_gpt-5-5-2026-04-23,REC-ado-out-009,3,adolescent,procedures,1,1,0,1,2,0.5,1.0,0.6666666666666666
openai_gpt-5-5-2026-04-23,REC-ado-out-009,3,adolescent,temporal,0,5,2,2,5,0.0,0.0,0.0
openai_gpt-5-5-2026-04-23,REC-ado-out-010,3,adolescent,diagnoses,2,0,0,2,2,1.0,1.0,1.0
openai_gpt-5-5-2026-04-23,REC-ado-out-010,3,adolescent,medications,1,0,0,1,1,1.0,1.0,1.0
openai_gpt-5-5-2026-04-23,REC-ado-out-010,3,adolescent,labs,0,0,0,0,0,0.0,0.0,0.0
openai_gpt-5-5-2026-04-23,REC-ado-out-010,3,adolescent,procedures,1,0,0,1,1,1.0,1.0,1.0
openai_gpt-5-5-2026-04-23,REC-ado-out-010,3,adolescent,temporal,0,3,1,1,3,0.0,0.0,0.0
openai_gpt-5-5-2026-04-23,REC-chi-eme-001,3,child,diagnoses,2,0,0,2,2,1.0,1.0,1.0
openai_gpt-5-5-2026-04-23,REC-chi-eme-001,3,child,medications,1,0,0,1,1,1.0,1.0,1.0
openai_gpt-5-5-2026-04-23,REC-chi-eme-001,3,child,labs,0,0,0,0,0,0.0,0.0,0.0
openai_gpt-5-5-2026-04-23,REC-chi-eme-001,3,child,procedures,1,1,0,1,2,0.5,1.0,0.6666666666666666
openai_gpt-5-5-2026-04-23,REC-chi-eme-001,3,child,temporal,1,3,1,2,4,0.25,0.5,0.3333333333333333
openai_gpt-5-5-2026-04-23,REC-chi-eme-002,3,child,diagnoses,2,0,0,2,2,1.0,1.0,1.0
openai_gpt-5-5-2026-04-23,REC-chi-eme-002,3,child,medications,1,0,0,1,1,1.0,1.0,1.0
openai_gpt-5-5-2026-04-23,REC-chi-eme-002,3,child,labs,1,0,0,1,1,1.0,1.0,1.0
openai_gpt-5-5-2026-04-23,REC-chi-eme-002,3,child,procedures,1,0,0,1,1,1.0,1.0,1.0
openai_gpt-5-5-2026-04-23,REC-chi-eme-002,3,child,temporal,0,3,0,0,3,0.0,0.0,0.0
openai_gpt-5-5-2026-04-23,REC-chi-eme-003,3,child,diagnoses,1,0,0,1,1,1.0,1.0,1.0
openai_gpt-5-5-2026-04-23,REC-chi-eme-003,3,child,medications,1,0,0,1,1,1.0,1.0,1.0
openai_gpt-5-5-2026-04-23,REC-chi-eme-003,3,child,labs,1,0,0,1,1,1.0,1.0,1.0
openai_gpt-5-5-2026-04-23,REC-chi-eme-003,3,child,procedures,1,0,0,1,1,1.0,1.0,1.0
openai_gpt-5-5-2026-04-23,REC-chi-eme-003,3,child,temporal,1,3,0,1,4,0.25,1.0,0.4
openai_gpt-5-5-2026-04-23,REC-chi-eme-004,3,child,diagnoses,2,1,0,2,3,0.6666666666666666,1.0,0.8
openai_gpt-5-5-2026-04-23,REC-chi-eme-004,3,child,medications,1,0,0,1,1,1.0,1.0,1.0
openai_gpt-5-5-2026-04-23,REC-chi-eme-004,3,child,labs,0,0,0,0,0,0.0,0.0,0.0
openai_gpt-5-5-2026-04-23,REC-chi-eme-004,3,child,procedures,1,0,0,1,1,1.0,1.0,1.0
openai_gpt-5-5-2026-04-23,REC-chi-eme-004,3,child,temporal,1,3,1,2,4,0.25,0.5,0.3333333333333333
openai_gpt-5-5-2026-04-23,REC-chi-eme-005,3,child,diagnoses,2,0,0,2,2,1.0,1.0,1.0
openai_gpt-5-5-2026-04-23,REC-chi-eme-005,3,child,medications,1,0,0,1,1,1.0,1.0,1.0
openai_gpt-5-5-2026-04-23,REC-chi-eme-005,3,child,labs,1,0,0,1,1,1.0,1.0,1.0
openai_gpt-5-5-2026-04-23,REC-chi-eme-005,3,child,procedures,1,0,0,1,1,1.0,1.0,1.0
openai_gpt-5-5-2026-04-23,REC-chi-eme-005,3,child,temporal,0,5,0,0,5,0.0,0.0,0.0
openai_gpt-5-5-2026-04-23,REC-chi-eme-006,3,child,diagnoses,2,0,0,2,2,1.0,1.0,1.0
openai_gpt-5-5-2026-04-23,REC-chi-eme-006,3,child,medications,1,0,0,1,1,1.0,1.0,1.0
openai_gpt-5-5-2026-04-23,REC-chi-eme-006,3,child,labs,1,0,0,1,1,1.0,1.0,1.0
openai_gpt-5-5-2026-04-23,REC-chi-eme-006,3,child,procedures,1,0,0,1,1,1.0,1.0,1.0
openai_gpt-5-5-2026-04-23,REC-chi-eme-006,3,child,temporal,0,3,0,0,3,0.0,0.0,0.0
openai_gpt-5-5-2026-04-23,REC-chi-eme-007,3,child,diagnoses,2,1,0,2,3,0.6666666666666666,1.0,0.8
openai_gpt-5-5-2026-04-23,REC-chi-eme-007,3,child,medications,1,0,0,1,1,1.0,1.0,1.0
openai_gpt-5-5-2026-04-23,REC-chi-eme-007,3,child,labs,0,0,0,0,0,0.0,0.0,0.0
openai_gpt-5-5-2026-04-23,REC-chi-eme-007,3,child,procedures,1,1,0,1,2,0.5,1.0,0.6666666666666666
openai_gpt-5-5-2026-04-23,REC-chi-eme-007,3,child,temporal,0,4,2,2,4,0.0,0.0,0.0
openai_gpt-5-5-2026-04-23,REC-chi-eme-008,3,child,diagnoses,2,0,0,2,2,1.0,1.0,1.0
openai_gpt-5-5-2026-04-23,REC-chi-eme-008,3,child,medications,1,0,0,1,1,1.0,1.0,1.0
openai_gpt-5-5-2026-04-23,REC-chi-eme-008,3,child,labs,1,0,0,1,1,1.0,1.0,1.0
openai_gpt-5-5-2026-04-23,REC-chi-eme-008,3,child,procedures,1,0,0,1,1,1.0,1.0,1.0
openai_gpt-5-5-2026-04-23,REC-chi-eme-008,3,child,temporal,0,4,0,0,4,0.0,0.0,0.0
openai_gpt-5-5-2026-04-23,REC-chi-eme-009,3,child,diagnoses,2,1,0,2,3,0.6666666666666666,1.0,0.8
openai_gpt-5-5-2026-04-23,REC-chi-eme-009,3,child,medications,1,0,0,1,1,1.0,1.0,1.0
openai_gpt-5-5-2026-04-23,REC-chi-eme-009,3,child,labs,1,0,0,1,1,1.0,1.0,1.0
openai_gpt-5-5-2026-04-23,REC-chi-eme-009,3,child,procedures,1,0,0,1,1,1.0,1.0,1.0
openai_gpt-5-5-2026-04-23,REC-chi-eme-009,3,child,temporal,0,4,2,2,4,0.0,0.0,0.0
openai_gpt-5-5-2026-04-23,REC-chi-eme-010,3,child,diagnoses,3,0,0,3,3,1.0,1.0,1.0
openai_gpt-5-5-2026-04-23,REC-chi-eme-010,3,child,medications,1,0,0,1,1,1.0,1.0,1.0
openai_gpt-5-5-2026-04-23,REC-chi-eme-010,3,child,labs,0,0,0,0,0,0.0,0.0,0.0
openai_gpt-5-5-2026-04-23,REC-chi-eme-010,3,child,procedures,1,0,0,1,1,1.0,1.0,1.0
openai_gpt-5-5-2026-04-23,REC-chi-eme-010,3,child,temporal,0,4,0,0,4,0.0,0.0,0.0
openai_gpt-5-5-2026-04-23,REC-chi-icu-001,3,child,diagnoses,1,0,0,1,1,1.0,1.0,1.0
openai_gpt-5-5-2026-04-23,REC-chi-icu-001,3,child,medications,1,0,0,1,1,1.0,1.0,1.0
openai_gpt-5-5-2026-04-23,REC-chi-icu-001,3,child,labs,0,0,0,0,0,0.0,0.0,0.0
openai_gpt-5-5-2026-04-23,REC-chi-icu-001,3,child,procedures,1,1,0,1,2,0.5,1.0,0.6666666666666666
openai_gpt-5-5-2026-04-23,REC-chi-icu-001,3,child,temporal,0,3,1,1,3,0.0,0.0,0.0
openai_gpt-5-5-2026-04-23,REC-chi-icu-002,3,child,diagnoses,1,1,0,1,2,0.5,1.0,0.6666666666666666
openai_gpt-5-5-2026-04-23,REC-chi-icu-002,3,child,medications,1,0,0,1,1,1.0,1.0,1.0
openai_gpt-5-5-2026-04-23,REC-chi-icu-002,3,child,labs,1,0,0,1,1,1.0,1.0,1.0
openai_gpt-5-5-2026-04-23,REC-chi-icu-002,3,child,procedures,1,0,0,1,1,1.0,1.0,1.0
openai_gpt-5-5-2026-04-23,REC-chi-icu-002,3,child,temporal,0,4,2,2,4,0.0,0.0,0.0
openai_gpt-5-5-2026-04-23,REC-chi-icu-003,3,child,diagnoses,2,0,0,2,2,1.0,1.0,1.0
openai_gpt-5-5-2026-04-23,REC-chi-icu-003,3,child,medications,1,0,0,1,1,1.0,1.0,1.0
openai_gpt-5-5-2026-04-23,REC-chi-icu-003,3,child,labs,0,0,0,0,0,0.0,0.0,0.0
openai_gpt-5-5-2026-04-23,REC-chi-icu-003,3,child,procedures,1,1,0,1,2,0.5,1.0,0.6666666666666666
openai_gpt-5-5-2026-04-23,REC-chi-icu-003,3,child,temporal,0,5,1,1,5,0.0,0.0,0.0
openai_gpt-5-5-2026-04-23,REC-chi-icu-004,3,child,diagnoses,2,1,0,2,3,0.6666666666666666,1.0,0.8
openai_gpt-5-5-2026-04-23,REC-chi-icu-004,3,child,medications,1,0,0,1,1,1.0,1.0,1.0
openai_gpt-5-5-2026-04-23,REC-chi-icu-004,3,child,labs,1,0,0,1,1,1.0,1.0,1.0
openai_gpt-5-5-2026-04-23,REC-chi-icu-004,3,child,procedures,1,0,0,1,1,1.0,1.0,1.0
openai_gpt-5-5-2026-04-23,REC-chi-icu-004,3,child,temporal,0,4,1,1,4,0.0,0.0,0.0
openai_gpt-5-5-2026-04-23,REC-chi-icu-005,3,child,diagnoses,2,1,0,2,3,0.6666666666666666,1.0,0.8
openai_gpt-5-5-2026-04-23,REC-chi-icu-005,3,child,medications,1,0,0,1,1,1.0,1.0,1.0
openai_gpt-5-5-2026-04-23,REC-chi-icu-005,3,child,labs,0,0,0,0,0,0.0,0.0,0.0
openai_gpt-5-5-2026-04-23,REC-chi-icu-005,3,child,procedures,1,1,0,1,2,0.5,1.0,0.6666666666666666
openai_gpt-5-5-2026-04-23,REC-chi-icu-005,3,child,temporal,0,2,2,2,2,0.0,0.0,0.0
openai_gpt-5-5-2026-04-23,REC-chi-icu-006,3,child,diagnoses,1,0,0,1,1,1.0,1.0,1.0
openai_gpt-5-5-2026-04-23,REC-chi-icu-006,3,child,medications,1,0,0,1,1,1.0,1.0,1.0
openai_gpt-5-5-2026-04-23,REC-chi-icu-006,3,child,labs,1,0,0,1,1,1.0,1.0,1.0
openai_gpt-5-5-2026-04-23,REC-chi-icu-006,3,child,procedures,1,1,0,1,2,0.5,1.0,0.6666666666666666
openai_gpt-5-5-2026-04-23,REC-chi-icu-006,3,child,temporal,0,4,2,2,4,0.0,0.0,0.0
openai_gpt-5-5-2026-04-23,REC-chi-icu-007,3,child,diagnoses,1,0,0,1,1,1.0,1.0,1.0
openai_gpt-5-5-2026-04-23,REC-chi-icu-007,3,child,medications,1,0,0,1,1,1.0,1.0,1.0
openai_gpt-5-5-2026-04-23,REC-chi-icu-007,3,child,labs,0,0,0,0,0,0.0,0.0,0.0
openai_gpt-5-5-2026-04-23,REC-chi-icu-007,3,child,procedures,1,1,0,1,2,0.5,1.0,0.6666666666666666
openai_gpt-5-5-2026-04-23,REC-chi-icu-007,3,child,temporal,1,5,1,2,6,0.16666666666666666,0.5,0.25
openai_gpt-5-5-2026-04-23,REC-chi-icu-008,3,child,diagnoses,1,0,0,1,1,1.0,1.0,1.0
openai_gpt-5-5-2026-04-23,REC-chi-icu-008,3,child,medications,1,0,0,1,1,1.0,1.0,1.0
openai_gpt-5-5-2026-04-23,REC-chi-icu-008,3,child,labs,1,0,0,1,1,1.0,1.0,1.0
openai_gpt-5-5-2026-04-23,REC-chi-icu-008,3,child,procedures,1,1,0,1,2,0.5,1.0,0.6666666666666666
openai_gpt-5-5-2026-04-23,REC-chi-icu-008,3,child,temporal,0,3,1,1,3,0.0,0.0,0.0
openai_gpt-5-5-2026-04-23,REC-chi-icu-009,3,child,diagnoses,2,0,0,2,2,1.0,1.0,1.0
openai_gpt-5-5-2026-04-23,REC-chi-icu-009,3,child,medications,1,0,0,1,1,1.0,1.0,1.0
openai_gpt-5-5-2026-04-23,REC-chi-icu-009,3,child,labs,0,0,0,0,0,0.0,0.0,0.0
openai_gpt-5-5-2026-04-23,REC-chi-icu-009,3,child,procedures,1,2,0,1,3,0.3333333333333333,1.0,0.5
openai_gpt-5-5-2026-04-23,REC-chi-icu-009,3,child,temporal,0,6,2,2,6,0.0,0.0,0.0
openai_gpt-5-5-2026-04-23,REC-chi-icu-010,3,child,diagnoses,2,0,0,2,2,1.0,1.0,1.0
openai_gpt-5-5-2026-04-23,REC-chi-icu-010,3,child,medications,1,0,0,1,1,1.0,1.0,1.0
openai_gpt-5-5-2026-04-23,REC-chi-icu-010,3,child,labs,1,0,0,1,1,1.0,1.0,1.0
openai_gpt-5-5-2026-04-23,REC-chi-icu-010,3,child,procedures,1,0,0,1,1,1.0,1.0,1.0
openai_gpt-5-5-2026-04-23,REC-chi-icu-010,3,child,temporal,0,4,0,0,4,0.0,0.0,0.0
openai_gpt-5-5-2026-04-23,REC-chi-inp-001,3,child,diagnoses,2,1,0,2,3,0.6666666666666666,1.0,0.8
openai_gpt-5-5-2026-04-23,REC-chi-inp-001,3,child,medications,1,0,0,1,1,1.0,1.0,1.0
openai_gpt-5-5-2026-04-23,REC-chi-inp-001,3,child,labs,0,0,0,0,0,0.0,0.0,0.0
openai_gpt-5-5-2026-04-23,REC-chi-inp-001,3,child,procedures,1,0,0,1,1,1.0,1.0,1.0
openai_gpt-5-5-2026-04-23,REC-chi-inp-001,3,child,temporal,0,7,2,2,7,0.0,0.0,0.0
openai_gpt-5-5-2026-04-23,REC-chi-inp-002,3,child,diagnoses,1,0,0,1,1,1.0,1.0,1.0
openai_gpt-5-5-2026-04-23,REC-chi-inp-002,3,child,medications,1,0,0,1,1,1.0,1.0,1.0
openai_gpt-5-5-2026-04-23,REC-chi-inp-002,3,child,labs,1,0,0,1,1,1.0,1.0,1.0
openai_gpt-5-5-2026-04-23,REC-chi-inp-002,3,child,procedures,1,0,0,1,1,1.0,1.0,1.0
openai_gpt-5-5-2026-04-23,REC-chi-inp-002,3,child,temporal,1,3,0,1,4,0.25,1.0,0.4
openai_gpt-5-5-2026-04-23,REC-chi-inp-003,3,child,diagnoses,2,0,0,2,2,1.0,1.0,1.0
openai_gpt-5-5-2026-04-23,REC-chi-inp-003,3,child,medications,1,0,0,1,1,1.0,1.0,1.0
openai_gpt-5-5-2026-04-23,REC-chi-inp-003,3,child,labs,1,0,0,1,1,1.0,1.0,1.0
openai_gpt-5-5-2026-04-23,REC-chi-inp-003,3,child,procedures,1,0,0,1,1,1.0,1.0,1.0
openai_gpt-5-5-2026-04-23,REC-chi-inp-003,3,child,temporal,0,5,0,0,5,0.0,0.0,0.0
openai_gpt-5-5-2026-04-23,REC-chi-inp-004,3,child,diagnoses,2,1,0,2,3,0.6666666666666666,1.0,0.8
openai_gpt-5-5-2026-04-23,REC-chi-inp-004,3,child,medications,1,0,0,1,1,1.0,1.0,1.0
openai_gpt-5-5-2026-04-23,REC-chi-inp-004,3,child,labs,0,0,0,0,0,0.0,0.0,0.0
openai_gpt-5-5-2026-04-23,REC-chi-inp-004,3,child,procedures,1,0,0,1,1,1.0,1.0,1.0
openai_gpt-5-5-2026-04-23,REC-chi-inp-004,3,child,temporal,0,6,1,1,6,0.0,0.0,0.0
openai_gpt-5-5-2026-04-23,REC-chi-inp-005,3,child,diagnoses,1,1,0,1,2,0.5,1.0,0.6666666666666666
openai_gpt-5-5-2026-04-23,REC-chi-inp-005,3,child,medications,1,0,0,1,1,1.0,1.0,1.0
openai_gpt-5-5-2026-04-23,REC-chi-inp-005,3,child,labs,1,0,0,1,1,1.0,1.0,1.0
openai_gpt-5-5-2026-04-23,REC-chi-inp-005,3,child,procedures,1,0,0,1,1,1.0,1.0,1.0
openai_gpt-5-5-2026-04-23,REC-chi-inp-005,3,child,temporal,0,5,1,1,5,0.0,0.0,0.0
openai_gpt-5-5-2026-04-23,REC-chi-inp-006,3,child,diagnoses,1,1,0,1,2,0.5,1.0,0.6666666666666666
openai_gpt-5-5-2026-04-23,REC-chi-inp-006,3,child,medications,1,0,0,1,1,1.0,1.0,1.0
openai_gpt-5-5-2026-04-23,REC-chi-inp-006,3,child,labs,1,0,0,1,1,1.0,1.0,1.0
openai_gpt-5-5-2026-04-23,REC-chi-inp-006,3,child,procedures,1,0,0,1,1,1.0,1.0,1.0
openai_gpt-5-5-2026-04-23,REC-chi-inp-006,3,child,temporal,1,6,1,2,7,0.14285714285714285,0.5,0.22222222222222224
openai_gpt-5-5-2026-04-23,REC-chi-inp-007,3,child,diagnoses,1,0,0,1,1,1.0,1.0,1.0
openai_gpt-5-5-2026-04-23,REC-chi-inp-007,3,child,medications,1,0,0,1,1,1.0,1.0,1.0
openai_gpt-5-5-2026-04-23,REC-chi-inp-007,3,child,labs,0,0,0,0,0,0.0,0.0,0.0
openai_gpt-5-5-2026-04-23,REC-chi-inp-007,3,child,procedures,1,1,0,1,2,0.5,1.0,0.6666666666666666
openai_gpt-5-5-2026-04-23,REC-chi-inp-007,3,child,temporal,0,5,1,1,5,0.0,0.0,0.0
openai_gpt-5-5-2026-04-23,REC-chi-inp-008,3,child,diagnoses,2,0,0,2,2,1.0,1.0,1.0
openai_gpt-5-5-2026-04-23,REC-chi-inp-008,3,child,medications,1,0,0,1,1,1.0,1.0,1.0
openai_gpt-5-5-2026-04-23,REC-chi-inp-008,3,child,labs,1,0,0,1,1,1.0,1.0,1.0
openai_gpt-5-5-2026-04-23,REC-chi-inp-008,3,child,procedures,1,0,0,1,1,1.0,1.0,1.0
openai_gpt-5-5-2026-04-23,REC-chi-inp-008,3,child,temporal,1,4,0,1,5,0.2,1.0,0.33333333333333337
openai_gpt-5-5-2026-04-23,REC-chi-inp-009,3,child,diagnoses,1,0,0,1,1,1.0,1.0,1.0
openai_gpt-5-5-2026-04-23,REC-chi-inp-009,3,child,medications,1,0,0,1,1,1.0,1.0,1.0
openai_gpt-5-5-2026-04-23,REC-chi-inp-009,3,child,labs,1,0,0,1,1,1.0,1.0,1.0
openai_gpt-5-5-2026-04-23,REC-chi-inp-009,3,child,procedures,1,1,0,1,2,0.5,1.0,0.6666666666666666
openai_gpt-5-5-2026-04-23,REC-chi-inp-009,3,child,temporal,0,6,1,1,6,0.0,0.0,0.0
openai_gpt-5-5-2026-04-23,REC-chi-inp-010,3,child,diagnoses,2,0,0,2,2,1.0,1.0,1.0
openai_gpt-5-5-2026-04-23,REC-chi-inp-010,3,child,medications,1,0,0,1,1,1.0,1.0,1.0
openai_gpt-5-5-2026-04-23,REC-chi-inp-010,3,child,labs,0,0,0,0,0,0.0,0.0,0.0
openai_gpt-5-5-2026-04-23,REC-chi-inp-010,3,child,procedures,1,1,0,1,2,0.5,1.0,0.6666666666666666
openai_gpt-5-5-2026-04-23,REC-chi-inp-010,3,child,temporal,1,6,1,2,7,0.14285714285714285,0.5,0.22222222222222224
openai_gpt-5-5-2026-04-23,REC-chi-out-001,3,child,diagnoses,2,0,0,2,2,1.0,1.0,1.0
openai_gpt-5-5-2026-04-23,REC-chi-out-001,3,child,medications,1,0,0,1,1,1.0,1.0,1.0
openai_gpt-5-5-2026-04-23,REC-chi-out-001,3,child,labs,0,0,0,0,0,0.0,0.0,0.0
openai_gpt-5-5-2026-04-23,REC-chi-out-001,3,child,procedures,1,1,0,1,2,0.5,1.0,0.6666666666666666
openai_gpt-5-5-2026-04-23,REC-chi-out-001,3,child,temporal,1,3,1,2,4,0.25,0.5,0.3333333333333333
openai_gpt-5-5-2026-04-23,REC-chi-out-002,3,child,diagnoses,2,1,0,2,3,0.6666666666666666,1.0,0.8
openai_gpt-5-5-2026-04-23,REC-chi-out-002,3,child,medications,1,0,0,1,1,1.0,1.0,1.0
openai_gpt-5-5-2026-04-23,REC-chi-out-002,3,child,labs,1,0,0,1,1,1.0,1.0,1.0
openai_gpt-5-5-2026-04-23,REC-chi-out-002,3,child,procedures,1,1,0,1,2,0.5,1.0,0.6666666666666666
openai_gpt-5-5-2026-04-23,REC-chi-out-002,3,child,temporal,0,2,2,2,2,0.0,0.0,0.0
openai_gpt-5-5-2026-04-23,REC-chi-out-003,3,child,diagnoses,2,0,0,2,2,1.0,1.0,1.0
openai_gpt-5-5-2026-04-23,REC-chi-out-003,3,child,medications,1,0,0,1,1,1.0,1.0,1.0
openai_gpt-5-5-2026-04-23,REC-chi-out-003,3,child,labs,0,0,0,0,0,0.0,0.0,0.0
openai_gpt-5-5-2026-04-23,REC-chi-out-003,3,child,procedures,1,1,0,1,2,0.5,1.0,0.6666666666666666
openai_gpt-5-5-2026-04-23,REC-chi-out-003,3,child,temporal,0,1,1,1,1,0.0,0.0,0.0
openai_gpt-5-5-2026-04-23,REC-chi-out-004,3,child,diagnoses,2,0,0,2,2,1.0,1.0,1.0
openai_gpt-5-5-2026-04-23,REC-chi-out-004,3,child,medications,1,0,0,1,1,1.0,1.0,1.0
openai_gpt-5-5-2026-04-23,REC-chi-out-004,3,child,labs,1,0,0,1,1,1.0,1.0,1.0
openai_gpt-5-5-2026-04-23,REC-chi-out-004,3,child,procedures,1,0,0,1,1,1.0,1.0,1.0
openai_gpt-5-5-2026-04-23,REC-chi-out-004,3,child,temporal,1,2,0,1,3,0.3333333333333333,1.0,0.5
openai_gpt-5-5-2026-04-23,REC-chi-out-005,3,child,diagnoses,1,1,0,1,2,0.5,1.0,0.6666666666666666
openai_gpt-5-5-2026-04-23,REC-chi-out-005,3,child,medications,1,0,0,1,1,1.0,1.0,1.0
openai_gpt-5-5-2026-04-23,REC-chi-out-005,3,child,labs,0,0,0,0,0,0.0,0.0,0.0
openai_gpt-5-5-2026-04-23,REC-chi-out-005,3,child,procedures,1,1,0,1,2,0.5,1.0,0.6666666666666666
openai_gpt-5-5-2026-04-23,REC-chi-out-005,3,child,temporal,0,2,2,2,2,0.0,0.0,0.0
openai_gpt-5-5-2026-04-23,REC-chi-out-006,3,child,diagnoses,1,0,0,1,1,1.0,1.0,1.0
openai_gpt-5-5-2026-04-23,REC-chi-out-006,3,child,medications,1,0,0,1,1,1.0,1.0,1.0
openai_gpt-5-5-2026-04-23,REC-chi-out-006,3,child,labs,1,0,0,1,1,1.0,1.0,1.0
openai_gpt-5-5-2026-04-23,REC-chi-out-006,3,child,procedures,1,1,0,1,2,0.5,1.0,0.6666666666666666
openai_gpt-5-5-2026-04-23,REC-chi-out-006,3,child,temporal,0,2,2,2,2,0.0,0.0,0.0
openai_gpt-5-5-2026-04-23,REC-chi-out-007,3,child,diagnoses,2,1,0,2,3,0.6666666666666666,1.0,0.8
openai_gpt-5-5-2026-04-23,REC-chi-out-007,3,child,medications,1,0,0,1,1,1.0,1.0,1.0
openai_gpt-5-5-2026-04-23,REC-chi-out-007,3,child,labs,0,0,0,0,0,0.0,0.0,0.0
openai_gpt-5-5-2026-04-23,REC-chi-out-007,3,child,procedures,1,1,0,1,2,0.5,1.0,0.6666666666666666
openai_gpt-5-5-2026-04-23,REC-chi-out-007,3,child,temporal,0,4,2,2,4,0.0,0.0,0.0
openai_gpt-5-5-2026-04-23,REC-chi-out-008,3,child,diagnoses,3,0,0,3,3,1.0,1.0,1.0
openai_gpt-5-5-2026-04-23,REC-chi-out-008,3,child,medications,1,0,0,1,1,1.0,1.0,1.0
openai_gpt-5-5-2026-04-23,REC-chi-out-008,3,child,labs,1,0,0,1,1,1.0,1.0,1.0
openai_gpt-5-5-2026-04-23,REC-chi-out-008,3,child,procedures,1,0,0,1,1,1.0,1.0,1.0
openai_gpt-5-5-2026-04-23,REC-chi-out-008,3,child,temporal,0,4,0,0,4,0.0,0.0,0.0
openai_gpt-5-5-2026-04-23,REC-chi-out-009,3,child,diagnoses,2,0,0,2,2,1.0,1.0,1.0
openai_gpt-5-5-2026-04-23,REC-chi-out-009,3,child,medications,1,0,0,1,1,1.0,1.0,1.0
openai_gpt-5-5-2026-04-23,REC-chi-out-009,3,child,labs,0,0,0,0,0,0.0,0.0,0.0
openai_gpt-5-5-2026-04-23,REC-chi-out-009,3,child,procedures,1,0,0,1,1,1.0,1.0,1.0
openai_gpt-5-5-2026-04-23,REC-chi-out-009,3,child,temporal,0,4,1,1,4,0.0,0.0,0.0
openai_gpt-5-5-2026-04-23,REC-chi-out-010,3,child,diagnoses,1,0,0,1,1,1.0,1.0,1.0
openai_gpt-5-5-2026-04-23,REC-chi-out-010,3,child,medications,1,0,0,1,1,1.0,1.0,1.0
openai_gpt-5-5-2026-04-23,REC-chi-out-010,3,child,labs,1,0,0,1,1,1.0,1.0,1.0
openai_gpt-5-5-2026-04-23,REC-chi-out-010,3,child,procedures,1,1,0,1,2,0.5,1.0,0.6666666666666666
openai_gpt-5-5-2026-04-23,REC-chi-out-010,3,child,temporal,1,2,1,2,3,0.3333333333333333,0.5,0.4
openai_gpt-5-5-2026-04-23,REC-inf-eme-001,3,infant,diagnoses,3,0,0,3,3,1.0,1.0,1.0
openai_gpt-5-5-2026-04-23,REC-inf-eme-001,3,infant,medications,0,0,0,0,0,0.0,0.0,0.0
openai_gpt-5-5-2026-04-23,REC-inf-eme-001,3,infant,labs,0,0,0,0,0,0.0,0.0,0.0
openai_gpt-5-5-2026-04-23,REC-inf-eme-001,3,infant,procedures,1,0,0,1,1,1.0,1.0,1.0
openai_gpt-5-5-2026-04-23,REC-inf-eme-001,3,infant,temporal,0,3,0,0,3,0.0,0.0,0.0
openai_gpt-5-5-2026-04-23,REC-inf-eme-002,3,infant,diagnoses,2,0,0,2,2,1.0,1.0,1.0
openai_gpt-5-5-2026-04-23,REC-inf-eme-002,3,infant,medications,1,0,0,1,1,1.0,1.0,1.0
openai_gpt-5-5-2026-04-23,REC-inf-eme-002,3,infant,labs,0,0,0,0,0,0.0,0.0,0.0
openai_gpt-5-5-2026-04-23,REC-inf-eme-002,3,infant,procedures,1,1,0,1,2,0.5,1.0,0.6666666666666666
openai_gpt-5-5-2026-04-23,REC-inf-eme-002,3,infant,temporal,0,5,1,1,5,0.0,0.0,0.0
openai_gpt-5-5-2026-04-23,REC-inf-eme-003,3,infant,diagnoses,2,1,0,2,3,0.6666666666666666,1.0,0.8
openai_gpt-5-5-2026-04-23,REC-inf-eme-003,3,infant,medications,1,0,0,1,1,1.0,1.0,1.0
openai_gpt-5-5-2026-04-23,REC-inf-eme-003,3,infant,labs,1,0,0,1,1,1.0,1.0,1.0
openai_gpt-5-5-2026-04-23,REC-inf-eme-003,3,infant,procedures,1,1,0,1,2,0.5,1.0,0.6666666666666666
openai_gpt-5-5-2026-04-23,REC-inf-eme-003,3,infant,temporal,0,4,2,2,4,0.0,0.0,0.0
openai_gpt-5-5-2026-04-23,REC-inf-eme-004,3,infant,diagnoses,2,1,0,2,3,0.6666666666666666,1.0,0.8
openai_gpt-5-5-2026-04-23,REC-inf-eme-004,3,infant,medications,0,0,0,0,0,0.0,0.0,0.0
openai_gpt-5-5-2026-04-23,REC-inf-eme-004,3,infant,labs,0,1,0,0,1,0.0,0.0,0.0
openai_gpt-5-5-2026-04-23,REC-inf-eme-004,3,infant,procedures,1,1,0,1,2,0.5,1.0,0.6666666666666666
openai_gpt-5-5-2026-04-23,REC-inf-eme-004,3,infant,temporal,0,4,2,2,4,0.0,0.0,0.0
openai_gpt-5-5-2026-04-23,REC-inf-eme-005,3,infant,diagnoses,1,1,0,1,2,0.5,1.0,0.6666666666666666
openai_gpt-5-5-2026-04-23,REC-inf-eme-005,3,infant,medications,1,0,0,1,1,1.0,1.0,1.0
openai_gpt-5-5-2026-04-23,REC-inf-eme-005,3,infant,labs,0,0,0,0,0,0.0,0.0,0.0
openai_gpt-5-5-2026-04-23,REC-inf-eme-005,3,infant,procedures,1,0,0,1,1,1.0,1.0,1.0
openai_gpt-5-5-2026-04-23,REC-inf-eme-005,3,infant,temporal,0,1,2,2,1,0.0,0.0,0.0
openai_gpt-5-5-2026-04-23,REC-inf-eme-006,3,infant,diagnoses,1,0,0,1,1,1.0,1.0,1.0
openai_gpt-5-5-2026-04-23,REC-inf-eme-006,3,infant,medications,1,0,0,1,1,1.0,1.0,1.0
openai_gpt-5-5-2026-04-23,REC-inf-eme-006,3,infant,labs,1,1,0,1,2,0.5,1.0,0.6666666666666666
openai_gpt-5-5-2026-04-23,REC-inf-eme-006,3,infant,procedures,0,0,1,1,0,0.0,0.0,0.0
openai_gpt-5-5-2026-04-23,REC-inf-eme-006,3,infant,temporal,1,4,0,1,5,0.2,1.0,0.33333333333333337
openai_gpt-5-5-2026-04-23,REC-inf-eme-007,3,infant,diagnoses,3,0,0,3,3,1.0,1.0,1.0
openai_gpt-5-5-2026-04-23,REC-inf-eme-007,3,infant,medications,0,0,0,0,0,0.0,0.0,0.0
openai_gpt-5-5-2026-04-23,REC-inf-eme-007,3,infant,labs,0,0,0,0,0,0.0,0.0,0.0
openai_gpt-5-5-2026-04-23,REC-inf-eme-007,3,infant,procedures,1,1,0,1,2,0.5,1.0,0.6666666666666666
openai_gpt-5-5-2026-04-23,REC-inf-eme-007,3,infant,temporal,0,2,1,1,2,0.0,0.0,0.0
openai_gpt-5-5-2026-04-23,REC-inf-eme-008,3,infant,diagnoses,1,0,0,1,1,1.0,1.0,1.0
openai_gpt-5-5-2026-04-23,REC-inf-eme-008,3,infant,medications,1,0,0,1,1,1.0,1.0,1.0
openai_gpt-5-5-2026-04-23,REC-inf-eme-008,3,infant,labs,0,0,0,0,0,0.0,0.0,0.0
openai_gpt-5-5-2026-04-23,REC-inf-eme-008,3,infant,procedures,1,0,0,1,1,1.0,1.0,1.0
openai_gpt-5-5-2026-04-23,REC-inf-eme-008,3,infant,temporal,1,1,1,2,2,0.5,0.5,0.5
openai_gpt-5-5-2026-04-23,REC-inf-eme-009,3,infant,diagnoses,1,0,0,1,1,1.0,1.0,1.0
openai_gpt-5-5-2026-04-23,REC-inf-eme-009,3,infant,medications,1,0,0,1,1,1.0,1.0,1.0
openai_gpt-5-5-2026-04-23,REC-inf-eme-009,3,infant,labs,1,1,0,1,2,0.5,1.0,0.6666666666666666
openai_gpt-5-5-2026-04-23,REC-inf-eme-009,3,infant,procedures,1,2,0,1,3,0.3333333333333333,1.0,0.5
openai_gpt-5-5-2026-04-23,REC-inf-eme-009,3,infant,temporal,1,3,2,3,4,0.25,0.3333333333333333,0.28571428571428575
openai_gpt-5-5-2026-04-23,REC-inf-eme-010,3,infant,diagnoses,1,1,0,1,2,0.5,1.0,0.6666666666666666
openai_gpt-5-5-2026-04-23,REC-inf-eme-010,3,infant,medications,0,0,0,0,0,0.0,0.0,0.0
openai_gpt-5-5-2026-04-23,REC-inf-eme-010,3,infant,labs,0,0,0,0,0,0.0,0.0,0.0
openai_gpt-5-5-2026-04-23,REC-inf-eme-010,3,infant,procedures,1,0,0,1,1,1.0,1.0,1.0
openai_gpt-5-5-2026-04-23,REC-inf-eme-010,3,infant,temporal,0,4,1,1,4,0.0,0.0,0.0
openai_gpt-5-5-2026-04-23,REC-inf-icu-001,3,infant,diagnoses,1,0,0,1,1,1.0,1.0,1.0
openai_gpt-5-5-2026-04-23,REC-inf-icu-001,3,infant,medications,0,0,0,0,0,0.0,0.0,0.0
openai_gpt-5-5-2026-04-23,REC-inf-icu-001,3,infant,labs,0,0,0,0,0,0.0,0.0,0.0
openai_gpt-5-5-2026-04-23,REC-inf-icu-001,3,infant,procedures,1,1,0,1,2,0.5,1.0,0.6666666666666666
openai_gpt-5-5-2026-04-23,REC-inf-icu-001,3,infant,temporal,0,4,1,1,4,0.0,0.0,0.0
openai_gpt-5-5-2026-04-23,REC-inf-icu-002,3,infant,diagnoses,2,0,0,2,2,1.0,1.0,1.0
openai_gpt-5-5-2026-04-23,REC-inf-icu-002,3,infant,medications,1,0,0,1,1,1.0,1.0,1.0
openai_gpt-5-5-2026-04-23,REC-inf-icu-002,3,infant,labs,1,0,0,1,1,1.0,1.0,1.0
openai_gpt-5-5-2026-04-23,REC-inf-icu-002,3,infant,procedures,1,1,0,1,2,0.5,1.0,0.6666666666666666
openai_gpt-5-5-2026-04-23,REC-inf-icu-002,3,infant,temporal,1,4,1,2,5,0.2,0.5,0.28571428571428575
openai_gpt-5-5-2026-04-23,REC-inf-icu-003,3,infant,diagnoses,2,0,0,2,2,1.0,1.0,1.0
openai_gpt-5-5-2026-04-23,REC-inf-icu-003,3,infant,medications,0,0,0,0,0,0.0,0.0,0.0
openai_gpt-5-5-2026-04-23,REC-inf-icu-003,3,infant,labs,0,0,0,0,0,0.0,0.0,0.0
openai_gpt-5-5-2026-04-23,REC-inf-icu-003,3,infant,procedures,1,0,0,1,1,1.0,1.0,1.0
openai_gpt-5-5-2026-04-23,REC-inf-icu-003,3,infant,temporal,0,3,0,0,3,0.0,0.0,0.0
openai_gpt-5-5-2026-04-23,REC-inf-icu-004,3,infant,diagnoses,1,1,0,1,2,0.5,1.0,0.6666666666666666
openai_gpt-5-5-2026-04-23,REC-inf-icu-004,3,infant,medications,1,0,0,1,1,1.0,1.0,1.0
openai_gpt-5-5-2026-04-23,REC-inf-icu-004,3,infant,labs,1,0,0,1,1,1.0,1.0,1.0
openai_gpt-5-5-2026-04-23,REC-inf-icu-004,3,infant,procedures,1,2,0,1,3,0.3333333333333333,1.0,0.5
openai_gpt-5-5-2026-04-23,REC-inf-icu-004,3,infant,temporal,0,3,3,3,3,0.0,0.0,0.0
openai_gpt-5-5-2026-04-23,REC-inf-icu-005,3,infant,diagnoses,1,0,0,1,1,1.0,1.0,1.0
openai_gpt-5-5-2026-04-23,REC-inf-icu-005,3,infant,medications,0,0,0,0,0,0.0,0.0,0.0
openai_gpt-5-5-2026-04-23,REC-inf-icu-005,3,infant,labs,0,0,0,0,0,0.0,0.0,0.0
openai_gpt-5-5-2026-04-23,REC-inf-icu-005,3,infant,procedures,1,1,0,1,2,0.5,1.0,0.6666666666666666
openai_gpt-5-5-2026-04-23,REC-inf-icu-005,3,infant,temporal,0,5,2,2,5,0.0,0.0,0.0
openai_gpt-5-5-2026-04-23,REC-inf-icu-006,3,infant,diagnoses,1,0,0,1,1,1.0,1.0,1.0
openai_gpt-5-5-2026-04-23,REC-inf-icu-006,3,infant,medications,1,0,0,1,1,1.0,1.0,1.0
openai_gpt-5-5-2026-04-23,REC-inf-icu-006,3,infant,labs,1,0,0,1,1,1.0,1.0,1.0
openai_gpt-5-5-2026-04-23,REC-inf-icu-006,3,infant,procedures,1,0,0,1,1,1.0,1.0,1.0
openai_gpt-5-5-2026-04-23,REC-inf-icu-006,3,infant,temporal,1,3,0,1,4,0.25,1.0,0.4
openai_gpt-5-5-2026-04-23,REC-inf-icu-007,3,infant,diagnoses,2,0,0,2,2,1.0,1.0,1.0
openai_gpt-5-5-2026-04-23,REC-inf-icu-007,3,infant,medications,0,0,0,0,0,0.0,0.0,0.0
openai_gpt-5-5-2026-04-23,REC-inf-icu-007,3,infant,labs,0,0,0,0,0,0.0,0.0,0.0
openai_gpt-5-5-2026-04-23,REC-inf-icu-007,3,infant,procedures,1,2,0,1,3,0.3333333333333333,1.0,0.5
openai_gpt-5-5-2026-04-23,REC-inf-icu-007,3,infant,temporal,0,3,2,2,3,0.0,0.0,0.0
openai_gpt-5-5-2026-04-23,REC-inf-icu-008,3,infant,diagnoses,1,0,0,1,1,1.0,1.0,1.0
openai_gpt-5-5-2026-04-23,REC-inf-icu-008,3,infant,medications,1,0,0,1,1,1.0,1.0,1.0
openai_gpt-5-5-2026-04-23,REC-inf-icu-008,3,infant,labs,1,0,0,1,1,1.0,1.0,1.0
openai_gpt-5-5-2026-04-23,REC-inf-icu-008,3,infant,procedures,1,0,0,1,1,1.0,1.0,1.0
openai_gpt-5-5-2026-04-23,REC-inf-icu-008,3,infant,temporal,0,5,1,1,5,0.0,0.0,0.0
openai_gpt-5-5-2026-04-23,REC-inf-icu-009,3,infant,diagnoses,3,0,0,3,3,1.0,1.0,1.0
openai_gpt-5-5-2026-04-23,REC-inf-icu-009,3,infant,medications,0,0,0,0,0,0.0,0.0,0.0
openai_gpt-5-5-2026-04-23,REC-inf-icu-009,3,infant,labs,0,0,0,0,0,0.0,0.0,0.0
openai_gpt-5-5-2026-04-23,REC-inf-icu-009,3,infant,procedures,1,0,0,1,1,1.0,1.0,1.0
openai_gpt-5-5-2026-04-23,REC-inf-icu-009,3,infant,temporal,0,4,0,0,4,0.0,0.0,0.0
openai_gpt-5-5-2026-04-23,REC-inf-icu-010,3,infant,diagnoses,2,1,0,2,3,0.6666666666666666,1.0,0.8
openai_gpt-5-5-2026-04-23,REC-inf-icu-010,3,infant,medications,1,0,0,1,1,1.0,1.0,1.0
openai_gpt-5-5-2026-04-23,REC-inf-icu-010,3,infant,labs,1,0,0,1,1,1.0,1.0,1.0
openai_gpt-5-5-2026-04-23,REC-inf-icu-010,3,infant,procedures,1,0,0,1,1,1.0,1.0,1.0
openai_gpt-5-5-2026-04-23,REC-inf-icu-010,3,infant,temporal,1,4,1,2,5,0.2,0.5,0.28571428571428575
openai_gpt-5-5-2026-04-23,REC-inf-inp-001,3,infant,diagnoses,2,0,0,2,2,1.0,1.0,1.0
openai_gpt-5-5-2026-04-23,REC-inf-inp-001,3,infant,medications,0,0,0,0,0,0.0,0.0,0.0
openai_gpt-5-5-2026-04-23,REC-inf-inp-001,3,infant,labs,0,0,0,0,0,0.0,0.0,0.0
openai_gpt-5-5-2026-04-23,REC-inf-inp-001,3,infant,procedures,1,1,0,1,2,0.5,1.0,0.6666666666666666
openai_gpt-5-5-2026-04-23,REC-inf-inp-001,3,infant,temporal,0,4,1,1,4,0.0,0.0,0.0
openai_gpt-5-5-2026-04-23,REC-inf-inp-002,3,infant,diagnoses,1,1,0,1,2,0.5,1.0,0.6666666666666666
openai_gpt-5-5-2026-04-23,REC-inf-inp-002,3,infant,medications,1,0,0,1,1,1.0,1.0,1.0
openai_gpt-5-5-2026-04-23,REC-inf-inp-002,3,infant,labs,1,0,0,1,1,1.0,1.0,1.0
openai_gpt-5-5-2026-04-23,REC-inf-inp-002,3,infant,procedures,1,2,0,1,3,0.3333333333333333,1.0,0.5
openai_gpt-5-5-2026-04-23,REC-inf-inp-002,3,infant,temporal,0,6,3,3,6,0.0,0.0,0.0
openai_gpt-5-5-2026-04-23,REC-inf-inp-003,3,infant,diagnoses,3,0,0,3,3,1.0,1.0,1.0
openai_gpt-5-5-2026-04-23,REC-inf-inp-003,3,infant,medications,0,0,0,0,0,0.0,0.0,0.0
openai_gpt-5-5-2026-04-23,REC-inf-inp-003,3,infant,labs,0,0,0,0,0,0.0,0.0,0.0
openai_gpt-5-5-2026-04-23,REC-inf-inp-003,3,infant,procedures,1,0,0,1,1,1.0,1.0,1.0
openai_gpt-5-5-2026-04-23,REC-inf-inp-003,3,infant,temporal,0,4,0,0,4,0.0,0.0,0.0
openai_gpt-5-5-2026-04-23,REC-inf-inp-004,3,infant,diagnoses,2,1,0,2,3,0.6666666666666666,1.0,0.8
openai_gpt-5-5-2026-04-23,REC-inf-inp-004,3,infant,medications,1,0,0,1,1,1.0,1.0,1.0
openai_gpt-5-5-2026-04-23,REC-inf-inp-004,3,infant,labs,1,0,0,1,1,1.0,1.0,1.0
openai_gpt-5-5-2026-04-23,REC-inf-inp-004,3,infant,procedures,1,0,0,1,1,1.0,1.0,1.0
openai_gpt-5-5-2026-04-23,REC-inf-inp-004,3,infant,temporal,0,4,1,1,4,0.0,0.0,0.0
openai_gpt-5-5-2026-04-23,REC-inf-inp-005,3,infant,diagnoses,2,0,0,2,2,1.0,1.0,1.0
openai_gpt-5-5-2026-04-23,REC-inf-inp-005,3,infant,medications,0,0,0,0,0,0.0,0.0,0.0
openai_gpt-5-5-2026-04-23,REC-inf-inp-005,3,infant,labs,0,0,0,0,0,0.0,0.0,0.0
openai_gpt-5-5-2026-04-23,REC-inf-inp-005,3,infant,procedures,1,2,0,1,3,0.3333333333333333,1.0,0.5
openai_gpt-5-5-2026-04-23,REC-inf-inp-005,3,infant,temporal,0,5,2,2,5,0.0,0.0,0.0
openai_gpt-5-5-2026-04-23,REC-inf-inp-006,3,infant,diagnoses,1,0,0,1,1,1.0,1.0,1.0
openai_gpt-5-5-2026-04-23,REC-inf-inp-006,3,infant,medications,1,0,0,1,1,1.0,1.0,1.0
openai_gpt-5-5-2026-04-23,REC-inf-inp-006,3,infant,labs,1,1,0,1,2,0.5,1.0,0.6666666666666666
openai_gpt-5-5-2026-04-23,REC-inf-inp-006,3,infant,procedures,1,1,0,1,2,0.5,1.0,0.6666666666666666
openai_gpt-5-5-2026-04-23,REC-inf-inp-006,3,infant,temporal,0,4,1,1,4,0.0,0.0,0.0
openai_gpt-5-5-2026-04-23,REC-inf-inp-007,3,infant,diagnoses,1,0,0,1,1,1.0,1.0,1.0
openai_gpt-5-5-2026-04-23,REC-inf-inp-007,3,infant,medications,0,0,0,0,0,0.0,0.0,0.0
openai_gpt-5-5-2026-04-23,REC-inf-inp-007,3,infant,labs,0,0,0,0,0,0.0,0.0,0.0
openai_gpt-5-5-2026-04-23,REC-inf-inp-007,3,infant,procedures,1,1,0,1,2,0.5,1.0,0.6666666666666666
openai_gpt-5-5-2026-04-23,REC-inf-inp-007,3,infant,temporal,0,2,1,1,2,0.0,0.0,0.0
openai_gpt-5-5-2026-04-23,REC-inf-inp-008,3,infant,diagnoses,1,1,0,1,2,0.5,1.0,0.6666666666666666
openai_gpt-5-5-2026-04-23,REC-inf-inp-008,3,infant,medications,1,0,0,1,1,1.0,1.0,1.0
openai_gpt-5-5-2026-04-23,REC-inf-inp-008,3,infant,labs,1,0,0,1,1,1.0,1.0,1.0
openai_gpt-5-5-2026-04-23,REC-inf-inp-008,3,infant,procedures,1,0,0,1,1,1.0,1.0,1.0
openai_gpt-5-5-2026-04-23,REC-inf-inp-008,3,infant,temporal,0,5,1,1,5,0.0,0.0,0.0
openai_gpt-5-5-2026-04-23,REC-inf-inp-009,3,infant,diagnoses,2,0,0,2,2,1.0,1.0,1.0
openai_gpt-5-5-2026-04-23,REC-inf-inp-009,3,infant,medications,0,0,0,0,0,0.0,0.0,0.0
openai_gpt-5-5-2026-04-23,REC-inf-inp-009,3,infant,labs,0,0,0,0,0,0.0,0.0,0.0
openai_gpt-5-5-2026-04-23,REC-inf-inp-009,3,infant,procedures,1,2,0,1,3,0.3333333333333333,1.0,0.5
openai_gpt-5-5-2026-04-23,REC-inf-inp-009,3,infant,temporal,0,4,2,2,4,0.0,0.0,0.0
openai_gpt-5-5-2026-04-23,REC-inf-inp-010,3,infant,diagnoses,1,0,0,1,1,1.0,1.0,1.0
openai_gpt-5-5-2026-04-23,REC-inf-inp-010,3,infant,medications,1,0,0,1,1,1.0,1.0,1.0
openai_gpt-5-5-2026-04-23,REC-inf-inp-010,3,infant,labs,1,0,0,1,1,1.0,1.0,1.0
openai_gpt-5-5-2026-04-23,REC-inf-inp-010,3,infant,procedures,1,1,0,1,2,0.5,1.0,0.6666666666666666
openai_gpt-5-5-2026-04-23,REC-inf-inp-010,3,infant,temporal,0,5,1,1,5,0.0,0.0,0.0
openai_gpt-5-5-2026-04-23,REC-inf-out-001,3,infant,diagnoses,2,0,0,2,2,1.0,1.0,1.0
openai_gpt-5-5-2026-04-23,REC-inf-out-001,3,infant,medications,0,0,0,0,0,0.0,0.0,0.0
openai_gpt-5-5-2026-04-23,REC-inf-out-001,3,infant,labs,0,0,0,0,0,0.0,0.0,0.0
openai_gpt-5-5-2026-04-23,REC-inf-out-001,3,infant,procedures,1,0,0,1,1,1.0,1.0,1.0
openai_gpt-5-5-2026-04-23,REC-inf-out-001,3,infant,temporal,0,1,0,0,1,0.0,0.0,0.0
openai_gpt-5-5-2026-04-23,REC-inf-out-002,3,infant,diagnoses,1,1,0,1,2,0.5,1.0,0.6666666666666666
openai_gpt-5-5-2026-04-23,REC-inf-out-002,3,infant,medications,1,0,0,1,1,1.0,1.0,1.0
openai_gpt-5-5-2026-04-23,REC-inf-out-002,3,infant,labs,0,0,0,0,0,0.0,0.0,0.0
openai_gpt-5-5-2026-04-23,REC-inf-out-002,3,infant,procedures,1,0,0,1,1,1.0,1.0,1.0
openai_gpt-5-5-2026-04-23,REC-inf-out-002,3,infant,temporal,0,4,1,1,4,0.0,0.0,0.0
openai_gpt-5-5-2026-04-23,REC-inf-out-003,3,infant,diagnoses,2,0,0,2,2,1.0,1.0,1.0
openai_gpt-5-5-2026-04-23,REC-inf-out-003,3,infant,medications,0,0,0,0,0,0.0,0.0,0.0
openai_gpt-5-5-2026-04-23,REC-inf-out-003,3,infant,labs,0,0,0,0,0,0.0,0.0,0.0
openai_gpt-5-5-2026-04-23,REC-inf-out-003,3,infant,procedures,1,0,0,1,1,1.0,1.0,1.0
openai_gpt-5-5-2026-04-23,REC-inf-out-003,3,infant,temporal,0,2,0,0,2,0.0,0.0,0.0
openai_gpt-5-5-2026-04-23,REC-inf-out-004,3,infant,diagnoses,3,0,0,3,3,1.0,1.0,1.0
openai_gpt-5-5-2026-04-23,REC-inf-out-004,3,infant,medications,1,0,0,1,1,1.0,1.0,1.0
openai_gpt-5-5-2026-04-23,REC-inf-out-004,3,infant,labs,0,0,0,0,0,0.0,0.0,0.0
openai_gpt-5-5-2026-04-23,REC-inf-out-004,3,infant,procedures,1,1,0,1,2,0.5,1.0,0.6666666666666666
openai_gpt-5-5-2026-04-23,REC-inf-out-004,3,infant,temporal,0,1,1,1,1,0.0,0.0,0.0
openai_gpt-5-5-2026-04-23,REC-inf-out-005,3,infant,diagnoses,2,0,0,2,2,1.0,1.0,1.0
openai_gpt-5-5-2026-04-23,REC-inf-out-005,3,infant,medications,0,0,0,0,0,0.0,0.0,0.0
openai_gpt-5-5-2026-04-23,REC-inf-out-005,3,infant,labs,0,0,0,0,0,0.0,0.0,0.0
openai_gpt-5-5-2026-04-23,REC-inf-out-005,3,infant,procedures,1,0,0,1,1,1.0,1.0,1.0
openai_gpt-5-5-2026-04-23,REC-inf-out-005,3,infant,temporal,0,1,0,0,1,0.0,0.0,0.0
openai_gpt-5-5-2026-04-23,REC-inf-out-006,3,infant,diagnoses,1,0,0,1,1,1.0,1.0,1.0
openai_gpt-5-5-2026-04-23,REC-inf-out-006,3,infant,medications,1,0,0,1,1,1.0,1.0,1.0
openai_gpt-5-5-2026-04-23,REC-inf-out-006,3,infant,labs,0,0,0,0,0,0.0,0.0,0.0
openai_gpt-5-5-2026-04-23,REC-inf-out-006,3,infant,procedures,1,1,0,1,2,0.5,1.0,0.6666666666666666
openai_gpt-5-5-2026-04-23,REC-inf-out-006,3,infant,temporal,0,2,1,1,2,0.0,0.0,0.0
openai_gpt-5-5-2026-04-23,REC-inf-out-007,3,infant,diagnoses,2,0,0,2,2,1.0,1.0,1.0
openai_gpt-5-5-2026-04-23,REC-inf-out-007,3,infant,medications,0,0,0,0,0,0.0,0.0,0.0
openai_gpt-5-5-2026-04-23,REC-inf-out-007,3,infant,labs,0,0,0,0,0,0.0,0.0,0.0
openai_gpt-5-5-2026-04-23,REC-inf-out-007,3,infant,procedures,1,0,0,1,1,1.0,1.0,1.0
openai_gpt-5-5-2026-04-23,REC-inf-out-007,3,infant,temporal,0,3,0,0,3,0.0,0.0,0.0
openai_gpt-5-5-2026-04-23,REC-inf-out-008,3,infant,diagnoses,1,1,0,1,2,0.5,1.0,0.6666666666666666
openai_gpt-5-5-2026-04-23,REC-inf-out-008,3,infant,medications,1,0,0,1,1,1.0,1.0,1.0
openai_gpt-5-5-2026-04-23,REC-inf-out-008,3,infant,labs,0,1,0,0,1,0.0,0.0,0.0
openai_gpt-5-5-2026-04-23,REC-inf-out-008,3,infant,procedures,1,1,0,1,2,0.5,1.0,0.6666666666666666
openai_gpt-5-5-2026-04-23,REC-inf-out-008,3,infant,temporal,0,4,3,3,4,0.0,0.0,0.0
openai_gpt-5-5-2026-04-23,REC-inf-out-009,3,infant,diagnoses,1,0,0,1,1,1.0,1.0,1.0
openai_gpt-5-5-2026-04-23,REC-inf-out-009,3,infant,medications,0,0,0,0,0,0.0,0.0,0.0
openai_gpt-5-5-2026-04-23,REC-inf-out-009,3,infant,labs,0,0,0,0,0,0.0,0.0,0.0
openai_gpt-5-5-2026-04-23,REC-inf-out-009,3,infant,procedures,1,2,0,1,3,0.3333333333333333,1.0,0.5
openai_gpt-5-5-2026-04-23,REC-inf-out-009,3,infant,temporal,0,4,2,2,4,0.0,0.0,0.0
openai_gpt-5-5-2026-04-23,REC-inf-out-010,3,infant,diagnoses,2,0,0,2,2,1.0,1.0,1.0
openai_gpt-5-5-2026-04-23,REC-inf-out-010,3,infant,medications,1,0,0,1,1,1.0,1.0,1.0
openai_gpt-5-5-2026-04-23,REC-inf-out-010,3,infant,labs,0,0,0,0,0,0.0,0.0,0.0
openai_gpt-5-5-2026-04-23,REC-inf-out-010,3,infant,procedures,1,0,0,1,1,1.0,1.0,1.0
openai_gpt-5-5-2026-04-23,REC-inf-out-010,3,infant,temporal,0,3,0,0,3,0.0,0.0,0.0
openai_gpt-5-5-2026-04-23,REC-neo-eme-001,3,neonate,diagnoses,2,1,0,2,3,0.6666666666666666,1.0,0.8
openai_gpt-5-5-2026-04-23,REC-neo-eme-001,3,neonate,medications,1,0,0,1,1,1.0,1.0,1.0
openai_gpt-5-5-2026-04-23,REC-neo-eme-001,3,neonate,labs,1,0,0,1,1,1.0,1.0,1.0
openai_gpt-5-5-2026-04-23,REC-neo-eme-001,3,neonate,procedures,1,0,0,1,1,1.0,1.0,1.0
openai_gpt-5-5-2026-04-23,REC-neo-eme-001,3,neonate,temporal,0,8,2,2,8,0.0,0.0,0.0
openai_gpt-5-5-2026-04-23,REC-neo-eme-002,3,neonate,diagnoses,3,0,0,3,3,1.0,1.0,1.0
openai_gpt-5-5-2026-04-23,REC-neo-eme-002,3,neonate,medications,0,0,0,0,0,0.0,0.0,0.0
openai_gpt-5-5-2026-04-23,REC-neo-eme-002,3,neonate,labs,1,0,0,1,1,1.0,1.0,1.0
openai_gpt-5-5-2026-04-23,REC-neo-eme-002,3,neonate,procedures,1,1,0,1,2,0.5,1.0,0.6666666666666666
openai_gpt-5-5-2026-04-23,REC-neo-eme-002,3,neonate,temporal,0,5,2,2,5,0.0,0.0,0.0
openai_gpt-5-5-2026-04-23,REC-neo-eme-003,3,neonate,diagnoses,1,2,0,1,3,0.3333333333333333,1.0,0.5
openai_gpt-5-5-2026-04-23,REC-neo-eme-003,3,neonate,medications,1,0,0,1,1,1.0,1.0,1.0
openai_gpt-5-5-2026-04-23,REC-neo-eme-003,3,neonate,labs,1,0,0,1,1,1.0,1.0,1.0
openai_gpt-5-5-2026-04-23,REC-neo-eme-003,3,neonate,procedures,1,2,0,1,3,0.3333333333333333,1.0,0.5
openai_gpt-5-5-2026-04-23,REC-neo-eme-003,3,neonate,temporal,0,5,3,3,5,0.0,0.0,0.0
openai_gpt-5-5-2026-04-23,REC-neo-eme-004,3,neonate,diagnoses,2,0,0,2,2,1.0,1.0,1.0
openai_gpt-5-5-2026-04-23,REC-neo-eme-004,3,neonate,medications,1,0,0,1,1,1.0,1.0,1.0
openai_gpt-5-5-2026-04-23,REC-neo-eme-004,3,neonate,labs,1,0,0,1,1,1.0,1.0,1.0
openai_gpt-5-5-2026-04-23,REC-neo-eme-004,3,neonate,procedures,1,0,0,1,1,1.0,1.0,1.0
openai_gpt-5-5-2026-04-23,REC-neo-eme-004,3,neonate,temporal,0,6,2,2,6,0.0,0.0,0.0
openai_gpt-5-5-2026-04-23,REC-neo-eme-005,3,neonate,diagnoses,3,0,0,3,3,1.0,1.0,1.0
openai_gpt-5-5-2026-04-23,REC-neo-eme-005,3,neonate,medications,0,0,0,0,0,0.0,0.0,0.0
openai_gpt-5-5-2026-04-23,REC-neo-eme-005,3,neonate,labs,1,0,0,1,1,1.0,1.0,1.0
openai_gpt-5-5-2026-04-23,REC-neo-eme-005,3,neonate,procedures,1,0,0,1,1,1.0,1.0,1.0
openai_gpt-5-5-2026-04-23,REC-neo-eme-005,3,neonate,temporal,0,4,2,2,4,0.0,0.0,0.0
openai_gpt-5-5-2026-04-23,REC-neo-eme-006,3,neonate,diagnoses,2,1,0,2,3,0.6666666666666666,1.0,0.8
openai_gpt-5-5-2026-04-23,REC-neo-eme-006,3,neonate,medications,1,0,0,1,1,1.0,1.0,1.0
openai_gpt-5-5-2026-04-23,REC-neo-eme-006,3,neonate,labs,1,0,0,1,1,1.0,1.0,1.0
openai_gpt-5-5-2026-04-23,REC-neo-eme-006,3,neonate,procedures,1,1,0,1,2,0.5,1.0,0.6666666666666666
openai_gpt-5-5-2026-04-23,REC-neo-eme-006,3,neonate,temporal,1,4,1,2,5,0.2,0.5,0.28571428571428575
openai_gpt-5-5-2026-04-23,REC-neo-eme-007,3,neonate,diagnoses,3,0,0,3,3,1.0,1.0,1.0
openai_gpt-5-5-2026-04-23,REC-neo-eme-007,3,neonate,medications,1,0,0,1,1,1.0,1.0,1.0
openai_gpt-5-5-2026-04-23,REC-neo-eme-007,3,neonate,labs,1,0,0,1,1,1.0,1.0,1.0
openai_gpt-5-5-2026-04-23,REC-neo-eme-007,3,neonate,procedures,1,1,0,1,2,0.5,1.0,0.6666666666666666
openai_gpt-5-5-2026-04-23,REC-neo-eme-007,3,neonate,temporal,0,6,2,2,6,0.0,0.0,0.0
openai_gpt-5-5-2026-04-23,REC-neo-eme-008,3,neonate,diagnoses,2,1,0,2,3,0.6666666666666666,1.0,0.8
openai_gpt-5-5-2026-04-23,REC-neo-eme-008,3,neonate,medications,0,0,0,0,0,0.0,0.0,0.0
openai_gpt-5-5-2026-04-23,REC-neo-eme-008,3,neonate,labs,1,0,0,1,1,1.0,1.0,1.0
openai_gpt-5-5-2026-04-23,REC-neo-eme-008,3,neonate,procedures,1,1,0,1,2,0.5,1.0,0.6666666666666666
openai_gpt-5-5-2026-04-23,REC-neo-eme-008,3,neonate,temporal,0,5,3,3,5,0.0,0.0,0.0
openai_gpt-5-5-2026-04-23,REC-neo-eme-009,3,neonate,diagnoses,1,1,0,1,2,0.5,1.0,0.6666666666666666
openai_gpt-5-5-2026-04-23,REC-neo-eme-009,3,neonate,medications,1,0,0,1,1,1.0,1.0,1.0
openai_gpt-5-5-2026-04-23,REC-neo-eme-009,3,neonate,labs,1,0,0,1,1,1.0,1.0,1.0
openai_gpt-5-5-2026-04-23,REC-neo-eme-009,3,neonate,procedures,1,1,0,1,2,0.5,1.0,0.6666666666666666
openai_gpt-5-5-2026-04-23,REC-neo-eme-009,3,neonate,temporal,0,5,2,2,5,0.0,0.0,0.0
openai_gpt-5-5-2026-04-23,REC-neo-eme-010,3,neonate,diagnoses,1,0,0,1,1,1.0,1.0,1.0
openai_gpt-5-5-2026-04-23,REC-neo-eme-010,3,neonate,medications,1,0,0,1,1,1.0,1.0,1.0
openai_gpt-5-5-2026-04-23,REC-neo-eme-010,3,neonate,labs,1,0,0,1,1,1.0,1.0,1.0
openai_gpt-5-5-2026-04-23,REC-neo-eme-010,3,neonate,procedures,1,1,0,1,2,0.5,1.0,0.6666666666666666
openai_gpt-5-5-2026-04-23,REC-neo-eme-010,3,neonate,temporal,0,4,3,3,4,0.0,0.0,0.0
openai_gpt-5-5-2026-04-23,REC-neo-icu-001,3,neonate,diagnoses,1,1,0,1,2,0.5,1.0,0.6666666666666666
openai_gpt-5-5-2026-04-23,REC-neo-icu-001,3,neonate,medications,1,0,0,1,1,1.0,1.0,1.0
openai_gpt-5-5-2026-04-23,REC-neo-icu-001,3,neonate,labs,1,0,0,1,1,1.0,1.0,1.0
openai_gpt-5-5-2026-04-23,REC-neo-icu-001,3,neonate,procedures,1,0,0,1,1,1.0,1.0,1.0
openai_gpt-5-5-2026-04-23,REC-neo-icu-001,3,neonate,temporal,0,7,4,4,7,0.0,0.0,0.0
openai_gpt-5-5-2026-04-23,REC-neo-icu-002,3,neonate,diagnoses,3,1,0,3,4,0.75,1.0,0.8571428571428571
openai_gpt-5-5-2026-04-23,REC-neo-icu-002,3,neonate,medications,1,0,0,1,1,1.0,1.0,1.0
openai_gpt-5-5-2026-04-23,REC-neo-icu-002,3,neonate,labs,1,0,0,1,1,1.0,1.0,1.0
openai_gpt-5-5-2026-04-23,REC-neo-icu-002,3,neonate,procedures,1,0,0,1,1,1.0,1.0,1.0
openai_gpt-5-5-2026-04-23,REC-neo-icu-002,3,neonate,temporal,0,2,2,2,2,0.0,0.0,0.0
openai_gpt-5-5-2026-04-23,REC-neo-icu-003,3,neonate,diagnoses,2,1,0,2,3,0.6666666666666666,1.0,0.8
openai_gpt-5-5-2026-04-23,REC-neo-icu-003,3,neonate,medications,1,0,0,1,1,1.0,1.0,1.0
openai_gpt-5-5-2026-04-23,REC-neo-icu-003,3,neonate,labs,1,0,0,1,1,1.0,1.0,1.0
openai_gpt-5-5-2026-04-23,REC-neo-icu-003,3,neonate,procedures,1,1,0,1,2,0.5,1.0,0.6666666666666666
openai_gpt-5-5-2026-04-23,REC-neo-icu-003,3,neonate,temporal,0,3,2,2,3,0.0,0.0,0.0
openai_gpt-5-5-2026-04-23,REC-neo-icu-004,3,neonate,diagnoses,2,1,0,2,3,0.6666666666666666,1.0,0.8
openai_gpt-5-5-2026-04-23,REC-neo-icu-004,3,neonate,medications,1,0,0,1,1,1.0,1.0,1.0
openai_gpt-5-5-2026-04-23,REC-neo-icu-004,3,neonate,labs,1,0,0,1,1,1.0,1.0,1.0
openai_gpt-5-5-2026-04-23,REC-neo-icu-004,3,neonate,procedures,1,1,0,1,2,0.5,1.0,0.6666666666666666
openai_gpt-5-5-2026-04-23,REC-neo-icu-004,3,neonate,temporal,0,5,2,2,5,0.0,0.0,0.0
openai_gpt-5-5-2026-04-23,REC-neo-icu-005,3,neonate,diagnoses,1,1,0,1,2,0.5,1.0,0.6666666666666666
openai_gpt-5-5-2026-04-23,REC-neo-icu-005,3,neonate,medications,1,0,0,1,1,1.0,1.0,1.0
openai_gpt-5-5-2026-04-23,REC-neo-icu-005,3,neonate,labs,1,0,0,1,1,1.0,1.0,1.0
openai_gpt-5-5-2026-04-23,REC-neo-icu-005,3,neonate,procedures,1,1,0,1,2,0.5,1.0,0.6666666666666666
openai_gpt-5-5-2026-04-23,REC-neo-icu-005,3,neonate,temporal,1,5,1,2,6,0.16666666666666666,0.5,0.25
openai_gpt-5-5-2026-04-23,REC-neo-icu-006,3,neonate,diagnoses,1,1,0,1,2,0.5,1.0,0.6666666666666666
openai_gpt-5-5-2026-04-23,REC-neo-icu-006,3,neonate,medications,1,0,0,1,1,1.0,1.0,1.0
openai_gpt-5-5-2026-04-23,REC-neo-icu-006,3,neonate,labs,1,0,0,1,1,1.0,1.0,1.0
openai_gpt-5-5-2026-04-23,REC-neo-icu-006,3,neonate,procedures,1,1,0,1,2,0.5,1.0,0.6666666666666666
openai_gpt-5-5-2026-04-23,REC-neo-icu-006,3,neonate,temporal,1,4,1,2,5,0.2,0.5,0.28571428571428575
openai_gpt-5-5-2026-04-23,REC-neo-icu-007,3,neonate,diagnoses,2,0,0,2,2,1.0,1.0,1.0
openai_gpt-5-5-2026-04-23,REC-neo-icu-007,3,neonate,medications,1,0,0,1,1,1.0,1.0,1.0
openai_gpt-5-5-2026-04-23,REC-neo-icu-007,3,neonate,labs,1,0,0,1,1,1.0,1.0,1.0
openai_gpt-5-5-2026-04-23,REC-neo-icu-007,3,neonate,procedures,1,0,0,1,1,1.0,1.0,1.0
openai_gpt-5-5-2026-04-23,REC-neo-icu-007,3,neonate,temporal,0,6,1,1,6,0.0,0.0,0.0
openai_gpt-5-5-2026-04-23,REC-neo-icu-008,3,neonate,diagnoses,2,1,0,2,3,0.6666666666666666,1.0,0.8
openai_gpt-5-5-2026-04-23,REC-neo-icu-008,3,neonate,medications,1,0,0,1,1,1.0,1.0,1.0
openai_gpt-5-5-2026-04-23,REC-neo-icu-008,3,neonate,labs,1,0,0,1,1,1.0,1.0,1.0
openai_gpt-5-5-2026-04-23,REC-neo-icu-008,3,neonate,procedures,1,1,0,1,2,0.5,1.0,0.6666666666666666
openai_gpt-5-5-2026-04-23,REC-neo-icu-008,3,neonate,temporal,0,5,3,3,5,0.0,0.0,0.0
openai_gpt-5-5-2026-04-23,REC-neo-icu-009,3,neonate,diagnoses,1,0,0,1,1,1.0,1.0,1.0
openai_gpt-5-5-2026-04-23,REC-neo-icu-009,3,neonate,medications,1,0,0,1,1,1.0,1.0,1.0
openai_gpt-5-5-2026-04-23,REC-neo-icu-009,3,neonate,labs,1,0,0,1,1,1.0,1.0,1.0
openai_gpt-5-5-2026-04-23,REC-neo-icu-009,3,neonate,procedures,1,1,0,1,2,0.5,1.0,0.6666666666666666
openai_gpt-5-5-2026-04-23,REC-neo-icu-009,3,neonate,temporal,0,6,2,2,6,0.0,0.0,0.0
openai_gpt-5-5-2026-04-23,REC-neo-icu-010,3,neonate,diagnoses,3,1,0,3,4,0.75,1.0,0.8571428571428571
openai_gpt-5-5-2026-04-23,REC-neo-icu-010,3,neonate,medications,1,0,0,1,1,1.0,1.0,1.0
openai_gpt-5-5-2026-04-23,REC-neo-icu-010,3,neonate,labs,1,0,0,1,1,1.0,1.0,1.0
openai_gpt-5-5-2026-04-23,REC-neo-icu-010,3,neonate,procedures,1,0,0,1,1,1.0,1.0,1.0
openai_gpt-5-5-2026-04-23,REC-neo-icu-010,3,neonate,temporal,1,5,1,2,6,0.16666666666666666,0.5,0.25
openai_gpt-5-5-2026-04-23,REC-neo-inp-001,3,neonate,diagnoses,2,0,0,2,2,1.0,1.0,1.0
openai_gpt-5-5-2026-04-23,REC-neo-inp-001,3,neonate,medications,1,0,0,1,1,1.0,1.0,1.0
openai_gpt-5-5-2026-04-23,REC-neo-inp-001,3,neonate,labs,1,0,0,1,1,1.0,1.0,1.0
openai_gpt-5-5-2026-04-23,REC-neo-inp-001,3,neonate,procedures,1,1,0,1,2,0.5,1.0,0.6666666666666666
openai_gpt-5-5-2026-04-23,REC-neo-inp-001,3,neonate,temporal,0,6,2,2,6,0.0,0.0,0.0
openai_gpt-5-5-2026-04-23,REC-neo-inp-002,3,neonate,diagnoses,3,0,0,3,3,1.0,1.0,1.0
openai_gpt-5-5-2026-04-23,REC-neo-inp-002,3,neonate,medications,0,0,0,0,0,0.0,0.0,0.0
openai_gpt-5-5-2026-04-23,REC-neo-inp-002,3,neonate,labs,1,0,0,1,1,1.0,1.0,1.0
openai_gpt-5-5-2026-04-23,REC-neo-inp-002,3,neonate,procedures,1,1,0,1,2,0.5,1.0,0.6666666666666666
openai_gpt-5-5-2026-04-23,REC-neo-inp-002,3,neonate,temporal,0,4,2,2,4,0.0,0.0,0.0
openai_gpt-5-5-2026-04-23,REC-neo-inp-003,3,neonate,diagnoses,2,1,0,2,3,0.6666666666666666,1.0,0.8
openai_gpt-5-5-2026-04-23,REC-neo-inp-003,3,neonate,medications,1,0,0,1,1,1.0,1.0,1.0
openai_gpt-5-5-2026-04-23,REC-neo-inp-003,3,neonate,labs,1,0,0,1,1,1.0,1.0,1.0
openai_gpt-5-5-2026-04-23,REC-neo-inp-003,3,neonate,procedures,1,1,0,1,2,0.5,1.0,0.6666666666666666
openai_gpt-5-5-2026-04-23,REC-neo-inp-003,3,neonate,temporal,1,5,1,2,6,0.16666666666666666,0.5,0.25
openai_gpt-5-5-2026-04-23,REC-neo-inp-004,3,neonate,diagnoses,2,0,0,2,2,1.0,1.0,1.0
openai_gpt-5-5-2026-04-23,REC-neo-inp-004,3,neonate,medications,1,0,0,1,1,1.0,1.0,1.0
openai_gpt-5-5-2026-04-23,REC-neo-inp-004,3,neonate,labs,1,0,0,1,1,1.0,1.0,1.0
openai_gpt-5-5-2026-04-23,REC-neo-inp-004,3,neonate,procedures,1,1,0,1,2,0.5,1.0,0.6666666666666666
openai_gpt-5-5-2026-04-23,REC-neo-inp-004,3,neonate,temporal,1,7,2,3,8,0.125,0.3333333333333333,0.18181818181818182
openai_gpt-5-5-2026-04-23,REC-neo-inp-005,3,neonate,diagnoses,2,0,0,2,2,1.0,1.0,1.0
openai_gpt-5-5-2026-04-23,REC-neo-inp-005,3,neonate,medications,0,0,0,0,0,0.0,0.0,0.0
openai_gpt-5-5-2026-04-23,REC-neo-inp-005,3,neonate,labs,1,0,0,1,1,1.0,1.0,1.0
openai_gpt-5-5-2026-04-23,REC-neo-inp-005,3,neonate,procedures,1,0,0,1,1,1.0,1.0,1.0
openai_gpt-5-5-2026-04-23,REC-neo-inp-005,3,neonate,temporal,0,3,2,2,3,0.0,0.0,0.0
openai_gpt-5-5-2026-04-23,REC-neo-inp-006,3,neonate,diagnoses,1,1,0,1,2,0.5,1.0,0.6666666666666666
openai_gpt-5-5-2026-04-23,REC-neo-inp-006,3,neonate,medications,1,0,0,1,1,1.0,1.0,1.0
openai_gpt-5-5-2026-04-23,REC-neo-inp-006,3,neonate,labs,1,0,0,1,1,1.0,1.0,1.0
openai_gpt-5-5-2026-04-23,REC-neo-inp-006,3,neonate,procedures,1,0,0,1,1,1.0,1.0,1.0
openai_gpt-5-5-2026-04-23,REC-neo-inp-006,3,neonate,temporal,1,5,1,2,6,0.16666666666666666,0.5,0.25
openai_gpt-5-5-2026-04-23,REC-neo-inp-007,3,neonate,diagnoses,1,0,0,1,1,1.0,1.0,1.0
openai_gpt-5-5-2026-04-23,REC-neo-inp-007,3,neonate,medications,1,0,0,1,1,1.0,1.0,1.0
openai_gpt-5-5-2026-04-23,REC-neo-inp-007,3,neonate,labs,1,0,0,1,1,1.0,1.0,1.0
openai_gpt-5-5-2026-04-23,REC-neo-inp-007,3,neonate,procedures,1,1,0,1,2,0.5,1.0,0.6666666666666666
openai_gpt-5-5-2026-04-23,REC-neo-inp-007,3,neonate,temporal,0,4,4,4,4,0.0,0.0,0.0
openai_gpt-5-5-2026-04-23,REC-neo-inp-008,3,neonate,diagnoses,2,0,0,2,2,1.0,1.0,1.0
openai_gpt-5-5-2026-04-23,REC-neo-inp-008,3,neonate,medications,0,0,0,0,0,0.0,0.0,0.0
openai_gpt-5-5-2026-04-23,REC-neo-inp-008,3,neonate,labs,1,0,0,1,1,1.0,1.0,1.0
openai_gpt-5-5-2026-04-23,REC-neo-inp-008,3,neonate,procedures,1,1,0,1,2,0.5,1.0,0.6666666666666666
openai_gpt-5-5-2026-04-23,REC-neo-inp-008,3,neonate,temporal,0,3,3,3,3,0.0,0.0,0.0
openai_gpt-5-5-2026-04-23,REC-neo-inp-009,3,neonate,diagnoses,1,1,0,1,2,0.5,1.0,0.6666666666666666
openai_gpt-5-5-2026-04-23,REC-neo-inp-009,3,neonate,medications,1,0,0,1,1,1.0,1.0,1.0
openai_gpt-5-5-2026-04-23,REC-neo-inp-009,3,neonate,labs,1,0,0,1,1,1.0,1.0,1.0
openai_gpt-5-5-2026-04-23,REC-neo-inp-009,3,neonate,procedures,1,1,0,1,2,0.5,1.0,0.6666666666666666
openai_gpt-5-5-2026-04-23,REC-neo-inp-009,3,neonate,temporal,1,3,1,2,4,0.25,0.5,0.3333333333333333
openai_gpt-5-5-2026-04-23,REC-neo-inp-010,3,neonate,diagnoses,1,0,0,1,1,1.0,1.0,1.0
openai_gpt-5-5-2026-04-23,REC-neo-inp-010,3,neonate,medications,1,0,0,1,1,1.0,1.0,1.0
openai_gpt-5-5-2026-04-23,REC-neo-inp-010,3,neonate,labs,1,0,0,1,1,1.0,1.0,1.0
openai_gpt-5-5-2026-04-23,REC-neo-inp-010,3,neonate,procedures,1,0,0,1,1,1.0,1.0,1.0
openai_gpt-5-5-2026-04-23,REC-neo-inp-010,3,neonate,temporal,0,4,2,2,4,0.0,0.0,0.0
openai_gpt-5-5-2026-04-23,REC-neo-out-001,3,neonate,diagnoses,1,0,0,1,1,1.0,1.0,1.0
openai_gpt-5-5-2026-04-23,REC-neo-out-001,3,neonate,medications,0,0,0,0,0,0.0,0.0,0.0
openai_gpt-5-5-2026-04-23,REC-neo-out-001,3,neonate,labs,1,0,0,1,1,1.0,1.0,1.0
openai_gpt-5-5-2026-04-23,REC-neo-out-001,3,neonate,procedures,1,1,0,1,2,0.5,1.0,0.6666666666666666
openai_gpt-5-5-2026-04-23,REC-neo-out-001,3,neonate,temporal,0,3,2,2,3,0.0,0.0,0.0
openai_gpt-5-5-2026-04-23,REC-neo-out-002,3,neonate,diagnoses,3,0,0,3,3,1.0,1.0,1.0
openai_gpt-5-5-2026-04-23,REC-neo-out-002,3,neonate,medications,0,0,0,0,0,0.0,0.0,0.0
openai_gpt-5-5-2026-04-23,REC-neo-out-002,3,neonate,labs,1,0,0,1,1,1.0,1.0,1.0
openai_gpt-5-5-2026-04-23,REC-neo-out-002,3,neonate,procedures,1,1,0,1,2,0.5,1.0,0.6666666666666666
openai_gpt-5-5-2026-04-23,REC-neo-out-002,3,neonate,temporal,0,3,2,2,3,0.0,0.0,0.0
openai_gpt-5-5-2026-04-23,REC-neo-out-003,3,neonate,diagnoses,2,0,0,2,2,1.0,1.0,1.0
openai_gpt-5-5-2026-04-23,REC-neo-out-003,3,neonate,medications,0,0,0,0,0,0.0,0.0,0.0
openai_gpt-5-5-2026-04-23,REC-neo-out-003,3,neonate,labs,1,0,0,1,1,1.0,1.0,1.0
openai_gpt-5-5-2026-04-23,REC-neo-out-003,3,neonate,procedures,1,0,0,1,1,1.0,1.0,1.0
openai_gpt-5-5-2026-04-23,REC-neo-out-003,3,neonate,temporal,0,4,1,1,4,0.0,0.0,0.0
openai_gpt-5-5-2026-04-23,REC-neo-out-004,3,neonate,diagnoses,2,0,0,2,2,1.0,1.0,1.0
openai_gpt-5-5-2026-04-23,REC-neo-out-004,3,neonate,medications,0,0,0,0,0,0.0,0.0,0.0
openai_gpt-5-5-2026-04-23,REC-neo-out-004,3,neonate,labs,1,0,0,1,1,1.0,1.0,1.0
openai_gpt-5-5-2026-04-23,REC-neo-out-004,3,neonate,procedures,1,1,0,1,2,0.5,1.0,0.6666666666666666
openai_gpt-5-5-2026-04-23,REC-neo-out-004,3,neonate,temporal,0,5,3,3,5,0.0,0.0,0.0
openai_gpt-5-5-2026-04-23,REC-neo-out-005,3,neonate,diagnoses,1,0,0,1,1,1.0,1.0,1.0
openai_gpt-5-5-2026-04-23,REC-neo-out-005,3,neonate,medications,0,0,0,0,0,0.0,0.0,0.0
openai_gpt-5-5-2026-04-23,REC-neo-out-005,3,neonate,labs,1,0,0,1,1,1.0,1.0,1.0
openai_gpt-5-5-2026-04-23,REC-neo-out-005,3,neonate,procedures,1,0,0,1,1,1.0,1.0,1.0
openai_gpt-5-5-2026-04-23,REC-neo-out-005,3,neonate,temporal,0,3,2,2,3,0.0,0.0,0.0
openai_gpt-5-5-2026-04-23,REC-neo-out-006,3,neonate,diagnoses,2,0,0,2,2,1.0,1.0,1.0
openai_gpt-5-5-2026-04-23,REC-neo-out-006,3,neonate,medications,0,0,0,0,0,0.0,0.0,0.0
openai_gpt-5-5-2026-04-23,REC-neo-out-006,3,neonate,labs,1,0,0,1,1,1.0,1.0,1.0
openai_gpt-5-5-2026-04-23,REC-neo-out-006,3,neonate,procedures,1,1,0,1,2,0.5,1.0,0.6666666666666666
openai_gpt-5-5-2026-04-23,REC-neo-out-006,3,neonate,temporal,0,4,2,2,4,0.0,0.0,0.0
openai_gpt-5-5-2026-04-23,REC-neo-out-007,3,neonate,diagnoses,3,0,0,3,3,1.0,1.0,1.0
openai_gpt-5-5-2026-04-23,REC-neo-out-007,3,neonate,medications,0,0,0,0,0,0.0,0.0,0.0
openai_gpt-5-5-2026-04-23,REC-neo-out-007,3,neonate,labs,1,0,0,1,1,1.0,1.0,1.0
openai_gpt-5-5-2026-04-23,REC-neo-out-007,3,neonate,procedures,1,1,0,1,2,0.5,1.0,0.6666666666666666
openai_gpt-5-5-2026-04-23,REC-neo-out-007,3,neonate,temporal,0,3,2,2,3,0.0,0.0,0.0
openai_gpt-5-5-2026-04-23,REC-neo-out-008,3,neonate,diagnoses,2,0,0,2,2,1.0,1.0,1.0
openai_gpt-5-5-2026-04-23,REC-neo-out-008,3,neonate,medications,0,0,0,0,0,0.0,0.0,0.0
openai_gpt-5-5-2026-04-23,REC-neo-out-008,3,neonate,labs,1,0,0,1,1,1.0,1.0,1.0
openai_gpt-5-5-2026-04-23,REC-neo-out-008,3,neonate,procedures,1,1,0,1,2,0.5,1.0,0.6666666666666666
openai_gpt-5-5-2026-04-23,REC-neo-out-008,3,neonate,temporal,1,3,2,3,4,0.25,0.3333333333333333,0.28571428571428575
openai_gpt-5-5-2026-04-23,REC-neo-out-009,3,neonate,diagnoses,2,1,0,2,3,0.6666666666666666,1.0,0.8
openai_gpt-5-5-2026-04-23,REC-neo-out-009,3,neonate,medications,0,0,0,0,0,0.0,0.0,0.0
openai_gpt-5-5-2026-04-23,REC-neo-out-009,3,neonate,labs,1,0,0,1,1,1.0,1.0,1.0
openai_gpt-5-5-2026-04-23,REC-neo-out-009,3,neonate,procedures,1,2,0,1,3,0.3333333333333333,1.0,0.5
openai_gpt-5-5-2026-04-23,REC-neo-out-009,3,neonate,temporal,0,5,3,3,5,0.0,0.0,0.0
openai_gpt-5-5-2026-04-23,REC-neo-out-010,3,neonate,diagnoses,2,0,0,2,2,1.0,1.0,1.0
openai_gpt-5-5-2026-04-23,REC-neo-out-010,3,neonate,medications,0,0,0,0,0,0.0,0.0,0.0
openai_gpt-5-5-2026-04-23,REC-neo-out-010,3,neonate,labs,1,0,0,1,1,1.0,1.0,1.0
openai_gpt-5-5-2026-04-23,REC-neo-out-010,3,neonate,procedures,1,1,0,1,2,0.5,1.0,0.6666666666666666
openai_gpt-5-5-2026-04-23,REC-neo-out-010,3,neonate,temporal,0,4,3,3,4,0.0,0.0,0.0
openai_gpt-5-5-2026-04-23,REC-ado-eme-001,1,adolescent,diagnoses,2,0,0,2,2,1.0,1.0,1.0
openai_gpt-5-5-2026-04-23,REC-ado-eme-001,1,adolescent,medications,1,0,0,1,1,1.0,1.0,1.0
openai_gpt-5-5-2026-04-23,REC-ado-eme-001,1,adolescent,labs,1,0,0,1,1,1.0,1.0,1.0
openai_gpt-5-5-2026-04-23,REC-ado-eme-001,1,adolescent,procedures,1,0,0,1,1,1.0,1.0,1.0
openai_gpt-5-5-2026-04-23,REC-ado-eme-001,1,adolescent,temporal,0,3,0,0,3,0.0,0.0,0.0
openai_gpt-5-5-2026-04-23,REC-ado-eme-002,1,adolescent,diagnoses,2,1,0,2,3,0.6666666666666666,1.0,0.8
openai_gpt-5-5-2026-04-23,REC-ado-eme-002,1,adolescent,medications,1,0,0,1,1,1.0,1.0,1.0
openai_gpt-5-5-2026-04-23,REC-ado-eme-002,1,adolescent,labs,0,0,0,0,0,0.0,0.0,0.0
openai_gpt-5-5-2026-04-23,REC-ado-eme-002,1,adolescent,procedures,1,1,0,1,2,0.5,1.0,0.6666666666666666
openai_gpt-5-5-2026-04-23,REC-ado-eme-002,1,adolescent,temporal,0,4,2,2,4,0.0,0.0,0.0
openai_gpt-5-5-2026-04-23,REC-ado-eme-003,1,adolescent,diagnoses,1,1,0,1,2,0.5,1.0,0.6666666666666666
openai_gpt-5-5-2026-04-23,REC-ado-eme-003,1,adolescent,medications,1,0,0,1,1,1.0,1.0,1.0
openai_gpt-5-5-2026-04-23,REC-ado-eme-003,1,adolescent,labs,0,0,0,0,0,0.0,0.0,0.0
openai_gpt-5-5-2026-04-23,REC-ado-eme-003,1,adolescent,procedures,1,1,0,1,2,0.5,1.0,0.6666666666666666
openai_gpt-5-5-2026-04-23,REC-ado-eme-003,1,adolescent,temporal,0,4,2,2,4,0.0,0.0,0.0
openai_gpt-5-5-2026-04-23,REC-ado-eme-004,1,adolescent,diagnoses,2,1,0,2,3,0.6666666666666666,1.0,0.8
openai_gpt-5-5-2026-04-23,REC-ado-eme-004,1,adolescent,medications,1,0,0,1,1,1.0,1.0,1.0
openai_gpt-5-5-2026-04-23,REC-ado-eme-004,1,adolescent,labs,1,0,0,1,1,1.0,1.0,1.0
openai_gpt-5-5-2026-04-23,REC-ado-eme-004,1,adolescent,procedures,1,1,0,1,2,0.5,1.0,0.6666666666666666
openai_gpt-5-5-2026-04-23,REC-ado-eme-004,1,adolescent,temporal,0,3,2,2,3,0.0,0.0,0.0
openai_gpt-5-5-2026-04-23,REC-ado-eme-005,1,adolescent,diagnoses,2,0,0,2,2,1.0,1.0,1.0
openai_gpt-5-5-2026-04-23,REC-ado-eme-005,1,adolescent,medications,1,0,0,1,1,1.0,1.0,1.0
openai_gpt-5-5-2026-04-23,REC-ado-eme-005,1,adolescent,labs,0,0,0,0,0,0.0,0.0,0.0
openai_gpt-5-5-2026-04-23,REC-ado-eme-005,1,adolescent,procedures,1,1,0,1,2,0.5,1.0,0.6666666666666666
openai_gpt-5-5-2026-04-23,REC-ado-eme-005,1,adolescent,temporal,0,5,1,1,5,0.0,0.0,0.0
openai_gpt-5-5-2026-04-23,REC-ado-eme-006,1,adolescent,diagnoses,2,1,0,2,3,0.6666666666666666,1.0,0.8
openai_gpt-5-5-2026-04-23,REC-ado-eme-006,1,adolescent,medications,1,0,0,1,1,1.0,1.0,1.0
openai_gpt-5-5-2026-04-23,REC-ado-eme-006,1,adolescent,labs,0,0,0,0,0,0.0,0.0,0.0
openai_gpt-5-5-2026-04-23,REC-ado-eme-006,1,adolescent,procedures,1,1,0,1,2,0.5,1.0,0.6666666666666666
openai_gpt-5-5-2026-04-23,REC-ado-eme-006,1,adolescent,temporal,0,2,2,2,2,0.0,0.0,0.0
openai_gpt-5-5-2026-04-23,REC-ado-eme-007,1,adolescent,diagnoses,3,0,0,3,3,1.0,1.0,1.0
openai_gpt-5-5-2026-04-23,REC-ado-eme-007,1,adolescent,medications,1,0,0,1,1,1.0,1.0,1.0
openai_gpt-5-5-2026-04-23,REC-ado-eme-007,1,adolescent,labs,1,0,0,1,1,1.0,1.0,1.0
openai_gpt-5-5-2026-04-23,REC-ado-eme-007,1,adolescent,procedures,1,1,0,1,2,0.5,1.0,0.6666666666666666
openai_gpt-5-5-2026-04-23,REC-ado-eme-007,1,adolescent,temporal,0,2,1,1,2,0.0,0.0,0.0
openai_gpt-5-5-2026-04-23,REC-ado-eme-008,1,adolescent,diagnoses,2,0,0,2,2,1.0,1.0,1.0
openai_gpt-5-5-2026-04-23,REC-ado-eme-008,1,adolescent,medications,1,0,0,1,1,1.0,1.0,1.0
openai_gpt-5-5-2026-04-23,REC-ado-eme-008,1,adolescent,labs,0,0,0,0,0,0.0,0.0,0.0
openai_gpt-5-5-2026-04-23,REC-ado-eme-008,1,adolescent,procedures,1,2,0,1,3,0.3333333333333333,1.0,0.5
openai_gpt-5-5-2026-04-23,REC-ado-eme-008,1,adolescent,temporal,0,2,2,2,2,0.0,0.0,0.0
openai_gpt-5-5-2026-04-23,REC-ado-eme-009,1,adolescent,diagnoses,2,0,0,2,2,1.0,1.0,1.0
openai_gpt-5-5-2026-04-23,REC-ado-eme-009,1,adolescent,medications,1,0,0,1,1,1.0,1.0,1.0
openai_gpt-5-5-2026-04-23,REC-ado-eme-009,1,adolescent,labs,0,0,0,0,0,0.0,0.0,0.0
openai_gpt-5-5-2026-04-23,REC-ado-eme-009,1,adolescent,procedures,1,1,0,1,2,0.5,1.0,0.6666666666666666
openai_gpt-5-5-2026-04-23,REC-ado-eme-009,1,adolescent,temporal,0,3,2,2,3,0.0,0.0,0.0
openai_gpt-5-5-2026-04-23,REC-ado-eme-010,1,adolescent,diagnoses,1,1,0,1,2,0.5,1.0,0.6666666666666666
openai_gpt-5-5-2026-04-23,REC-ado-eme-010,1,adolescent,medications,1,0,0,1,1,1.0,1.0,1.0
openai_gpt-5-5-2026-04-23,REC-ado-eme-010,1,adolescent,labs,1,0,0,1,1,1.0,1.0,1.0
openai_gpt-5-5-2026-04-23,REC-ado-eme-010,1,adolescent,procedures,1,1,0,1,2,0.5,1.0,0.6666666666666666
openai_gpt-5-5-2026-04-23,REC-ado-eme-010,1,adolescent,temporal,0,4,3,3,4,0.0,0.0,0.0
openai_gpt-5-5-2026-04-23,REC-ado-icu-001,1,adolescent,diagnoses,1,0,0,1,1,1.0,1.0,1.0
openai_gpt-5-5-2026-04-23,REC-ado-icu-001,1,adolescent,medications,1,0,0,1,1,1.0,1.0,1.0
openai_gpt-5-5-2026-04-23,REC-ado-icu-001,1,adolescent,labs,1,0,0,1,1,1.0,1.0,1.0
openai_gpt-5-5-2026-04-23,REC-ado-icu-001,1,adolescent,procedures,1,1,0,1,2,0.5,1.0,0.6666666666666666
openai_gpt-5-5-2026-04-23,REC-ado-icu-001,1,adolescent,temporal,0,5,1,1,5,0.0,0.0,0.0
openai_gpt-5-5-2026-04-23,REC-ado-icu-002,1,adolescent,diagnoses,2,0,0,2,2,1.0,1.0,1.0
openai_gpt-5-5-2026-04-23,REC-ado-icu-002,1,adolescent,medications,1,0,0,1,1,1.0,1.0,1.0
openai_gpt-5-5-2026-04-23,REC-ado-icu-002,1,adolescent,labs,1,0,0,1,1,1.0,1.0,1.0
openai_gpt-5-5-2026-04-23,REC-ado-icu-002,1,adolescent,procedures,1,1,0,1,2,0.5,1.0,0.6666666666666666
openai_gpt-5-5-2026-04-23,REC-ado-icu-002,1,adolescent,temporal,0,4,1,1,4,0.0,0.0,0.0
openai_gpt-5-5-2026-04-23,REC-ado-icu-003,1,adolescent,diagnoses,2,1,0,2,3,0.6666666666666666,1.0,0.8
openai_gpt-5-5-2026-04-23,REC-ado-icu-003,1,adolescent,medications,1,0,0,1,1,1.0,1.0,1.0
openai_gpt-5-5-2026-04-23,REC-ado-icu-003,1,adolescent,labs,1,0,0,1,1,1.0,1.0,1.0
openai_gpt-5-5-2026-04-23,REC-ado-icu-003,1,adolescent,procedures,1,1,0,1,2,0.5,1.0,0.6666666666666666
openai_gpt-5-5-2026-04-23,REC-ado-icu-003,1,adolescent,temporal,0,4,2,2,4,0.0,0.0,0.0
openai_gpt-5-5-2026-04-23,REC-ado-icu-004,1,adolescent,diagnoses,2,0,0,2,2,1.0,1.0,1.0
openai_gpt-5-5-2026-04-23,REC-ado-icu-004,1,adolescent,medications,1,0,0,1,1,1.0,1.0,1.0
openai_gpt-5-5-2026-04-23,REC-ado-icu-004,1,adolescent,labs,1,0,0,1,1,1.0,1.0,1.0
openai_gpt-5-5-2026-04-23,REC-ado-icu-004,1,adolescent,procedures,1,1,0,1,2,0.5,1.0,0.6666666666666666
openai_gpt-5-5-2026-04-23,REC-ado-icu-004,1,adolescent,temporal,0,5,2,2,5,0.0,0.0,0.0
openai_gpt-5-5-2026-04-23,REC-ado-icu-005,1,adolescent,diagnoses,2,1,0,2,3,0.6666666666666666,1.0,0.8
openai_gpt-5-5-2026-04-23,REC-ado-icu-005,1,adolescent,medications,1,0,0,1,1,1.0,1.0,1.0
openai_gpt-5-5-2026-04-23,REC-ado-icu-005,1,adolescent,labs,1,0,0,1,1,1.0,1.0,1.0
openai_gpt-5-5-2026-04-23,REC-ado-icu-005,1,adolescent,procedures,1,1,0,1,2,0.5,1.0,0.6666666666666666
openai_gpt-5-5-2026-04-23,REC-ado-icu-005,1,adolescent,temporal,0,2,2,2,2,0.0,0.0,0.0
openai_gpt-5-5-2026-04-23,REC-ado-icu-006,1,adolescent,diagnoses,2,1,0,2,3,0.6666666666666666,1.0,0.8
openai_gpt-5-5-2026-04-23,REC-ado-icu-006,1,adolescent,medications,1,0,0,1,1,1.0,1.0,1.0
openai_gpt-5-5-2026-04-23,REC-ado-icu-006,1,adolescent,labs,1,0,0,1,1,1.0,1.0,1.0
openai_gpt-5-5-2026-04-23,REC-ado-icu-006,1,adolescent,procedures,1,0,0,1,1,1.0,1.0,1.0
openai_gpt-5-5-2026-04-23,REC-ado-icu-006,1,adolescent,temporal,0,5,1,1,5,0.0,0.0,0.0
openai_gpt-5-5-2026-04-23,REC-ado-icu-007,1,adolescent,diagnoses,1,1,0,1,2,0.5,1.0,0.6666666666666666
openai_gpt-5-5-2026-04-23,REC-ado-icu-007,1,adolescent,medications,1,0,0,1,1,1.0,1.0,1.0
openai_gpt-5-5-2026-04-23,REC-ado-icu-007,1,adolescent,labs,1,0,0,1,1,1.0,1.0,1.0
openai_gpt-5-5-2026-04-23,REC-ado-icu-007,1,adolescent,procedures,1,1,0,1,2,0.5,1.0,0.6666666666666666
openai_gpt-5-5-2026-04-23,REC-ado-icu-007,1,adolescent,temporal,0,2,2,2,2,0.0,0.0,0.0
openai_gpt-5-5-2026-04-23,REC-ado-icu-008,1,adolescent,diagnoses,1,1,0,1,2,0.5,1.0,0.6666666666666666
openai_gpt-5-5-2026-04-23,REC-ado-icu-008,1,adolescent,medications,1,0,0,1,1,1.0,1.0,1.0
openai_gpt-5-5-2026-04-23,REC-ado-icu-008,1,adolescent,labs,1,0,0,1,1,1.0,1.0,1.0
openai_gpt-5-5-2026-04-23,REC-ado-icu-008,1,adolescent,procedures,1,0,0,1,1,1.0,1.0,1.0
openai_gpt-5-5-2026-04-23,REC-ado-icu-008,1,adolescent,temporal,0,4,2,2,4,0.0,0.0,0.0
openai_gpt-5-5-2026-04-23,REC-ado-icu-009,1,adolescent,diagnoses,2,0,0,2,2,1.0,1.0,1.0
openai_gpt-5-5-2026-04-23,REC-ado-icu-009,1,adolescent,medications,1,0,0,1,1,1.0,1.0,1.0
openai_gpt-5-5-2026-04-23,REC-ado-icu-009,1,adolescent,labs,1,0,0,1,1,1.0,1.0,1.0
openai_gpt-5-5-2026-04-23,REC-ado-icu-009,1,adolescent,procedures,1,0,0,1,1,1.0,1.0,1.0
openai_gpt-5-5-2026-04-23,REC-ado-icu-009,1,adolescent,temporal,0,2,1,1,2,0.0,0.0,0.0
openai_gpt-5-5-2026-04-23,REC-ado-icu-010,1,adolescent,diagnoses,2,0,0,2,2,1.0,1.0,1.0
openai_gpt-5-5-2026-04-23,REC-ado-icu-010,1,adolescent,medications,1,0,0,1,1,1.0,1.0,1.0
openai_gpt-5-5-2026-04-23,REC-ado-icu-010,1,adolescent,labs,1,0,0,1,1,1.0,1.0,1.0
openai_gpt-5-5-2026-04-23,REC-ado-icu-010,1,adolescent,procedures,1,1,0,1,2,0.5,1.0,0.6666666666666666
openai_gpt-5-5-2026-04-23,REC-ado-icu-010,1,adolescent,temporal,0,5,1,1,5,0.0,0.0,0.0
openai_gpt-5-5-2026-04-23,REC-ado-inp-001,1,adolescent,diagnoses,2,0,0,2,2,1.0,1.0,1.0
openai_gpt-5-5-2026-04-23,REC-ado-inp-001,1,adolescent,medications,1,0,0,1,1,1.0,1.0,1.0
openai_gpt-5-5-2026-04-23,REC-ado-inp-001,1,adolescent,labs,1,0,0,1,1,1.0,1.0,1.0
openai_gpt-5-5-2026-04-23,REC-ado-inp-001,1,adolescent,procedures,1,2,0,1,3,0.3333333333333333,1.0,0.5
openai_gpt-5-5-2026-04-23,REC-ado-inp-001,1,adolescent,temporal,0,3,2,2,3,0.0,0.0,0.0
openai_gpt-5-5-2026-04-23,REC-ado-inp-002,1,adolescent,diagnoses,2,0,0,2,2,1.0,1.0,1.0
openai_gpt-5-5-2026-04-23,REC-ado-inp-002,1,adolescent,medications,1,0,0,1,1,1.0,1.0,1.0
openai_gpt-5-5-2026-04-23,REC-ado-inp-002,1,adolescent,labs,0,0,0,0,0,0.0,0.0,0.0
openai_gpt-5-5-2026-04-23,REC-ado-inp-002,1,adolescent,procedures,1,2,0,1,3,0.3333333333333333,1.0,0.5
openai_gpt-5-5-2026-04-23,REC-ado-inp-002,1,adolescent,temporal,0,7,2,2,7,0.0,0.0,0.0
openai_gpt-5-5-2026-04-23,REC-ado-inp-003,1,adolescent,diagnoses,2,1,0,2,3,0.6666666666666666,1.0,0.8
openai_gpt-5-5-2026-04-23,REC-ado-inp-003,1,adolescent,medications,1,0,0,1,1,1.0,1.0,1.0
openai_gpt-5-5-2026-04-23,REC-ado-inp-003,1,adolescent,labs,0,0,0,0,0,0.0,0.0,0.0
openai_gpt-5-5-2026-04-23,REC-ado-inp-003,1,adolescent,procedures,1,1,0,1,2,0.5,1.0,0.6666666666666666
openai_gpt-5-5-2026-04-23,REC-ado-inp-003,1,adolescent,temporal,0,6,2,2,6,0.0,0.0,0.0
openai_gpt-5-5-2026-04-23,REC-ado-inp-004,1,adolescent,diagnoses,3,1,0,3,4,0.75,1.0,0.8571428571428571
openai_gpt-5-5-2026-04-23,REC-ado-inp-004,1,adolescent,medications,1,0,0,1,1,1.0,1.0,1.0
openai_gpt-5-5-2026-04-23,REC-ado-inp-004,1,adolescent,labs,1,0,0,1,1,1.0,1.0,1.0
openai_gpt-5-5-2026-04-23,REC-ado-inp-004,1,adolescent,procedures,1,0,0,1,1,1.0,1.0,1.0
openai_gpt-5-5-2026-04-23,REC-ado-inp-004,1,adolescent,temporal,0,4,1,1,4,0.0,0.0,0.0
openai_gpt-5-5-2026-04-23,REC-ado-inp-005,1,adolescent,diagnoses,2,0,0,2,2,1.0,1.0,1.0
openai_gpt-5-5-2026-04-23,REC-ado-inp-005,1,adolescent,medications,1,0,0,1,1,1.0,1.0,1.0
openai_gpt-5-5-2026-04-23,REC-ado-inp-005,1,adolescent,labs,0,0,0,0,0,0.0,0.0,0.0
openai_gpt-5-5-2026-04-23,REC-ado-inp-005,1,adolescent,procedures,1,2,0,1,3,0.3333333333333333,1.0,0.5
openai_gpt-5-5-2026-04-23,REC-ado-inp-005,1,adolescent,temporal,0,4,2,2,4,0.0,0.0,0.0
openai_gpt-5-5-2026-04-23,REC-ado-inp-006,1,adolescent,diagnoses,2,1,0,2,3,0.6666666666666666,1.0,0.8
openai_gpt-5-5-2026-04-23,REC-ado-inp-006,1,adolescent,medications,1,0,0,1,1,1.0,1.0,1.0
openai_gpt-5-5-2026-04-23,REC-ado-inp-006,1,adolescent,labs,0,0,0,0,0,0.0,0.0,0.0
openai_gpt-5-5-2026-04-23,REC-ado-inp-006,1,adolescent,procedures,1,1,0,1,2,0.5,1.0,0.6666666666666666
openai_gpt-5-5-2026-04-23,REC-ado-inp-006,1,adolescent,temporal,0,4,2,2,4,0.0,0.0,0.0
openai_gpt-5-5-2026-04-23,REC-ado-inp-007,1,adolescent,diagnoses,1,0,0,1,1,1.0,1.0,1.0
openai_gpt-5-5-2026-04-23,REC-ado-inp-007,1,adolescent,medications,1,0,0,1,1,1.0,1.0,1.0
openai_gpt-5-5-2026-04-23,REC-ado-inp-007,1,adolescent,labs,1,0,0,1,1,1.0,1.0,1.0
openai_gpt-5-5-2026-04-23,REC-ado-inp-007,1,adolescent,procedures,1,1,0,1,2,0.5,1.0,0.6666666666666666
openai_gpt-5-5-2026-04-23,REC-ado-inp-007,1,adolescent,temporal,0,4,1,1,4,0.0,0.0,0.0
openai_gpt-5-5-2026-04-23,REC-ado-inp-008,1,adolescent,diagnoses,2,1,0,2,3,0.6666666666666666,1.0,0.8
openai_gpt-5-5-2026-04-23,REC-ado-inp-008,1,adolescent,medications,1,0,0,1,1,1.0,1.0,1.0
openai_gpt-5-5-2026-04-23,REC-ado-inp-008,1,adolescent,labs,0,0,0,0,0,0.0,0.0,0.0
openai_gpt-5-5-2026-04-23,REC-ado-inp-008,1,adolescent,procedures,1,0,0,1,1,1.0,1.0,1.0
openai_gpt-5-5-2026-04-23,REC-ado-inp-008,1,adolescent,temporal,0,4,1,1,4,0.0,0.0,0.0
openai_gpt-5-5-2026-04-23,REC-ado-inp-009,1,adolescent,diagnoses,2,0,0,2,2,1.0,1.0,1.0
openai_gpt-5-5-2026-04-23,REC-ado-inp-009,1,adolescent,medications,1,0,0,1,1,1.0,1.0,1.0
openai_gpt-5-5-2026-04-23,REC-ado-inp-009,1,adolescent,labs,0,0,0,0,0,0.0,0.0,0.0
openai_gpt-5-5-2026-04-23,REC-ado-inp-009,1,adolescent,procedures,1,0,0,1,1,1.0,1.0,1.0
openai_gpt-5-5-2026-04-23,REC-ado-inp-009,1,adolescent,temporal,0,4,0,0,4,0.0,0.0,0.0
openai_gpt-5-5-2026-04-23,REC-ado-inp-010,1,adolescent,diagnoses,1,1,0,1,2,0.5,1.0,0.6666666666666666
openai_gpt-5-5-2026-04-23,REC-ado-inp-010,1,adolescent,medications,1,0,0,1,1,1.0,1.0,1.0
openai_gpt-5-5-2026-04-23,REC-ado-inp-010,1,adolescent,labs,1,0,0,1,1,1.0,1.0,1.0
openai_gpt-5-5-2026-04-23,REC-ado-inp-010,1,adolescent,procedures,1,0,0,1,1,1.0,1.0,1.0
openai_gpt-5-5-2026-04-23,REC-ado-inp-010,1,adolescent,temporal,0,3,1,1,3,0.0,0.0,0.0
openai_gpt-5-5-2026-04-23,REC-ado-out-001,1,adolescent,diagnoses,3,0,0,3,3,1.0,1.0,1.0
openai_gpt-5-5-2026-04-23,REC-ado-out-001,1,adolescent,medications,1,0,0,1,1,1.0,1.0,1.0
openai_gpt-5-5-2026-04-23,REC-ado-out-001,1,adolescent,labs,0,0,0,0,0,0.0,0.0,0.0
openai_gpt-5-5-2026-04-23,REC-ado-out-001,1,adolescent,procedures,1,0,0,1,1,1.0,1.0,1.0
openai_gpt-5-5-2026-04-23,REC-ado-out-001,1,adolescent,temporal,0,3,0,0,3,0.0,0.0,0.0
openai_gpt-5-5-2026-04-23,REC-ado-out-002,1,adolescent,diagnoses,2,0,0,2,2,1.0,1.0,1.0
openai_gpt-5-5-2026-04-23,REC-ado-out-002,1,adolescent,medications,1,0,0,1,1,1.0,1.0,1.0
openai_gpt-5-5-2026-04-23,REC-ado-out-002,1,adolescent,labs,0,0,0,0,0,0.0,0.0,0.0
openai_gpt-5-5-2026-04-23,REC-ado-out-002,1,adolescent,procedures,1,2,0,1,3,0.3333333333333333,1.0,0.5
openai_gpt-5-5-2026-04-23,REC-ado-out-002,1,adolescent,temporal,0,2,2,2,2,0.0,0.0,0.0
openai_gpt-5-5-2026-04-23,REC-ado-out-003,1,adolescent,diagnoses,2,0,0,2,2,1.0,1.0,1.0
openai_gpt-5-5-2026-04-23,REC-ado-out-003,1,adolescent,medications,1,0,0,1,1,1.0,1.0,1.0
openai_gpt-5-5-2026-04-23,REC-ado-out-003,1,adolescent,labs,0,0,0,0,0,0.0,0.0,0.0
openai_gpt-5-5-2026-04-23,REC-ado-out-003,1,adolescent,procedures,1,0,0,1,1,1.0,1.0,1.0
openai_gpt-5-5-2026-04-23,REC-ado-out-003,1,adolescent,temporal,0,3,1,1,3,0.0,0.0,0.0
openai_gpt-5-5-2026-04-23,REC-ado-out-004,1,adolescent,diagnoses,1,0,0,1,1,1.0,1.0,1.0
openai_gpt-5-5-2026-04-23,REC-ado-out-004,1,adolescent,medications,1,0,0,1,1,1.0,1.0,1.0
openai_gpt-5-5-2026-04-23,REC-ado-out-004,1,adolescent,labs,0,0,0,0,0,0.0,0.0,0.0
openai_gpt-5-5-2026-04-23,REC-ado-out-004,1,adolescent,procedures,1,1,0,1,2,0.5,1.0,0.6666666666666666
openai_gpt-5-5-2026-04-23,REC-ado-out-004,1,adolescent,temporal,0,4,1,1,4,0.0,0.0,0.0
openai_gpt-5-5-2026-04-23,REC-ado-out-005,1,adolescent,diagnoses,2,0,0,2,2,1.0,1.0,1.0
openai_gpt-5-5-2026-04-23,REC-ado-out-005,1,adolescent,medications,1,0,0,1,1,1.0,1.0,1.0
openai_gpt-5-5-2026-04-23,REC-ado-out-005,1,adolescent,labs,0,0,0,0,0,0.0,0.0,0.0
openai_gpt-5-5-2026-04-23,REC-ado-out-005,1,adolescent,procedures,1,1,0,1,2,0.5,1.0,0.6666666666666666
openai_gpt-5-5-2026-04-23,REC-ado-out-005,1,adolescent,temporal,0,3,1,1,3,0.0,0.0,0.0
openai_gpt-5-5-2026-04-23,REC-ado-out-006,1,adolescent,diagnoses,1,0,0,1,1,1.0,1.0,1.0
openai_gpt-5-5-2026-04-23,REC-ado-out-006,1,adolescent,medications,1,0,0,1,1,1.0,1.0,1.0
openai_gpt-5-5-2026-04-23,REC-ado-out-006,1,adolescent,labs,0,0,0,0,0,0.0,0.0,0.0
openai_gpt-5-5-2026-04-23,REC-ado-out-006,1,adolescent,procedures,1,1,0,1,2,0.5,1.0,0.6666666666666666
openai_gpt-5-5-2026-04-23,REC-ado-out-006,1,adolescent,temporal,0,2,1,1,2,0.0,0.0,0.0
openai_gpt-5-5-2026-04-23,REC-ado-out-007,1,adolescent,diagnoses,2,0,0,2,2,1.0,1.0,1.0
openai_gpt-5-5-2026-04-23,REC-ado-out-007,1,adolescent,medications,1,0,0,1,1,1.0,1.0,1.0
openai_gpt-5-5-2026-04-23,REC-ado-out-007,1,adolescent,labs,0,0,0,0,0,0.0,0.0,0.0
openai_gpt-5-5-2026-04-23,REC-ado-out-007,1,adolescent,procedures,1,2,0,1,3,0.3333333333333333,1.0,0.5
openai_gpt-5-5-2026-04-23,REC-ado-out-007,1,adolescent,temporal,0,4,2,2,4,0.0,0.0,0.0
openai_gpt-5-5-2026-04-23,REC-ado-out-008,1,adolescent,diagnoses,1,0,0,1,1,1.0,1.0,1.0
openai_gpt-5-5-2026-04-23,REC-ado-out-008,1,adolescent,medications,1,0,0,1,1,1.0,1.0,1.0
openai_gpt-5-5-2026-04-23,REC-ado-out-008,1,adolescent,labs,0,0,0,0,0,0.0,0.0,0.0
openai_gpt-5-5-2026-04-23,REC-ado-out-008,1,adolescent,procedures,1,0,0,1,1,1.0,1.0,1.0
openai_gpt-5-5-2026-04-23,REC-ado-out-008,1,adolescent,temporal,0,2,1,1,2,0.0,0.0,0.0
openai_gpt-5-5-2026-04-23,REC-ado-out-009,1,adolescent,diagnoses,2,1,0,2,3,0.6666666666666666,1.0,0.8
openai_gpt-5-5-2026-04-23,REC-ado-out-009,1,adolescent,medications,1,0,0,1,1,1.0,1.0,1.0
openai_gpt-5-5-2026-04-23,REC-ado-out-009,1,adolescent,labs,0,0,0,0,0,0.0,0.0,0.0
openai_gpt-5-5-2026-04-23,REC-ado-out-009,1,adolescent,procedures,1,1,0,1,2,0.5,1.0,0.6666666666666666
openai_gpt-5-5-2026-04-23,REC-ado-out-009,1,adolescent,temporal,0,3,2,2,3,0.0,0.0,0.0
openai_gpt-5-5-2026-04-23,REC-ado-out-010,1,adolescent,diagnoses,2,0,0,2,2,1.0,1.0,1.0
openai_gpt-5-5-2026-04-23,REC-ado-out-010,1,adolescent,medications,1,0,0,1,1,1.0,1.0,1.0
openai_gpt-5-5-2026-04-23,REC-ado-out-010,1,adolescent,labs,0,0,0,0,0,0.0,0.0,0.0
openai_gpt-5-5-2026-04-23,REC-ado-out-010,1,adolescent,procedures,1,1,0,1,2,0.5,1.0,0.6666666666666666
openai_gpt-5-5-2026-04-23,REC-ado-out-010,1,adolescent,temporal,0,4,1,1,4,0.0,0.0,0.0
openai_gpt-5-5-2026-04-23,REC-chi-eme-001,1,child,diagnoses,2,0,0,2,2,1.0,1.0,1.0
openai_gpt-5-5-2026-04-23,REC-chi-eme-001,1,child,medications,1,0,0,1,1,1.0,1.0,1.0
openai_gpt-5-5-2026-04-23,REC-chi-eme-001,1,child,labs,0,1,0,0,1,0.0,0.0,0.0
openai_gpt-5-5-2026-04-23,REC-chi-eme-001,1,child,procedures,1,1,0,1,2,0.5,1.0,0.6666666666666666
openai_gpt-5-5-2026-04-23,REC-chi-eme-001,1,child,temporal,1,3,1,2,4,0.25,0.5,0.3333333333333333
openai_gpt-5-5-2026-04-23,REC-chi-eme-002,1,child,diagnoses,2,0,0,2,2,1.0,1.0,1.0
openai_gpt-5-5-2026-04-23,REC-chi-eme-002,1,child,medications,1,0,0,1,1,1.0,1.0,1.0
openai_gpt-5-5-2026-04-23,REC-chi-eme-002,1,child,labs,1,0,0,1,1,1.0,1.0,1.0
openai_gpt-5-5-2026-04-23,REC-chi-eme-002,1,child,procedures,1,0,0,1,1,1.0,1.0,1.0
openai_gpt-5-5-2026-04-23,REC-chi-eme-002,1,child,temporal,0,4,0,0,4,0.0,0.0,0.0
openai_gpt-5-5-2026-04-23,REC-chi-eme-003,1,child,diagnoses,1,0,0,1,1,1.0,1.0,1.0
openai_gpt-5-5-2026-04-23,REC-chi-eme-003,1,child,medications,1,0,0,1,1,1.0,1.0,1.0
openai_gpt-5-5-2026-04-23,REC-chi-eme-003,1,child,labs,1,0,0,1,1,1.0,1.0,1.0
openai_gpt-5-5-2026-04-23,REC-chi-eme-003,1,child,procedures,1,0,0,1,1,1.0,1.0,1.0
openai_gpt-5-5-2026-04-23,REC-chi-eme-003,1,child,temporal,1,3,0,1,4,0.25,1.0,0.4
openai_gpt-5-5-2026-04-23,REC-chi-eme-004,1,child,diagnoses,2,1,0,2,3,0.6666666666666666,1.0,0.8
openai_gpt-5-5-2026-04-23,REC-chi-eme-004,1,child,medications,1,0,0,1,1,1.0,1.0,1.0
openai_gpt-5-5-2026-04-23,REC-chi-eme-004,1,child,labs,0,0,0,0,0,0.0,0.0,0.0
openai_gpt-5-5-2026-04-23,REC-chi-eme-004,1,child,procedures,1,0,0,1,1,1.0,1.0,1.0
openai_gpt-5-5-2026-04-23,REC-chi-eme-004,1,child,temporal,0,4,2,2,4,0.0,0.0,0.0
openai_gpt-5-5-2026-04-23,REC-chi-eme-005,1,child,diagnoses,2,0,0,2,2,1.0,1.0,1.0
openai_gpt-5-5-2026-04-23,REC-chi-eme-005,1,child,medications,1,0,0,1,1,1.0,1.0,1.0
openai_gpt-5-5-2026-04-23,REC-chi-eme-005,1,child,labs,1,0,0,1,1,1.0,1.0,1.0
openai_gpt-5-5-2026-04-23,REC-chi-eme-005,1,child,procedures,1,0,0,1,1,1.0,1.0,1.0
openai_gpt-5-5-2026-04-23,REC-chi-eme-005,1,child,temporal,0,4,0,0,4,0.0,0.0,0.0
openai_gpt-5-5-2026-04-23,REC-chi-eme-006,1,child,diagnoses,2,0,0,2,2,1.0,1.0,1.0
openai_gpt-5-5-2026-04-23,REC-chi-eme-006,1,child,medications,1,0,0,1,1,1.0,1.0,1.0
openai_gpt-5-5-2026-04-23,REC-chi-eme-006,1,child,labs,1,0,0,1,1,1.0,1.0,1.0
openai_gpt-5-5-2026-04-23,REC-chi-eme-006,1,child,procedures,1,0,0,1,1,1.0,1.0,1.0
openai_gpt-5-5-2026-04-23,REC-chi-eme-006,1,child,temporal,0,3,0,0,3,0.0,0.0,0.0
openai_gpt-5-5-2026-04-23,REC-chi-eme-007,1,child,diagnoses,2,1,0,2,3,0.6666666666666666,1.0,0.8
openai_gpt-5-5-2026-04-23,REC-chi-eme-007,1,child,medications,1,0,0,1,1,1.0,1.0,1.0
openai_gpt-5-5-2026-04-23,REC-chi-eme-007,1,child,labs,0,0,0,0,0,0.0,0.0,0.0
openai_gpt-5-5-2026-04-23,REC-chi-eme-007,1,child,procedures,1,0,0,1,1,1.0,1.0,1.0
openai_gpt-5-5-2026-04-23,REC-chi-eme-007,1,child,temporal,0,4,2,2,4,0.0,0.0,0.0
openai_gpt-5-5-2026-04-23,REC-chi-eme-008,1,child,diagnoses,2,0,0,2,2,1.0,1.0,1.0
openai_gpt-5-5-2026-04-23,REC-chi-eme-008,1,child,medications,1,0,0,1,1,1.0,1.0,1.0
openai_gpt-5-5-2026-04-23,REC-chi-eme-008,1,child,labs,1,0,0,1,1,1.0,1.0,1.0
openai_gpt-5-5-2026-04-23,REC-chi-eme-008,1,child,procedures,1,0,0,1,1,1.0,1.0,1.0
openai_gpt-5-5-2026-04-23,REC-chi-eme-008,1,child,temporal,0,4,0,0,4,0.0,0.0,0.0
openai_gpt-5-5-2026-04-23,REC-chi-eme-009,1,child,diagnoses,2,1,0,2,3,0.6666666666666666,1.0,0.8
openai_gpt-5-5-2026-04-23,REC-chi-eme-009,1,child,medications,1,0,0,1,1,1.0,1.0,1.0
openai_gpt-5-5-2026-04-23,REC-chi-eme-009,1,child,labs,1,0,0,1,1,1.0,1.0,1.0
openai_gpt-5-5-2026-04-23,REC-chi-eme-009,1,child,procedures,1,0,0,1,1,1.0,1.0,1.0
openai_gpt-5-5-2026-04-23,REC-chi-eme-009,1,child,temporal,0,6,2,2,6,0.0,0.0,0.0
openai_gpt-5-5-2026-04-23,REC-chi-eme-010,1,child,diagnoses,3,0,0,3,3,1.0,1.0,1.0
openai_gpt-5-5-2026-04-23,REC-chi-eme-010,1,child,medications,1,0,0,1,1,1.0,1.0,1.0
openai_gpt-5-5-2026-04-23,REC-chi-eme-010,1,child,labs,0,0,0,0,0,0.0,0.0,0.0
openai_gpt-5-5-2026-04-23,REC-chi-eme-010,1,child,procedures,1,0,0,1,1,1.0,1.0,1.0
openai_gpt-5-5-2026-04-23,REC-chi-eme-010,1,child,temporal,0,5,0,0,5,0.0,0.0,0.0
openai_gpt-5-5-2026-04-23,REC-chi-icu-001,1,child,diagnoses,1,0,0,1,1,1.0,1.0,1.0
openai_gpt-5-5-2026-04-23,REC-chi-icu-001,1,child,medications,1,0,0,1,1,1.0,1.0,1.0
openai_gpt-5-5-2026-04-23,REC-chi-icu-001,1,child,labs,0,0,0,0,0,0.0,0.0,0.0
openai_gpt-5-5-2026-04-23,REC-chi-icu-001,1,child,procedures,1,0,0,1,1,1.0,1.0,1.0
openai_gpt-5-5-2026-04-23,REC-chi-icu-001,1,child,temporal,0,5,1,1,5,0.0,0.0,0.0
openai_gpt-5-5-2026-04-23,REC-chi-icu-002,1,child,diagnoses,1,1,0,1,2,0.5,1.0,0.6666666666666666
openai_gpt-5-5-2026-04-23,REC-chi-icu-002,1,child,medications,1,0,0,1,1,1.0,1.0,1.0
openai_gpt-5-5-2026-04-23,REC-chi-icu-002,1,child,labs,1,0,0,1,1,1.0,1.0,1.0
openai_gpt-5-5-2026-04-23,REC-chi-icu-002,1,child,procedures,1,0,0,1,1,1.0,1.0,1.0
openai_gpt-5-5-2026-04-23,REC-chi-icu-002,1,child,temporal,0,4,2,2,4,0.0,0.0,0.0
openai_gpt-5-5-2026-04-23,REC-chi-icu-003,1,child,diagnoses,2,0,0,2,2,1.0,1.0,1.0
openai_gpt-5-5-2026-04-23,REC-chi-icu-003,1,child,medications,1,0,0,1,1,1.0,1.0,1.0
openai_gpt-5-5-2026-04-23,REC-chi-icu-003,1,child,labs,0,0,0,0,0,0.0,0.0,0.0
openai_gpt-5-5-2026-04-23,REC-chi-icu-003,1,child,procedures,1,1,0,1,2,0.5,1.0,0.6666666666666666
openai_gpt-5-5-2026-04-23,REC-chi-icu-003,1,child,temporal,0,6,1,1,6,0.0,0.0,0.0
openai_gpt-5-5-2026-04-23,REC-chi-icu-004,1,child,diagnoses,2,1,0,2,3,0.6666666666666666,1.0,0.8
openai_gpt-5-5-2026-04-23,REC-chi-icu-004,1,child,medications,1,0,0,1,1,1.0,1.0,1.0
openai_gpt-5-5-2026-04-23,REC-chi-icu-004,1,child,labs,1,0,0,1,1,1.0,1.0,1.0
openai_gpt-5-5-2026-04-23,REC-chi-icu-004,1,child,procedures,1,0,0,1,1,1.0,1.0,1.0
openai_gpt-5-5-2026-04-23,REC-chi-icu-004,1,child,temporal,0,4,1,1,4,0.0,0.0,0.0
openai_gpt-5-5-2026-04-23,REC-chi-icu-005,1,child,diagnoses,2,1,0,2,3,0.6666666666666666,1.0,0.8
openai_gpt-5-5-2026-04-23,REC-chi-icu-005,1,child,medications,1,0,0,1,1,1.0,1.0,1.0
openai_gpt-5-5-2026-04-23,REC-chi-icu-005,1,child,labs,0,0,0,0,0,0.0,0.0,0.0
openai_gpt-5-5-2026-04-23,REC-chi-icu-005,1,child,procedures,1,1,0,1,2,0.5,1.0,0.6666666666666666
openai_gpt-5-5-2026-04-23,REC-chi-icu-005,1,child,temporal,0,6,2,2,6,0.0,0.0,0.0
openai_gpt-5-5-2026-04-23,REC-chi-icu-006,1,child,diagnoses,1,0,0,1,1,1.0,1.0,1.0
openai_gpt-5-5-2026-04-23,REC-chi-icu-006,1,child,medications,1,0,0,1,1,1.0,1.0,1.0
openai_gpt-5-5-2026-04-23,REC-chi-icu-006,1,child,labs,1,0,0,1,1,1.0,1.0,1.0
openai_gpt-5-5-2026-04-23,REC-chi-icu-006,1,child,procedures,1,2,0,1,3,0.3333333333333333,1.0,0.5
openai_gpt-5-5-2026-04-23,REC-chi-icu-006,1,child,temporal,0,5,2,2,5,0.0,0.0,0.0
openai_gpt-5-5-2026-04-23,REC-chi-icu-007,1,child,diagnoses,1,0,0,1,1,1.0,1.0,1.0
openai_gpt-5-5-2026-04-23,REC-chi-icu-007,1,child,medications,1,0,0,1,1,1.0,1.0,1.0
openai_gpt-5-5-2026-04-23,REC-chi-icu-007,1,child,labs,0,0,0,0,0,0.0,0.0,0.0
openai_gpt-5-5-2026-04-23,REC-chi-icu-007,1,child,procedures,1,0,0,1,1,1.0,1.0,1.0
openai_gpt-5-5-2026-04-23,REC-chi-icu-007,1,child,temporal,1,4,1,2,5,0.2,0.5,0.28571428571428575
openai_gpt-5-5-2026-04-23,REC-chi-icu-008,1,child,diagnoses,1,0,0,1,1,1.0,1.0,1.0
openai_gpt-5-5-2026-04-23,REC-chi-icu-008,1,child,medications,1,0,0,1,1,1.0,1.0,1.0
openai_gpt-5-5-2026-04-23,REC-chi-icu-008,1,child,labs,1,0,0,1,1,1.0,1.0,1.0
openai_gpt-5-5-2026-04-23,REC-chi-icu-008,1,child,procedures,1,0,0,1,1,1.0,1.0,1.0
openai_gpt-5-5-2026-04-23,REC-chi-icu-008,1,child,temporal,0,4,1,1,4,0.0,0.0,0.0
openai_gpt-5-5-2026-04-23,REC-chi-icu-009,1,child,diagnoses,2,0,0,2,2,1.0,1.0,1.0
openai_gpt-5-5-2026-04-23,REC-chi-icu-009,1,child,medications,1,0,0,1,1,1.0,1.0,1.0
openai_gpt-5-5-2026-04-23,REC-chi-icu-009,1,child,labs,0,0,0,0,0,0.0,0.0,0.0
openai_gpt-5-5-2026-04-23,REC-chi-icu-009,1,child,procedures,1,2,0,1,3,0.3333333333333333,1.0,0.5
openai_gpt-5-5-2026-04-23,REC-chi-icu-009,1,child,temporal,0,4,2,2,4,0.0,0.0,0.0
openai_gpt-5-5-2026-04-23,REC-chi-icu-010,1,child,diagnoses,2,0,0,2,2,1.0,1.0,1.0
openai_gpt-5-5-2026-04-23,REC-chi-icu-010,1,child,medications,1,0,0,1,1,1.0,1.0,1.0
openai_gpt-5-5-2026-04-23,REC-chi-icu-010,1,child,labs,1,0,0,1,1,1.0,1.0,1.0
openai_gpt-5-5-2026-04-23,REC-chi-icu-010,1,child,procedures,1,0,0,1,1,1.0,1.0,1.0
openai_gpt-5-5-2026-04-23,REC-chi-icu-010,1,child,temporal,0,4,0,0,4,0.0,0.0,0.0
openai_gpt-5-5-2026-04-23,REC-chi-inp-001,1,child,diagnoses,2,1,0,2,3,0.6666666666666666,1.0,0.8
openai_gpt-5-5-2026-04-23,REC-chi-inp-001,1,child,medications,1,0,0,1,1,1.0,1.0,1.0
openai_gpt-5-5-2026-04-23,REC-chi-inp-001,1,child,labs,0,0,0,0,0,0.0,0.0,0.0
openai_gpt-5-5-2026-04-23,REC-chi-inp-001,1,child,procedures,1,0,0,1,1,1.0,1.0,1.0
openai_gpt-5-5-2026-04-23,REC-chi-inp-001,1,child,temporal,0,3,2,2,3,0.0,0.0,0.0
openai_gpt-5-5-2026-04-23,REC-chi-inp-002,1,child,diagnoses,1,0,0,1,1,1.0,1.0,1.0
openai_gpt-5-5-2026-04-23,REC-chi-inp-002,1,child,medications,1,0,0,1,1,1.0,1.0,1.0
openai_gpt-5-5-2026-04-23,REC-chi-inp-002,1,child,labs,1,0,0,1,1,1.0,1.0,1.0
openai_gpt-5-5-2026-04-23,REC-chi-inp-002,1,child,procedures,1,0,0,1,1,1.0,1.0,1.0
openai_gpt-5-5-2026-04-23,REC-chi-inp-002,1,child,temporal,1,3,0,1,4,0.25,1.0,0.4
openai_gpt-5-5-2026-04-23,REC-chi-inp-003,1,child,diagnoses,2,0,0,2,2,1.0,1.0,1.0
openai_gpt-5-5-2026-04-23,REC-chi-inp-003,1,child,medications,1,0,0,1,1,1.0,1.0,1.0
openai_gpt-5-5-2026-04-23,REC-chi-inp-003,1,child,labs,1,0,0,1,1,1.0,1.0,1.0
openai_gpt-5-5-2026-04-23,REC-chi-inp-003,1,child,procedures,1,0,0,1,1,1.0,1.0,1.0
openai_gpt-5-5-2026-04-23,REC-chi-inp-003,1,child,temporal,0,5,0,0,5,0.0,0.0,0.0
openai_gpt-5-5-2026-04-23,REC-chi-inp-004,1,child,diagnoses,2,1,0,2,3,0.6666666666666666,1.0,0.8
openai_gpt-5-5-2026-04-23,REC-chi-inp-004,1,child,medications,1,0,0,1,1,1.0,1.0,1.0
openai_gpt-5-5-2026-04-23,REC-chi-inp-004,1,child,labs,0,0,0,0,0,0.0,0.0,0.0
openai_gpt-5-5-2026-04-23,REC-chi-inp-004,1,child,procedures,1,0,0,1,1,1.0,1.0,1.0
openai_gpt-5-5-2026-04-23,REC-chi-inp-004,1,child,temporal,0,6,1,1,6,0.0,0.0,0.0
openai_gpt-5-5-2026-04-23,REC-chi-inp-005,1,child,diagnoses,1,1,0,1,2,0.5,1.0,0.6666666666666666
openai_gpt-5-5-2026-04-23,REC-chi-inp-005,1,child,medications,1,0,0,1,1,1.0,1.0,1.0
openai_gpt-5-5-2026-04-23,REC-chi-inp-005,1,child,labs,1,0,0,1,1,1.0,1.0,1.0
openai_gpt-5-5-2026-04-23,REC-chi-inp-005,1,child,procedures,1,0,0,1,1,1.0,1.0,1.0
openai_gpt-5-5-2026-04-23,REC-chi-inp-005,1,child,temporal,0,5,1,1,5,0.0,0.0,0.0
openai_gpt-5-5-2026-04-23,REC-chi-inp-006,1,child,diagnoses,1,1,0,1,2,0.5,1.0,0.6666666666666666
openai_gpt-5-5-2026-04-23,REC-chi-inp-006,1,child,medications,1,0,0,1,1,1.0,1.0,1.0
openai_gpt-5-5-2026-04-23,REC-chi-inp-006,1,child,labs,1,0,0,1,1,1.0,1.0,1.0
openai_gpt-5-5-2026-04-23,REC-chi-inp-006,1,child,procedures,1,0,0,1,1,1.0,1.0,1.0
openai_gpt-5-5-2026-04-23,REC-chi-inp-006,1,child,temporal,0,4,2,2,4,0.0,0.0,0.0
openai_gpt-5-5-2026-04-23,REC-chi-inp-007,1,child,diagnoses,1,0,0,1,1,1.0,1.0,1.0
openai_gpt-5-5-2026-04-23,REC-chi-inp-007,1,child,medications,1,0,0,1,1,1.0,1.0,1.0
openai_gpt-5-5-2026-04-23,REC-chi-inp-007,1,child,labs,0,0,0,0,0,0.0,0.0,0.0
openai_gpt-5-5-2026-04-23,REC-chi-inp-007,1,child,procedures,1,1,0,1,2,0.5,1.0,0.6666666666666666
openai_gpt-5-5-2026-04-23,REC-chi-inp-007,1,child,temporal,0,4,1,1,4,0.0,0.0,0.0
openai_gpt-5-5-2026-04-23,REC-chi-inp-008,1,child,diagnoses,2,0,0,2,2,1.0,1.0,1.0
openai_gpt-5-5-2026-04-23,REC-chi-inp-008,1,child,medications,1,0,0,1,1,1.0,1.0,1.0
openai_gpt-5-5-2026-04-23,REC-chi-inp-008,1,child,labs,1,0,0,1,1,1.0,1.0,1.0
openai_gpt-5-5-2026-04-23,REC-chi-inp-008,1,child,procedures,1,0,0,1,1,1.0,1.0,1.0
openai_gpt-5-5-2026-04-23,REC-chi-inp-008,1,child,temporal,1,4,0,1,5,0.2,1.0,0.33333333333333337
openai_gpt-5-5-2026-04-23,REC-chi-inp-009,1,child,diagnoses,1,0,0,1,1,1.0,1.0,1.0
openai_gpt-5-5-2026-04-23,REC-chi-inp-009,1,child,medications,1,0,0,1,1,1.0,1.0,1.0
openai_gpt-5-5-2026-04-23,REC-chi-inp-009,1,child,labs,1,0,0,1,1,1.0,1.0,1.0
openai_gpt-5-5-2026-04-23,REC-chi-inp-009,1,child,procedures,1,1,0,1,2,0.5,1.0,0.6666666666666666
openai_gpt-5-5-2026-04-23,REC-chi-inp-009,1,child,temporal,0,6,1,1,6,0.0,0.0,0.0
openai_gpt-5-5-2026-04-23,REC-chi-inp-010,1,child,diagnoses,2,0,0,2,2,1.0,1.0,1.0
openai_gpt-5-5-2026-04-23,REC-chi-inp-010,1,child,medications,1,0,0,1,1,1.0,1.0,1.0
openai_gpt-5-5-2026-04-23,REC-chi-inp-010,1,child,labs,0,0,0,0,0,0.0,0.0,0.0
openai_gpt-5-5-2026-04-23,REC-chi-inp-010,1,child,procedures,1,1,0,1,2,0.5,1.0,0.6666666666666666
openai_gpt-5-5-2026-04-23,REC-chi-inp-010,1,child,temporal,1,5,1,2,6,0.16666666666666666,0.5,0.25
openai_gpt-5-5-2026-04-23,REC-chi-out-001,1,child,diagnoses,2,0,0,2,2,1.0,1.0,1.0
openai_gpt-5-5-2026-04-23,REC-chi-out-001,1,child,medications,1,0,0,1,1,1.0,1.0,1.0
openai_gpt-5-5-2026-04-23,REC-chi-out-001,1,child,labs,0,0,0,0,0,0.0,0.0,0.0
openai_gpt-5-5-2026-04-23,REC-chi-out-001,1,child,procedures,1,1,0,1,2,0.5,1.0,0.6666666666666666
openai_gpt-5-5-2026-04-23,REC-chi-out-001,1,child,temporal,0,3,2,2,3,0.0,0.0,0.0
openai_gpt-5-5-2026-04-23,REC-chi-out-002,1,child,diagnoses,2,1,0,2,3,0.6666666666666666,1.0,0.8
openai_gpt-5-5-2026-04-23,REC-chi-out-002,1,child,medications,1,0,0,1,1,1.0,1.0,1.0
openai_gpt-5-5-2026-04-23,REC-chi-out-002,1,child,labs,1,0,0,1,1,1.0,1.0,1.0
openai_gpt-5-5-2026-04-23,REC-chi-out-002,1,child,procedures,1,1,0,1,2,0.5,1.0,0.6666666666666666
openai_gpt-5-5-2026-04-23,REC-chi-out-002,1,child,temporal,0,3,2,2,3,0.0,0.0,0.0
openai_gpt-5-5-2026-04-23,REC-chi-out-003,1,child,diagnoses,2,0,0,2,2,1.0,1.0,1.0
openai_gpt-5-5-2026-04-23,REC-chi-out-003,1,child,medications,1,0,0,1,1,1.0,1.0,1.0
openai_gpt-5-5-2026-04-23,REC-chi-out-003,1,child,labs,0,0,0,0,0,0.0,0.0,0.0
openai_gpt-5-5-2026-04-23,REC-chi-out-003,1,child,procedures,1,1,0,1,2,0.5,1.0,0.6666666666666666
openai_gpt-5-5-2026-04-23,REC-chi-out-003,1,child,temporal,0,2,1,1,2,0.0,0.0,0.0
openai_gpt-5-5-2026-04-23,REC-chi-out-004,1,child,diagnoses,2,0,0,2,2,1.0,1.0,1.0
openai_gpt-5-5-2026-04-23,REC-chi-out-004,1,child,medications,1,0,0,1,1,1.0,1.0,1.0
openai_gpt-5-5-2026-04-23,REC-chi-out-004,1,child,labs,1,0,0,1,1,1.0,1.0,1.0
openai_gpt-5-5-2026-04-23,REC-chi-out-004,1,child,procedures,1,0,0,1,1,1.0,1.0,1.0
openai_gpt-5-5-2026-04-23,REC-chi-out-004,1,child,temporal,1,2,0,1,3,0.3333333333333333,1.0,0.5
openai_gpt-5-5-2026-04-23,REC-chi-out-005,1,child,diagnoses,1,1,0,1,2,0.5,1.0,0.6666666666666666
openai_gpt-5-5-2026-04-23,REC-chi-out-005,1,child,medications,1,0,0,1,1,1.0,1.0,1.0
openai_gpt-5-5-2026-04-23,REC-chi-out-005,1,child,labs,0,0,0,0,0,0.0,0.0,0.0
openai_gpt-5-5-2026-04-23,REC-chi-out-005,1,child,procedures,1,1,0,1,2,0.5,1.0,0.6666666666666666
openai_gpt-5-5-2026-04-23,REC-chi-out-005,1,child,temporal,0,5,2,2,5,0.0,0.0,0.0
openai_gpt-5-5-2026-04-23,REC-chi-out-006,1,child,diagnoses,1,0,0,1,1,1.0,1.0,1.0
openai_gpt-5-5-2026-04-23,REC-chi-out-006,1,child,medications,1,0,0,1,1,1.0,1.0,1.0
openai_gpt-5-5-2026-04-23,REC-chi-out-006,1,child,labs,1,0,0,1,1,1.0,1.0,1.0
openai_gpt-5-5-2026-04-23,REC-chi-out-006,1,child,procedures,1,2,0,1,3,0.3333333333333333,1.0,0.5
openai_gpt-5-5-2026-04-23,REC-chi-out-006,1,child,temporal,0,3,2,2,3,0.0,0.0,0.0
openai_gpt-5-5-2026-04-23,REC-chi-out-007,1,child,diagnoses,2,1,0,2,3,0.6666666666666666,1.0,0.8
openai_gpt-5-5-2026-04-23,REC-chi-out-007,1,child,medications,1,0,0,1,1,1.0,1.0,1.0
openai_gpt-5-5-2026-04-23,REC-chi-out-007,1,child,labs,0,0,0,0,0,0.0,0.0,0.0
openai_gpt-5-5-2026-04-23,REC-chi-out-007,1,child,procedures,1,1,0,1,2,0.5,1.0,0.6666666666666666
openai_gpt-5-5-2026-04-23,REC-chi-out-007,1,child,temporal,0,2,2,2,2,0.0,0.0,0.0
openai_gpt-5-5-2026-04-23,REC-chi-out-008,1,child,diagnoses,3,0,0,3,3,1.0,1.0,1.0
openai_gpt-5-5-2026-04-23,REC-chi-out-008,1,child,medications,1,0,0,1,1,1.0,1.0,1.0
openai_gpt-5-5-2026-04-23,REC-chi-out-008,1,child,labs,1,0,0,1,1,1.0,1.0,1.0
openai_gpt-5-5-2026-04-23,REC-chi-out-008,1,child,procedures,1,0,0,1,1,1.0,1.0,1.0
openai_gpt-5-5-2026-04-23,REC-chi-out-008,1,child,temporal,0,3,0,0,3,0.0,0.0,0.0
openai_gpt-5-5-2026-04-23,REC-chi-out-009,1,child,diagnoses,2,0,0,2,2,1.0,1.0,1.0
openai_gpt-5-5-2026-04-23,REC-chi-out-009,1,child,medications,1,0,0,1,1,1.0,1.0,1.0
openai_gpt-5-5-2026-04-23,REC-chi-out-009,1,child,labs,0,0,0,0,0,0.0,0.0,0.0
openai_gpt-5-5-2026-04-23,REC-chi-out-009,1,child,procedures,1,0,0,1,1,1.0,1.0,1.0
openai_gpt-5-5-2026-04-23,REC-chi-out-009,1,child,temporal,1,4,0,1,5,0.2,1.0,0.33333333333333337
openai_gpt-5-5-2026-04-23,REC-chi-out-010,1,child,diagnoses,1,0,0,1,1,1.0,1.0,1.0
openai_gpt-5-5-2026-04-23,REC-chi-out-010,1,child,medications,1,0,0,1,1,1.0,1.0,1.0
openai_gpt-5-5-2026-04-23,REC-chi-out-010,1,child,labs,1,0,0,1,1,1.0,1.0,1.0
openai_gpt-5-5-2026-04-23,REC-chi-out-010,1,child,procedures,1,0,0,1,1,1.0,1.0,1.0
openai_gpt-5-5-2026-04-23,REC-chi-out-010,1,child,temporal,1,1,1,2,2,0.5,0.5,0.5
openai_gpt-5-5-2026-04-23,REC-inf-eme-001,1,infant,diagnoses,3,0,0,3,3,1.0,1.0,1.0
openai_gpt-5-5-2026-04-23,REC-inf-eme-001,1,infant,medications,0,0,0,0,0,0.0,0.0,0.0
openai_gpt-5-5-2026-04-23,REC-inf-eme-001,1,infant,labs,0,0,0,0,0,0.0,0.0,0.0
openai_gpt-5-5-2026-04-23,REC-inf-eme-001,1,infant,procedures,1,0,0,1,1,1.0,1.0,1.0
openai_gpt-5-5-2026-04-23,REC-inf-eme-001,1,infant,temporal,0,4,0,0,4,0.0,0.0,0.0
openai_gpt-5-5-2026-04-23,REC-inf-eme-002,1,infant,diagnoses,2,0,0,2,2,1.0,1.0,1.0
openai_gpt-5-5-2026-04-23,REC-inf-eme-002,1,infant,medications,1,0,0,1,1,1.0,1.0,1.0
openai_gpt-5-5-2026-04-23,REC-inf-eme-002,1,infant,labs,0,0,0,0,0,0.0,0.0,0.0
openai_gpt-5-5-2026-04-23,REC-inf-eme-002,1,infant,procedures,1,1,0,1,2,0.5,1.0,0.6666666666666666
openai_gpt-5-5-2026-04-23,REC-inf-eme-002,1,infant,temporal,0,2,1,1,2,0.0,0.0,0.0
openai_gpt-5-5-2026-04-23,REC-inf-eme-003,1,infant,diagnoses,2,1,0,2,3,0.6666666666666666,1.0,0.8
openai_gpt-5-5-2026-04-23,REC-inf-eme-003,1,infant,medications,1,0,0,1,1,1.0,1.0,1.0
openai_gpt-5-5-2026-04-23,REC-inf-eme-003,1,infant,labs,1,0,0,1,1,1.0,1.0,1.0
openai_gpt-5-5-2026-04-23,REC-inf-eme-003,1,infant,procedures,1,1,0,1,2,0.5,1.0,0.6666666666666666
openai_gpt-5-5-2026-04-23,REC-inf-eme-003,1,infant,temporal,0,3,2,2,3,0.0,0.0,0.0
openai_gpt-5-5-2026-04-23,REC-inf-eme-004,1,infant,diagnoses,2,1,0,2,3,0.6666666666666666,1.0,0.8
openai_gpt-5-5-2026-04-23,REC-inf-eme-004,1,infant,medications,0,0,0,0,0,0.0,0.0,0.0
openai_gpt-5-5-2026-04-23,REC-inf-eme-004,1,infant,labs,0,0,0,0,0,0.0,0.0,0.0
openai_gpt-5-5-2026-04-23,REC-inf-eme-004,1,infant,procedures,1,1,0,1,2,0.5,1.0,0.6666666666666666
openai_gpt-5-5-2026-04-23,REC-inf-eme-004,1,infant,temporal,0,4,2,2,4,0.0,0.0,0.0
openai_gpt-5-5-2026-04-23,REC-inf-eme-005,1,infant,diagnoses,1,1,0,1,2,0.5,1.0,0.6666666666666666
openai_gpt-5-5-2026-04-23,REC-inf-eme-005,1,infant,medications,1,0,0,1,1,1.0,1.0,1.0
openai_gpt-5-5-2026-04-23,REC-inf-eme-005,1,infant,labs,0,0,0,0,0,0.0,0.0,0.0
openai_gpt-5-5-2026-04-23,REC-inf-eme-005,1,infant,procedures,1,0,0,1,1,1.0,1.0,1.0
openai_gpt-5-5-2026-04-23,REC-inf-eme-005,1,infant,temporal,0,3,2,2,3,0.0,0.0,0.0
openai_gpt-5-5-2026-04-23,REC-inf-eme-006,1,infant,diagnoses,1,0,0,1,1,1.0,1.0,1.0
openai_gpt-5-5-2026-04-23,REC-inf-eme-006,1,infant,medications,1,0,0,1,1,1.0,1.0,1.0
openai_gpt-5-5-2026-04-23,REC-inf-eme-006,1,infant,labs,1,0,0,1,1,1.0,1.0,1.0
openai_gpt-5-5-2026-04-23,REC-inf-eme-006,1,infant,procedures,1,0,0,1,1,1.0,1.0,1.0
openai_gpt-5-5-2026-04-23,REC-inf-eme-006,1,infant,temporal,1,2,0,1,3,0.3333333333333333,1.0,0.5
openai_gpt-5-5-2026-04-23,REC-inf-eme-007,1,infant,diagnoses,3,0,0,3,3,1.0,1.0,1.0
openai_gpt-5-5-2026-04-23,REC-inf-eme-007,1,infant,medications,0,0,0,0,0,0.0,0.0,0.0
openai_gpt-5-5-2026-04-23,REC-inf-eme-007,1,infant,labs,0,0,0,0,0,0.0,0.0,0.0
openai_gpt-5-5-2026-04-23,REC-inf-eme-007,1,infant,procedures,1,0,0,1,1,1.0,1.0,1.0
openai_gpt-5-5-2026-04-23,REC-inf-eme-007,1,infant,temporal,0,2,1,1,2,0.0,0.0,0.0
openai_gpt-5-5-2026-04-23,REC-inf-eme-008,1,infant,diagnoses,1,0,0,1,1,1.0,1.0,1.0
openai_gpt-5-5-2026-04-23,REC-inf-eme-008,1,infant,medications,1,0,0,1,1,1.0,1.0,1.0
openai_gpt-5-5-2026-04-23,REC-inf-eme-008,1,infant,labs,0,0,0,0,0,0.0,0.0,0.0
openai_gpt-5-5-2026-04-23,REC-inf-eme-008,1,infant,procedures,1,1,0,1,2,0.5,1.0,0.6666666666666666
openai_gpt-5-5-2026-04-23,REC-inf-eme-008,1,infant,temporal,1,1,1,2,2,0.5,0.5,0.5
openai_gpt-5-5-2026-04-23,REC-inf-eme-009,1,infant,diagnoses,1,0,0,1,1,1.0,1.0,1.0
openai_gpt-5-5-2026-04-23,REC-inf-eme-009,1,infant,medications,1,0,0,1,1,1.0,1.0,1.0
openai_gpt-5-5-2026-04-23,REC-inf-eme-009,1,infant,labs,1,0,0,1,1,1.0,1.0,1.0
openai_gpt-5-5-2026-04-23,REC-inf-eme-009,1,infant,procedures,1,2,0,1,3,0.3333333333333333,1.0,0.5
openai_gpt-5-5-2026-04-23,REC-inf-eme-009,1,infant,temporal,1,2,2,3,3,0.3333333333333333,0.3333333333333333,0.3333333333333333
openai_gpt-5-5-2026-04-23,REC-inf-eme-010,1,infant,diagnoses,1,1,0,1,2,0.5,1.0,0.6666666666666666
openai_gpt-5-5-2026-04-23,REC-inf-eme-010,1,infant,medications,0,0,0,0,0,0.0,0.0,0.0
openai_gpt-5-5-2026-04-23,REC-inf-eme-010,1,infant,labs,0,0,0,0,0,0.0,0.0,0.0
openai_gpt-5-5-2026-04-23,REC-inf-eme-010,1,infant,procedures,1,0,0,1,1,1.0,1.0,1.0
openai_gpt-5-5-2026-04-23,REC-inf-eme-010,1,infant,temporal,0,4,1,1,4,0.0,0.0,0.0
openai_gpt-5-5-2026-04-23,REC-inf-icu-001,1,infant,diagnoses,1,0,0,1,1,1.0,1.0,1.0
openai_gpt-5-5-2026-04-23,REC-inf-icu-001,1,infant,medications,0,0,0,0,0,0.0,0.0,0.0
openai_gpt-5-5-2026-04-23,REC-inf-icu-001,1,infant,labs,0,0,0,0,0,0.0,0.0,0.0
openai_gpt-5-5-2026-04-23,REC-inf-icu-001,1,infant,procedures,1,1,0,1,2,0.5,1.0,0.6666666666666666
openai_gpt-5-5-2026-04-23,REC-inf-icu-001,1,infant,temporal,0,4,1,1,4,0.0,0.0,0.0
openai_gpt-5-5-2026-04-23,REC-inf-icu-002,1,infant,diagnoses,2,0,0,2,2,1.0,1.0,1.0
openai_gpt-5-5-2026-04-23,REC-inf-icu-002,1,infant,medications,1,0,0,1,1,1.0,1.0,1.0
openai_gpt-5-5-2026-04-23,REC-inf-icu-002,1,infant,labs,1,0,0,1,1,1.0,1.0,1.0
openai_gpt-5-5-2026-04-23,REC-inf-icu-002,1,infant,procedures,1,1,0,1,2,0.5,1.0,0.6666666666666666
openai_gpt-5-5-2026-04-23,REC-inf-icu-002,1,infant,temporal,0,5,2,2,5,0.0,0.0,0.0
openai_gpt-5-5-2026-04-23,REC-inf-icu-003,1,infant,diagnoses,2,0,0,2,2,1.0,1.0,1.0
openai_gpt-5-5-2026-04-23,REC-inf-icu-003,1,infant,medications,0,0,0,0,0,0.0,0.0,0.0
openai_gpt-5-5-2026-04-23,REC-inf-icu-003,1,infant,labs,0,0,0,0,0,0.0,0.0,0.0
openai_gpt-5-5-2026-04-23,REC-inf-icu-003,1,infant,procedures,1,0,0,1,1,1.0,1.0,1.0
openai_gpt-5-5-2026-04-23,REC-inf-icu-003,1,infant,temporal,0,2,0,0,2,0.0,0.0,0.0
openai_gpt-5-5-2026-04-23,REC-inf-icu-004,1,infant,diagnoses,1,1,0,1,2,0.5,1.0,0.6666666666666666
openai_gpt-5-5-2026-04-23,REC-inf-icu-004,1,infant,medications,1,0,0,1,1,1.0,1.0,1.0
openai_gpt-5-5-2026-04-23,REC-inf-icu-004,1,infant,labs,1,0,0,1,1,1.0,1.0,1.0
openai_gpt-5-5-2026-04-23,REC-inf-icu-004,1,infant,procedures,1,2,0,1,3,0.3333333333333333,1.0,0.5
openai_gpt-5-5-2026-04-23,REC-inf-icu-004,1,infant,temporal,0,7,3,3,7,0.0,0.0,0.0
openai_gpt-5-5-2026-04-23,REC-inf-icu-005,1,infant,diagnoses,1,0,0,1,1,1.0,1.0,1.0
openai_gpt-5-5-2026-04-23,REC-inf-icu-005,1,infant,medications,0,0,0,0,0,0.0,0.0,0.0
openai_gpt-5-5-2026-04-23,REC-inf-icu-005,1,infant,labs,0,0,0,0,0,0.0,0.0,0.0
openai_gpt-5-5-2026-04-23,REC-inf-icu-005,1,infant,procedures,1,2,0,1,3,0.3333333333333333,1.0,0.5
openai_gpt-5-5-2026-04-23,REC-inf-icu-005,1,infant,temporal,0,5,2,2,5,0.0,0.0,0.0
openai_gpt-5-5-2026-04-23,REC-inf-icu-006,1,infant,diagnoses,1,0,0,1,1,1.0,1.0,1.0
openai_gpt-5-5-2026-04-23,REC-inf-icu-006,1,infant,medications,1,0,0,1,1,1.0,1.0,1.0
openai_gpt-5-5-2026-04-23,REC-inf-icu-006,1,infant,labs,1,0,0,1,1,1.0,1.0,1.0
openai_gpt-5-5-2026-04-23,REC-inf-icu-006,1,infant,procedures,1,0,0,1,1,1.0,1.0,1.0
openai_gpt-5-5-2026-04-23,REC-inf-icu-006,1,infant,temporal,1,4,0,1,5,0.2,1.0,0.33333333333333337
openai_gpt-5-5-2026-04-23,REC-inf-icu-007,1,infant,diagnoses,2,0,0,2,2,1.0,1.0,1.0
openai_gpt-5-5-2026-04-23,REC-inf-icu-007,1,infant,medications,0,0,0,0,0,0.0,0.0,0.0
openai_gpt-5-5-2026-04-23,REC-inf-icu-007,1,infant,labs,0,0,0,0,0,0.0,0.0,0.0
openai_gpt-5-5-2026-04-23,REC-inf-icu-007,1,infant,procedures,1,2,0,1,3,0.3333333333333333,1.0,0.5
openai_gpt-5-5-2026-04-23,REC-inf-icu-007,1,infant,temporal,0,3,2,2,3,0.0,0.0,0.0
openai_gpt-5-5-2026-04-23,REC-inf-icu-008,1,infant,diagnoses,1,0,0,1,1,1.0,1.0,1.0
openai_gpt-5-5-2026-04-23,REC-inf-icu-008,1,infant,medications,1,0,0,1,1,1.0,1.0,1.0
openai_gpt-5-5-2026-04-23,REC-inf-icu-008,1,infant,labs,1,0,0,1,1,1.0,1.0,1.0
openai_gpt-5-5-2026-04-23,REC-inf-icu-008,1,infant,procedures,1,0,0,1,1,1.0,1.0,1.0
openai_gpt-5-5-2026-04-23,REC-inf-icu-008,1,infant,temporal,0,4,1,1,4,0.0,0.0,0.0
openai_gpt-5-5-2026-04-23,REC-inf-icu-009,1,infant,diagnoses,3,0,0,3,3,1.0,1.0,1.0
openai_gpt-5-5-2026-04-23,REC-inf-icu-009,1,infant,medications,0,0,0,0,0,0.0,0.0,0.0
openai_gpt-5-5-2026-04-23,REC-inf-icu-009,1,infant,labs,0,0,0,0,0,0.0,0.0,0.0
openai_gpt-5-5-2026-04-23,REC-inf-icu-009,1,infant,procedures,1,0,0,1,1,1.0,1.0,1.0
openai_gpt-5-5-2026-04-23,REC-inf-icu-009,1,infant,temporal,0,3,0,0,3,0.0,0.0,0.0
openai_gpt-5-5-2026-04-23,REC-inf-icu-010,1,infant,diagnoses,2,1,0,2,3,0.6666666666666666,1.0,0.8
openai_gpt-5-5-2026-04-23,REC-inf-icu-010,1,infant,medications,1,0,0,1,1,1.0,1.0,1.0
openai_gpt-5-5-2026-04-23,REC-inf-icu-010,1,infant,labs,1,0,0,1,1,1.0,1.0,1.0
openai_gpt-5-5-2026-04-23,REC-inf-icu-010,1,infant,procedures,1,0,0,1,1,1.0,1.0,1.0
openai_gpt-5-5-2026-04-23,REC-inf-icu-010,1,infant,temporal,0,5,2,2,5,0.0,0.0,0.0
openai_gpt-5-5-2026-04-23,REC-inf-inp-001,1,infant,diagnoses,2,0,0,2,2,1.0,1.0,1.0
openai_gpt-5-5-2026-04-23,REC-inf-inp-001,1,infant,medications,0,0,0,0,0,0.0,0.0,0.0
openai_gpt-5-5-2026-04-23,REC-inf-inp-001,1,infant,labs,0,0,0,0,0,0.0,0.0,0.0
openai_gpt-5-5-2026-04-23,REC-inf-inp-001,1,infant,procedures,1,1,0,1,2,0.5,1.0,0.6666666666666666
openai_gpt-5-5-2026-04-23,REC-inf-inp-001,1,infant,temporal,0,4,1,1,4,0.0,0.0,0.0
openai_gpt-5-5-2026-04-23,REC-inf-inp-002,1,infant,diagnoses,1,1,0,1,2,0.5,1.0,0.6666666666666666
openai_gpt-5-5-2026-04-23,REC-inf-inp-002,1,infant,medications,1,0,0,1,1,1.0,1.0,1.0
openai_gpt-5-5-2026-04-23,REC-inf-inp-002,1,infant,labs,1,0,0,1,1,1.0,1.0,1.0
openai_gpt-5-5-2026-04-23,REC-inf-inp-002,1,infant,procedures,1,2,0,1,3,0.3333333333333333,1.0,0.5
openai_gpt-5-5-2026-04-23,REC-inf-inp-002,1,infant,temporal,0,3,3,3,3,0.0,0.0,0.0
openai_gpt-5-5-2026-04-23,REC-inf-inp-003,1,infant,diagnoses,3,0,0,3,3,1.0,1.0,1.0
openai_gpt-5-5-2026-04-23,REC-inf-inp-003,1,infant,medications,0,0,0,0,0,0.0,0.0,0.0
openai_gpt-5-5-2026-04-23,REC-inf-inp-003,1,infant,labs,0,0,0,0,0,0.0,0.0,0.0
openai_gpt-5-5-2026-04-23,REC-inf-inp-003,1,infant,procedures,1,0,0,1,1,1.0,1.0,1.0
openai_gpt-5-5-2026-04-23,REC-inf-inp-003,1,infant,temporal,0,4,0,0,4,0.0,0.0,0.0
openai_gpt-5-5-2026-04-23,REC-inf-inp-004,1,infant,diagnoses,2,1,0,2,3,0.6666666666666666,1.0,0.8
openai_gpt-5-5-2026-04-23,REC-inf-inp-004,1,infant,medications,1,0,0,1,1,1.0,1.0,1.0
openai_gpt-5-5-2026-04-23,REC-inf-inp-004,1,infant,labs,1,0,0,1,1,1.0,1.0,1.0
openai_gpt-5-5-2026-04-23,REC-inf-inp-004,1,infant,procedures,1,0,0,1,1,1.0,1.0,1.0
openai_gpt-5-5-2026-04-23,REC-inf-inp-004,1,infant,temporal,0,5,1,1,5,0.0,0.0,0.0
openai_gpt-5-5-2026-04-23,REC-inf-inp-005,1,infant,diagnoses,2,0,0,2,2,1.0,1.0,1.0
openai_gpt-5-5-2026-04-23,REC-inf-inp-005,1,infant,medications,0,0,0,0,0,0.0,0.0,0.0
openai_gpt-5-5-2026-04-23,REC-inf-inp-005,1,infant,labs,0,0,0,0,0,0.0,0.0,0.0
openai_gpt-5-5-2026-04-23,REC-inf-inp-005,1,infant,procedures,1,2,0,1,3,0.3333333333333333,1.0,0.5
openai_gpt-5-5-2026-04-23,REC-inf-inp-005,1,infant,temporal,0,5,2,2,5,0.0,0.0,0.0
openai_gpt-5-5-2026-04-23,REC-inf-inp-006,1,infant,diagnoses,1,0,0,1,1,1.0,1.0,1.0
openai_gpt-5-5-2026-04-23,REC-inf-inp-006,1,infant,medications,1,0,0,1,1,1.0,1.0,1.0
openai_gpt-5-5-2026-04-23,REC-inf-inp-006,1,infant,labs,1,0,0,1,1,1.0,1.0,1.0
openai_gpt-5-5-2026-04-23,REC-inf-inp-006,1,infant,procedures,1,1,0,1,2,0.5,1.0,0.6666666666666666
openai_gpt-5-5-2026-04-23,REC-inf-inp-006,1,infant,temporal,0,5,1,1,5,0.0,0.0,0.0
openai_gpt-5-5-2026-04-23,REC-inf-inp-007,1,infant,diagnoses,1,0,0,1,1,1.0,1.0,1.0
openai_gpt-5-5-2026-04-23,REC-inf-inp-007,1,infant,medications,0,0,0,0,0,0.0,0.0,0.0
openai_gpt-5-5-2026-04-23,REC-inf-inp-007,1,infant,labs,0,0,0,0,0,0.0,0.0,0.0
openai_gpt-5-5-2026-04-23,REC-inf-inp-007,1,infant,procedures,1,1,0,1,2,0.5,1.0,0.6666666666666666
openai_gpt-5-5-2026-04-23,REC-inf-inp-007,1,infant,temporal,0,4,1,1,4,0.0,0.0,0.0
openai_gpt-5-5-2026-04-23,REC-inf-inp-008,1,infant,diagnoses,1,1,0,1,2,0.5,1.0,0.6666666666666666
openai_gpt-5-5-2026-04-23,REC-inf-inp-008,1,infant,medications,1,0,0,1,1,1.0,1.0,1.0
openai_gpt-5-5-2026-04-23,REC-inf-inp-008,1,infant,labs,1,0,0,1,1,1.0,1.0,1.0
openai_gpt-5-5-2026-04-23,REC-inf-inp-008,1,infant,procedures,1,0,0,1,1,1.0,1.0,1.0
openai_gpt-5-5-2026-04-23,REC-inf-inp-008,1,infant,temporal,0,5,1,1,5,0.0,0.0,0.0
openai_gpt-5-5-2026-04-23,REC-inf-inp-009,1,infant,diagnoses,2,0,0,2,2,1.0,1.0,1.0
openai_gpt-5-5-2026-04-23,REC-inf-inp-009,1,infant,medications,0,0,0,0,0,0.0,0.0,0.0
openai_gpt-5-5-2026-04-23,REC-inf-inp-009,1,infant,labs,0,0,0,0,0,0.0,0.0,0.0
openai_gpt-5-5-2026-04-23,REC-inf-inp-009,1,infant,procedures,1,2,0,1,3,0.3333333333333333,1.0,0.5
openai_gpt-5-5-2026-04-23,REC-inf-inp-009,1,infant,temporal,0,5,2,2,5,0.0,0.0,0.0
openai_gpt-5-5-2026-04-23,REC-inf-inp-010,1,infant,diagnoses,1,0,0,1,1,1.0,1.0,1.0
openai_gpt-5-5-2026-04-23,REC-inf-inp-010,1,infant,medications,1,0,0,1,1,1.0,1.0,1.0
openai_gpt-5-5-2026-04-23,REC-inf-inp-010,1,infant,labs,1,0,0,1,1,1.0,1.0,1.0
openai_gpt-5-5-2026-04-23,REC-inf-inp-010,1,infant,procedures,1,0,0,1,1,1.0,1.0,1.0
openai_gpt-5-5-2026-04-23,REC-inf-inp-010,1,infant,temporal,0,1,1,1,1,0.0,0.0,0.0
openai_gpt-5-5-2026-04-23,REC-inf-out-001,1,infant,diagnoses,2,0,0,2,2,1.0,1.0,1.0
openai_gpt-5-5-2026-04-23,REC-inf-out-001,1,infant,medications,0,0,0,0,0,0.0,0.0,0.0
openai_gpt-5-5-2026-04-23,REC-inf-out-001,1,infant,labs,0,0,0,0,0,0.0,0.0,0.0
openai_gpt-5-5-2026-04-23,REC-inf-out-001,1,infant,procedures,1,0,0,1,1,1.0,1.0,1.0
openai_gpt-5-5-2026-04-23,REC-inf-out-001,1,infant,temporal,0,2,0,0,2,0.0,0.0,0.0
openai_gpt-5-5-2026-04-23,REC-inf-out-002,1,infant,diagnoses,1,1,0,1,2,0.5,1.0,0.6666666666666666
openai_gpt-5-5-2026-04-23,REC-inf-out-002,1,infant,medications,1,0,0,1,1,1.0,1.0,1.0
openai_gpt-5-5-2026-04-23,REC-inf-out-002,1,infant,labs,0,0,0,0,0,0.0,0.0,0.0
openai_gpt-5-5-2026-04-23,REC-inf-out-002,1,infant,procedures,1,0,0,1,1,1.0,1.0,1.0
openai_gpt-5-5-2026-04-23,REC-inf-out-002,1,infant,temporal,0,4,1,1,4,0.0,0.0,0.0
openai_gpt-5-5-2026-04-23,REC-inf-out-003,1,infant,diagnoses,2,0,0,2,2,1.0,1.0,1.0
openai_gpt-5-5-2026-04-23,REC-inf-out-003,1,infant,medications,0,0,0,0,0,0.0,0.0,0.0
openai_gpt-5-5-2026-04-23,REC-inf-out-003,1,infant,labs,0,0,0,0,0,0.0,0.0,0.0
openai_gpt-5-5-2026-04-23,REC-inf-out-003,1,infant,procedures,1,0,0,1,1,1.0,1.0,1.0
openai_gpt-5-5-2026-04-23,REC-inf-out-003,1,infant,temporal,0,1,0,0,1,0.0,0.0,0.0
openai_gpt-5-5-2026-04-23,REC-inf-out-004,1,infant,diagnoses,3,0,0,3,3,1.0,1.0,1.0
openai_gpt-5-5-2026-04-23,REC-inf-out-004,1,infant,medications,1,0,0,1,1,1.0,1.0,1.0
openai_gpt-5-5-2026-04-23,REC-inf-out-004,1,infant,labs,0,0,0,0,0,0.0,0.0,0.0
openai_gpt-5-5-2026-04-23,REC-inf-out-004,1,infant,procedures,1,1,0,1,2,0.5,1.0,0.6666666666666666
openai_gpt-5-5-2026-04-23,REC-inf-out-004,1,infant,temporal,0,1,1,1,1,0.0,0.0,0.0
openai_gpt-5-5-2026-04-23,REC-inf-out-005,1,infant,diagnoses,2,0,0,2,2,1.0,1.0,1.0
openai_gpt-5-5-2026-04-23,REC-inf-out-005,1,infant,medications,0,0,0,0,0,0.0,0.0,0.0
openai_gpt-5-5-2026-04-23,REC-inf-out-005,1,infant,labs,0,0,0,0,0,0.0,0.0,0.0
openai_gpt-5-5-2026-04-23,REC-inf-out-005,1,infant,procedures,1,0,0,1,1,1.0,1.0,1.0
openai_gpt-5-5-2026-04-23,REC-inf-out-005,1,infant,temporal,0,1,0,0,1,0.0,0.0,0.0
openai_gpt-5-5-2026-04-23,REC-inf-out-006,1,infant,diagnoses,1,0,0,1,1,1.0,1.0,1.0
openai_gpt-5-5-2026-04-23,REC-inf-out-006,1,infant,medications,1,0,0,1,1,1.0,1.0,1.0
openai_gpt-5-5-2026-04-23,REC-inf-out-006,1,infant,labs,0,0,0,0,0,0.0,0.0,0.0
openai_gpt-5-5-2026-04-23,REC-inf-out-006,1,infant,procedures,1,1,0,1,2,0.5,1.0,0.6666666666666666
openai_gpt-5-5-2026-04-23,REC-inf-out-006,1,infant,temporal,0,3,1,1,3,0.0,0.0,0.0
openai_gpt-5-5-2026-04-23,REC-inf-out-007,1,infant,diagnoses,2,0,0,2,2,1.0,1.0,1.0
openai_gpt-5-5-2026-04-23,REC-inf-out-007,1,infant,medications,0,0,0,0,0,0.0,0.0,0.0
openai_gpt-5-5-2026-04-23,REC-inf-out-007,1,infant,labs,0,0,0,0,0,0.0,0.0,0.0
openai_gpt-5-5-2026-04-23,REC-inf-out-007,1,infant,procedures,1,0,0,1,1,1.0,1.0,1.0
openai_gpt-5-5-2026-04-23,REC-inf-out-007,1,infant,temporal,0,2,0,0,2,0.0,0.0,0.0
openai_gpt-5-5-2026-04-23,REC-inf-out-008,1,infant,diagnoses,1,1,0,1,2,0.5,1.0,0.6666666666666666
openai_gpt-5-5-2026-04-23,REC-inf-out-008,1,infant,medications,1,0,0,1,1,1.0,1.0,1.0
openai_gpt-5-5-2026-04-23,REC-inf-out-008,1,infant,labs,0,0,0,0,0,0.0,0.0,0.0
openai_gpt-5-5-2026-04-23,REC-inf-out-008,1,infant,procedures,1,1,0,1,2,0.5,1.0,0.6666666666666666
openai_gpt-5-5-2026-04-23,REC-inf-out-008,1,infant,temporal,0,2,3,3,2,0.0,0.0,0.0
openai_gpt-5-5-2026-04-23,REC-inf-out-009,1,infant,diagnoses,1,0,0,1,1,1.0,1.0,1.0
openai_gpt-5-5-2026-04-23,REC-inf-out-009,1,infant,medications,0,0,0,0,0,0.0,0.0,0.0
openai_gpt-5-5-2026-04-23,REC-inf-out-009,1,infant,labs,0,0,0,0,0,0.0,0.0,0.0
openai_gpt-5-5-2026-04-23,REC-inf-out-009,1,infant,procedures,1,2,0,1,3,0.3333333333333333,1.0,0.5
openai_gpt-5-5-2026-04-23,REC-inf-out-009,1,infant,temporal,0,3,2,2,3,0.0,0.0,0.0
openai_gpt-5-5-2026-04-23,REC-inf-out-010,1,infant,diagnoses,2,0,0,2,2,1.0,1.0,1.0
openai_gpt-5-5-2026-04-23,REC-inf-out-010,1,infant,medications,1,0,0,1,1,1.0,1.0,1.0
openai_gpt-5-5-2026-04-23,REC-inf-out-010,1,infant,labs,0,0,0,0,0,0.0,0.0,0.0
openai_gpt-5-5-2026-04-23,REC-inf-out-010,1,infant,procedures,1,0,0,1,1,1.0,1.0,1.0
openai_gpt-5-5-2026-04-23,REC-inf-out-010,1,infant,temporal,0,3,0,0,3,0.0,0.0,0.0
openai_gpt-5-5-2026-04-23,REC-neo-eme-001,1,neonate,diagnoses,2,0,0,2,2,1.0,1.0,1.0
openai_gpt-5-5-2026-04-23,REC-neo-eme-001,1,neonate,medications,1,0,0,1,1,1.0,1.0,1.0
openai_gpt-5-5-2026-04-23,REC-neo-eme-001,1,neonate,labs,1,0,0,1,1,1.0,1.0,1.0
openai_gpt-5-5-2026-04-23,REC-neo-eme-001,1,neonate,procedures,1,0,0,1,1,1.0,1.0,1.0
openai_gpt-5-5-2026-04-23,REC-neo-eme-001,1,neonate,temporal,0,7,2,2,7,0.0,0.0,0.0
openai_gpt-5-5-2026-04-23,REC-neo-eme-002,1,neonate,diagnoses,3,0,0,3,3,1.0,1.0,1.0
openai_gpt-5-5-2026-04-23,REC-neo-eme-002,1,neonate,medications,0,0,0,0,0,0.0,0.0,0.0
openai_gpt-5-5-2026-04-23,REC-neo-eme-002,1,neonate,labs,1,0,0,1,1,1.0,1.0,1.0
openai_gpt-5-5-2026-04-23,REC-neo-eme-002,1,neonate,procedures,1,1,0,1,2,0.5,1.0,0.6666666666666666
openai_gpt-5-5-2026-04-23,REC-neo-eme-002,1,neonate,temporal,0,4,2,2,4,0.0,0.0,0.0
openai_gpt-5-5-2026-04-23,REC-neo-eme-003,1,neonate,diagnoses,1,1,0,1,2,0.5,1.0,0.6666666666666666
openai_gpt-5-5-2026-04-23,REC-neo-eme-003,1,neonate,medications,1,0,0,1,1,1.0,1.0,1.0
openai_gpt-5-5-2026-04-23,REC-neo-eme-003,1,neonate,labs,1,0,0,1,1,1.0,1.0,1.0
openai_gpt-5-5-2026-04-23,REC-neo-eme-003,1,neonate,procedures,1,2,0,1,3,0.3333333333333333,1.0,0.5
openai_gpt-5-5-2026-04-23,REC-neo-eme-003,1,neonate,temporal,1,5,2,3,6,0.16666666666666666,0.3333333333333333,0.2222222222222222
openai_gpt-5-5-2026-04-23,REC-neo-eme-004,1,neonate,diagnoses,2,0,0,2,2,1.0,1.0,1.0
openai_gpt-5-5-2026-04-23,REC-neo-eme-004,1,neonate,medications,1,0,0,1,1,1.0,1.0,1.0
openai_gpt-5-5-2026-04-23,REC-neo-eme-004,1,neonate,labs,1,0,0,1,1,1.0,1.0,1.0
openai_gpt-5-5-2026-04-23,REC-neo-eme-004,1,neonate,procedures,1,0,0,1,1,1.0,1.0,1.0
openai_gpt-5-5-2026-04-23,REC-neo-eme-004,1,neonate,temporal,0,4,2,2,4,0.0,0.0,0.0
openai_gpt-5-5-2026-04-23,REC-neo-eme-005,1,neonate,diagnoses,3,0,0,3,3,1.0,1.0,1.0
openai_gpt-5-5-2026-04-23,REC-neo-eme-005,1,neonate,medications,0,0,0,0,0,0.0,0.0,0.0
openai_gpt-5-5-2026-04-23,REC-neo-eme-005,1,neonate,labs,1,0,0,1,1,1.0,1.0,1.0
openai_gpt-5-5-2026-04-23,REC-neo-eme-005,1,neonate,procedures,1,0,0,1,1,1.0,1.0,1.0
openai_gpt-5-5-2026-04-23,REC-neo-eme-005,1,neonate,temporal,0,3,2,2,3,0.0,0.0,0.0
openai_gpt-5-5-2026-04-23,REC-neo-eme-006,1,neonate,diagnoses,2,1,0,2,3,0.6666666666666666,1.0,0.8
openai_gpt-5-5-2026-04-23,REC-neo-eme-006,1,neonate,medications,1,0,0,1,1,1.0,1.0,1.0
openai_gpt-5-5-2026-04-23,REC-neo-eme-006,1,neonate,labs,1,0,0,1,1,1.0,1.0,1.0
openai_gpt-5-5-2026-04-23,REC-neo-eme-006,1,neonate,procedures,1,1,0,1,2,0.5,1.0,0.6666666666666666
openai_gpt-5-5-2026-04-23,REC-neo-eme-006,1,neonate,temporal,0,5,2,2,5,0.0,0.0,0.0
openai_gpt-5-5-2026-04-23,REC-neo-eme-007,1,neonate,diagnoses,3,1,0,3,4,0.75,1.0,0.8571428571428571
openai_gpt-5-5-2026-04-23,REC-neo-eme-007,1,neonate,medications,1,0,0,1,1,1.0,1.0,1.0
openai_gpt-5-5-2026-04-23,REC-neo-eme-007,1,neonate,labs,1,0,0,1,1,1.0,1.0,1.0
openai_gpt-5-5-2026-04-23,REC-neo-eme-007,1,neonate,procedures,1,0,0,1,1,1.0,1.0,1.0
openai_gpt-5-5-2026-04-23,REC-neo-eme-007,1,neonate,temporal,0,6,2,2,6,0.0,0.0,0.0
openai_gpt-5-5-2026-04-23,REC-neo-eme-008,1,neonate,diagnoses,2,0,0,2,2,1.0,1.0,1.0
openai_gpt-5-5-2026-04-23,REC-neo-eme-008,1,neonate,medications,0,0,0,0,0,0.0,0.0,0.0
openai_gpt-5-5-2026-04-23,REC-neo-eme-008,1,neonate,labs,1,0,0,1,1,1.0,1.0,1.0
openai_gpt-5-5-2026-04-23,REC-neo-eme-008,1,neonate,procedures,1,1,0,1,2,0.5,1.0,0.6666666666666666
openai_gpt-5-5-2026-04-23,REC-neo-eme-008,1,neonate,temporal,0,6,3,3,6,0.0,0.0,0.0
openai_gpt-5-5-2026-04-23,REC-neo-eme-009,1,neonate,diagnoses,1,1,0,1,2,0.5,1.0,0.6666666666666666
openai_gpt-5-5-2026-04-23,REC-neo-eme-009,1,neonate,medications,1,0,0,1,1,1.0,1.0,1.0
openai_gpt-5-5-2026-04-23,REC-neo-eme-009,1,neonate,labs,1,0,0,1,1,1.0,1.0,1.0
openai_gpt-5-5-2026-04-23,REC-neo-eme-009,1,neonate,procedures,1,1,0,1,2,0.5,1.0,0.6666666666666666
openai_gpt-5-5-2026-04-23,REC-neo-eme-009,1,neonate,temporal,0,4,2,2,4,0.0,0.0,0.0
openai_gpt-5-5-2026-04-23,REC-neo-eme-010,1,neonate,diagnoses,1,1,0,1,2,0.5,1.0,0.6666666666666666
openai_gpt-5-5-2026-04-23,REC-neo-eme-010,1,neonate,medications,1,0,0,1,1,1.0,1.0,1.0
openai_gpt-5-5-2026-04-23,REC-neo-eme-010,1,neonate,labs,1,0,0,1,1,1.0,1.0,1.0
openai_gpt-5-5-2026-04-23,REC-neo-eme-010,1,neonate,procedures,1,1,0,1,2,0.5,1.0,0.6666666666666666
openai_gpt-5-5-2026-04-23,REC-neo-eme-010,1,neonate,temporal,0,5,3,3,5,0.0,0.0,0.0
openai_gpt-5-5-2026-04-23,REC-neo-icu-001,1,neonate,diagnoses,1,0,0,1,1,1.0,1.0,1.0
openai_gpt-5-5-2026-04-23,REC-neo-icu-001,1,neonate,medications,1,0,0,1,1,1.0,1.0,1.0
openai_gpt-5-5-2026-04-23,REC-neo-icu-001,1,neonate,labs,1,0,0,1,1,1.0,1.0,1.0
openai_gpt-5-5-2026-04-23,REC-neo-icu-001,1,neonate,procedures,1,1,0,1,2,0.5,1.0,0.6666666666666666
openai_gpt-5-5-2026-04-23,REC-neo-icu-001,1,neonate,temporal,1,5,3,4,6,0.16666666666666666,0.25,0.2
openai_gpt-5-5-2026-04-23,REC-neo-icu-002,1,neonate,diagnoses,3,1,0,3,4,0.75,1.0,0.8571428571428571
openai_gpt-5-5-2026-04-23,REC-neo-icu-002,1,neonate,medications,1,0,0,1,1,1.0,1.0,1.0
openai_gpt-5-5-2026-04-23,REC-neo-icu-002,1,neonate,labs,1,0,0,1,1,1.0,1.0,1.0
openai_gpt-5-5-2026-04-23,REC-neo-icu-002,1,neonate,procedures,1,1,0,1,2,0.5,1.0,0.6666666666666666
openai_gpt-5-5-2026-04-23,REC-neo-icu-002,1,neonate,temporal,1,2,1,2,3,0.3333333333333333,0.5,0.4
openai_gpt-5-5-2026-04-23,REC-neo-icu-003,1,neonate,diagnoses,2,2,0,2,4,0.5,1.0,0.6666666666666666
openai_gpt-5-5-2026-04-23,REC-neo-icu-003,1,neonate,medications,1,0,0,1,1,1.0,1.0,1.0
openai_gpt-5-5-2026-04-23,REC-neo-icu-003,1,neonate,labs,1,0,0,1,1,1.0,1.0,1.0
openai_gpt-5-5-2026-04-23,REC-neo-icu-003,1,neonate,procedures,1,1,0,1,2,0.5,1.0,0.6666666666666666
openai_gpt-5-5-2026-04-23,REC-neo-icu-003,1,neonate,temporal,0,7,2,2,7,0.0,0.0,0.0
openai_gpt-5-5-2026-04-23,REC-neo-icu-004,1,neonate,diagnoses,2,1,0,2,3,0.6666666666666666,1.0,0.8
openai_gpt-5-5-2026-04-23,REC-neo-icu-004,1,neonate,medications,1,0,0,1,1,1.0,1.0,1.0
openai_gpt-5-5-2026-04-23,REC-neo-icu-004,1,neonate,labs,1,0,0,1,1,1.0,1.0,1.0
openai_gpt-5-5-2026-04-23,REC-neo-icu-004,1,neonate,procedures,1,1,0,1,2,0.5,1.0,0.6666666666666666
openai_gpt-5-5-2026-04-23,REC-neo-icu-004,1,neonate,temporal,0,6,2,2,6,0.0,0.0,0.0
openai_gpt-5-5-2026-04-23,REC-neo-icu-005,1,neonate,diagnoses,1,0,0,1,1,1.0,1.0,1.0
openai_gpt-5-5-2026-04-23,REC-neo-icu-005,1,neonate,medications,1,0,0,1,1,1.0,1.0,1.0
openai_gpt-5-5-2026-04-23,REC-neo-icu-005,1,neonate,labs,1,0,0,1,1,1.0,1.0,1.0
openai_gpt-5-5-2026-04-23,REC-neo-icu-005,1,neonate,procedures,1,1,0,1,2,0.5,1.0,0.6666666666666666
openai_gpt-5-5-2026-04-23,REC-neo-icu-005,1,neonate,temporal,1,6,1,2,7,0.14285714285714285,0.5,0.22222222222222224
openai_gpt-5-5-2026-04-23,REC-neo-icu-006,1,neonate,diagnoses,1,0,0,1,1,1.0,1.0,1.0
openai_gpt-5-5-2026-04-23,REC-neo-icu-006,1,neonate,medications,1,0,0,1,1,1.0,1.0,1.0
openai_gpt-5-5-2026-04-23,REC-neo-icu-006,1,neonate,labs,1,0,0,1,1,1.0,1.0,1.0
openai_gpt-5-5-2026-04-23,REC-neo-icu-006,1,neonate,procedures,1,1,0,1,2,0.5,1.0,0.6666666666666666
openai_gpt-5-5-2026-04-23,REC-neo-icu-006,1,neonate,temporal,0,1,2,2,1,0.0,0.0,0.0
openai_gpt-5-5-2026-04-23,REC-neo-icu-007,1,neonate,diagnoses,2,0,0,2,2,1.0,1.0,1.0
openai_gpt-5-5-2026-04-23,REC-neo-icu-007,1,neonate,medications,1,0,0,1,1,1.0,1.0,1.0
openai_gpt-5-5-2026-04-23,REC-neo-icu-007,1,neonate,labs,1,0,0,1,1,1.0,1.0,1.0
openai_gpt-5-5-2026-04-23,REC-neo-icu-007,1,neonate,procedures,1,0,0,1,1,1.0,1.0,1.0
openai_gpt-5-5-2026-04-23,REC-neo-icu-007,1,neonate,temporal,0,6,1,1,6,0.0,0.0,0.0
openai_gpt-5-5-2026-04-23,REC-neo-icu-008,1,neonate,diagnoses,2,1,0,2,3,0.6666666666666666,1.0,0.8
openai_gpt-5-5-2026-04-23,REC-neo-icu-008,1,neonate,medications,1,0,0,1,1,1.0,1.0,1.0
openai_gpt-5-5-2026-04-23,REC-neo-icu-008,1,neonate,labs,1,0,0,1,1,1.0,1.0,1.0
openai_gpt-5-5-2026-04-23,REC-neo-icu-008,1,neonate,procedures,1,2,0,1,3,0.3333333333333333,1.0,0.5
openai_gpt-5-5-2026-04-23,REC-neo-icu-008,1,neonate,temporal,1,7,2,3,8,0.125,0.3333333333333333,0.18181818181818182
openai_gpt-5-5-2026-04-23,REC-neo-icu-009,1,neonate,diagnoses,1,0,0,1,1,1.0,1.0,1.0
openai_gpt-5-5-2026-04-23,REC-neo-icu-009,1,neonate,medications,1,0,0,1,1,1.0,1.0,1.0
openai_gpt-5-5-2026-04-23,REC-neo-icu-009,1,neonate,labs,1,0,0,1,1,1.0,1.0,1.0
openai_gpt-5-5-2026-04-23,REC-neo-icu-009,1,neonate,procedures,1,0,0,1,1,1.0,1.0,1.0
openai_gpt-5-5-2026-04-23,REC-neo-icu-009,1,neonate,temporal,0,7,2,2,7,0.0,0.0,0.0
openai_gpt-5-5-2026-04-23,REC-neo-icu-010,1,neonate,diagnoses,3,1,0,3,4,0.75,1.0,0.8571428571428571
openai_gpt-5-5-2026-04-23,REC-neo-icu-010,1,neonate,medications,1,0,0,1,1,1.0,1.0,1.0
openai_gpt-5-5-2026-04-23,REC-neo-icu-010,1,neonate,labs,1,0,0,1,1,1.0,1.0,1.0
openai_gpt-5-5-2026-04-23,REC-neo-icu-010,1,neonate,procedures,1,1,0,1,2,0.5,1.0,0.6666666666666666
openai_gpt-5-5-2026-04-23,REC-neo-icu-010,1,neonate,temporal,1,5,1,2,6,0.16666666666666666,0.5,0.25
openai_gpt-5-5-2026-04-23,REC-neo-inp-001,1,neonate,diagnoses,1,2,1,2,3,0.3333333333333333,0.5,0.4
openai_gpt-5-5-2026-04-23,REC-neo-inp-001,1,neonate,medications,1,0,0,1,1,1.0,1.0,1.0
openai_gpt-5-5-2026-04-23,REC-neo-inp-001,1,neonate,labs,1,0,0,1,1,1.0,1.0,1.0
openai_gpt-5-5-2026-04-23,REC-neo-inp-001,1,neonate,procedures,1,1,0,1,2,0.5,1.0,0.6666666666666666
openai_gpt-5-5-2026-04-23,REC-neo-inp-001,1,neonate,temporal,0,7,2,2,7,0.0,0.0,0.0
openai_gpt-5-5-2026-04-23,REC-neo-inp-002,1,neonate,diagnoses,3,0,0,3,3,1.0,1.0,1.0
openai_gpt-5-5-2026-04-23,REC-neo-inp-002,1,neonate,medications,0,0,0,0,0,0.0,0.0,0.0
openai_gpt-5-5-2026-04-23,REC-neo-inp-002,1,neonate,labs,1,0,0,1,1,1.0,1.0,1.0
openai_gpt-5-5-2026-04-23,REC-neo-inp-002,1,neonate,procedures,1,0,0,1,1,1.0,1.0,1.0
openai_gpt-5-5-2026-04-23,REC-neo-inp-002,1,neonate,temporal,0,3,2,2,3,0.0,0.0,0.0
openai_gpt-5-5-2026-04-23,REC-neo-inp-003,1,neonate,diagnoses,2,1,0,2,3,0.6666666666666666,1.0,0.8
openai_gpt-5-5-2026-04-23,REC-neo-inp-003,1,neonate,medications,1,0,0,1,1,1.0,1.0,1.0
openai_gpt-5-5-2026-04-23,REC-neo-inp-003,1,neonate,labs,1,0,0,1,1,1.0,1.0,1.0
openai_gpt-5-5-2026-04-23,REC-neo-inp-003,1,neonate,procedures,1,1,0,1,2,0.5,1.0,0.6666666666666666
openai_gpt-5-5-2026-04-23,REC-neo-inp-003,1,neonate,temporal,1,5,1,2,6,0.16666666666666666,0.5,0.25
openai_gpt-5-5-2026-04-23,REC-neo-inp-004,1,neonate,diagnoses,2,1,0,2,3,0.6666666666666666,1.0,0.8
openai_gpt-5-5-2026-04-23,REC-neo-inp-004,1,neonate,medications,1,0,0,1,1,1.0,1.0,1.0
openai_gpt-5-5-2026-04-23,REC-neo-inp-004,1,neonate,labs,1,0,0,1,1,1.0,1.0,1.0
openai_gpt-5-5-2026-04-23,REC-neo-inp-004,1,neonate,procedures,1,0,0,1,1,1.0,1.0,1.0
openai_gpt-5-5-2026-04-23,REC-neo-inp-004,1,neonate,temporal,1,5,2,3,6,0.16666666666666666,0.3333333333333333,0.2222222222222222
openai_gpt-5-5-2026-04-23,REC-neo-inp-005,1,neonate,diagnoses,2,1,0,2,3,0.6666666666666666,1.0,0.8
openai_gpt-5-5-2026-04-23,REC-neo-inp-005,1,neonate,medications,0,0,0,0,0,0.0,0.0,0.0
openai_gpt-5-5-2026-04-23,REC-neo-inp-005,1,neonate,labs,1,0,0,1,1,1.0,1.0,1.0
openai_gpt-5-5-2026-04-23,REC-neo-inp-005,1,neonate,procedures,1,0,0,1,1,1.0,1.0,1.0
openai_gpt-5-5-2026-04-23,REC-neo-inp-005,1,neonate,temporal,0,4,2,2,4,0.0,0.0,0.0
openai_gpt-5-5-2026-04-23,REC-neo-inp-006,1,neonate,diagnoses,1,1,0,1,2,0.5,1.0,0.6666666666666666
openai_gpt-5-5-2026-04-23,REC-neo-inp-006,1,neonate,medications,1,0,0,1,1,1.0,1.0,1.0
openai_gpt-5-5-2026-04-23,REC-neo-inp-006,1,neonate,labs,1,0,0,1,1,1.0,1.0,1.0
openai_gpt-5-5-2026-04-23,REC-neo-inp-006,1,neonate,procedures,1,0,0,1,1,1.0,1.0,1.0
openai_gpt-5-5-2026-04-23,REC-neo-inp-006,1,neonate,temporal,0,4,2,2,4,0.0,0.0,0.0
openai_gpt-5-5-2026-04-23,REC-neo-inp-007,1,neonate,diagnoses,1,0,0,1,1,1.0,1.0,1.0
openai_gpt-5-5-2026-04-23,REC-neo-inp-007,1,neonate,medications,1,0,0,1,1,1.0,1.0,1.0
openai_gpt-5-5-2026-04-23,REC-neo-inp-007,1,neonate,labs,1,0,0,1,1,1.0,1.0,1.0
openai_gpt-5-5-2026-04-23,REC-neo-inp-007,1,neonate,procedures,1,2,0,1,3,0.3333333333333333,1.0,0.5
openai_gpt-5-5-2026-04-23,REC-neo-inp-007,1,neonate,temporal,0,6,4,4,6,0.0,0.0,0.0
openai_gpt-5-5-2026-04-23,REC-neo-inp-008,1,neonate,diagnoses,2,0,0,2,2,1.0,1.0,1.0
openai_gpt-5-5-2026-04-23,REC-neo-inp-008,1,neonate,medications,0,0,0,0,0,0.0,0.0,0.0
openai_gpt-5-5-2026-04-23,REC-neo-inp-008,1,neonate,labs,1,0,0,1,1,1.0,1.0,1.0
openai_gpt-5-5-2026-04-23,REC-neo-inp-008,1,neonate,procedures,1,2,0,1,3,0.3333333333333333,1.0,0.5
openai_gpt-5-5-2026-04-23,REC-neo-inp-008,1,neonate,temporal,0,5,3,3,5,0.0,0.0,0.0
openai_gpt-5-5-2026-04-23,REC-neo-inp-009,1,neonate,diagnoses,1,1,0,1,2,0.5,1.0,0.6666666666666666
openai_gpt-5-5-2026-04-23,REC-neo-inp-009,1,neonate,medications,1,0,0,1,1,1.0,1.0,1.0
openai_gpt-5-5-2026-04-23,REC-neo-inp-009,1,neonate,labs,1,0,0,1,1,1.0,1.0,1.0
openai_gpt-5-5-2026-04-23,REC-neo-inp-009,1,neonate,procedures,1,0,0,1,1,1.0,1.0,1.0
openai_gpt-5-5-2026-04-23,REC-neo-inp-009,1,neonate,temporal,0,5,2,2,5,0.0,0.0,0.0
openai_gpt-5-5-2026-04-23,REC-neo-inp-010,1,neonate,diagnoses,1,0,0,1,1,1.0,1.0,1.0
openai_gpt-5-5-2026-04-23,REC-neo-inp-010,1,neonate,medications,1,0,0,1,1,1.0,1.0,1.0
openai_gpt-5-5-2026-04-23,REC-neo-inp-010,1,neonate,labs,1,0,0,1,1,1.0,1.0,1.0
openai_gpt-5-5-2026-04-23,REC-neo-inp-010,1,neonate,procedures,1,0,0,1,1,1.0,1.0,1.0
openai_gpt-5-5-2026-04-23,REC-neo-inp-010,1,neonate,temporal,0,3,2,2,3,0.0,0.0,0.0
openai_gpt-5-5-2026-04-23,REC-neo-out-001,1,neonate,diagnoses,1,1,0,1,2,0.5,1.0,0.6666666666666666
openai_gpt-5-5-2026-04-23,REC-neo-out-001,1,neonate,medications,0,0,0,0,0,0.0,0.0,0.0
openai_gpt-5-5-2026-04-23,REC-neo-out-001,1,neonate,labs,1,0,0,1,1,1.0,1.0,1.0
openai_gpt-5-5-2026-04-23,REC-neo-out-001,1,neonate,procedures,1,1,0,1,2,0.5,1.0,0.6666666666666666
openai_gpt-5-5-2026-04-23,REC-neo-out-001,1,neonate,temporal,0,5,2,2,5,0.0,0.0,0.0
openai_gpt-5-5-2026-04-23,REC-neo-out-002,1,neonate,diagnoses,3,0,0,3,3,1.0,1.0,1.0
openai_gpt-5-5-2026-04-23,REC-neo-out-002,1,neonate,medications,0,0,0,0,0,0.0,0.0,0.0
openai_gpt-5-5-2026-04-23,REC-neo-out-002,1,neonate,labs,1,0,0,1,1,1.0,1.0,1.0
openai_gpt-5-5-2026-04-23,REC-neo-out-002,1,neonate,procedures,1,1,0,1,2,0.5,1.0,0.6666666666666666
openai_gpt-5-5-2026-04-23,REC-neo-out-002,1,neonate,temporal,0,4,2,2,4,0.0,0.0,0.0
openai_gpt-5-5-2026-04-23,REC-neo-out-003,1,neonate,diagnoses,2,0,0,2,2,1.0,1.0,1.0
openai_gpt-5-5-2026-04-23,REC-neo-out-003,1,neonate,medications,0,0,0,0,0,0.0,0.0,0.0
openai_gpt-5-5-2026-04-23,REC-neo-out-003,1,neonate,labs,1,0,0,1,1,1.0,1.0,1.0
openai_gpt-5-5-2026-04-23,REC-neo-out-003,1,neonate,procedures,1,0,0,1,1,1.0,1.0,1.0
openai_gpt-5-5-2026-04-23,REC-neo-out-003,1,neonate,temporal,0,3,1,1,3,0.0,0.0,0.0
openai_gpt-5-5-2026-04-23,REC-neo-out-004,1,neonate,diagnoses,2,0,0,2,2,1.0,1.0,1.0
openai_gpt-5-5-2026-04-23,REC-neo-out-004,1,neonate,medications,0,0,0,0,0,0.0,0.0,0.0
openai_gpt-5-5-2026-04-23,REC-neo-out-004,1,neonate,labs,1,0,0,1,1,1.0,1.0,1.0
openai_gpt-5-5-2026-04-23,REC-neo-out-004,1,neonate,procedures,1,2,0,1,3,0.3333333333333333,1.0,0.5
openai_gpt-5-5-2026-04-23,REC-neo-out-004,1,neonate,temporal,0,3,3,3,3,0.0,0.0,0.0
openai_gpt-5-5-2026-04-23,REC-neo-out-005,1,neonate,diagnoses,1,0,0,1,1,1.0,1.0,1.0
openai_gpt-5-5-2026-04-23,REC-neo-out-005,1,neonate,medications,0,0,0,0,0,0.0,0.0,0.0
openai_gpt-5-5-2026-04-23,REC-neo-out-005,1,neonate,labs,1,0,0,1,1,1.0,1.0,1.0
openai_gpt-5-5-2026-04-23,REC-neo-out-005,1,neonate,procedures,1,1,0,1,2,0.5,1.0,0.6666666666666666
openai_gpt-5-5-2026-04-23,REC-neo-out-005,1,neonate,temporal,0,3,2,2,3,0.0,0.0,0.0
openai_gpt-5-5-2026-04-23,REC-neo-out-006,1,neonate,diagnoses,2,0,0,2,2,1.0,1.0,1.0
openai_gpt-5-5-2026-04-23,REC-neo-out-006,1,neonate,medications,0,0,0,0,0,0.0,0.0,0.0
openai_gpt-5-5-2026-04-23,REC-neo-out-006,1,neonate,labs,1,0,0,1,1,1.0,1.0,1.0
openai_gpt-5-5-2026-04-23,REC-neo-out-006,1,neonate,procedures,1,1,0,1,2,0.5,1.0,0.6666666666666666
openai_gpt-5-5-2026-04-23,REC-neo-out-006,1,neonate,temporal,0,4,2,2,4,0.0,0.0,0.0
openai_gpt-5-5-2026-04-23,REC-neo-out-007,1,neonate,diagnoses,3,0,0,3,3,1.0,1.0,1.0
openai_gpt-5-5-2026-04-23,REC-neo-out-007,1,neonate,medications,0,0,0,0,0,0.0,0.0,0.0
openai_gpt-5-5-2026-04-23,REC-neo-out-007,1,neonate,labs,1,0,0,1,1,1.0,1.0,1.0
openai_gpt-5-5-2026-04-23,REC-neo-out-007,1,neonate,procedures,1,1,0,1,2,0.5,1.0,0.6666666666666666
openai_gpt-5-5-2026-04-23,REC-neo-out-007,1,neonate,temporal,0,4,2,2,4,0.0,0.0,0.0
openai_gpt-5-5-2026-04-23,REC-neo-out-008,1,neonate,diagnoses,2,0,0,2,2,1.0,1.0,1.0
openai_gpt-5-5-2026-04-23,REC-neo-out-008,1,neonate,medications,0,0,0,0,0,0.0,0.0,0.0
openai_gpt-5-5-2026-04-23,REC-neo-out-008,1,neonate,labs,1,0,0,1,1,1.0,1.0,1.0
openai_gpt-5-5-2026-04-23,REC-neo-out-008,1,neonate,procedures,1,2,0,1,3,0.3333333333333333,1.0,0.5
openai_gpt-5-5-2026-04-23,REC-neo-out-008,1,neonate,temporal,0,5,3,3,5,0.0,0.0,0.0
openai_gpt-5-5-2026-04-23,REC-neo-out-009,1,neonate,diagnoses,2,1,0,2,3,0.6666666666666666,1.0,0.8
openai_gpt-5-5-2026-04-23,REC-neo-out-009,1,neonate,medications,0,0,0,0,0,0.0,0.0,0.0
openai_gpt-5-5-2026-04-23,REC-neo-out-009,1,neonate,labs,1,0,0,1,1,1.0,1.0,1.0
openai_gpt-5-5-2026-04-23,REC-neo-out-009,1,neonate,procedures,1,2,0,1,3,0.3333333333333333,1.0,0.5
openai_gpt-5-5-2026-04-23,REC-neo-out-009,1,neonate,temporal,0,4,3,3,4,0.0,0.0,0.0
openai_gpt-5-5-2026-04-23,REC-neo-out-010,1,neonate,diagnoses,2,0,0,2,2,1.0,1.0,1.0
openai_gpt-5-5-2026-04-23,REC-neo-out-010,1,neonate,medications,0,0,0,0,0,0.0,0.0,0.0
openai_gpt-5-5-2026-04-23,REC-neo-out-010,1,neonate,labs,1,0,0,1,1,1.0,1.0,1.0
openai_gpt-5-5-2026-04-23,REC-neo-out-010,1,neonate,procedures,1,1,0,1,2,0.5,1.0,0.6666666666666666
openai_gpt-5-5-2026-04-23,REC-neo-out-010,1,neonate,temporal,0,3,3,3,3,0.0,0.0,0.0
openai_gpt-5-5-2026-04-23,REC-ado-eme-001,2,adolescent,diagnoses,2,0,0,2,2,1.0,1.0,1.0
openai_gpt-5-5-2026-04-23,REC-ado-eme-001,2,adolescent,medications,1,0,0,1,1,1.0,1.0,1.0
openai_gpt-5-5-2026-04-23,REC-ado-eme-001,2,adolescent,labs,1,0,0,1,1,1.0,1.0,1.0
openai_gpt-5-5-2026-04-23,REC-ado-eme-001,2,adolescent,procedures,1,0,0,1,1,1.0,1.0,1.0
openai_gpt-5-5-2026-04-23,REC-ado-eme-001,2,adolescent,temporal,0,3,0,0,3,0.0,0.0,0.0
openai_gpt-5-5-2026-04-23,REC-ado-eme-002,2,adolescent,diagnoses,2,1,0,2,3,0.6666666666666666,1.0,0.8
openai_gpt-5-5-2026-04-23,REC-ado-eme-002,2,adolescent,medications,1,0,0,1,1,1.0,1.0,1.0
openai_gpt-5-5-2026-04-23,REC-ado-eme-002,2,adolescent,labs,0,1,0,0,1,0.0,0.0,0.0
openai_gpt-5-5-2026-04-23,REC-ado-eme-002,2,adolescent,procedures,1,1,0,1,2,0.5,1.0,0.6666666666666666
openai_gpt-5-5-2026-04-23,REC-ado-eme-002,2,adolescent,temporal,0,4,2,2,4,0.0,0.0,0.0
openai_gpt-5-5-2026-04-23,REC-ado-eme-003,2,adolescent,diagnoses,1,1,0,1,2,0.5,1.0,0.6666666666666666
openai_gpt-5-5-2026-04-23,REC-ado-eme-003,2,adolescent,medications,1,0,0,1,1,1.0,1.0,1.0
openai_gpt-5-5-2026-04-23,REC-ado-eme-003,2,adolescent,labs,0,0,0,0,0,0.0,0.0,0.0
openai_gpt-5-5-2026-04-23,REC-ado-eme-003,2,adolescent,procedures,1,1,0,1,2,0.5,1.0,0.6666666666666666
openai_gpt-5-5-2026-04-23,REC-ado-eme-003,2,adolescent,temporal,0,2,2,2,2,0.0,0.0,0.0
openai_gpt-5-5-2026-04-23,REC-ado-eme-004,2,adolescent,diagnoses,2,1,0,2,3,0.6666666666666666,1.0,0.8
openai_gpt-5-5-2026-04-23,REC-ado-eme-004,2,adolescent,medications,1,0,0,1,1,1.0,1.0,1.0
openai_gpt-5-5-2026-04-23,REC-ado-eme-004,2,adolescent,labs,1,0,0,1,1,1.0,1.0,1.0
openai_gpt-5-5-2026-04-23,REC-ado-eme-004,2,adolescent,procedures,1,1,0,1,2,0.5,1.0,0.6666666666666666
openai_gpt-5-5-2026-04-23,REC-ado-eme-004,2,adolescent,temporal,0,3,2,2,3,0.0,0.0,0.0
openai_gpt-5-5-2026-04-23,REC-ado-eme-005,2,adolescent,diagnoses,2,0,0,2,2,1.0,1.0,1.0
openai_gpt-5-5-2026-04-23,REC-ado-eme-005,2,adolescent,medications,1,0,0,1,1,1.0,1.0,1.0
openai_gpt-5-5-2026-04-23,REC-ado-eme-005,2,adolescent,labs,0,0,0,0,0,0.0,0.0,0.0
openai_gpt-5-5-2026-04-23,REC-ado-eme-005,2,adolescent,procedures,1,0,0,1,1,1.0,1.0,1.0
openai_gpt-5-5-2026-04-23,REC-ado-eme-005,2,adolescent,temporal,0,4,1,1,4,0.0,0.0,0.0
openai_gpt-5-5-2026-04-23,REC-ado-eme-006,2,adolescent,diagnoses,2,1,0,2,3,0.6666666666666666,1.0,0.8
openai_gpt-5-5-2026-04-23,REC-ado-eme-006,2,adolescent,medications,1,0,0,1,1,1.0,1.0,1.0
openai_gpt-5-5-2026-04-23,REC-ado-eme-006,2,adolescent,labs,0,0,0,0,0,0.0,0.0,0.0
openai_gpt-5-5-2026-04-23,REC-ado-eme-006,2,adolescent,procedures,1,0,0,1,1,1.0,1.0,1.0
openai_gpt-5-5-2026-04-23,REC-ado-eme-006,2,adolescent,temporal,0,3,2,2,3,0.0,0.0,0.0
openai_gpt-5-5-2026-04-23,REC-ado-eme-007,2,adolescent,diagnoses,3,0,0,3,3,1.0,1.0,1.0
openai_gpt-5-5-2026-04-23,REC-ado-eme-007,2,adolescent,medications,1,0,0,1,1,1.0,1.0,1.0
openai_gpt-5-5-2026-04-23,REC-ado-eme-007,2,adolescent,labs,1,0,0,1,1,1.0,1.0,1.0
openai_gpt-5-5-2026-04-23,REC-ado-eme-007,2,adolescent,procedures,1,1,0,1,2,0.5,1.0,0.6666666666666666
openai_gpt-5-5-2026-04-23,REC-ado-eme-007,2,adolescent,temporal,0,5,1,1,5,0.0,0.0,0.0
openai_gpt-5-5-2026-04-23,REC-ado-eme-008,2,adolescent,diagnoses,2,0,0,2,2,1.0,1.0,1.0
openai_gpt-5-5-2026-04-23,REC-ado-eme-008,2,adolescent,medications,1,0,0,1,1,1.0,1.0,1.0
openai_gpt-5-5-2026-04-23,REC-ado-eme-008,2,adolescent,labs,0,0,0,0,0,0.0,0.0,0.0
openai_gpt-5-5-2026-04-23,REC-ado-eme-008,2,adolescent,procedures,1,2,0,1,3,0.3333333333333333,1.0,0.5
openai_gpt-5-5-2026-04-23,REC-ado-eme-008,2,adolescent,temporal,0,5,2,2,5,0.0,0.0,0.0
openai_gpt-5-5-2026-04-23,REC-ado-eme-009,2,adolescent,diagnoses,2,0,0,2,2,1.0,1.0,1.0
openai_gpt-5-5-2026-04-23,REC-ado-eme-009,2,adolescent,medications,1,0,0,1,1,1.0,1.0,1.0
openai_gpt-5-5-2026-04-23,REC-ado-eme-009,2,adolescent,labs,0,0,0,0,0,0.0,0.0,0.0
openai_gpt-5-5-2026-04-23,REC-ado-eme-009,2,adolescent,procedures,1,1,0,1,2,0.5,1.0,0.6666666666666666
openai_gpt-5-5-2026-04-23,REC-ado-eme-009,2,adolescent,temporal,0,2,2,2,2,0.0,0.0,0.0
openai_gpt-5-5-2026-04-23,REC-ado-eme-010,2,adolescent,diagnoses,1,1,0,1,2,0.5,1.0,0.6666666666666666
openai_gpt-5-5-2026-04-23,REC-ado-eme-010,2,adolescent,medications,1,0,0,1,1,1.0,1.0,1.0
openai_gpt-5-5-2026-04-23,REC-ado-eme-010,2,adolescent,labs,1,0,0,1,1,1.0,1.0,1.0
openai_gpt-5-5-2026-04-23,REC-ado-eme-010,2,adolescent,procedures,1,2,0,1,3,0.3333333333333333,1.0,0.5
openai_gpt-5-5-2026-04-23,REC-ado-eme-010,2,adolescent,temporal,0,3,3,3,3,0.0,0.0,0.0
openai_gpt-5-5-2026-04-23,REC-ado-icu-001,2,adolescent,diagnoses,1,0,0,1,1,1.0,1.0,1.0
openai_gpt-5-5-2026-04-23,REC-ado-icu-001,2,adolescent,medications,1,0,0,1,1,1.0,1.0,1.0
openai_gpt-5-5-2026-04-23,REC-ado-icu-001,2,adolescent,labs,1,0,0,1,1,1.0,1.0,1.0
openai_gpt-5-5-2026-04-23,REC-ado-icu-001,2,adolescent,procedures,1,1,0,1,2,0.5,1.0,0.6666666666666666
openai_gpt-5-5-2026-04-23,REC-ado-icu-001,2,adolescent,temporal,0,4,1,1,4,0.0,0.0,0.0
openai_gpt-5-5-2026-04-23,REC-ado-icu-002,2,adolescent,diagnoses,2,0,0,2,2,1.0,1.0,1.0
openai_gpt-5-5-2026-04-23,REC-ado-icu-002,2,adolescent,medications,1,0,0,1,1,1.0,1.0,1.0
openai_gpt-5-5-2026-04-23,REC-ado-icu-002,2,adolescent,labs,1,0,0,1,1,1.0,1.0,1.0
openai_gpt-5-5-2026-04-23,REC-ado-icu-002,2,adolescent,procedures,1,1,0,1,2,0.5,1.0,0.6666666666666666
openai_gpt-5-5-2026-04-23,REC-ado-icu-002,2,adolescent,temporal,0,5,1,1,5,0.0,0.0,0.0
openai_gpt-5-5-2026-04-23,REC-ado-icu-003,2,adolescent,diagnoses,2,1,0,2,3,0.6666666666666666,1.0,0.8
openai_gpt-5-5-2026-04-23,REC-ado-icu-003,2,adolescent,medications,1,0,0,1,1,1.0,1.0,1.0
openai_gpt-5-5-2026-04-23,REC-ado-icu-003,2,adolescent,labs,1,0,0,1,1,1.0,1.0,1.0
openai_gpt-5-5-2026-04-23,REC-ado-icu-003,2,adolescent,procedures,1,1,0,1,2,0.5,1.0,0.6666666666666666
openai_gpt-5-5-2026-04-23,REC-ado-icu-003,2,adolescent,temporal,0,3,2,2,3,0.0,0.0,0.0
openai_gpt-5-5-2026-04-23,REC-ado-icu-004,2,adolescent,diagnoses,2,0,0,2,2,1.0,1.0,1.0
openai_gpt-5-5-2026-04-23,REC-ado-icu-004,2,adolescent,medications,1,0,0,1,1,1.0,1.0,1.0
openai_gpt-5-5-2026-04-23,REC-ado-icu-004,2,adolescent,labs,1,0,0,1,1,1.0,1.0,1.0
openai_gpt-5-5-2026-04-23,REC-ado-icu-004,2,adolescent,procedures,1,1,0,1,2,0.5,1.0,0.6666666666666666
openai_gpt-5-5-2026-04-23,REC-ado-icu-004,2,adolescent,temporal,0,3,2,2,3,0.0,0.0,0.0
openai_gpt-5-5-2026-04-23,REC-ado-icu-005,2,adolescent,diagnoses,2,1,0,2,3,0.6666666666666666,1.0,0.8
openai_gpt-5-5-2026-04-23,REC-ado-icu-005,2,adolescent,medications,1,0,0,1,1,1.0,1.0,1.0
openai_gpt-5-5-2026-04-23,REC-ado-icu-005,2,adolescent,labs,1,0,0,1,1,1.0,1.0,1.0
openai_gpt-5-5-2026-04-23,REC-ado-icu-005,2,adolescent,procedures,1,1,0,1,2,0.5,1.0,0.6666666666666666
openai_gpt-5-5-2026-04-23,REC-ado-icu-005,2,adolescent,temporal,0,4,2,2,4,0.0,0.0,0.0
openai_gpt-5-5-2026-04-23,REC-ado-icu-006,2,adolescent,diagnoses,2,1,0,2,3,0.6666666666666666,1.0,0.8
openai_gpt-5-5-2026-04-23,REC-ado-icu-006,2,adolescent,medications,1,0,0,1,1,1.0,1.0,1.0
openai_gpt-5-5-2026-04-23,REC-ado-icu-006,2,adolescent,labs,1,0,0,1,1,1.0,1.0,1.0
openai_gpt-5-5-2026-04-23,REC-ado-icu-006,2,adolescent,procedures,1,0,0,1,1,1.0,1.0,1.0
openai_gpt-5-5-2026-04-23,REC-ado-icu-006,2,adolescent,temporal,0,5,1,1,5,0.0,0.0,0.0
openai_gpt-5-5-2026-04-23,REC-ado-icu-007,2,adolescent,diagnoses,1,1,0,1,2,0.5,1.0,0.6666666666666666
openai_gpt-5-5-2026-04-23,REC-ado-icu-007,2,adolescent,medications,1,0,0,1,1,1.0,1.0,1.0
openai_gpt-5-5-2026-04-23,REC-ado-icu-007,2,adolescent,labs,1,0,0,1,1,1.0,1.0,1.0
openai_gpt-5-5-2026-04-23,REC-ado-icu-007,2,adolescent,procedures,1,1,0,1,2,0.5,1.0,0.6666666666666666
openai_gpt-5-5-2026-04-23,REC-ado-icu-007,2,adolescent,temporal,0,3,2,2,3,0.0,0.0,0.0
openai_gpt-5-5-2026-04-23,REC-ado-icu-008,2,adolescent,diagnoses,1,1,0,1,2,0.5,1.0,0.6666666666666666
openai_gpt-5-5-2026-04-23,REC-ado-icu-008,2,adolescent,medications,1,0,0,1,1,1.0,1.0,1.0
openai_gpt-5-5-2026-04-23,REC-ado-icu-008,2,adolescent,labs,1,0,0,1,1,1.0,1.0,1.0
openai_gpt-5-5-2026-04-23,REC-ado-icu-008,2,adolescent,procedures,1,0,0,1,1,1.0,1.0,1.0
openai_gpt-5-5-2026-04-23,REC-ado-icu-008,2,adolescent,temporal,0,5,2,2,5,0.0,0.0,0.0
openai_gpt-5-5-2026-04-23,REC-ado-icu-009,2,adolescent,diagnoses,2,0,0,2,2,1.0,1.0,1.0
openai_gpt-5-5-2026-04-23,REC-ado-icu-009,2,adolescent,medications,1,0,0,1,1,1.0,1.0,1.0
openai_gpt-5-5-2026-04-23,REC-ado-icu-009,2,adolescent,labs,1,0,0,1,1,1.0,1.0,1.0
openai_gpt-5-5-2026-04-23,REC-ado-icu-009,2,adolescent,procedures,1,1,0,1,2,0.5,1.0,0.6666666666666666
openai_gpt-5-5-2026-04-23,REC-ado-icu-009,2,adolescent,temporal,0,2,1,1,2,0.0,0.0,0.0
openai_gpt-5-5-2026-04-23,REC-ado-icu-010,2,adolescent,diagnoses,2,0,0,2,2,1.0,1.0,1.0
openai_gpt-5-5-2026-04-23,REC-ado-icu-010,2,adolescent,medications,1,0,0,1,1,1.0,1.0,1.0
openai_gpt-5-5-2026-04-23,REC-ado-icu-010,2,adolescent,labs,1,0,0,1,1,1.0,1.0,1.0
openai_gpt-5-5-2026-04-23,REC-ado-icu-010,2,adolescent,procedures,1,1,0,1,2,0.5,1.0,0.6666666666666666
openai_gpt-5-5-2026-04-23,REC-ado-icu-010,2,adolescent,temporal,0,3,1,1,3,0.0,0.0,0.0
openai_gpt-5-5-2026-04-23,REC-ado-inp-001,2,adolescent,diagnoses,2,0,0,2,2,1.0,1.0,1.0
openai_gpt-5-5-2026-04-23,REC-ado-inp-001,2,adolescent,medications,1,0,0,1,1,1.0,1.0,1.0
openai_gpt-5-5-2026-04-23,REC-ado-inp-001,2,adolescent,labs,1,0,0,1,1,1.0,1.0,1.0
openai_gpt-5-5-2026-04-23,REC-ado-inp-001,2,adolescent,procedures,1,1,0,1,2,0.5,1.0,0.6666666666666666
openai_gpt-5-5-2026-04-23,REC-ado-inp-001,2,adolescent,temporal,0,5,2,2,5,0.0,0.0,0.0
openai_gpt-5-5-2026-04-23,REC-ado-inp-002,2,adolescent,diagnoses,2,0,0,2,2,1.0,1.0,1.0
openai_gpt-5-5-2026-04-23,REC-ado-inp-002,2,adolescent,medications,1,0,0,1,1,1.0,1.0,1.0
openai_gpt-5-5-2026-04-23,REC-ado-inp-002,2,adolescent,labs,0,0,0,0,0,0.0,0.0,0.0
openai_gpt-5-5-2026-04-23,REC-ado-inp-002,2,adolescent,procedures,1,1,0,1,2,0.5,1.0,0.6666666666666666
openai_gpt-5-5-2026-04-23,REC-ado-inp-002,2,adolescent,temporal,0,4,2,2,4,0.0,0.0,0.0
openai_gpt-5-5-2026-04-23,REC-ado-inp-003,2,adolescent,diagnoses,2,1,0,2,3,0.6666666666666666,1.0,0.8
openai_gpt-5-5-2026-04-23,REC-ado-inp-003,2,adolescent,medications,1,0,0,1,1,1.0,1.0,1.0
openai_gpt-5-5-2026-04-23,REC-ado-inp-003,2,adolescent,labs,0,0,0,0,0,0.0,0.0,0.0
openai_gpt-5-5-2026-04-23,REC-ado-inp-003,2,adolescent,procedures,1,1,0,1,2,0.5,1.0,0.6666666666666666
openai_gpt-5-5-2026-04-23,REC-ado-inp-003,2,adolescent,temporal,0,4,2,2,4,0.0,0.0,0.0
openai_gpt-5-5-2026-04-23,REC-ado-inp-004,2,adolescent,diagnoses,3,1,0,3,4,0.75,1.0,0.8571428571428571
openai_gpt-5-5-2026-04-23,REC-ado-inp-004,2,adolescent,medications,1,0,0,1,1,1.0,1.0,1.0
openai_gpt-5-5-2026-04-23,REC-ado-inp-004,2,adolescent,labs,1,0,0,1,1,1.0,1.0,1.0
openai_gpt-5-5-2026-04-23,REC-ado-inp-004,2,adolescent,procedures,1,0,0,1,1,1.0,1.0,1.0
openai_gpt-5-5-2026-04-23,REC-ado-inp-004,2,adolescent,temporal,0,6,1,1,6,0.0,0.0,0.0
openai_gpt-5-5-2026-04-23,REC-ado-inp-005,2,adolescent,diagnoses,2,0,0,2,2,1.0,1.0,1.0
openai_gpt-5-5-2026-04-23,REC-ado-inp-005,2,adolescent,medications,1,0,0,1,1,1.0,1.0,1.0
openai_gpt-5-5-2026-04-23,REC-ado-inp-005,2,adolescent,labs,0,0,0,0,0,0.0,0.0,0.0
openai_gpt-5-5-2026-04-23,REC-ado-inp-005,2,adolescent,procedures,1,1,0,1,2,0.5,1.0,0.6666666666666666
openai_gpt-5-5-2026-04-23,REC-ado-inp-005,2,adolescent,temporal,0,5,2,2,5,0.0,0.0,0.0
openai_gpt-5-5-2026-04-23,REC-ado-inp-006,2,adolescent,diagnoses,2,1,0,2,3,0.6666666666666666,1.0,0.8
openai_gpt-5-5-2026-04-23,REC-ado-inp-006,2,adolescent,medications,1,0,0,1,1,1.0,1.0,1.0
openai_gpt-5-5-2026-04-23,REC-ado-inp-006,2,adolescent,labs,0,0,0,0,0,0.0,0.0,0.0
openai_gpt-5-5-2026-04-23,REC-ado-inp-006,2,adolescent,procedures,1,1,0,1,2,0.5,1.0,0.6666666666666666
openai_gpt-5-5-2026-04-23,REC-ado-inp-006,2,adolescent,temporal,0,3,2,2,3,0.0,0.0,0.0
openai_gpt-5-5-2026-04-23,REC-ado-inp-007,2,adolescent,diagnoses,1,0,0,1,1,1.0,1.0,1.0
openai_gpt-5-5-2026-04-23,REC-ado-inp-007,2,adolescent,medications,1,0,0,1,1,1.0,1.0,1.0
openai_gpt-5-5-2026-04-23,REC-ado-inp-007,2,adolescent,labs,1,0,0,1,1,1.0,1.0,1.0
openai_gpt-5-5-2026-04-23,REC-ado-inp-007,2,adolescent,procedures,1,1,0,1,2,0.5,1.0,0.6666666666666666
openai_gpt-5-5-2026-04-23,REC-ado-inp-007,2,adolescent,temporal,0,3,1,1,3,0.0,0.0,0.0
openai_gpt-5-5-2026-04-23,REC-ado-inp-008,2,adolescent,diagnoses,2,1,0,2,3,0.6666666666666666,1.0,0.8
openai_gpt-5-5-2026-04-23,REC-ado-inp-008,2,adolescent,medications,1,0,0,1,1,1.0,1.0,1.0
openai_gpt-5-5-2026-04-23,REC-ado-inp-008,2,adolescent,labs,0,0,0,0,0,0.0,0.0,0.0
openai_gpt-5-5-2026-04-23,REC-ado-inp-008,2,adolescent,procedures,1,0,0,1,1,1.0,1.0,1.0
openai_gpt-5-5-2026-04-23,REC-ado-inp-008,2,adolescent,temporal,0,4,1,1,4,0.0,0.0,0.0
openai_gpt-5-5-2026-04-23,REC-ado-inp-009,2,adolescent,diagnoses,2,0,0,2,2,1.0,1.0,1.0
openai_gpt-5-5-2026-04-23,REC-ado-inp-009,2,adolescent,medications,1,0,0,1,1,1.0,1.0,1.0
openai_gpt-5-5-2026-04-23,REC-ado-inp-009,2,adolescent,labs,0,0,0,0,0,0.0,0.0,0.0
openai_gpt-5-5-2026-04-23,REC-ado-inp-009,2,adolescent,procedures,1,0,0,1,1,1.0,1.0,1.0
openai_gpt-5-5-2026-04-23,REC-ado-inp-009,2,adolescent,temporal,0,5,0,0,5,0.0,0.0,0.0
openai_gpt-5-5-2026-04-23,REC-ado-inp-010,2,adolescent,diagnoses,1,1,0,1,2,0.5,1.0,0.6666666666666666
openai_gpt-5-5-2026-04-23,REC-ado-inp-010,2,adolescent,medications,1,0,0,1,1,1.0,1.0,1.0
openai_gpt-5-5-2026-04-23,REC-ado-inp-010,2,adolescent,labs,1,0,0,1,1,1.0,1.0,1.0
openai_gpt-5-5-2026-04-23,REC-ado-inp-010,2,adolescent,procedures,1,0,0,1,1,1.0,1.0,1.0
openai_gpt-5-5-2026-04-23,REC-ado-inp-010,2,adolescent,temporal,0,5,1,1,5,0.0,0.0,0.0
openai_gpt-5-5-2026-04-23,REC-ado-out-001,2,adolescent,diagnoses,3,0,0,3,3,1.0,1.0,1.0
openai_gpt-5-5-2026-04-23,REC-ado-out-001,2,adolescent,medications,1,0,0,1,1,1.0,1.0,1.0
openai_gpt-5-5-2026-04-23,REC-ado-out-001,2,adolescent,labs,0,0,0,0,0,0.0,0.0,0.0
openai_gpt-5-5-2026-04-23,REC-ado-out-001,2,adolescent,procedures,1,0,0,1,1,1.0,1.0,1.0
openai_gpt-5-5-2026-04-23,REC-ado-out-001,2,adolescent,temporal,0,3,0,0,3,0.0,0.0,0.0
openai_gpt-5-5-2026-04-23,REC-ado-out-002,2,adolescent,diagnoses,2,0,0,2,2,1.0,1.0,1.0
openai_gpt-5-5-2026-04-23,REC-ado-out-002,2,adolescent,medications,1,0,0,1,1,1.0,1.0,1.0
openai_gpt-5-5-2026-04-23,REC-ado-out-002,2,adolescent,labs,0,0,0,0,0,0.0,0.0,0.0
openai_gpt-5-5-2026-04-23,REC-ado-out-002,2,adolescent,procedures,1,2,0,1,3,0.3333333333333333,1.0,0.5
openai_gpt-5-5-2026-04-23,REC-ado-out-002,2,adolescent,temporal,0,4,2,2,4,0.0,0.0,0.0
openai_gpt-5-5-2026-04-23,REC-ado-out-003,2,adolescent,diagnoses,2,0,0,2,2,1.0,1.0,1.0
openai_gpt-5-5-2026-04-23,REC-ado-out-003,2,adolescent,medications,1,0,0,1,1,1.0,1.0,1.0
openai_gpt-5-5-2026-04-23,REC-ado-out-003,2,adolescent,labs,0,0,0,0,0,0.0,0.0,0.0
openai_gpt-5-5-2026-04-23,REC-ado-out-003,2,adolescent,procedures,1,1,0,1,2,0.5,1.0,0.6666666666666666
openai_gpt-5-5-2026-04-23,REC-ado-out-003,2,adolescent,temporal,0,3,1,1,3,0.0,0.0,0.0
openai_gpt-5-5-2026-04-23,REC-ado-out-004,2,adolescent,diagnoses,1,0,0,1,1,1.0,1.0,1.0
openai_gpt-5-5-2026-04-23,REC-ado-out-004,2,adolescent,medications,1,0,0,1,1,1.0,1.0,1.0
openai_gpt-5-5-2026-04-23,REC-ado-out-004,2,adolescent,labs,0,0,0,0,0,0.0,0.0,0.0
openai_gpt-5-5-2026-04-23,REC-ado-out-004,2,adolescent,procedures,1,1,0,1,2,0.5,1.0,0.6666666666666666
openai_gpt-5-5-2026-04-23,REC-ado-out-004,2,adolescent,temporal,0,1,1,1,1,0.0,0.0,0.0
openai_gpt-5-5-2026-04-23,REC-ado-out-005,2,adolescent,diagnoses,2,0,0,2,2,1.0,1.0,1.0
openai_gpt-5-5-2026-04-23,REC-ado-out-005,2,adolescent,medications,1,0,0,1,1,1.0,1.0,1.0
openai_gpt-5-5-2026-04-23,REC-ado-out-005,2,adolescent,labs,0,0,0,0,0,0.0,0.0,0.0
openai_gpt-5-5-2026-04-23,REC-ado-out-005,2,adolescent,procedures,1,1,0,1,2,0.5,1.0,0.6666666666666666
openai_gpt-5-5-2026-04-23,REC-ado-out-005,2,adolescent,temporal,0,3,1,1,3,0.0,0.0,0.0
openai_gpt-5-5-2026-04-23,REC-ado-out-006,2,adolescent,diagnoses,1,0,0,1,1,1.0,1.0,1.0
openai_gpt-5-5-2026-04-23,REC-ado-out-006,2,adolescent,medications,1,0,0,1,1,1.0,1.0,1.0
openai_gpt-5-5-2026-04-23,REC-ado-out-006,2,adolescent,labs,0,0,0,0,0,0.0,0.0,0.0
openai_gpt-5-5-2026-04-23,REC-ado-out-006,2,adolescent,procedures,1,0,0,1,1,1.0,1.0,1.0
openai_gpt-5-5-2026-04-23,REC-ado-out-006,2,adolescent,temporal,0,2,1,1,2,0.0,0.0,0.0
openai_gpt-5-5-2026-04-23,REC-ado-out-007,2,adolescent,diagnoses,2,0,0,2,2,1.0,1.0,1.0
openai_gpt-5-5-2026-04-23,REC-ado-out-007,2,adolescent,medications,1,0,0,1,1,1.0,1.0,1.0
openai_gpt-5-5-2026-04-23,REC-ado-out-007,2,adolescent,labs,0,0,0,0,0,0.0,0.0,0.0
openai_gpt-5-5-2026-04-23,REC-ado-out-007,2,adolescent,procedures,1,1,0,1,2,0.5,1.0,0.6666666666666666
openai_gpt-5-5-2026-04-23,REC-ado-out-007,2,adolescent,temporal,0,4,2,2,4,0.0,0.0,0.0
openai_gpt-5-5-2026-04-23,REC-ado-out-008,2,adolescent,diagnoses,1,0,0,1,1,1.0,1.0,1.0
openai_gpt-5-5-2026-04-23,REC-ado-out-008,2,adolescent,medications,1,0,0,1,1,1.0,1.0,1.0
openai_gpt-5-5-2026-04-23,REC-ado-out-008,2,adolescent,labs,0,0,0,0,0,0.0,0.0,0.0
openai_gpt-5-5-2026-04-23,REC-ado-out-008,2,adolescent,procedures,1,1,0,1,2,0.5,1.0,0.6666666666666666
openai_gpt-5-5-2026-04-23,REC-ado-out-008,2,adolescent,temporal,0,3,1,1,3,0.0,0.0,0.0
openai_gpt-5-5-2026-04-23,REC-ado-out-009,2,adolescent,diagnoses,2,1,0,2,3,0.6666666666666666,1.0,0.8
openai_gpt-5-5-2026-04-23,REC-ado-out-009,2,adolescent,medications,1,0,0,1,1,1.0,1.0,1.0
openai_gpt-5-5-2026-04-23,REC-ado-out-009,2,adolescent,labs,0,0,0,0,0,0.0,0.0,0.0
openai_gpt-5-5-2026-04-23,REC-ado-out-009,2,adolescent,procedures,1,1,0,1,2,0.5,1.0,0.6666666666666666
openai_gpt-5-5-2026-04-23,REC-ado-out-009,2,adolescent,temporal,0,6,2,2,6,0.0,0.0,0.0
openai_gpt-5-5-2026-04-23,REC-ado-out-010,2,adolescent,diagnoses,2,0,0,2,2,1.0,1.0,1.0
openai_gpt-5-5-2026-04-23,REC-ado-out-010,2,adolescent,medications,1,0,0,1,1,1.0,1.0,1.0
openai_gpt-5-5-2026-04-23,REC-ado-out-010,2,adolescent,labs,0,0,0,0,0,0.0,0.0,0.0
openai_gpt-5-5-2026-04-23,REC-ado-out-010,2,adolescent,procedures,1,1,0,1,2,0.5,1.0,0.6666666666666666
openai_gpt-5-5-2026-04-23,REC-ado-out-010,2,adolescent,temporal,0,3,1,1,3,0.0,0.0,0.0
openai_gpt-5-5-2026-04-23,REC-chi-eme-001,2,child,diagnoses,2,0,0,2,2,1.0,1.0,1.0
openai_gpt-5-5-2026-04-23,REC-chi-eme-001,2,child,medications,1,0,0,1,1,1.0,1.0,1.0
openai_gpt-5-5-2026-04-23,REC-chi-eme-001,2,child,labs,0,0,0,0,0,0.0,0.0,0.0
openai_gpt-5-5-2026-04-23,REC-chi-eme-001,2,child,procedures,1,1,0,1,2,0.5,1.0,0.6666666666666666
openai_gpt-5-5-2026-04-23,REC-chi-eme-001,2,child,temporal,0,3,2,2,3,0.0,0.0,0.0
openai_gpt-5-5-2026-04-23,REC-chi-eme-002,2,child,diagnoses,2,0,0,2,2,1.0,1.0,1.0
openai_gpt-5-5-2026-04-23,REC-chi-eme-002,2,child,medications,1,0,0,1,1,1.0,1.0,1.0
openai_gpt-5-5-2026-04-23,REC-chi-eme-002,2,child,labs,1,0,0,1,1,1.0,1.0,1.0
openai_gpt-5-5-2026-04-23,REC-chi-eme-002,2,child,procedures,1,0,0,1,1,1.0,1.0,1.0
openai_gpt-5-5-2026-04-23,REC-chi-eme-002,2,child,temporal,0,3,0,0,3,0.0,0.0,0.0
openai_gpt-5-5-2026-04-23,REC-chi-eme-003,2,child,diagnoses,1,0,0,1,1,1.0,1.0,1.0
openai_gpt-5-5-2026-04-23,REC-chi-eme-003,2,child,medications,1,0,0,1,1,1.0,1.0,1.0
openai_gpt-5-5-2026-04-23,REC-chi-eme-003,2,child,labs,1,0,0,1,1,1.0,1.0,1.0
openai_gpt-5-5-2026-04-23,REC-chi-eme-003,2,child,procedures,1,0,0,1,1,1.0,1.0,1.0
openai_gpt-5-5-2026-04-23,REC-chi-eme-003,2,child,temporal,1,5,0,1,6,0.16666666666666666,1.0,0.2857142857142857
openai_gpt-5-5-2026-04-23,REC-chi-eme-004,2,child,diagnoses,2,1,0,2,3,0.6666666666666666,1.0,0.8
openai_gpt-5-5-2026-04-23,REC-chi-eme-004,2,child,medications,1,0,0,1,1,1.0,1.0,1.0
openai_gpt-5-5-2026-04-23,REC-chi-eme-004,2,child,labs,0,0,0,0,0,0.0,0.0,0.0
openai_gpt-5-5-2026-04-23,REC-chi-eme-004,2,child,procedures,1,0,0,1,1,1.0,1.0,1.0
openai_gpt-5-5-2026-04-23,REC-chi-eme-004,2,child,temporal,0,5,2,2,5,0.0,0.0,0.0
openai_gpt-5-5-2026-04-23,REC-chi-eme-005,2,child,diagnoses,2,0,0,2,2,1.0,1.0,1.0
openai_gpt-5-5-2026-04-23,REC-chi-eme-005,2,child,medications,1,0,0,1,1,1.0,1.0,1.0
openai_gpt-5-5-2026-04-23,REC-chi-eme-005,2,child,labs,1,0,0,1,1,1.0,1.0,1.0
openai_gpt-5-5-2026-04-23,REC-chi-eme-005,2,child,procedures,1,0,0,1,1,1.0,1.0,1.0
openai_gpt-5-5-2026-04-23,REC-chi-eme-005,2,child,temporal,0,3,0,0,3,0.0,0.0,0.0
openai_gpt-5-5-2026-04-23,REC-chi-eme-006,2,child,diagnoses,2,0,0,2,2,1.0,1.0,1.0
openai_gpt-5-5-2026-04-23,REC-chi-eme-006,2,child,medications,1,0,0,1,1,1.0,1.0,1.0
openai_gpt-5-5-2026-04-23,REC-chi-eme-006,2,child,labs,1,0,0,1,1,1.0,1.0,1.0
openai_gpt-5-5-2026-04-23,REC-chi-eme-006,2,child,procedures,1,0,0,1,1,1.0,1.0,1.0
openai_gpt-5-5-2026-04-23,REC-chi-eme-006,2,child,temporal,0,4,0,0,4,0.0,0.0,0.0
openai_gpt-5-5-2026-04-23,REC-chi-eme-007,2,child,diagnoses,2,1,0,2,3,0.6666666666666666,1.0,0.8
openai_gpt-5-5-2026-04-23,REC-chi-eme-007,2,child,medications,1,0,0,1,1,1.0,1.0,1.0
openai_gpt-5-5-2026-04-23,REC-chi-eme-007,2,child,labs,0,0,0,0,0,0.0,0.0,0.0
openai_gpt-5-5-2026-04-23,REC-chi-eme-007,2,child,procedures,1,1,0,1,2,0.5,1.0,0.6666666666666666
openai_gpt-5-5-2026-04-23,REC-chi-eme-007,2,child,temporal,0,3,2,2,3,0.0,0.0,0.0
openai_gpt-5-5-2026-04-23,REC-chi-eme-008,2,child,diagnoses,2,0,0,2,2,1.0,1.0,1.0
openai_gpt-5-5-2026-04-23,REC-chi-eme-008,2,child,medications,1,0,0,1,1,1.0,1.0,1.0
openai_gpt-5-5-2026-04-23,REC-chi-eme-008,2,child,labs,1,0,0,1,1,1.0,1.0,1.0
openai_gpt-5-5-2026-04-23,REC-chi-eme-008,2,child,procedures,1,0,0,1,1,1.0,1.0,1.0
openai_gpt-5-5-2026-04-23,REC-chi-eme-008,2,child,temporal,0,3,0,0,3,0.0,0.0,0.0
openai_gpt-5-5-2026-04-23,REC-chi-eme-009,2,child,diagnoses,2,1,0,2,3,0.6666666666666666,1.0,0.8
openai_gpt-5-5-2026-04-23,REC-chi-eme-009,2,child,medications,1,0,0,1,1,1.0,1.0,1.0
openai_gpt-5-5-2026-04-23,REC-chi-eme-009,2,child,labs,1,0,0,1,1,1.0,1.0,1.0
openai_gpt-5-5-2026-04-23,REC-chi-eme-009,2,child,procedures,1,0,0,1,1,1.0,1.0,1.0
openai_gpt-5-5-2026-04-23,REC-chi-eme-009,2,child,temporal,1,4,1,2,5,0.2,0.5,0.28571428571428575
openai_gpt-5-5-2026-04-23,REC-chi-eme-010,2,child,diagnoses,3,0,0,3,3,1.0,1.0,1.0
openai_gpt-5-5-2026-04-23,REC-chi-eme-010,2,child,medications,1,0,0,1,1,1.0,1.0,1.0
openai_gpt-5-5-2026-04-23,REC-chi-eme-010,2,child,labs,0,0,0,0,0,0.0,0.0,0.0
openai_gpt-5-5-2026-04-23,REC-chi-eme-010,2,child,procedures,1,0,0,1,1,1.0,1.0,1.0
openai_gpt-5-5-2026-04-23,REC-chi-eme-010,2,child,temporal,0,4,0,0,4,0.0,0.0,0.0
openai_gpt-5-5-2026-04-23,REC-chi-icu-001,2,child,diagnoses,1,0,0,1,1,1.0,1.0,1.0
openai_gpt-5-5-2026-04-23,REC-chi-icu-001,2,child,medications,1,0,0,1,1,1.0,1.0,1.0
openai_gpt-5-5-2026-04-23,REC-chi-icu-001,2,child,labs,0,0,0,0,0,0.0,0.0,0.0
openai_gpt-5-5-2026-04-23,REC-chi-icu-001,2,child,procedures,1,1,0,1,2,0.5,1.0,0.6666666666666666
openai_gpt-5-5-2026-04-23,REC-chi-icu-001,2,child,temporal,0,5,1,1,5,0.0,0.0,0.0
openai_gpt-5-5-2026-04-23,REC-chi-icu-002,2,child,diagnoses,1,1,0,1,2,0.5,1.0,0.6666666666666666
openai_gpt-5-5-2026-04-23,REC-chi-icu-002,2,child,medications,1,0,0,1,1,1.0,1.0,1.0
openai_gpt-5-5-2026-04-23,REC-chi-icu-002,2,child,labs,1,0,0,1,1,1.0,1.0,1.0
openai_gpt-5-5-2026-04-23,REC-chi-icu-002,2,child,procedures,1,0,0,1,1,1.0,1.0,1.0
openai_gpt-5-5-2026-04-23,REC-chi-icu-002,2,child,temporal,0,5,2,2,5,0.0,0.0,0.0
openai_gpt-5-5-2026-04-23,REC-chi-icu-003,2,child,diagnoses,2,0,0,2,2,1.0,1.0,1.0
openai_gpt-5-5-2026-04-23,REC-chi-icu-003,2,child,medications,1,0,0,1,1,1.0,1.0,1.0
openai_gpt-5-5-2026-04-23,REC-chi-icu-003,2,child,labs,0,0,0,0,0,0.0,0.0,0.0
openai_gpt-5-5-2026-04-23,REC-chi-icu-003,2,child,procedures,1,1,0,1,2,0.5,1.0,0.6666666666666666
openai_gpt-5-5-2026-04-23,REC-chi-icu-003,2,child,temporal,0,5,1,1,5,0.0,0.0,0.0
openai_gpt-5-5-2026-04-23,REC-chi-icu-004,2,child,diagnoses,2,1,0,2,3,0.6666666666666666,1.0,0.8
openai_gpt-5-5-2026-04-23,REC-chi-icu-004,2,child,medications,1,0,0,1,1,1.0,1.0,1.0
openai_gpt-5-5-2026-04-23,REC-chi-icu-004,2,child,labs,1,0,0,1,1,1.0,1.0,1.0
openai_gpt-5-5-2026-04-23,REC-chi-icu-004,2,child,procedures,1,0,0,1,1,1.0,1.0,1.0
openai_gpt-5-5-2026-04-23,REC-chi-icu-004,2,child,temporal,0,5,1,1,5,0.0,0.0,0.0
openai_gpt-5-5-2026-04-23,REC-chi-icu-005,2,child,diagnoses,2,1,0,2,3,0.6666666666666666,1.0,0.8
openai_gpt-5-5-2026-04-23,REC-chi-icu-005,2,child,medications,1,0,0,1,1,1.0,1.0,1.0
openai_gpt-5-5-2026-04-23,REC-chi-icu-005,2,child,labs,0,0,0,0,0,0.0,0.0,0.0
openai_gpt-5-5-2026-04-23,REC-chi-icu-005,2,child,procedures,1,1,0,1,2,0.5,1.0,0.6666666666666666
openai_gpt-5-5-2026-04-23,REC-chi-icu-005,2,child,temporal,0,5,2,2,5,0.0,0.0,0.0
openai_gpt-5-5-2026-04-23,REC-chi-icu-006,2,child,diagnoses,1,0,0,1,1,1.0,1.0,1.0
openai_gpt-5-5-2026-04-23,REC-chi-icu-006,2,child,medications,1,0,0,1,1,1.0,1.0,1.0
openai_gpt-5-5-2026-04-23,REC-chi-icu-006,2,child,labs,1,0,0,1,1,1.0,1.0,1.0
openai_gpt-5-5-2026-04-23,REC-chi-icu-006,2,child,procedures,1,2,0,1,3,0.3333333333333333,1.0,0.5
openai_gpt-5-5-2026-04-23,REC-chi-icu-006,2,child,temporal,0,4,2,2,4,0.0,0.0,0.0
openai_gpt-5-5-2026-04-23,REC-chi-icu-007,2,child,diagnoses,1,0,0,1,1,1.0,1.0,1.0
openai_gpt-5-5-2026-04-23,REC-chi-icu-007,2,child,medications,1,0,0,1,1,1.0,1.0,1.0
openai_gpt-5-5-2026-04-23,REC-chi-icu-007,2,child,labs,0,0,0,0,0,0.0,0.0,0.0
openai_gpt-5-5-2026-04-23,REC-chi-icu-007,2,child,procedures,1,1,0,1,2,0.5,1.0,0.6666666666666666
openai_gpt-5-5-2026-04-23,REC-chi-icu-007,2,child,temporal,1,5,1,2,6,0.16666666666666666,0.5,0.25
openai_gpt-5-5-2026-04-23,REC-chi-icu-008,2,child,diagnoses,1,0,0,1,1,1.0,1.0,1.0
openai_gpt-5-5-2026-04-23,REC-chi-icu-008,2,child,medications,1,0,0,1,1,1.0,1.0,1.0
openai_gpt-5-5-2026-04-23,REC-chi-icu-008,2,child,labs,1,0,0,1,1,1.0,1.0,1.0
openai_gpt-5-5-2026-04-23,REC-chi-icu-008,2,child,procedures,1,1,0,1,2,0.5,1.0,0.6666666666666666
openai_gpt-5-5-2026-04-23,REC-chi-icu-008,2,child,temporal,0,3,1,1,3,0.0,0.0,0.0
openai_gpt-5-5-2026-04-23,REC-chi-icu-009,2,child,diagnoses,2,0,0,2,2,1.0,1.0,1.0
openai_gpt-5-5-2026-04-23,REC-chi-icu-009,2,child,medications,1,0,0,1,1,1.0,1.0,1.0
openai_gpt-5-5-2026-04-23,REC-chi-icu-009,2,child,labs,0,0,0,0,0,0.0,0.0,0.0
openai_gpt-5-5-2026-04-23,REC-chi-icu-009,2,child,procedures,1,2,0,1,3,0.3333333333333333,1.0,0.5
openai_gpt-5-5-2026-04-23,REC-chi-icu-009,2,child,temporal,0,3,2,2,3,0.0,0.0,0.0
openai_gpt-5-5-2026-04-23,REC-chi-icu-010,2,child,diagnoses,2,0,0,2,2,1.0,1.0,1.0
openai_gpt-5-5-2026-04-23,REC-chi-icu-010,2,child,medications,1,0,0,1,1,1.0,1.0,1.0
openai_gpt-5-5-2026-04-23,REC-chi-icu-010,2,child,labs,1,0,0,1,1,1.0,1.0,1.0
openai_gpt-5-5-2026-04-23,REC-chi-icu-010,2,child,procedures,1,0,0,1,1,1.0,1.0,1.0
openai_gpt-5-5-2026-04-23,REC-chi-icu-010,2,child,temporal,0,5,0,0,5,0.0,0.0,0.0
openai_gpt-5-5-2026-04-23,REC-chi-inp-001,2,child,diagnoses,2,1,0,2,3,0.6666666666666666,1.0,0.8
openai_gpt-5-5-2026-04-23,REC-chi-inp-001,2,child,medications,1,0,0,1,1,1.0,1.0,1.0
openai_gpt-5-5-2026-04-23,REC-chi-inp-001,2,child,labs,0,0,0,0,0,0.0,0.0,0.0
openai_gpt-5-5-2026-04-23,REC-chi-inp-001,2,child,procedures,1,1,0,1,2,0.5,1.0,0.6666666666666666
openai_gpt-5-5-2026-04-23,REC-chi-inp-001,2,child,temporal,0,7,2,2,7,0.0,0.0,0.0
openai_gpt-5-5-2026-04-23,REC-chi-inp-002,2,child,diagnoses,1,0,0,1,1,1.0,1.0,1.0
openai_gpt-5-5-2026-04-23,REC-chi-inp-002,2,child,medications,1,0,0,1,1,1.0,1.0,1.0
openai_gpt-5-5-2026-04-23,REC-chi-inp-002,2,child,labs,1,0,0,1,1,1.0,1.0,1.0
openai_gpt-5-5-2026-04-23,REC-chi-inp-002,2,child,procedures,1,0,0,1,1,1.0,1.0,1.0
openai_gpt-5-5-2026-04-23,REC-chi-inp-002,2,child,temporal,1,4,0,1,5,0.2,1.0,0.33333333333333337
openai_gpt-5-5-2026-04-23,REC-chi-inp-003,2,child,diagnoses,2,0,0,2,2,1.0,1.0,1.0
openai_gpt-5-5-2026-04-23,REC-chi-inp-003,2,child,medications,1,0,0,1,1,1.0,1.0,1.0
openai_gpt-5-5-2026-04-23,REC-chi-inp-003,2,child,labs,1,0,0,1,1,1.0,1.0,1.0
openai_gpt-5-5-2026-04-23,REC-chi-inp-003,2,child,procedures,1,0,0,1,1,1.0,1.0,1.0
openai_gpt-5-5-2026-04-23,REC-chi-inp-003,2,child,temporal,0,5,0,0,5,0.0,0.0,0.0
openai_gpt-5-5-2026-04-23,REC-chi-inp-004,2,child,diagnoses,2,1,0,2,3,0.6666666666666666,1.0,0.8
openai_gpt-5-5-2026-04-23,REC-chi-inp-004,2,child,medications,1,0,0,1,1,1.0,1.0,1.0
openai_gpt-5-5-2026-04-23,REC-chi-inp-004,2,child,labs,0,0,0,0,0,0.0,0.0,0.0
openai_gpt-5-5-2026-04-23,REC-chi-inp-004,2,child,procedures,1,0,0,1,1,1.0,1.0,1.0
openai_gpt-5-5-2026-04-23,REC-chi-inp-004,2,child,temporal,0,5,1,1,5,0.0,0.0,0.0
openai_gpt-5-5-2026-04-23,REC-chi-inp-005,2,child,diagnoses,1,1,0,1,2,0.5,1.0,0.6666666666666666
openai_gpt-5-5-2026-04-23,REC-chi-inp-005,2,child,medications,1,0,0,1,1,1.0,1.0,1.0
openai_gpt-5-5-2026-04-23,REC-chi-inp-005,2,child,labs,1,0,0,1,1,1.0,1.0,1.0
openai_gpt-5-5-2026-04-23,REC-chi-inp-005,2,child,procedures,1,0,0,1,1,1.0,1.0,1.0
openai_gpt-5-5-2026-04-23,REC-chi-inp-005,2,child,temporal,0,5,1,1,5,0.0,0.0,0.0
openai_gpt-5-5-2026-04-23,REC-chi-inp-006,2,child,diagnoses,1,1,0,1,2,0.5,1.0,0.6666666666666666
openai_gpt-5-5-2026-04-23,REC-chi-inp-006,2,child,medications,1,0,0,1,1,1.0,1.0,1.0
openai_gpt-5-5-2026-04-23,REC-chi-inp-006,2,child,labs,1,0,0,1,1,1.0,1.0,1.0
openai_gpt-5-5-2026-04-23,REC-chi-inp-006,2,child,procedures,1,0,0,1,1,1.0,1.0,1.0
openai_gpt-5-5-2026-04-23,REC-chi-inp-006,2,child,temporal,0,5,2,2,5,0.0,0.0,0.0
openai_gpt-5-5-2026-04-23,REC-chi-inp-007,2,child,diagnoses,1,0,0,1,1,1.0,1.0,1.0
openai_gpt-5-5-2026-04-23,REC-chi-inp-007,2,child,medications,1,0,0,1,1,1.0,1.0,1.0
openai_gpt-5-5-2026-04-23,REC-chi-inp-007,2,child,labs,0,0,0,0,0,0.0,0.0,0.0
openai_gpt-5-5-2026-04-23,REC-chi-inp-007,2,child,procedures,1,1,0,1,2,0.5,1.0,0.6666666666666666
openai_gpt-5-5-2026-04-23,REC-chi-inp-007,2,child,temporal,0,5,1,1,5,0.0,0.0,0.0
openai_gpt-5-5-2026-04-23,REC-chi-inp-008,2,child,diagnoses,2,0,0,2,2,1.0,1.0,1.0
openai_gpt-5-5-2026-04-23,REC-chi-inp-008,2,child,medications,1,0,0,1,1,1.0,1.0,1.0
openai_gpt-5-5-2026-04-23,REC-chi-inp-008,2,child,labs,1,0,0,1,1,1.0,1.0,1.0
openai_gpt-5-5-2026-04-23,REC-chi-inp-008,2,child,procedures,1,0,0,1,1,1.0,1.0,1.0
openai_gpt-5-5-2026-04-23,REC-chi-inp-008,2,child,temporal,1,4,0,1,5,0.2,1.0,0.33333333333333337
openai_gpt-5-5-2026-04-23,REC-chi-inp-009,2,child,diagnoses,1,0,0,1,1,1.0,1.0,1.0
openai_gpt-5-5-2026-04-23,REC-chi-inp-009,2,child,medications,1,0,0,1,1,1.0,1.0,1.0
openai_gpt-5-5-2026-04-23,REC-chi-inp-009,2,child,labs,1,0,0,1,1,1.0,1.0,1.0
openai_gpt-5-5-2026-04-23,REC-chi-inp-009,2,child,procedures,1,0,0,1,1,1.0,1.0,1.0
openai_gpt-5-5-2026-04-23,REC-chi-inp-009,2,child,temporal,0,4,1,1,4,0.0,0.0,0.0
openai_gpt-5-5-2026-04-23,REC-chi-inp-010,2,child,diagnoses,2,0,0,2,2,1.0,1.0,1.0
openai_gpt-5-5-2026-04-23,REC-chi-inp-010,2,child,medications,1,0,0,1,1,1.0,1.0,1.0
openai_gpt-5-5-2026-04-23,REC-chi-inp-010,2,child,labs,0,0,0,0,0,0.0,0.0,0.0
openai_gpt-5-5-2026-04-23,REC-chi-inp-010,2,child,procedures,1,0,0,1,1,1.0,1.0,1.0
openai_gpt-5-5-2026-04-23,REC-chi-inp-010,2,child,temporal,1,1,1,2,2,0.5,0.5,0.5
openai_gpt-5-5-2026-04-23,REC-chi-out-001,2,child,diagnoses,2,0,0,2,2,1.0,1.0,1.0
openai_gpt-5-5-2026-04-23,REC-chi-out-001,2,child,medications,1,0,0,1,1,1.0,1.0,1.0
openai_gpt-5-5-2026-04-23,REC-chi-out-001,2,child,labs,0,0,0,0,0,0.0,0.0,0.0
openai_gpt-5-5-2026-04-23,REC-chi-out-001,2,child,procedures,1,1,0,1,2,0.5,1.0,0.6666666666666666
openai_gpt-5-5-2026-04-23,REC-chi-out-001,2,child,temporal,0,3,2,2,3,0.0,0.0,0.0
openai_gpt-5-5-2026-04-23,REC-chi-out-002,2,child,diagnoses,2,1,0,2,3,0.6666666666666666,1.0,0.8
openai_gpt-5-5-2026-04-23,REC-chi-out-002,2,child,medications,1,0,0,1,1,1.0,1.0,1.0
openai_gpt-5-5-2026-04-23,REC-chi-out-002,2,child,labs,1,0,0,1,1,1.0,1.0,1.0
openai_gpt-5-5-2026-04-23,REC-chi-out-002,2,child,procedures,1,1,0,1,2,0.5,1.0,0.6666666666666666
openai_gpt-5-5-2026-04-23,REC-chi-out-002,2,child,temporal,0,4,2,2,4,0.0,0.0,0.0
openai_gpt-5-5-2026-04-23,REC-chi-out-003,2,child,diagnoses,2,0,0,2,2,1.0,1.0,1.0
openai_gpt-5-5-2026-04-23,REC-chi-out-003,2,child,medications,1,0,0,1,1,1.0,1.0,1.0
openai_gpt-5-5-2026-04-23,REC-chi-out-003,2,child,labs,0,0,0,0,0,0.0,0.0,0.0
openai_gpt-5-5-2026-04-23,REC-chi-out-003,2,child,procedures,1,1,0,1,2,0.5,1.0,0.6666666666666666
openai_gpt-5-5-2026-04-23,REC-chi-out-003,2,child,temporal,0,1,1,1,1,0.0,0.0,0.0
openai_gpt-5-5-2026-04-23,REC-chi-out-004,2,child,diagnoses,2,0,0,2,2,1.0,1.0,1.0
openai_gpt-5-5-2026-04-23,REC-chi-out-004,2,child,medications,1,0,0,1,1,1.0,1.0,1.0
openai_gpt-5-5-2026-04-23,REC-chi-out-004,2,child,labs,1,0,0,1,1,1.0,1.0,1.0
openai_gpt-5-5-2026-04-23,REC-chi-out-004,2,child,procedures,1,0,0,1,1,1.0,1.0,1.0
openai_gpt-5-5-2026-04-23,REC-chi-out-004,2,child,temporal,1,2,0,1,3,0.3333333333333333,1.0,0.5
openai_gpt-5-5-2026-04-23,REC-chi-out-005,2,child,diagnoses,1,1,0,1,2,0.5,1.0,0.6666666666666666
openai_gpt-5-5-2026-04-23,REC-chi-out-005,2,child,medications,1,0,0,1,1,1.0,1.0,1.0
openai_gpt-5-5-2026-04-23,REC-chi-out-005,2,child,labs,0,0,0,0,0,0.0,0.0,0.0
openai_gpt-5-5-2026-04-23,REC-chi-out-005,2,child,procedures,1,1,0,1,2,0.5,1.0,0.6666666666666666
openai_gpt-5-5-2026-04-23,REC-chi-out-005,2,child,temporal,0,4,2,2,4,0.0,0.0,0.0
openai_gpt-5-5-2026-04-23,REC-chi-out-006,2,child,diagnoses,1,0,0,1,1,1.0,1.0,1.0
openai_gpt-5-5-2026-04-23,REC-chi-out-006,2,child,medications,1,0,0,1,1,1.0,1.0,1.0
openai_gpt-5-5-2026-04-23,REC-chi-out-006,2,child,labs,1,0,0,1,1,1.0,1.0,1.0
openai_gpt-5-5-2026-04-23,REC-chi-out-006,2,child,procedures,1,1,0,1,2,0.5,1.0,0.6666666666666666
openai_gpt-5-5-2026-04-23,REC-chi-out-006,2,child,temporal,0,3,2,2,3,0.0,0.0,0.0
openai_gpt-5-5-2026-04-23,REC-chi-out-007,2,child,diagnoses,2,1,0,2,3,0.6666666666666666,1.0,0.8
openai_gpt-5-5-2026-04-23,REC-chi-out-007,2,child,medications,1,0,0,1,1,1.0,1.0,1.0
openai_gpt-5-5-2026-04-23,REC-chi-out-007,2,child,labs,0,0,0,0,0,0.0,0.0,0.0
openai_gpt-5-5-2026-04-23,REC-chi-out-007,2,child,procedures,1,1,0,1,2,0.5,1.0,0.6666666666666666
openai_gpt-5-5-2026-04-23,REC-chi-out-007,2,child,temporal,0,4,2,2,4,0.0,0.0,0.0
openai_gpt-5-5-2026-04-23,REC-chi-out-008,2,child,diagnoses,3,0,0,3,3,1.0,1.0,1.0
openai_gpt-5-5-2026-04-23,REC-chi-out-008,2,child,medications,1,0,0,1,1,1.0,1.0,1.0
openai_gpt-5-5-2026-04-23,REC-chi-out-008,2,child,labs,1,0,0,1,1,1.0,1.0,1.0
openai_gpt-5-5-2026-04-23,REC-chi-out-008,2,child,procedures,1,0,0,1,1,1.0,1.0,1.0
openai_gpt-5-5-2026-04-23,REC-chi-out-008,2,child,temporal,0,3,0,0,3,0.0,0.0,0.0
openai_gpt-5-5-2026-04-23,REC-chi-out-009,2,child,diagnoses,2,0,0,2,2,1.0,1.0,1.0
openai_gpt-5-5-2026-04-23,REC-chi-out-009,2,child,medications,1,0,0,1,1,1.0,1.0,1.0
openai_gpt-5-5-2026-04-23,REC-chi-out-009,2,child,labs,0,0,0,0,0,0.0,0.0,0.0
openai_gpt-5-5-2026-04-23,REC-chi-out-009,2,child,procedures,1,0,0,1,1,1.0,1.0,1.0
openai_gpt-5-5-2026-04-23,REC-chi-out-009,2,child,temporal,1,3,0,1,4,0.25,1.0,0.4
openai_gpt-5-5-2026-04-23,REC-chi-out-010,2,child,diagnoses,1,0,0,1,1,1.0,1.0,1.0
openai_gpt-5-5-2026-04-23,REC-chi-out-010,2,child,medications,1,0,0,1,1,1.0,1.0,1.0
openai_gpt-5-5-2026-04-23,REC-chi-out-010,2,child,labs,1,0,0,1,1,1.0,1.0,1.0
openai_gpt-5-5-2026-04-23,REC-chi-out-010,2,child,procedures,1,1,0,1,2,0.5,1.0,0.6666666666666666
openai_gpt-5-5-2026-04-23,REC-chi-out-010,2,child,temporal,1,2,1,2,3,0.3333333333333333,0.5,0.4
openai_gpt-5-5-2026-04-23,REC-inf-eme-001,2,infant,diagnoses,3,0,0,3,3,1.0,1.0,1.0
openai_gpt-5-5-2026-04-23,REC-inf-eme-001,2,infant,medications,0,0,0,0,0,0.0,0.0,0.0
openai_gpt-5-5-2026-04-23,REC-inf-eme-001,2,infant,labs,0,0,0,0,0,0.0,0.0,0.0
openai_gpt-5-5-2026-04-23,REC-inf-eme-001,2,infant,procedures,1,0,0,1,1,1.0,1.0,1.0
openai_gpt-5-5-2026-04-23,REC-inf-eme-001,2,infant,temporal,0,4,0,0,4,0.0,0.0,0.0
openai_gpt-5-5-2026-04-23,REC-inf-eme-002,2,infant,diagnoses,2,0,0,2,2,1.0,1.0,1.0
openai_gpt-5-5-2026-04-23,REC-inf-eme-002,2,infant,medications,1,0,0,1,1,1.0,1.0,1.0
openai_gpt-5-5-2026-04-23,REC-inf-eme-002,2,infant,labs,0,0,0,0,0,0.0,0.0,0.0
openai_gpt-5-5-2026-04-23,REC-inf-eme-002,2,infant,procedures,1,1,0,1,2,0.5,1.0,0.6666666666666666
openai_gpt-5-5-2026-04-23,REC-inf-eme-002,2,infant,temporal,0,1,1,1,1,0.0,0.0,0.0
openai_gpt-5-5-2026-04-23,REC-inf-eme-003,2,infant,diagnoses,2,1,0,2,3,0.6666666666666666,1.0,0.8
openai_gpt-5-5-2026-04-23,REC-inf-eme-003,2,infant,medications,1,0,0,1,1,1.0,1.0,1.0
openai_gpt-5-5-2026-04-23,REC-inf-eme-003,2,infant,labs,1,0,0,1,1,1.0,1.0,1.0
openai_gpt-5-5-2026-04-23,REC-inf-eme-003,2,infant,procedures,1,1,0,1,2,0.5,1.0,0.6666666666666666
openai_gpt-5-5-2026-04-23,REC-inf-eme-003,2,infant,temporal,0,5,2,2,5,0.0,0.0,0.0
openai_gpt-5-5-2026-04-23,REC-inf-eme-004,2,infant,diagnoses,2,1,0,2,3,0.6666666666666666,1.0,0.8
openai_gpt-5-5-2026-04-23,REC-inf-eme-004,2,infant,medications,0,0,0,0,0,0.0,0.0,0.0
openai_gpt-5-5-2026-04-23,REC-inf-eme-004,2,infant,labs,0,0,0,0,0,0.0,0.0,0.0
openai_gpt-5-5-2026-04-23,REC-inf-eme-004,2,infant,procedures,1,1,0,1,2,0.5,1.0,0.6666666666666666
openai_gpt-5-5-2026-04-23,REC-inf-eme-004,2,infant,temporal,0,4,2,2,4,0.0,0.0,0.0
openai_gpt-5-5-2026-04-23,REC-inf-eme-005,2,infant,diagnoses,1,1,0,1,2,0.5,1.0,0.6666666666666666
openai_gpt-5-5-2026-04-23,REC-inf-eme-005,2,infant,medications,1,0,0,1,1,1.0,1.0,1.0
openai_gpt-5-5-2026-04-23,REC-inf-eme-005,2,infant,labs,0,0,0,0,0,0.0,0.0,0.0
openai_gpt-5-5-2026-04-23,REC-inf-eme-005,2,infant,procedures,1,0,0,1,1,1.0,1.0,1.0
openai_gpt-5-5-2026-04-23,REC-inf-eme-005,2,infant,temporal,0,1,2,2,1,0.0,0.0,0.0
openai_gpt-5-5-2026-04-23,REC-inf-eme-006,2,infant,diagnoses,1,0,0,1,1,1.0,1.0,1.0
openai_gpt-5-5-2026-04-23,REC-inf-eme-006,2,infant,medications,1,0,0,1,1,1.0,1.0,1.0
openai_gpt-5-5-2026-04-23,REC-inf-eme-006,2,infant,labs,1,0,0,1,1,1.0,1.0,1.0
openai_gpt-5-5-2026-04-23,REC-inf-eme-006,2,infant,procedures,1,0,0,1,1,1.0,1.0,1.0
openai_gpt-5-5-2026-04-23,REC-inf-eme-006,2,infant,temporal,1,3,0,1,4,0.25,1.0,0.4
openai_gpt-5-5-2026-04-23,REC-inf-eme-007,2,infant,diagnoses,3,0,0,3,3,1.0,1.0,1.0
openai_gpt-5-5-2026-04-23,REC-inf-eme-007,2,infant,medications,0,0,0,0,0,0.0,0.0,0.0
openai_gpt-5-5-2026-04-23,REC-inf-eme-007,2,infant,labs,0,0,0,0,0,0.0,0.0,0.0
openai_gpt-5-5-2026-04-23,REC-inf-eme-007,2,infant,procedures,1,0,0,1,1,1.0,1.0,1.0
openai_gpt-5-5-2026-04-23,REC-inf-eme-007,2,infant,temporal,0,2,1,1,2,0.0,0.0,0.0
openai_gpt-5-5-2026-04-23,REC-inf-eme-008,2,infant,diagnoses,1,0,0,1,1,1.0,1.0,1.0
openai_gpt-5-5-2026-04-23,REC-inf-eme-008,2,infant,medications,1,0,0,1,1,1.0,1.0,1.0
openai_gpt-5-5-2026-04-23,REC-inf-eme-008,2,infant,labs,0,0,0,0,0,0.0,0.0,0.0
openai_gpt-5-5-2026-04-23,REC-inf-eme-008,2,infant,procedures,1,1,0,1,2,0.5,1.0,0.6666666666666666
openai_gpt-5-5-2026-04-23,REC-inf-eme-008,2,infant,temporal,1,3,1,2,4,0.25,0.5,0.3333333333333333
openai_gpt-5-5-2026-04-23,REC-inf-eme-009,2,infant,diagnoses,1,0,0,1,1,1.0,1.0,1.0
openai_gpt-5-5-2026-04-23,REC-inf-eme-009,2,infant,medications,1,0,0,1,1,1.0,1.0,1.0
openai_gpt-5-5-2026-04-23,REC-inf-eme-009,2,infant,labs,1,0,0,1,1,1.0,1.0,1.0
openai_gpt-5-5-2026-04-23,REC-inf-eme-009,2,infant,procedures,1,2,0,1,3,0.3333333333333333,1.0,0.5
openai_gpt-5-5-2026-04-23,REC-inf-eme-009,2,infant,temporal,0,5,3,3,5,0.0,0.0,0.0
openai_gpt-5-5-2026-04-23,REC-inf-eme-010,2,infant,diagnoses,1,1,0,1,2,0.5,1.0,0.6666666666666666
openai_gpt-5-5-2026-04-23,REC-inf-eme-010,2,infant,medications,0,0,0,0,0,0.0,0.0,0.0
openai_gpt-5-5-2026-04-23,REC-inf-eme-010,2,infant,labs,0,0,0,0,0,0.0,0.0,0.0
openai_gpt-5-5-2026-04-23,REC-inf-eme-010,2,infant,procedures,1,0,0,1,1,1.0,1.0,1.0
openai_gpt-5-5-2026-04-23,REC-inf-eme-010,2,infant,temporal,0,3,1,1,3,0.0,0.0,0.0
openai_gpt-5-5-2026-04-23,REC-inf-icu-001,2,infant,diagnoses,1,0,0,1,1,1.0,1.0,1.0
openai_gpt-5-5-2026-04-23,REC-inf-icu-001,2,infant,medications,0,0,0,0,0,0.0,0.0,0.0
openai_gpt-5-5-2026-04-23,REC-inf-icu-001,2,infant,labs,0,0,0,0,0,0.0,0.0,0.0
openai_gpt-5-5-2026-04-23,REC-inf-icu-001,2,infant,procedures,1,1,0,1,2,0.5,1.0,0.6666666666666666
openai_gpt-5-5-2026-04-23,REC-inf-icu-001,2,infant,temporal,0,4,1,1,4,0.0,0.0,0.0
openai_gpt-5-5-2026-04-23,REC-inf-icu-002,2,infant,diagnoses,2,0,0,2,2,1.0,1.0,1.0
openai_gpt-5-5-2026-04-23,REC-inf-icu-002,2,infant,medications,1,0,0,1,1,1.0,1.0,1.0
openai_gpt-5-5-2026-04-23,REC-inf-icu-002,2,infant,labs,1,0,0,1,1,1.0,1.0,1.0
openai_gpt-5-5-2026-04-23,REC-inf-icu-002,2,infant,procedures,1,1,0,1,2,0.5,1.0,0.6666666666666666
openai_gpt-5-5-2026-04-23,REC-inf-icu-002,2,infant,temporal,1,3,1,2,4,0.25,0.5,0.3333333333333333
openai_gpt-5-5-2026-04-23,REC-inf-icu-003,2,infant,diagnoses,2,0,0,2,2,1.0,1.0,1.0
openai_gpt-5-5-2026-04-23,REC-inf-icu-003,2,infant,medications,0,0,0,0,0,0.0,0.0,0.0
openai_gpt-5-5-2026-04-23,REC-inf-icu-003,2,infant,labs,0,0,0,0,0,0.0,0.0,0.0
openai_gpt-5-5-2026-04-23,REC-inf-icu-003,2,infant,procedures,1,0,0,1,1,1.0,1.0,1.0
openai_gpt-5-5-2026-04-23,REC-inf-icu-003,2,infant,temporal,0,3,0,0,3,0.0,0.0,0.0
openai_gpt-5-5-2026-04-23,REC-inf-icu-004,2,infant,diagnoses,1,1,0,1,2,0.5,1.0,0.6666666666666666
openai_gpt-5-5-2026-04-23,REC-inf-icu-004,2,infant,medications,1,0,0,1,1,1.0,1.0,1.0
openai_gpt-5-5-2026-04-23,REC-inf-icu-004,2,infant,labs,1,0,0,1,1,1.0,1.0,1.0
openai_gpt-5-5-2026-04-23,REC-inf-icu-004,2,infant,procedures,1,2,0,1,3,0.3333333333333333,1.0,0.5
openai_gpt-5-5-2026-04-23,REC-inf-icu-004,2,infant,temporal,0,5,3,3,5,0.0,0.0,0.0
openai_gpt-5-5-2026-04-23,REC-inf-icu-005,2,infant,diagnoses,1,0,0,1,1,1.0,1.0,1.0
openai_gpt-5-5-2026-04-23,REC-inf-icu-005,2,infant,medications,0,0,0,0,0,0.0,0.0,0.0
openai_gpt-5-5-2026-04-23,REC-inf-icu-005,2,infant,labs,0,0,0,0,0,0.0,0.0,0.0
openai_gpt-5-5-2026-04-23,REC-inf-icu-005,2,infant,procedures,1,2,0,1,3,0.3333333333333333,1.0,0.5
openai_gpt-5-5-2026-04-23,REC-inf-icu-005,2,infant,temporal,0,5,2,2,5,0.0,0.0,0.0
openai_gpt-5-5-2026-04-23,REC-inf-icu-006,2,infant,diagnoses,1,0,0,1,1,1.0,1.0,1.0
openai_gpt-5-5-2026-04-23,REC-inf-icu-006,2,infant,medications,1,0,0,1,1,1.0,1.0,1.0
openai_gpt-5-5-2026-04-23,REC-inf-icu-006,2,infant,labs,1,0,0,1,1,1.0,1.0,1.0
openai_gpt-5-5-2026-04-23,REC-inf-icu-006,2,infant,procedures,1,0,0,1,1,1.0,1.0,1.0
openai_gpt-5-5-2026-04-23,REC-inf-icu-006,2,infant,temporal,1,4,0,1,5,0.2,1.0,0.33333333333333337
openai_gpt-5-5-2026-04-23,REC-inf-icu-007,2,infant,diagnoses,2,0,0,2,2,1.0,1.0,1.0
openai_gpt-5-5-2026-04-23,REC-inf-icu-007,2,infant,medications,0,0,0,0,0,0.0,0.0,0.0
openai_gpt-5-5-2026-04-23,REC-inf-icu-007,2,infant,labs,0,0,0,0,0,0.0,0.0,0.0
openai_gpt-5-5-2026-04-23,REC-inf-icu-007,2,infant,procedures,1,1,0,1,2,0.5,1.0,0.6666666666666666
openai_gpt-5-5-2026-04-23,REC-inf-icu-007,2,infant,temporal,0,6,2,2,6,0.0,0.0,0.0
openai_gpt-5-5-2026-04-23,REC-inf-icu-008,2,infant,diagnoses,1,0,0,1,1,1.0,1.0,1.0
openai_gpt-5-5-2026-04-23,REC-inf-icu-008,2,infant,medications,1,0,0,1,1,1.0,1.0,1.0
openai_gpt-5-5-2026-04-23,REC-inf-icu-008,2,infant,labs,1,0,0,1,1,1.0,1.0,1.0
openai_gpt-5-5-2026-04-23,REC-inf-icu-008,2,infant,procedures,1,0,0,1,1,1.0,1.0,1.0
openai_gpt-5-5-2026-04-23,REC-inf-icu-008,2,infant,temporal,1,4,0,1,5,0.2,1.0,0.33333333333333337
openai_gpt-5-5-2026-04-23,REC-inf-icu-009,2,infant,diagnoses,3,0,0,3,3,1.0,1.0,1.0
openai_gpt-5-5-2026-04-23,REC-inf-icu-009,2,infant,medications,0,0,0,0,0,0.0,0.0,0.0
openai_gpt-5-5-2026-04-23,REC-inf-icu-009,2,infant,labs,0,0,0,0,0,0.0,0.0,0.0
openai_gpt-5-5-2026-04-23,REC-inf-icu-009,2,infant,procedures,1,0,0,1,1,1.0,1.0,1.0
openai_gpt-5-5-2026-04-23,REC-inf-icu-009,2,infant,temporal,0,3,0,0,3,0.0,0.0,0.0
openai_gpt-5-5-2026-04-23,REC-inf-icu-010,2,infant,diagnoses,2,1,0,2,3,0.6666666666666666,1.0,0.8
openai_gpt-5-5-2026-04-23,REC-inf-icu-010,2,infant,medications,1,0,0,1,1,1.0,1.0,1.0
openai_gpt-5-5-2026-04-23,REC-inf-icu-010,2,infant,labs,1,0,0,1,1,1.0,1.0,1.0
openai_gpt-5-5-2026-04-23,REC-inf-icu-010,2,infant,procedures,1,0,0,1,1,1.0,1.0,1.0
openai_gpt-5-5-2026-04-23,REC-inf-icu-010,2,infant,temporal,1,4,1,2,5,0.2,0.5,0.28571428571428575
openai_gpt-5-5-2026-04-23,REC-inf-inp-001,2,infant,diagnoses,2,0,0,2,2,1.0,1.0,1.0
openai_gpt-5-5-2026-04-23,REC-inf-inp-001,2,infant,medications,0,0,0,0,0,0.0,0.0,0.0
openai_gpt-5-5-2026-04-23,REC-inf-inp-001,2,infant,labs,0,0,0,0,0,0.0,0.0,0.0
openai_gpt-5-5-2026-04-23,REC-inf-inp-001,2,infant,procedures,1,1,0,1,2,0.5,1.0,0.6666666666666666
openai_gpt-5-5-2026-04-23,REC-inf-inp-001,2,infant,temporal,0,4,1,1,4,0.0,0.0,0.0
openai_gpt-5-5-2026-04-23,REC-inf-inp-002,2,infant,diagnoses,1,1,0,1,2,0.5,1.0,0.6666666666666666
openai_gpt-5-5-2026-04-23,REC-inf-inp-002,2,infant,medications,1,0,0,1,1,1.0,1.0,1.0
openai_gpt-5-5-2026-04-23,REC-inf-inp-002,2,infant,labs,1,0,0,1,1,1.0,1.0,1.0
openai_gpt-5-5-2026-04-23,REC-inf-inp-002,2,infant,procedures,1,1,0,1,2,0.5,1.0,0.6666666666666666
openai_gpt-5-5-2026-04-23,REC-inf-inp-002,2,infant,temporal,0,3,3,3,3,0.0,0.0,0.0
openai_gpt-5-5-2026-04-23,REC-inf-inp-003,2,infant,diagnoses,3,0,0,3,3,1.0,1.0,1.0
openai_gpt-5-5-2026-04-23,REC-inf-inp-003,2,infant,medications,0,0,0,0,0,0.0,0.0,0.0
openai_gpt-5-5-2026-04-23,REC-inf-inp-003,2,infant,labs,0,0,0,0,0,0.0,0.0,0.0
openai_gpt-5-5-2026-04-23,REC-inf-inp-003,2,infant,procedures,1,0,0,1,1,1.0,1.0,1.0
openai_gpt-5-5-2026-04-23,REC-inf-inp-003,2,infant,temporal,0,4,0,0,4,0.0,0.0,0.0
openai_gpt-5-5-2026-04-23,REC-inf-inp-004,2,infant,diagnoses,2,1,0,2,3,0.6666666666666666,1.0,0.8
openai_gpt-5-5-2026-04-23,REC-inf-inp-004,2,infant,medications,1,0,0,1,1,1.0,1.0,1.0
openai_gpt-5-5-2026-04-23,REC-inf-inp-004,2,infant,labs,1,0,0,1,1,1.0,1.0,1.0
openai_gpt-5-5-2026-04-23,REC-inf-inp-004,2,infant,procedures,1,0,0,1,1,1.0,1.0,1.0
openai_gpt-5-5-2026-04-23,REC-inf-inp-004,2,infant,temporal,0,5,1,1,5,0.0,0.0,0.0
openai_gpt-5-5-2026-04-23,REC-inf-inp-005,2,infant,diagnoses,2,0,0,2,2,1.0,1.0,1.0
openai_gpt-5-5-2026-04-23,REC-inf-inp-005,2,infant,medications,0,0,0,0,0,0.0,0.0,0.0
openai_gpt-5-5-2026-04-23,REC-inf-inp-005,2,infant,labs,0,0,0,0,0,0.0,0.0,0.0
openai_gpt-5-5-2026-04-23,REC-inf-inp-005,2,infant,procedures,1,1,0,1,2,0.5,1.0,0.6666666666666666
openai_gpt-5-5-2026-04-23,REC-inf-inp-005,2,infant,temporal,0,4,2,2,4,0.0,0.0,0.0
openai_gpt-5-5-2026-04-23,REC-inf-inp-006,2,infant,diagnoses,1,0,0,1,1,1.0,1.0,1.0
openai_gpt-5-5-2026-04-23,REC-inf-inp-006,2,infant,medications,1,0,0,1,1,1.0,1.0,1.0
openai_gpt-5-5-2026-04-23,REC-inf-inp-006,2,infant,labs,1,0,0,1,1,1.0,1.0,1.0
openai_gpt-5-5-2026-04-23,REC-inf-inp-006,2,infant,procedures,1,1,0,1,2,0.5,1.0,0.6666666666666666
openai_gpt-5-5-2026-04-23,REC-inf-inp-006,2,infant,temporal,0,5,1,1,5,0.0,0.0,0.0
openai_gpt-5-5-2026-04-23,REC-inf-inp-007,2,infant,diagnoses,1,0,0,1,1,1.0,1.0,1.0
openai_gpt-5-5-2026-04-23,REC-inf-inp-007,2,infant,medications,0,0,0,0,0,0.0,0.0,0.0
openai_gpt-5-5-2026-04-23,REC-inf-inp-007,2,infant,labs,0,0,0,0,0,0.0,0.0,0.0
openai_gpt-5-5-2026-04-23,REC-inf-inp-007,2,infant,procedures,1,1,0,1,2,0.5,1.0,0.6666666666666666
openai_gpt-5-5-2026-04-23,REC-inf-inp-007,2,infant,temporal,0,4,1,1,4,0.0,0.0,0.0
openai_gpt-5-5-2026-04-23,REC-inf-inp-008,2,infant,diagnoses,1,1,0,1,2,0.5,1.0,0.6666666666666666
openai_gpt-5-5-2026-04-23,REC-inf-inp-008,2,infant,medications,1,0,0,1,1,1.0,1.0,1.0
openai_gpt-5-5-2026-04-23,REC-inf-inp-008,2,infant,labs,1,0,0,1,1,1.0,1.0,1.0
openai_gpt-5-5-2026-04-23,REC-inf-inp-008,2,infant,procedures,1,0,0,1,1,1.0,1.0,1.0
openai_gpt-5-5-2026-04-23,REC-inf-inp-008,2,infant,temporal,0,5,1,1,5,0.0,0.0,0.0
openai_gpt-5-5-2026-04-23,REC-inf-inp-009,2,infant,diagnoses,2,0,0,2,2,1.0,1.0,1.0
openai_gpt-5-5-2026-04-23,REC-inf-inp-009,2,infant,medications,0,0,0,0,0,0.0,0.0,0.0
openai_gpt-5-5-2026-04-23,REC-inf-inp-009,2,infant,labs,0,0,0,0,0,0.0,0.0,0.0
openai_gpt-5-5-2026-04-23,REC-inf-inp-009,2,infant,procedures,1,2,0,1,3,0.3333333333333333,1.0,0.5
openai_gpt-5-5-2026-04-23,REC-inf-inp-009,2,infant,temporal,0,3,2,2,3,0.0,0.0,0.0
openai_gpt-5-5-2026-04-23,REC-inf-inp-010,2,infant,diagnoses,1,0,0,1,1,1.0,1.0,1.0
openai_gpt-5-5-2026-04-23,REC-inf-inp-010,2,infant,medications,1,0,0,1,1,1.0,1.0,1.0
openai_gpt-5-5-2026-04-23,REC-inf-inp-010,2,infant,labs,1,0,0,1,1,1.0,1.0,1.0
openai_gpt-5-5-2026-04-23,REC-inf-inp-010,2,infant,procedures,1,1,0,1,2,0.5,1.0,0.6666666666666666
openai_gpt-5-5-2026-04-23,REC-inf-inp-010,2,infant,temporal,0,3,1,1,3,0.0,0.0,0.0
openai_gpt-5-5-2026-04-23,REC-inf-out-001,2,infant,diagnoses,2,0,0,2,2,1.0,1.0,1.0
openai_gpt-5-5-2026-04-23,REC-inf-out-001,2,infant,medications,0,0,0,0,0,0.0,0.0,0.0
openai_gpt-5-5-2026-04-23,REC-inf-out-001,2,infant,labs,0,0,0,0,0,0.0,0.0,0.0
openai_gpt-5-5-2026-04-23,REC-inf-out-001,2,infant,procedures,1,0,0,1,1,1.0,1.0,1.0
openai_gpt-5-5-2026-04-23,REC-inf-out-001,2,infant,temporal,0,2,0,0,2,0.0,0.0,0.0
openai_gpt-5-5-2026-04-23,REC-inf-out-002,2,infant,diagnoses,1,1,0,1,2,0.5,1.0,0.6666666666666666
openai_gpt-5-5-2026-04-23,REC-inf-out-002,2,infant,medications,1,0,0,1,1,1.0,1.0,1.0
openai_gpt-5-5-2026-04-23,REC-inf-out-002,2,infant,labs,0,0,0,0,0,0.0,0.0,0.0
openai_gpt-5-5-2026-04-23,REC-inf-out-002,2,infant,procedures,1,0,0,1,1,1.0,1.0,1.0
openai_gpt-5-5-2026-04-23,REC-inf-out-002,2,infant,temporal,0,4,1,1,4,0.0,0.0,0.0
openai_gpt-5-5-2026-04-23,REC-inf-out-003,2,infant,diagnoses,2,0,0,2,2,1.0,1.0,1.0
openai_gpt-5-5-2026-04-23,REC-inf-out-003,2,infant,medications,0,0,0,0,0,0.0,0.0,0.0
openai_gpt-5-5-2026-04-23,REC-inf-out-003,2,infant,labs,0,0,0,0,0,0.0,0.0,0.0
openai_gpt-5-5-2026-04-23,REC-inf-out-003,2,infant,procedures,1,0,0,1,1,1.0,1.0,1.0
openai_gpt-5-5-2026-04-23,REC-inf-out-003,2,infant,temporal,0,2,0,0,2,0.0,0.0,0.0
openai_gpt-5-5-2026-04-23,REC-inf-out-004,2,infant,diagnoses,3,0,0,3,3,1.0,1.0,1.0
openai_gpt-5-5-2026-04-23,REC-inf-out-004,2,infant,medications,1,0,0,1,1,1.0,1.0,1.0
openai_gpt-5-5-2026-04-23,REC-inf-out-004,2,infant,labs,0,0,0,0,0,0.0,0.0,0.0
openai_gpt-5-5-2026-04-23,REC-inf-out-004,2,infant,procedures,1,1,0,1,2,0.5,1.0,0.6666666666666666
openai_gpt-5-5-2026-04-23,REC-inf-out-004,2,infant,temporal,0,1,1,1,1,0.0,0.0,0.0
openai_gpt-5-5-2026-04-23,REC-inf-out-005,2,infant,diagnoses,2,0,0,2,2,1.0,1.0,1.0
openai_gpt-5-5-2026-04-23,REC-inf-out-005,2,infant,medications,0,0,0,0,0,0.0,0.0,0.0
openai_gpt-5-5-2026-04-23,REC-inf-out-005,2,infant,labs,0,0,0,0,0,0.0,0.0,0.0
openai_gpt-5-5-2026-04-23,REC-inf-out-005,2,infant,procedures,1,0,0,1,1,1.0,1.0,1.0
openai_gpt-5-5-2026-04-23,REC-inf-out-005,2,infant,temporal,0,2,0,0,2,0.0,0.0,0.0
openai_gpt-5-5-2026-04-23,REC-inf-out-006,2,infant,diagnoses,1,0,0,1,1,1.0,1.0,1.0
openai_gpt-5-5-2026-04-23,REC-inf-out-006,2,infant,medications,1,0,0,1,1,1.0,1.0,1.0
openai_gpt-5-5-2026-04-23,REC-inf-out-006,2,infant,labs,0,0,0,0,0,0.0,0.0,0.0
openai_gpt-5-5-2026-04-23,REC-inf-out-006,2,infant,procedures,1,1,0,1,2,0.5,1.0,0.6666666666666666
openai_gpt-5-5-2026-04-23,REC-inf-out-006,2,infant,temporal,0,2,1,1,2,0.0,0.0,0.0
openai_gpt-5-5-2026-04-23,REC-inf-out-007,2,infant,diagnoses,2,0,0,2,2,1.0,1.0,1.0
openai_gpt-5-5-2026-04-23,REC-inf-out-007,2,infant,medications,0,0,0,0,0,0.0,0.0,0.0
openai_gpt-5-5-2026-04-23,REC-inf-out-007,2,infant,labs,0,0,0,0,0,0.0,0.0,0.0
openai_gpt-5-5-2026-04-23,REC-inf-out-007,2,infant,procedures,1,0,0,1,1,1.0,1.0,1.0
openai_gpt-5-5-2026-04-23,REC-inf-out-007,2,infant,temporal,0,3,0,0,3,0.0,0.0,0.0
openai_gpt-5-5-2026-04-23,REC-inf-out-008,2,infant,diagnoses,1,1,0,1,2,0.5,1.0,0.6666666666666666
openai_gpt-5-5-2026-04-23,REC-inf-out-008,2,infant,medications,1,0,0,1,1,1.0,1.0,1.0
openai_gpt-5-5-2026-04-23,REC-inf-out-008,2,infant,labs,0,0,0,0,0,0.0,0.0,0.0
openai_gpt-5-5-2026-04-23,REC-inf-out-008,2,infant,procedures,1,1,0,1,2,0.5,1.0,0.6666666666666666
openai_gpt-5-5-2026-04-23,REC-inf-out-008,2,infant,temporal,0,4,3,3,4,0.0,0.0,0.0
openai_gpt-5-5-2026-04-23,REC-inf-out-009,2,infant,diagnoses,1,0,0,1,1,1.0,1.0,1.0
openai_gpt-5-5-2026-04-23,REC-inf-out-009,2,infant,medications,0,0,0,0,0,0.0,0.0,0.0
openai_gpt-5-5-2026-04-23,REC-inf-out-009,2,infant,labs,0,0,0,0,0,0.0,0.0,0.0
openai_gpt-5-5-2026-04-23,REC-inf-out-009,2,infant,procedures,1,2,0,1,3,0.3333333333333333,1.0,0.5
openai_gpt-5-5-2026-04-23,REC-inf-out-009,2,infant,temporal,0,4,2,2,4,0.0,0.0,0.0
openai_gpt-5-5-2026-04-23,REC-inf-out-010,2,infant,diagnoses,2,0,0,2,2,1.0,1.0,1.0
openai_gpt-5-5-2026-04-23,REC-inf-out-010,2,infant,medications,1,0,0,1,1,1.0,1.0,1.0
openai_gpt-5-5-2026-04-23,REC-inf-out-010,2,infant,labs,0,0,0,0,0,0.0,0.0,0.0
openai_gpt-5-5-2026-04-23,REC-inf-out-010,2,infant,procedures,1,0,0,1,1,1.0,1.0,1.0
openai_gpt-5-5-2026-04-23,REC-inf-out-010,2,infant,temporal,0,3,0,0,3,0.0,0.0,0.0
openai_gpt-5-5-2026-04-23,REC-neo-eme-001,2,neonate,diagnoses,1,2,1,2,3,0.3333333333333333,0.5,0.4
openai_gpt-5-5-2026-04-23,REC-neo-eme-001,2,neonate,medications,1,0,0,1,1,1.0,1.0,1.0
openai_gpt-5-5-2026-04-23,REC-neo-eme-001,2,neonate,labs,1,0,0,1,1,1.0,1.0,1.0
openai_gpt-5-5-2026-04-23,REC-neo-eme-001,2,neonate,procedures,1,1,0,1,2,0.5,1.0,0.6666666666666666
openai_gpt-5-5-2026-04-23,REC-neo-eme-001,2,neonate,temporal,1,5,1,2,6,0.16666666666666666,0.5,0.25
openai_gpt-5-5-2026-04-23,REC-neo-eme-002,2,neonate,diagnoses,3,0,0,3,3,1.0,1.0,1.0
openai_gpt-5-5-2026-04-23,REC-neo-eme-002,2,neonate,medications,0,0,0,0,0,0.0,0.0,0.0
openai_gpt-5-5-2026-04-23,REC-neo-eme-002,2,neonate,labs,1,0,0,1,1,1.0,1.0,1.0
openai_gpt-5-5-2026-04-23,REC-neo-eme-002,2,neonate,procedures,1,1,0,1,2,0.5,1.0,0.6666666666666666
openai_gpt-5-5-2026-04-23,REC-neo-eme-002,2,neonate,temporal,0,3,2,2,3,0.0,0.0,0.0
openai_gpt-5-5-2026-04-23,REC-neo-eme-003,2,neonate,diagnoses,1,2,0,1,3,0.3333333333333333,1.0,0.5
openai_gpt-5-5-2026-04-23,REC-neo-eme-003,2,neonate,medications,1,0,0,1,1,1.0,1.0,1.0
openai_gpt-5-5-2026-04-23,REC-neo-eme-003,2,neonate,labs,1,0,0,1,1,1.0,1.0,1.0
openai_gpt-5-5-2026-04-23,REC-neo-eme-003,2,neonate,procedures,1,1,0,1,2,0.5,1.0,0.6666666666666666
openai_gpt-5-5-2026-04-23,REC-neo-eme-003,2,neonate,temporal,0,5,3,3,5,0.0,0.0,0.0
openai_gpt-5-5-2026-04-23,REC-neo-eme-004,2,neonate,diagnoses,2,0,0,2,2,1.0,1.0,1.0
openai_gpt-5-5-2026-04-23,REC-neo-eme-004,2,neonate,medications,1,0,0,1,1,1.0,1.0,1.0
openai_gpt-5-5-2026-04-23,REC-neo-eme-004,2,neonate,labs,1,0,0,1,1,1.0,1.0,1.0
openai_gpt-5-5-2026-04-23,REC-neo-eme-004,2,neonate,procedures,1,1,0,1,2,0.5,1.0,0.6666666666666666
openai_gpt-5-5-2026-04-23,REC-neo-eme-004,2,neonate,temporal,0,4,2,2,4,0.0,0.0,0.0
openai_gpt-5-5-2026-04-23,REC-neo-eme-005,2,neonate,diagnoses,3,0,0,3,3,1.0,1.0,1.0
openai_gpt-5-5-2026-04-23,REC-neo-eme-005,2,neonate,medications,0,0,0,0,0,0.0,0.0,0.0
openai_gpt-5-5-2026-04-23,REC-neo-eme-005,2,neonate,labs,1,0,0,1,1,1.0,1.0,1.0
openai_gpt-5-5-2026-04-23,REC-neo-eme-005,2,neonate,procedures,1,0,0,1,1,1.0,1.0,1.0
openai_gpt-5-5-2026-04-23,REC-neo-eme-005,2,neonate,temporal,0,3,2,2,3,0.0,0.0,0.0
openai_gpt-5-5-2026-04-23,REC-neo-eme-006,2,neonate,diagnoses,2,1,0,2,3,0.6666666666666666,1.0,0.8
openai_gpt-5-5-2026-04-23,REC-neo-eme-006,2,neonate,medications,1,0,0,1,1,1.0,1.0,1.0
openai_gpt-5-5-2026-04-23,REC-neo-eme-006,2,neonate,labs,1,0,0,1,1,1.0,1.0,1.0
openai_gpt-5-5-2026-04-23,REC-neo-eme-006,2,neonate,procedures,1,1,0,1,2,0.5,1.0,0.6666666666666666
openai_gpt-5-5-2026-04-23,REC-neo-eme-006,2,neonate,temporal,0,2,2,2,2,0.0,0.0,0.0
openai_gpt-5-5-2026-04-23,REC-neo-eme-007,2,neonate,diagnoses,3,0,0,3,3,1.0,1.0,1.0
openai_gpt-5-5-2026-04-23,REC-neo-eme-007,2,neonate,medications,1,0,0,1,1,1.0,1.0,1.0
openai_gpt-5-5-2026-04-23,REC-neo-eme-007,2,neonate,labs,1,0,0,1,1,1.0,1.0,1.0
openai_gpt-5-5-2026-04-23,REC-neo-eme-007,2,neonate,procedures,1,1,0,1,2,0.5,1.0,0.6666666666666666
openai_gpt-5-5-2026-04-23,REC-neo-eme-007,2,neonate,temporal,0,4,2,2,4,0.0,0.0,0.0
openai_gpt-5-5-2026-04-23,REC-neo-eme-008,2,neonate,diagnoses,2,0,0,2,2,1.0,1.0,1.0
openai_gpt-5-5-2026-04-23,REC-neo-eme-008,2,neonate,medications,0,0,0,0,0,0.0,0.0,0.0
openai_gpt-5-5-2026-04-23,REC-neo-eme-008,2,neonate,labs,1,0,0,1,1,1.0,1.0,1.0
openai_gpt-5-5-2026-04-23,REC-neo-eme-008,2,neonate,procedures,1,2,0,1,3,0.3333333333333333,1.0,0.5
openai_gpt-5-5-2026-04-23,REC-neo-eme-008,2,neonate,temporal,1,4,2,3,5,0.2,0.3333333333333333,0.25
openai_gpt-5-5-2026-04-23,REC-neo-eme-009,2,neonate,diagnoses,1,1,0,1,2,0.5,1.0,0.6666666666666666
openai_gpt-5-5-2026-04-23,REC-neo-eme-009,2,neonate,medications,1,0,0,1,1,1.0,1.0,1.0
openai_gpt-5-5-2026-04-23,REC-neo-eme-009,2,neonate,labs,1,0,0,1,1,1.0,1.0,1.0
openai_gpt-5-5-2026-04-23,REC-neo-eme-009,2,neonate,procedures,1,1,0,1,2,0.5,1.0,0.6666666666666666
openai_gpt-5-5-2026-04-23,REC-neo-eme-009,2,neonate,temporal,0,3,2,2,3,0.0,0.0,0.0
openai_gpt-5-5-2026-04-23,REC-neo-eme-010,2,neonate,diagnoses,1,1,0,1,2,0.5,1.0,0.6666666666666666
openai_gpt-5-5-2026-04-23,REC-neo-eme-010,2,neonate,medications,1,0,0,1,1,1.0,1.0,1.0
openai_gpt-5-5-2026-04-23,REC-neo-eme-010,2,neonate,labs,1,0,0,1,1,1.0,1.0,1.0
openai_gpt-5-5-2026-04-23,REC-neo-eme-010,2,neonate,procedures,1,1,0,1,2,0.5,1.0,0.6666666666666666
openai_gpt-5-5-2026-04-23,REC-neo-eme-010,2,neonate,temporal,0,5,3,3,5,0.0,0.0,0.0
openai_gpt-5-5-2026-04-23,REC-neo-icu-001,2,neonate,diagnoses,1,2,0,1,3,0.3333333333333333,1.0,0.5
openai_gpt-5-5-2026-04-23,REC-neo-icu-001,2,neonate,medications,1,0,0,1,1,1.0,1.0,1.0
openai_gpt-5-5-2026-04-23,REC-neo-icu-001,2,neonate,labs,1,0,0,1,1,1.0,1.0,1.0
openai_gpt-5-5-2026-04-23,REC-neo-icu-001,2,neonate,procedures,1,2,0,1,3,0.3333333333333333,1.0,0.5
openai_gpt-5-5-2026-04-23,REC-neo-icu-001,2,neonate,temporal,1,7,3,4,8,0.125,0.25,0.16666666666666666
openai_gpt-5-5-2026-04-23,REC-neo-icu-002,2,neonate,diagnoses,3,1,0,3,4,0.75,1.0,0.8571428571428571
openai_gpt-5-5-2026-04-23,REC-neo-icu-002,2,neonate,medications,1,0,0,1,1,1.0,1.0,1.0
openai_gpt-5-5-2026-04-23,REC-neo-icu-002,2,neonate,labs,1,0,0,1,1,1.0,1.0,1.0
openai_gpt-5-5-2026-04-23,REC-neo-icu-002,2,neonate,procedures,1,1,0,1,2,0.5,1.0,0.6666666666666666
openai_gpt-5-5-2026-04-23,REC-neo-icu-002,2,neonate,temporal,1,5,1,2,6,0.16666666666666666,0.5,0.25
openai_gpt-5-5-2026-04-23,REC-neo-icu-003,2,neonate,diagnoses,2,0,0,2,2,1.0,1.0,1.0
openai_gpt-5-5-2026-04-23,REC-neo-icu-003,2,neonate,medications,1,0,0,1,1,1.0,1.0,1.0
openai_gpt-5-5-2026-04-23,REC-neo-icu-003,2,neonate,labs,1,0,0,1,1,1.0,1.0,1.0
openai_gpt-5-5-2026-04-23,REC-neo-icu-003,2,neonate,procedures,1,0,0,1,1,1.0,1.0,1.0
openai_gpt-5-5-2026-04-23,REC-neo-icu-003,2,neonate,temporal,0,6,2,2,6,0.0,0.0,0.0
openai_gpt-5-5-2026-04-23,REC-neo-icu-004,2,neonate,diagnoses,2,1,0,2,3,0.6666666666666666,1.0,0.8
openai_gpt-5-5-2026-04-23,REC-neo-icu-004,2,neonate,medications,1,0,0,1,1,1.0,1.0,1.0
openai_gpt-5-5-2026-04-23,REC-neo-icu-004,2,neonate,labs,1,0,0,1,1,1.0,1.0,1.0
openai_gpt-5-5-2026-04-23,REC-neo-icu-004,2,neonate,procedures,1,1,0,1,2,0.5,1.0,0.6666666666666666
openai_gpt-5-5-2026-04-23,REC-neo-icu-004,2,neonate,temporal,1,5,1,2,6,0.16666666666666666,0.5,0.25
openai_gpt-5-5-2026-04-23,REC-neo-icu-005,2,neonate,diagnoses,1,1,0,1,2,0.5,1.0,0.6666666666666666
openai_gpt-5-5-2026-04-23,REC-neo-icu-005,2,neonate,medications,1,0,0,1,1,1.0,1.0,1.0
openai_gpt-5-5-2026-04-23,REC-neo-icu-005,2,neonate,labs,1,0,0,1,1,1.0,1.0,1.0
openai_gpt-5-5-2026-04-23,REC-neo-icu-005,2,neonate,procedures,1,1,0,1,2,0.5,1.0,0.6666666666666666
openai_gpt-5-5-2026-04-23,REC-neo-icu-005,2,neonate,temporal,1,6,1,2,7,0.14285714285714285,0.5,0.22222222222222224
openai_gpt-5-5-2026-04-23,REC-neo-icu-006,2,neonate,diagnoses,1,1,0,1,2,0.5,1.0,0.6666666666666666
openai_gpt-5-5-2026-04-23,REC-neo-icu-006,2,neonate,medications,1,0,0,1,1,1.0,1.0,1.0
openai_gpt-5-5-2026-04-23,REC-neo-icu-006,2,neonate,labs,1,0,0,1,1,1.0,1.0,1.0
openai_gpt-5-5-2026-04-23,REC-neo-icu-006,2,neonate,procedures,1,1,0,1,2,0.5,1.0,0.6666666666666666
openai_gpt-5-5-2026-04-23,REC-neo-icu-006,2,neonate,temporal,1,5,1,2,6,0.16666666666666666,0.5,0.25
openai_gpt-5-5-2026-04-23,REC-neo-icu-007,2,neonate,diagnoses,2,0,0,2,2,1.0,1.0,1.0
openai_gpt-5-5-2026-04-23,REC-neo-icu-007,2,neonate,medications,1,0,0,1,1,1.0,1.0,1.0
openai_gpt-5-5-2026-04-23,REC-neo-icu-007,2,neonate,labs,1,0,0,1,1,1.0,1.0,1.0
openai_gpt-5-5-2026-04-23,REC-neo-icu-007,2,neonate,procedures,1,0,0,1,1,1.0,1.0,1.0
openai_gpt-5-5-2026-04-23,REC-neo-icu-007,2,neonate,temporal,0,6,1,1,6,0.0,0.0,0.0
openai_gpt-5-5-2026-04-23,REC-neo-icu-008,2,neonate,diagnoses,2,1,0,2,3,0.6666666666666666,1.0,0.8
openai_gpt-5-5-2026-04-23,REC-neo-icu-008,2,neonate,medications,1,0,0,1,1,1.0,1.0,1.0
openai_gpt-5-5-2026-04-23,REC-neo-icu-008,2,neonate,labs,1,0,0,1,1,1.0,1.0,1.0
openai_gpt-5-5-2026-04-23,REC-neo-icu-008,2,neonate,procedures,1,2,0,1,3,0.3333333333333333,1.0,0.5
openai_gpt-5-5-2026-04-23,REC-neo-icu-008,2,neonate,temporal,0,7,3,3,7,0.0,0.0,0.0
openai_gpt-5-5-2026-04-23,REC-neo-icu-009,2,neonate,diagnoses,1,0,0,1,1,1.0,1.0,1.0
openai_gpt-5-5-2026-04-23,REC-neo-icu-009,2,neonate,medications,1,0,0,1,1,1.0,1.0,1.0
openai_gpt-5-5-2026-04-23,REC-neo-icu-009,2,neonate,labs,1,0,0,1,1,1.0,1.0,1.0
openai_gpt-5-5-2026-04-23,REC-neo-icu-009,2,neonate,procedures,1,1,0,1,2,0.5,1.0,0.6666666666666666
openai_gpt-5-5-2026-04-23,REC-neo-icu-009,2,neonate,temporal,0,5,2,2,5,0.0,0.0,0.0
openai_gpt-5-5-2026-04-23,REC-neo-icu-010,2,neonate,diagnoses,3,1,0,3,4,0.75,1.0,0.8571428571428571
openai_gpt-5-5-2026-04-23,REC-neo-icu-010,2,neonate,medications,1,0,0,1,1,1.0,1.0,1.0
openai_gpt-5-5-2026-04-23,REC-neo-icu-010,2,neonate,labs,1,0,0,1,1,1.0,1.0,1.0
openai_gpt-5-5-2026-04-23,REC-neo-icu-010,2,neonate,procedures,1,0,0,1,1,1.0,1.0,1.0
openai_gpt-5-5-2026-04-23,REC-neo-icu-010,2,neonate,temporal,1,5,1,2,6,0.16666666666666666,0.5,0.25
openai_gpt-5-5-2026-04-23,REC-neo-inp-001,2,neonate,diagnoses,2,0,0,2,2,1.0,1.0,1.0
openai_gpt-5-5-2026-04-23,REC-neo-inp-001,2,neonate,medications,1,0,0,1,1,1.0,1.0,1.0
openai_gpt-5-5-2026-04-23,REC-neo-inp-001,2,neonate,labs,1,0,0,1,1,1.0,1.0,1.0
openai_gpt-5-5-2026-04-23,REC-neo-inp-001,2,neonate,procedures,1,1,0,1,2,0.5,1.0,0.6666666666666666
openai_gpt-5-5-2026-04-23,REC-neo-inp-001,2,neonate,temporal,0,4,2,2,4,0.0,0.0,0.0
openai_gpt-5-5-2026-04-23,REC-neo-inp-002,2,neonate,diagnoses,3,0,0,3,3,1.0,1.0,1.0
openai_gpt-5-5-2026-04-23,REC-neo-inp-002,2,neonate,medications,0,0,0,0,0,0.0,0.0,0.0
openai_gpt-5-5-2026-04-23,REC-neo-inp-002,2,neonate,labs,1,0,0,1,1,1.0,1.0,1.0
openai_gpt-5-5-2026-04-23,REC-neo-inp-002,2,neonate,procedures,1,1,0,1,2,0.5,1.0,0.6666666666666666
openai_gpt-5-5-2026-04-23,REC-neo-inp-002,2,neonate,temporal,0,3,2,2,3,0.0,0.0,0.0
openai_gpt-5-5-2026-04-23,REC-neo-inp-003,2,neonate,diagnoses,2,1,0,2,3,0.6666666666666666,1.0,0.8
openai_gpt-5-5-2026-04-23,REC-neo-inp-003,2,neonate,medications,1,0,0,1,1,1.0,1.0,1.0
openai_gpt-5-5-2026-04-23,REC-neo-inp-003,2,neonate,labs,1,0,0,1,1,1.0,1.0,1.0
openai_gpt-5-5-2026-04-23,REC-neo-inp-003,2,neonate,procedures,1,1,0,1,2,0.5,1.0,0.6666666666666666
openai_gpt-5-5-2026-04-23,REC-neo-inp-003,2,neonate,temporal,1,5,1,2,6,0.16666666666666666,0.5,0.25
openai_gpt-5-5-2026-04-23,REC-neo-inp-004,2,neonate,diagnoses,2,1,0,2,3,0.6666666666666666,1.0,0.8
openai_gpt-5-5-2026-04-23,REC-neo-inp-004,2,neonate,medications,1,0,0,1,1,1.0,1.0,1.0
openai_gpt-5-5-2026-04-23,REC-neo-inp-004,2,neonate,labs,1,0,0,1,1,1.0,1.0,1.0
openai_gpt-5-5-2026-04-23,REC-neo-inp-004,2,neonate,procedures,1,0,0,1,1,1.0,1.0,1.0
openai_gpt-5-5-2026-04-23,REC-neo-inp-004,2,neonate,temporal,0,5,3,3,5,0.0,0.0,0.0
openai_gpt-5-5-2026-04-23,REC-neo-inp-005,2,neonate,diagnoses,2,0,0,2,2,1.0,1.0,1.0
openai_gpt-5-5-2026-04-23,REC-neo-inp-005,2,neonate,medications,0,0,0,0,0,0.0,0.0,0.0
openai_gpt-5-5-2026-04-23,REC-neo-inp-005,2,neonate,labs,1,0,0,1,1,1.0,1.0,1.0
openai_gpt-5-5-2026-04-23,REC-neo-inp-005,2,neonate,procedures,1,0,0,1,1,1.0,1.0,1.0
openai_gpt-5-5-2026-04-23,REC-neo-inp-005,2,neonate,temporal,0,5,2,2,5,0.0,0.0,0.0
openai_gpt-5-5-2026-04-23,REC-neo-inp-006,2,neonate,diagnoses,1,1,0,1,2,0.5,1.0,0.6666666666666666
openai_gpt-5-5-2026-04-23,REC-neo-inp-006,2,neonate,medications,1,0,0,1,1,1.0,1.0,1.0
openai_gpt-5-5-2026-04-23,REC-neo-inp-006,2,neonate,labs,1,0,0,1,1,1.0,1.0,1.0
openai_gpt-5-5-2026-04-23,REC-neo-inp-006,2,neonate,procedures,1,1,0,1,2,0.5,1.0,0.6666666666666666
openai_gpt-5-5-2026-04-23,REC-neo-inp-006,2,neonate,temporal,1,5,1,2,6,0.16666666666666666,0.5,0.25
openai_gpt-5-5-2026-04-23,REC-neo-inp-007,2,neonate,diagnoses,1,0,0,1,1,1.0,1.0,1.0
openai_gpt-5-5-2026-04-23,REC-neo-inp-007,2,neonate,medications,1,0,0,1,1,1.0,1.0,1.0
openai_gpt-5-5-2026-04-23,REC-neo-inp-007,2,neonate,labs,1,0,0,1,1,1.0,1.0,1.0
openai_gpt-5-5-2026-04-23,REC-neo-inp-007,2,neonate,procedures,1,1,0,1,2,0.5,1.0,0.6666666666666666
openai_gpt-5-5-2026-04-23,REC-neo-inp-007,2,neonate,temporal,0,5,4,4,5,0.0,0.0,0.0
openai_gpt-5-5-2026-04-23,REC-neo-inp-008,2,neonate,diagnoses,2,0,0,2,2,1.0,1.0,1.0
openai_gpt-5-5-2026-04-23,REC-neo-inp-008,2,neonate,medications,0,0,0,0,0,0.0,0.0,0.0
openai_gpt-5-5-2026-04-23,REC-neo-inp-008,2,neonate,labs,1,0,0,1,1,1.0,1.0,1.0
openai_gpt-5-5-2026-04-23,REC-neo-inp-008,2,neonate,procedures,1,2,0,1,3,0.3333333333333333,1.0,0.5
openai_gpt-5-5-2026-04-23,REC-neo-inp-008,2,neonate,temporal,0,4,3,3,4,0.0,0.0,0.0
openai_gpt-5-5-2026-04-23,REC-neo-inp-009,2,neonate,diagnoses,1,1,0,1,2,0.5,1.0,0.6666666666666666
openai_gpt-5-5-2026-04-23,REC-neo-inp-009,2,neonate,medications,1,0,0,1,1,1.0,1.0,1.0
openai_gpt-5-5-2026-04-23,REC-neo-inp-009,2,neonate,labs,1,0,0,1,1,1.0,1.0,1.0
openai_gpt-5-5-2026-04-23,REC-neo-inp-009,2,neonate,procedures,1,1,0,1,2,0.5,1.0,0.6666666666666666
openai_gpt-5-5-2026-04-23,REC-neo-inp-009,2,neonate,temporal,1,5,1,2,6,0.16666666666666666,0.5,0.25
openai_gpt-5-5-2026-04-23,REC-neo-inp-010,2,neonate,diagnoses,1,0,0,1,1,1.0,1.0,1.0
openai_gpt-5-5-2026-04-23,REC-neo-inp-010,2,neonate,medications,1,0,0,1,1,1.0,1.0,1.0
openai_gpt-5-5-2026-04-23,REC-neo-inp-010,2,neonate,labs,1,0,0,1,1,1.0,1.0,1.0
openai_gpt-5-5-2026-04-23,REC-neo-inp-010,2,neonate,procedures,1,0,0,1,1,1.0,1.0,1.0
openai_gpt-5-5-2026-04-23,REC-neo-inp-010,2,neonate,temporal,0,6,2,2,6,0.0,0.0,0.0
openai_gpt-5-5-2026-04-23,REC-neo-out-001,2,neonate,diagnoses,1,0,0,1,1,1.0,1.0,1.0
openai_gpt-5-5-2026-04-23,REC-neo-out-001,2,neonate,medications,0,0,0,0,0,0.0,0.0,0.0
openai_gpt-5-5-2026-04-23,REC-neo-out-001,2,neonate,labs,1,0,0,1,1,1.0,1.0,1.0
openai_gpt-5-5-2026-04-23,REC-neo-out-001,2,neonate,procedures,1,1,0,1,2,0.5,1.0,0.6666666666666666
openai_gpt-5-5-2026-04-23,REC-neo-out-001,2,neonate,temporal,0,4,2,2,4,0.0,0.0,0.0
openai_gpt-5-5-2026-04-23,REC-neo-out-002,2,neonate,diagnoses,3,1,0,3,4,0.75,1.0,0.8571428571428571
openai_gpt-5-5-2026-04-23,REC-neo-out-002,2,neonate,medications,0,0,0,0,0,0.0,0.0,0.0
openai_gpt-5-5-2026-04-23,REC-neo-out-002,2,neonate,labs,1,0,0,1,1,1.0,1.0,1.0
openai_gpt-5-5-2026-04-23,REC-neo-out-002,2,neonate,procedures,1,1,0,1,2,0.5,1.0,0.6666666666666666
openai_gpt-5-5-2026-04-23,REC-neo-out-002,2,neonate,temporal,0,3,2,2,3,0.0,0.0,0.0
openai_gpt-5-5-2026-04-23,REC-neo-out-003,2,neonate,diagnoses,2,0,0,2,2,1.0,1.0,1.0
openai_gpt-5-5-2026-04-23,REC-neo-out-003,2,neonate,medications,0,0,0,0,0,0.0,0.0,0.0
openai_gpt-5-5-2026-04-23,REC-neo-out-003,2,neonate,labs,1,0,0,1,1,1.0,1.0,1.0
openai_gpt-5-5-2026-04-23,REC-neo-out-003,2,neonate,procedures,1,0,0,1,1,1.0,1.0,1.0
openai_gpt-5-5-2026-04-23,REC-neo-out-003,2,neonate,temporal,0,2,1,1,2,0.0,0.0,0.0
openai_gpt-5-5-2026-04-23,REC-neo-out-004,2,neonate,diagnoses,2,0,0,2,2,1.0,1.0,1.0
openai_gpt-5-5-2026-04-23,REC-neo-out-004,2,neonate,medications,0,0,0,0,0,0.0,0.0,0.0
openai_gpt-5-5-2026-04-23,REC-neo-out-004,2,neonate,labs,1,0,0,1,1,1.0,1.0,1.0
openai_gpt-5-5-2026-04-23,REC-neo-out-004,2,neonate,procedures,1,2,0,1,3,0.3333333333333333,1.0,0.5
openai_gpt-5-5-2026-04-23,REC-neo-out-004,2,neonate,temporal,0,5,3,3,5,0.0,0.0,0.0
openai_gpt-5-5-2026-04-23,REC-neo-out-005,2,neonate,diagnoses,1,0,0,1,1,1.0,1.0,1.0
openai_gpt-5-5-2026-04-23,REC-neo-out-005,2,neonate,medications,0,0,0,0,0,0.0,0.0,0.0
openai_gpt-5-5-2026-04-23,REC-neo-out-005,2,neonate,labs,1,0,0,1,1,1.0,1.0,1.0
openai_gpt-5-5-2026-04-23,REC-neo-out-005,2,neonate,procedures,1,0,0,1,1,1.0,1.0,1.0
openai_gpt-5-5-2026-04-23,REC-neo-out-005,2,neonate,temporal,0,3,2,2,3,0.0,0.0,0.0
openai_gpt-5-5-2026-04-23,REC-neo-out-006,2,neonate,diagnoses,2,0,0,2,2,1.0,1.0,1.0
openai_gpt-5-5-2026-04-23,REC-neo-out-006,2,neonate,medications,0,0,0,0,0,0.0,0.0,0.0
openai_gpt-5-5-2026-04-23,REC-neo-out-006,2,neonate,labs,1,0,0,1,1,1.0,1.0,1.0
openai_gpt-5-5-2026-04-23,REC-neo-out-006,2,neonate,procedures,1,1,0,1,2,0.5,1.0,0.6666666666666666
openai_gpt-5-5-2026-04-23,REC-neo-out-006,2,neonate,temporal,0,4,2,2,4,0.0,0.0,0.0
openai_gpt-5-5-2026-04-23,REC-neo-out-007,2,neonate,diagnoses,3,0,0,3,3,1.0,1.0,1.0
openai_gpt-5-5-2026-04-23,REC-neo-out-007,2,neonate,medications,0,0,0,0,0,0.0,0.0,0.0
openai_gpt-5-5-2026-04-23,REC-neo-out-007,2,neonate,labs,1,0,0,1,1,1.0,1.0,1.0
openai_gpt-5-5-2026-04-23,REC-neo-out-007,2,neonate,procedures,1,1,0,1,2,0.5,1.0,0.6666666666666666
openai_gpt-5-5-2026-04-23,REC-neo-out-007,2,neonate,temporal,0,4,2,2,4,0.0,0.0,0.0
openai_gpt-5-5-2026-04-23,REC-neo-out-008,2,neonate,diagnoses,2,0,0,2,2,1.0,1.0,1.0
openai_gpt-5-5-2026-04-23,REC-neo-out-008,2,neonate,medications,0,0,0,0,0,0.0,0.0,0.0
openai_gpt-5-5-2026-04-23,REC-neo-out-008,2,neonate,labs,1,0,0,1,1,1.0,1.0,1.0
openai_gpt-5-5-2026-04-23,REC-neo-out-008,2,neonate,procedures,1,2,0,1,3,0.3333333333333333,1.0,0.5
openai_gpt-5-5-2026-04-23,REC-neo-out-008,2,neonate,temporal,0,5,3,3,5,0.0,0.0,0.0
openai_gpt-5-5-2026-04-23,REC-neo-out-009,2,neonate,diagnoses,2,0,0,2,2,1.0,1.0,1.0
openai_gpt-5-5-2026-04-23,REC-neo-out-009,2,neonate,medications,0,0,0,0,0,0.0,0.0,0.0
openai_gpt-5-5-2026-04-23,REC-neo-out-009,2,neonate,labs,1,0,0,1,1,1.0,1.0,1.0
openai_gpt-5-5-2026-04-23,REC-neo-out-009,2,neonate,procedures,1,2,0,1,3,0.3333333333333333,1.0,0.5
openai_gpt-5-5-2026-04-23,REC-neo-out-009,2,neonate,temporal,0,3,3,3,3,0.0,0.0,0.0
openai_gpt-5-5-2026-04-23,REC-neo-out-010,2,neonate,diagnoses,2,0,0,2,2,1.0,1.0,1.0
openai_gpt-5-5-2026-04-23,REC-neo-out-010,2,neonate,medications,0,0,0,0,0,0.0,0.0,0.0
openai_gpt-5-5-2026-04-23,REC-neo-out-010,2,neonate,labs,1,0,0,1,1,1.0,1.0,1.0
openai_gpt-5-5-2026-04-23,REC-neo-out-010,2,neonate,procedures,1,1,0,1,2,0.5,1.0,0.6666666666666666
openai_gpt-5-5-2026-04-23,REC-neo-out-010,2,neonate,temporal,0,4,3,3,4,0.0,0.0,0.0
deepseek_deepseek-v4-pro,REC-ado-eme-001,3,adolescent,diagnoses,2,0,0,2,2,1.0,1.0,1.0
deepseek_deepseek-v4-pro,REC-ado-eme-001,3,adolescent,medications,1,0,0,1,1,1.0,1.0,1.0
deepseek_deepseek-v4-pro,REC-ado-eme-001,3,adolescent,labs,1,0,0,1,1,1.0,1.0,1.0
deepseek_deepseek-v4-pro,REC-ado-eme-001,3,adolescent,procedures,1,0,0,1,1,1.0,1.0,1.0
deepseek_deepseek-v4-pro,REC-ado-eme-001,3,adolescent,temporal,0,3,0,0,3,0.0,0.0,0.0
deepseek_deepseek-v4-pro,REC-ado-eme-002,3,adolescent,diagnoses,2,1,0,2,3,0.6666666666666666,1.0,0.8
deepseek_deepseek-v4-pro,REC-ado-eme-002,3,adolescent,medications,1,0,0,1,1,1.0,1.0,1.0
deepseek_deepseek-v4-pro,REC-ado-eme-002,3,adolescent,labs,0,0,0,0,0,0.0,0.0,0.0
deepseek_deepseek-v4-pro,REC-ado-eme-002,3,adolescent,procedures,1,0,0,1,1,1.0,1.0,1.0
deepseek_deepseek-v4-pro,REC-ado-eme-002,3,adolescent,temporal,0,2,2,2,2,0.0,0.0,0.0
deepseek_deepseek-v4-pro,REC-ado-eme-003,3,adolescent,diagnoses,1,1,0,1,2,0.5,1.0,0.6666666666666666
deepseek_deepseek-v4-pro,REC-ado-eme-003,3,adolescent,medications,1,0,0,1,1,1.0,1.0,1.0
deepseek_deepseek-v4-pro,REC-ado-eme-003,3,adolescent,labs,0,0,0,0,0,0.0,0.0,0.0
deepseek_deepseek-v4-pro,REC-ado-eme-003,3,adolescent,procedures,1,1,0,1,2,0.5,1.0,0.6666666666666666
deepseek_deepseek-v4-pro,REC-ado-eme-003,3,adolescent,temporal,0,4,2,2,4,0.0,0.0,0.0
deepseek_deepseek-v4-pro,REC-ado-eme-004,3,adolescent,diagnoses,2,1,0,2,3,0.6666666666666666,1.0,0.8
deepseek_deepseek-v4-pro,REC-ado-eme-004,3,adolescent,medications,1,0,0,1,1,1.0,1.0,1.0
deepseek_deepseek-v4-pro,REC-ado-eme-004,3,adolescent,labs,1,0,0,1,1,1.0,1.0,1.0
deepseek_deepseek-v4-pro,REC-ado-eme-004,3,adolescent,procedures,1,1,0,1,2,0.5,1.0,0.6666666666666666
deepseek_deepseek-v4-pro,REC-ado-eme-004,3,adolescent,temporal,0,4,2,2,4,0.0,0.0,0.0
deepseek_deepseek-v4-pro,REC-ado-eme-005,3,adolescent,diagnoses,2,0,0,2,2,1.0,1.0,1.0
deepseek_deepseek-v4-pro,REC-ado-eme-005,3,adolescent,medications,1,0,0,1,1,1.0,1.0,1.0
deepseek_deepseek-v4-pro,REC-ado-eme-005,3,adolescent,labs,0,0,0,0,0,0.0,0.0,0.0
deepseek_deepseek-v4-pro,REC-ado-eme-005,3,adolescent,procedures,1,0,0,1,1,1.0,1.0,1.0
deepseek_deepseek-v4-pro,REC-ado-eme-005,3,adolescent,temporal,0,4,1,1,4,0.0,0.0,0.0
deepseek_deepseek-v4-pro,REC-ado-eme-006,3,adolescent,diagnoses,2,1,0,2,3,0.6666666666666666,1.0,0.8
deepseek_deepseek-v4-pro,REC-ado-eme-006,3,adolescent,medications,1,0,0,1,1,1.0,1.0,1.0
deepseek_deepseek-v4-pro,REC-ado-eme-006,3,adolescent,labs,0,0,0,0,0,0.0,0.0,0.0
deepseek_deepseek-v4-pro,REC-ado-eme-006,3,adolescent,procedures,1,0,0,1,1,1.0,1.0,1.0
deepseek_deepseek-v4-pro,REC-ado-eme-006,3,adolescent,temporal,0,2,2,2,2,0.0,0.0,0.0
deepseek_deepseek-v4-pro,REC-ado-eme-007,3,adolescent,diagnoses,3,0,0,3,3,1.0,1.0,1.0
deepseek_deepseek-v4-pro,REC-ado-eme-007,3,adolescent,medications,1,0,0,1,1,1.0,1.0,1.0
deepseek_deepseek-v4-pro,REC-ado-eme-007,3,adolescent,labs,1,0,0,1,1,1.0,1.0,1.0
deepseek_deepseek-v4-pro,REC-ado-eme-007,3,adolescent,procedures,1,0,0,1,1,1.0,1.0,1.0
deepseek_deepseek-v4-pro,REC-ado-eme-007,3,adolescent,temporal,0,1,1,1,1,0.0,0.0,0.0
deepseek_deepseek-v4-pro,REC-ado-eme-008,3,adolescent,diagnoses,2,0,0,2,2,1.0,1.0,1.0
deepseek_deepseek-v4-pro,REC-ado-eme-008,3,adolescent,medications,1,0,0,1,1,1.0,1.0,1.0
deepseek_deepseek-v4-pro,REC-ado-eme-008,3,adolescent,labs,0,0,0,0,0,0.0,0.0,0.0
deepseek_deepseek-v4-pro,REC-ado-eme-008,3,adolescent,procedures,1,0,0,1,1,1.0,1.0,1.0
deepseek_deepseek-v4-pro,REC-ado-eme-008,3,adolescent,temporal,0,3,2,2,3,0.0,0.0,0.0
deepseek_deepseek-v4-pro,REC-ado-eme-009,3,adolescent,diagnoses,2,0,0,2,2,1.0,1.0,1.0
deepseek_deepseek-v4-pro,REC-ado-eme-009,3,adolescent,medications,1,0,0,1,1,1.0,1.0,1.0
deepseek_deepseek-v4-pro,REC-ado-eme-009,3,adolescent,labs,0,0,0,0,0,0.0,0.0,0.0
deepseek_deepseek-v4-pro,REC-ado-eme-009,3,adolescent,procedures,1,1,0,1,2,0.5,1.0,0.6666666666666666
deepseek_deepseek-v4-pro,REC-ado-eme-009,3,adolescent,temporal,0,3,2,2,3,0.0,0.0,0.0
deepseek_deepseek-v4-pro,REC-ado-eme-010,3,adolescent,diagnoses,1,1,0,1,2,0.5,1.0,0.6666666666666666
deepseek_deepseek-v4-pro,REC-ado-eme-010,3,adolescent,medications,1,0,0,1,1,1.0,1.0,1.0
deepseek_deepseek-v4-pro,REC-ado-eme-010,3,adolescent,labs,1,0,0,1,1,1.0,1.0,1.0
deepseek_deepseek-v4-pro,REC-ado-eme-010,3,adolescent,procedures,1,1,0,1,2,0.5,1.0,0.6666666666666666
deepseek_deepseek-v4-pro,REC-ado-eme-010,3,adolescent,temporal,0,4,3,3,4,0.0,0.0,0.0
deepseek_deepseek-v4-pro,REC-ado-icu-001,3,adolescent,diagnoses,1,0,0,1,1,1.0,1.0,1.0
deepseek_deepseek-v4-pro,REC-ado-icu-001,3,adolescent,medications,1,0,0,1,1,1.0,1.0,1.0
deepseek_deepseek-v4-pro,REC-ado-icu-001,3,adolescent,labs,1,0,0,1,1,1.0,1.0,1.0
deepseek_deepseek-v4-pro,REC-ado-icu-001,3,adolescent,procedures,1,1,0,1,2,0.5,1.0,0.6666666666666666
deepseek_deepseek-v4-pro,REC-ado-icu-001,3,adolescent,temporal,0,5,1,1,5,0.0,0.0,0.0
deepseek_deepseek-v4-pro,REC-ado-icu-002,3,adolescent,diagnoses,2,0,0,2,2,1.0,1.0,1.0
deepseek_deepseek-v4-pro,REC-ado-icu-002,3,adolescent,medications,1,0,0,1,1,1.0,1.0,1.0
deepseek_deepseek-v4-pro,REC-ado-icu-002,3,adolescent,labs,1,0,0,1,1,1.0,1.0,1.0
deepseek_deepseek-v4-pro,REC-ado-icu-002,3,adolescent,procedures,1,1,0,1,2,0.5,1.0,0.6666666666666666
deepseek_deepseek-v4-pro,REC-ado-icu-002,3,adolescent,temporal,0,3,1,1,3,0.0,0.0,0.0
deepseek_deepseek-v4-pro,REC-ado-icu-003,3,adolescent,diagnoses,2,1,0,2,3,0.6666666666666666,1.0,0.8
deepseek_deepseek-v4-pro,REC-ado-icu-003,3,adolescent,medications,1,0,0,1,1,1.0,1.0,1.0
deepseek_deepseek-v4-pro,REC-ado-icu-003,3,adolescent,labs,1,0,0,1,1,1.0,1.0,1.0
deepseek_deepseek-v4-pro,REC-ado-icu-003,3,adolescent,procedures,1,1,0,1,2,0.5,1.0,0.6666666666666666
deepseek_deepseek-v4-pro,REC-ado-icu-003,3,adolescent,temporal,0,3,2,2,3,0.0,0.0,0.0
deepseek_deepseek-v4-pro,REC-ado-icu-004,3,adolescent,diagnoses,2,0,0,2,2,1.0,1.0,1.0
deepseek_deepseek-v4-pro,REC-ado-icu-004,3,adolescent,medications,1,0,0,1,1,1.0,1.0,1.0
deepseek_deepseek-v4-pro,REC-ado-icu-004,3,adolescent,labs,1,0,0,1,1,1.0,1.0,1.0
deepseek_deepseek-v4-pro,REC-ado-icu-004,3,adolescent,procedures,1,1,0,1,2,0.5,1.0,0.6666666666666666
deepseek_deepseek-v4-pro,REC-ado-icu-004,3,adolescent,temporal,0,3,2,2,3,0.0,0.0,0.0
deepseek_deepseek-v4-pro,REC-ado-icu-005,3,adolescent,diagnoses,2,1,0,2,3,0.6666666666666666,1.0,0.8
deepseek_deepseek-v4-pro,REC-ado-icu-005,3,adolescent,medications,1,0,0,1,1,1.0,1.0,1.0
deepseek_deepseek-v4-pro,REC-ado-icu-005,3,adolescent,labs,1,0,0,1,1,1.0,1.0,1.0
deepseek_deepseek-v4-pro,REC-ado-icu-005,3,adolescent,procedures,1,1,0,1,2,0.5,1.0,0.6666666666666666
deepseek_deepseek-v4-pro,REC-ado-icu-005,3,adolescent,temporal,0,3,2,2,3,0.0,0.0,0.0
deepseek_deepseek-v4-pro,REC-ado-icu-006,3,adolescent,diagnoses,2,1,0,2,3,0.6666666666666666,1.0,0.8
deepseek_deepseek-v4-pro,REC-ado-icu-006,3,adolescent,medications,1,0,0,1,1,1.0,1.0,1.0
deepseek_deepseek-v4-pro,REC-ado-icu-006,3,adolescent,labs,1,0,0,1,1,1.0,1.0,1.0
deepseek_deepseek-v4-pro,REC-ado-icu-006,3,adolescent,procedures,1,0,0,1,1,1.0,1.0,1.0
deepseek_deepseek-v4-pro,REC-ado-icu-006,3,adolescent,temporal,0,3,1,1,3,0.0,0.0,0.0
deepseek_deepseek-v4-pro,REC-ado-icu-007,3,adolescent,diagnoses,1,1,0,1,2,0.5,1.0,0.6666666666666666
deepseek_deepseek-v4-pro,REC-ado-icu-007,3,adolescent,medications,1,0,0,1,1,1.0,1.0,1.0
deepseek_deepseek-v4-pro,REC-ado-icu-007,3,adolescent,labs,1,0,0,1,1,1.0,1.0,1.0
deepseek_deepseek-v4-pro,REC-ado-icu-007,3,adolescent,procedures,1,1,0,1,2,0.5,1.0,0.6666666666666666
deepseek_deepseek-v4-pro,REC-ado-icu-007,3,adolescent,temporal,0,4,2,2,4,0.0,0.0,0.0
deepseek_deepseek-v4-pro,REC-ado-icu-008,3,adolescent,diagnoses,1,1,0,1,2,0.5,1.0,0.6666666666666666
deepseek_deepseek-v4-pro,REC-ado-icu-008,3,adolescent,medications,1,0,0,1,1,1.0,1.0,1.0
deepseek_deepseek-v4-pro,REC-ado-icu-008,3,adolescent,labs,1,0,0,1,1,1.0,1.0,1.0
deepseek_deepseek-v4-pro,REC-ado-icu-008,3,adolescent,procedures,1,0,0,1,1,1.0,1.0,1.0
deepseek_deepseek-v4-pro,REC-ado-icu-008,3,adolescent,temporal,0,1,2,2,1,0.0,0.0,0.0
deepseek_deepseek-v4-pro,REC-ado-icu-009,3,adolescent,diagnoses,2,0,0,2,2,1.0,1.0,1.0
deepseek_deepseek-v4-pro,REC-ado-icu-009,3,adolescent,medications,1,0,0,1,1,1.0,1.0,1.0
deepseek_deepseek-v4-pro,REC-ado-icu-009,3,adolescent,labs,1,0,0,1,1,1.0,1.0,1.0
deepseek_deepseek-v4-pro,REC-ado-icu-009,3,adolescent,procedures,1,0,0,1,1,1.0,1.0,1.0
deepseek_deepseek-v4-pro,REC-ado-icu-009,3,adolescent,temporal,0,3,1,1,3,0.0,0.0,0.0
deepseek_deepseek-v4-pro,REC-ado-icu-010,3,adolescent,diagnoses,2,0,0,2,2,1.0,1.0,1.0
deepseek_deepseek-v4-pro,REC-ado-icu-010,3,adolescent,medications,1,0,0,1,1,1.0,1.0,1.0
deepseek_deepseek-v4-pro,REC-ado-icu-010,3,adolescent,labs,1,0,0,1,1,1.0,1.0,1.0
deepseek_deepseek-v4-pro,REC-ado-icu-010,3,adolescent,procedures,1,1,0,1,2,0.5,1.0,0.6666666666666666
deepseek_deepseek-v4-pro,REC-ado-icu-010,3,adolescent,temporal,0,4,1,1,4,0.0,0.0,0.0
deepseek_deepseek-v4-pro,REC-ado-inp-001,3,adolescent,diagnoses,2,0,0,2,2,1.0,1.0,1.0
deepseek_deepseek-v4-pro,REC-ado-inp-001,3,adolescent,medications,1,0,0,1,1,1.0,1.0,1.0
deepseek_deepseek-v4-pro,REC-ado-inp-001,3,adolescent,labs,1,0,0,1,1,1.0,1.0,1.0
deepseek_deepseek-v4-pro,REC-ado-inp-001,3,adolescent,procedures,1,1,0,1,2,0.5,1.0,0.6666666666666666
deepseek_deepseek-v4-pro,REC-ado-inp-001,3,adolescent,temporal,0,6,2,2,6,0.0,0.0,0.0
deepseek_deepseek-v4-pro,REC-ado-inp-002,3,adolescent,diagnoses,2,0,0,2,2,1.0,1.0,1.0
deepseek_deepseek-v4-pro,REC-ado-inp-002,3,adolescent,medications,1,0,0,1,1,1.0,1.0,1.0
deepseek_deepseek-v4-pro,REC-ado-inp-002,3,adolescent,labs,0,0,0,0,0,0.0,0.0,0.0
deepseek_deepseek-v4-pro,REC-ado-inp-002,3,adolescent,procedures,1,1,0,1,2,0.5,1.0,0.6666666666666666
deepseek_deepseek-v4-pro,REC-ado-inp-002,3,adolescent,temporal,0,4,2,2,4,0.0,0.0,0.0
deepseek_deepseek-v4-pro,REC-ado-inp-003,3,adolescent,diagnoses,0,0,2,2,0,0.0,0.0,0.0
deepseek_deepseek-v4-pro,REC-ado-inp-003,3,adolescent,medications,0,0,1,1,0,0.0,0.0,0.0
deepseek_deepseek-v4-pro,REC-ado-inp-003,3,adolescent,labs,0,0,0,0,0,0.0,0.0,0.0
deepseek_deepseek-v4-pro,REC-ado-inp-003,3,adolescent,procedures,0,0,1,1,0,0.0,0.0,0.0
deepseek_deepseek-v4-pro,REC-ado-inp-003,3,adolescent,temporal,0,0,2,2,0,0.0,0.0,0.0
deepseek_deepseek-v4-pro,REC-ado-inp-004,3,adolescent,diagnoses,3,1,0,3,4,0.75,1.0,0.8571428571428571
deepseek_deepseek-v4-pro,REC-ado-inp-004,3,adolescent,medications,1,0,0,1,1,1.0,1.0,1.0
deepseek_deepseek-v4-pro,REC-ado-inp-004,3,adolescent,labs,1,0,0,1,1,1.0,1.0,1.0
deepseek_deepseek-v4-pro,REC-ado-inp-004,3,adolescent,procedures,1,0,0,1,1,1.0,1.0,1.0
deepseek_deepseek-v4-pro,REC-ado-inp-004,3,adolescent,temporal,0,4,1,1,4,0.0,0.0,0.0
deepseek_deepseek-v4-pro,REC-ado-inp-005,3,adolescent,diagnoses,2,0,0,2,2,1.0,1.0,1.0
deepseek_deepseek-v4-pro,REC-ado-inp-005,3,adolescent,medications,1,0,0,1,1,1.0,1.0,1.0
deepseek_deepseek-v4-pro,REC-ado-inp-005,3,adolescent,labs,0,0,0,0,0,0.0,0.0,0.0
deepseek_deepseek-v4-pro,REC-ado-inp-005,3,adolescent,procedures,1,0,0,1,1,1.0,1.0,1.0
deepseek_deepseek-v4-pro,REC-ado-inp-005,3,adolescent,temporal,0,3,2,2,3,0.0,0.0,0.0
deepseek_deepseek-v4-pro,REC-ado-inp-006,3,adolescent,diagnoses,2,1,0,2,3,0.6666666666666666,1.0,0.8
deepseek_deepseek-v4-pro,REC-ado-inp-006,3,adolescent,medications,1,0,0,1,1,1.0,1.0,1.0
deepseek_deepseek-v4-pro,REC-ado-inp-006,3,adolescent,labs,0,0,0,0,0,0.0,0.0,0.0
deepseek_deepseek-v4-pro,REC-ado-inp-006,3,adolescent,procedures,1,0,0,1,1,1.0,1.0,1.0
deepseek_deepseek-v4-pro,REC-ado-inp-006,3,adolescent,temporal,0,4,2,2,4,0.0,0.0,0.0
deepseek_deepseek-v4-pro,REC-ado-inp-007,3,adolescent,diagnoses,1,0,0,1,1,1.0,1.0,1.0
deepseek_deepseek-v4-pro,REC-ado-inp-007,3,adolescent,medications,1,0,0,1,1,1.0,1.0,1.0
deepseek_deepseek-v4-pro,REC-ado-inp-007,3,adolescent,labs,1,0,0,1,1,1.0,1.0,1.0
deepseek_deepseek-v4-pro,REC-ado-inp-007,3,adolescent,procedures,1,0,0,1,1,1.0,1.0,1.0
deepseek_deepseek-v4-pro,REC-ado-inp-007,3,adolescent,temporal,0,4,1,1,4,0.0,0.0,0.0
deepseek_deepseek-v4-pro,REC-ado-inp-008,3,adolescent,diagnoses,2,1,0,2,3,0.6666666666666666,1.0,0.8
deepseek_deepseek-v4-pro,REC-ado-inp-008,3,adolescent,medications,1,0,0,1,1,1.0,1.0,1.0
deepseek_deepseek-v4-pro,REC-ado-inp-008,3,adolescent,labs,0,0,0,0,0,0.0,0.0,0.0
deepseek_deepseek-v4-pro,REC-ado-inp-008,3,adolescent,procedures,1,0,0,1,1,1.0,1.0,1.0
deepseek_deepseek-v4-pro,REC-ado-inp-008,3,adolescent,temporal,0,3,1,1,3,0.0,0.0,0.0
deepseek_deepseek-v4-pro,REC-ado-inp-009,3,adolescent,diagnoses,2,0,0,2,2,1.0,1.0,1.0
deepseek_deepseek-v4-pro,REC-ado-inp-009,3,adolescent,medications,1,0,0,1,1,1.0,1.0,1.0
deepseek_deepseek-v4-pro,REC-ado-inp-009,3,adolescent,labs,0,0,0,0,0,0.0,0.0,0.0
deepseek_deepseek-v4-pro,REC-ado-inp-009,3,adolescent,procedures,1,0,0,1,1,1.0,1.0,1.0
deepseek_deepseek-v4-pro,REC-ado-inp-009,3,adolescent,temporal,0,3,0,0,3,0.0,0.0,0.0
deepseek_deepseek-v4-pro,REC-ado-inp-010,3,adolescent,diagnoses,1,1,0,1,2,0.5,1.0,0.6666666666666666
deepseek_deepseek-v4-pro,REC-ado-inp-010,3,adolescent,medications,1,0,0,1,1,1.0,1.0,1.0
deepseek_deepseek-v4-pro,REC-ado-inp-010,3,adolescent,labs,1,0,0,1,1,1.0,1.0,1.0
deepseek_deepseek-v4-pro,REC-ado-inp-010,3,adolescent,procedures,1,0,0,1,1,1.0,1.0,1.0
deepseek_deepseek-v4-pro,REC-ado-inp-010,3,adolescent,temporal,0,5,1,1,5,0.0,0.0,0.0
deepseek_deepseek-v4-pro,REC-ado-out-001,3,adolescent,diagnoses,3,0,0,3,3,1.0,1.0,1.0
deepseek_deepseek-v4-pro,REC-ado-out-001,3,adolescent,medications,1,0,0,1,1,1.0,1.0,1.0
deepseek_deepseek-v4-pro,REC-ado-out-001,3,adolescent,labs,0,0,0,0,0,0.0,0.0,0.0
deepseek_deepseek-v4-pro,REC-ado-out-001,3,adolescent,procedures,1,0,0,1,1,1.0,1.0,1.0
deepseek_deepseek-v4-pro,REC-ado-out-001,3,adolescent,temporal,0,5,0,0,5,0.0,0.0,0.0
deepseek_deepseek-v4-pro,REC-ado-out-002,3,adolescent,diagnoses,2,0,0,2,2,1.0,1.0,1.0
deepseek_deepseek-v4-pro,REC-ado-out-002,3,adolescent,medications,1,0,0,1,1,1.0,1.0,1.0
deepseek_deepseek-v4-pro,REC-ado-out-002,3,adolescent,labs,0,0,0,0,0,0.0,0.0,0.0
deepseek_deepseek-v4-pro,REC-ado-out-002,3,adolescent,procedures,1,1,0,1,2,0.5,1.0,0.6666666666666666
deepseek_deepseek-v4-pro,REC-ado-out-002,3,adolescent,temporal,0,3,2,2,3,0.0,0.0,0.0
deepseek_deepseek-v4-pro,REC-ado-out-003,3,adolescent,diagnoses,2,0,0,2,2,1.0,1.0,1.0
deepseek_deepseek-v4-pro,REC-ado-out-003,3,adolescent,medications,1,0,0,1,1,1.0,1.0,1.0
deepseek_deepseek-v4-pro,REC-ado-out-003,3,adolescent,labs,0,0,0,0,0,0.0,0.0,0.0
deepseek_deepseek-v4-pro,REC-ado-out-003,3,adolescent,procedures,1,0,0,1,1,1.0,1.0,1.0
deepseek_deepseek-v4-pro,REC-ado-out-003,3,adolescent,temporal,0,1,1,1,1,0.0,0.0,0.0
deepseek_deepseek-v4-pro,REC-ado-out-004,3,adolescent,diagnoses,1,0,0,1,1,1.0,1.0,1.0
deepseek_deepseek-v4-pro,REC-ado-out-004,3,adolescent,medications,1,0,0,1,1,1.0,1.0,1.0
deepseek_deepseek-v4-pro,REC-ado-out-004,3,adolescent,labs,0,0,0,0,0,0.0,0.0,0.0
deepseek_deepseek-v4-pro,REC-ado-out-004,3,adolescent,procedures,1,1,0,1,2,0.5,1.0,0.6666666666666666
deepseek_deepseek-v4-pro,REC-ado-out-004,3,adolescent,temporal,0,4,1,1,4,0.0,0.0,0.0
deepseek_deepseek-v4-pro,REC-ado-out-005,3,adolescent,diagnoses,2,0,0,2,2,1.0,1.0,1.0
deepseek_deepseek-v4-pro,REC-ado-out-005,3,adolescent,medications,1,0,0,1,1,1.0,1.0,1.0
deepseek_deepseek-v4-pro,REC-ado-out-005,3,adolescent,labs,0,0,0,0,0,0.0,0.0,0.0
deepseek_deepseek-v4-pro,REC-ado-out-005,3,adolescent,procedures,1,1,0,1,2,0.5,1.0,0.6666666666666666
deepseek_deepseek-v4-pro,REC-ado-out-005,3,adolescent,temporal,0,2,1,1,2,0.0,0.0,0.0
deepseek_deepseek-v4-pro,REC-ado-out-006,3,adolescent,diagnoses,1,0,0,1,1,1.0,1.0,1.0
deepseek_deepseek-v4-pro,REC-ado-out-006,3,adolescent,medications,1,0,0,1,1,1.0,1.0,1.0
deepseek_deepseek-v4-pro,REC-ado-out-006,3,adolescent,labs,0,0,0,0,0,0.0,0.0,0.0
deepseek_deepseek-v4-pro,REC-ado-out-006,3,adolescent,procedures,1,0,0,1,1,1.0,1.0,1.0
deepseek_deepseek-v4-pro,REC-ado-out-006,3,adolescent,temporal,0,3,1,1,3,0.0,0.0,0.0
deepseek_deepseek-v4-pro,REC-ado-out-007,3,adolescent,diagnoses,2,0,0,2,2,1.0,1.0,1.0
deepseek_deepseek-v4-pro,REC-ado-out-007,3,adolescent,medications,1,0,0,1,1,1.0,1.0,1.0
deepseek_deepseek-v4-pro,REC-ado-out-007,3,adolescent,labs,0,0,0,0,0,0.0,0.0,0.0
deepseek_deepseek-v4-pro,REC-ado-out-007,3,adolescent,procedures,1,1,0,1,2,0.5,1.0,0.6666666666666666
deepseek_deepseek-v4-pro,REC-ado-out-007,3,adolescent,temporal,0,3,2,2,3,0.0,0.0,0.0
deepseek_deepseek-v4-pro,REC-ado-out-008,3,adolescent,diagnoses,1,0,0,1,1,1.0,1.0,1.0
deepseek_deepseek-v4-pro,REC-ado-out-008,3,adolescent,medications,1,0,0,1,1,1.0,1.0,1.0
deepseek_deepseek-v4-pro,REC-ado-out-008,3,adolescent,labs,0,0,0,0,0,0.0,0.0,0.0
deepseek_deepseek-v4-pro,REC-ado-out-008,3,adolescent,procedures,1,0,0,1,1,1.0,1.0,1.0
deepseek_deepseek-v4-pro,REC-ado-out-008,3,adolescent,temporal,0,1,1,1,1,0.0,0.0,0.0
deepseek_deepseek-v4-pro,REC-ado-out-009,3,adolescent,diagnoses,2,1,0,2,3,0.6666666666666666,1.0,0.8
deepseek_deepseek-v4-pro,REC-ado-out-009,3,adolescent,medications,1,0,0,1,1,1.0,1.0,1.0
deepseek_deepseek-v4-pro,REC-ado-out-009,3,adolescent,labs,0,0,0,0,0,0.0,0.0,0.0
deepseek_deepseek-v4-pro,REC-ado-out-009,3,adolescent,procedures,1,1,0,1,2,0.5,1.0,0.6666666666666666
deepseek_deepseek-v4-pro,REC-ado-out-009,3,adolescent,temporal,0,4,2,2,4,0.0,0.0,0.0
deepseek_deepseek-v4-pro,REC-ado-out-010,3,adolescent,diagnoses,2,0,0,2,2,1.0,1.0,1.0
deepseek_deepseek-v4-pro,REC-ado-out-010,3,adolescent,medications,1,0,0,1,1,1.0,1.0,1.0
deepseek_deepseek-v4-pro,REC-ado-out-010,3,adolescent,labs,0,0,0,0,0,0.0,0.0,0.0
deepseek_deepseek-v4-pro,REC-ado-out-010,3,adolescent,procedures,1,0,0,1,1,1.0,1.0,1.0
deepseek_deepseek-v4-pro,REC-ado-out-010,3,adolescent,temporal,0,1,1,1,1,0.0,0.0,0.0
deepseek_deepseek-v4-pro,REC-chi-eme-001,3,child,diagnoses,2,0,0,2,2,1.0,1.0,1.0
deepseek_deepseek-v4-pro,REC-chi-eme-001,3,child,medications,1,0,0,1,1,1.0,1.0,1.0
deepseek_deepseek-v4-pro,REC-chi-eme-001,3,child,labs,0,0,0,0,0,0.0,0.0,0.0
deepseek_deepseek-v4-pro,REC-chi-eme-001,3,child,procedures,1,0,0,1,1,1.0,1.0,1.0
deepseek_deepseek-v4-pro,REC-chi-eme-001,3,child,temporal,0,2,2,2,2,0.0,0.0,0.0
deepseek_deepseek-v4-pro,REC-chi-eme-002,3,child,diagnoses,2,0,0,2,2,1.0,1.0,1.0
deepseek_deepseek-v4-pro,REC-chi-eme-002,3,child,medications,1,0,0,1,1,1.0,1.0,1.0
deepseek_deepseek-v4-pro,REC-chi-eme-002,3,child,labs,1,0,0,1,1,1.0,1.0,1.0
deepseek_deepseek-v4-pro,REC-chi-eme-002,3,child,procedures,1,0,0,1,1,1.0,1.0,1.0
deepseek_deepseek-v4-pro,REC-chi-eme-002,3,child,temporal,0,4,0,0,4,0.0,0.0,0.0
deepseek_deepseek-v4-pro,REC-chi-eme-003,3,child,diagnoses,1,0,0,1,1,1.0,1.0,1.0
deepseek_deepseek-v4-pro,REC-chi-eme-003,3,child,medications,1,0,0,1,1,1.0,1.0,1.0
deepseek_deepseek-v4-pro,REC-chi-eme-003,3,child,labs,1,0,0,1,1,1.0,1.0,1.0
deepseek_deepseek-v4-pro,REC-chi-eme-003,3,child,procedures,1,0,0,1,1,1.0,1.0,1.0
deepseek_deepseek-v4-pro,REC-chi-eme-003,3,child,temporal,0,4,1,1,4,0.0,0.0,0.0
deepseek_deepseek-v4-pro,REC-chi-eme-004,3,child,diagnoses,2,1,0,2,3,0.6666666666666666,1.0,0.8
deepseek_deepseek-v4-pro,REC-chi-eme-004,3,child,medications,1,0,0,1,1,1.0,1.0,1.0
deepseek_deepseek-v4-pro,REC-chi-eme-004,3,child,labs,0,0,0,0,0,0.0,0.0,0.0
deepseek_deepseek-v4-pro,REC-chi-eme-004,3,child,procedures,1,0,0,1,1,1.0,1.0,1.0
deepseek_deepseek-v4-pro,REC-chi-eme-004,3,child,temporal,0,3,2,2,3,0.0,0.0,0.0
deepseek_deepseek-v4-pro,REC-chi-eme-005,3,child,diagnoses,0,0,2,2,0,0.0,0.0,0.0
deepseek_deepseek-v4-pro,REC-chi-eme-005,3,child,medications,0,0,1,1,0,0.0,0.0,0.0
deepseek_deepseek-v4-pro,REC-chi-eme-005,3,child,labs,0,0,1,1,0,0.0,0.0,0.0
deepseek_deepseek-v4-pro,REC-chi-eme-005,3,child,procedures,0,0,1,1,0,0.0,0.0,0.0
deepseek_deepseek-v4-pro,REC-chi-eme-005,3,child,temporal,0,0,0,0,0,0.0,0.0,0.0
deepseek_deepseek-v4-pro,REC-chi-eme-006,3,child,diagnoses,2,0,0,2,2,1.0,1.0,1.0
deepseek_deepseek-v4-pro,REC-chi-eme-006,3,child,medications,1,0,0,1,1,1.0,1.0,1.0
deepseek_deepseek-v4-pro,REC-chi-eme-006,3,child,labs,1,0,0,1,1,1.0,1.0,1.0
deepseek_deepseek-v4-pro,REC-chi-eme-006,3,child,procedures,1,0,0,1,1,1.0,1.0,1.0
deepseek_deepseek-v4-pro,REC-chi-eme-006,3,child,temporal,0,3,0,0,3,0.0,0.0,0.0
deepseek_deepseek-v4-pro,REC-chi-eme-007,3,child,diagnoses,2,1,0,2,3,0.6666666666666666,1.0,0.8
deepseek_deepseek-v4-pro,REC-chi-eme-007,3,child,medications,1,0,0,1,1,1.0,1.0,1.0
deepseek_deepseek-v4-pro,REC-chi-eme-007,3,child,labs,0,0,0,0,0,0.0,0.0,0.0
deepseek_deepseek-v4-pro,REC-chi-eme-007,3,child,procedures,1,0,0,1,1,1.0,1.0,1.0
deepseek_deepseek-v4-pro,REC-chi-eme-007,3,child,temporal,0,5,2,2,5,0.0,0.0,0.0
deepseek_deepseek-v4-pro,REC-chi-eme-008,3,child,diagnoses,2,0,0,2,2,1.0,1.0,1.0
deepseek_deepseek-v4-pro,REC-chi-eme-008,3,child,medications,1,0,0,1,1,1.0,1.0,1.0
deepseek_deepseek-v4-pro,REC-chi-eme-008,3,child,labs,1,0,0,1,1,1.0,1.0,1.0
deepseek_deepseek-v4-pro,REC-chi-eme-008,3,child,procedures,1,0,0,1,1,1.0,1.0,1.0
deepseek_deepseek-v4-pro,REC-chi-eme-008,3,child,temporal,0,2,0,0,2,0.0,0.0,0.0
deepseek_deepseek-v4-pro,REC-chi-eme-009,3,child,diagnoses,2,1,0,2,3,0.6666666666666666,1.0,0.8
deepseek_deepseek-v4-pro,REC-chi-eme-009,3,child,medications,1,0,0,1,1,1.0,1.0,1.0
deepseek_deepseek-v4-pro,REC-chi-eme-009,3,child,labs,1,0,0,1,1,1.0,1.0,1.0
deepseek_deepseek-v4-pro,REC-chi-eme-009,3,child,procedures,1,0,0,1,1,1.0,1.0,1.0
deepseek_deepseek-v4-pro,REC-chi-eme-009,3,child,temporal,0,4,2,2,4,0.0,0.0,0.0
deepseek_deepseek-v4-pro,REC-chi-eme-010,3,child,diagnoses,3,0,0,3,3,1.0,1.0,1.0
deepseek_deepseek-v4-pro,REC-chi-eme-010,3,child,medications,1,0,0,1,1,1.0,1.0,1.0
deepseek_deepseek-v4-pro,REC-chi-eme-010,3,child,labs,0,0,0,0,0,0.0,0.0,0.0
deepseek_deepseek-v4-pro,REC-chi-eme-010,3,child,procedures,1,0,0,1,1,1.0,1.0,1.0
deepseek_deepseek-v4-pro,REC-chi-eme-010,3,child,temporal,0,0,0,0,0,0.0,0.0,0.0
deepseek_deepseek-v4-pro,REC-chi-icu-001,3,child,diagnoses,1,0,0,1,1,1.0,1.0,1.0
deepseek_deepseek-v4-pro,REC-chi-icu-001,3,child,medications,1,0,0,1,1,1.0,1.0,1.0
deepseek_deepseek-v4-pro,REC-chi-icu-001,3,child,labs,0,0,0,0,0,0.0,0.0,0.0
deepseek_deepseek-v4-pro,REC-chi-icu-001,3,child,procedures,1,1,0,1,2,0.5,1.0,0.6666666666666666
deepseek_deepseek-v4-pro,REC-chi-icu-001,3,child,temporal,0,4,1,1,4,0.0,0.0,0.0
deepseek_deepseek-v4-pro,REC-chi-icu-002,3,child,diagnoses,0,0,1,1,0,0.0,0.0,0.0
deepseek_deepseek-v4-pro,REC-chi-icu-002,3,child,medications,0,0,1,1,0,0.0,0.0,0.0
deepseek_deepseek-v4-pro,REC-chi-icu-002,3,child,labs,0,0,1,1,0,0.0,0.0,0.0
deepseek_deepseek-v4-pro,REC-chi-icu-002,3,child,procedures,0,0,1,1,0,0.0,0.0,0.0
deepseek_deepseek-v4-pro,REC-chi-icu-002,3,child,temporal,0,0,2,2,0,0.0,0.0,0.0
deepseek_deepseek-v4-pro,REC-chi-icu-003,3,child,diagnoses,2,0,0,2,2,1.0,1.0,1.0
deepseek_deepseek-v4-pro,REC-chi-icu-003,3,child,medications,1,0,0,1,1,1.0,1.0,1.0
deepseek_deepseek-v4-pro,REC-chi-icu-003,3,child,labs,0,0,0,0,0,0.0,0.0,0.0
deepseek_deepseek-v4-pro,REC-chi-icu-003,3,child,procedures,1,1,0,1,2,0.5,1.0,0.6666666666666666
deepseek_deepseek-v4-pro,REC-chi-icu-003,3,child,temporal,0,4,1,1,4,0.0,0.0,0.0
deepseek_deepseek-v4-pro,REC-chi-icu-004,3,child,diagnoses,2,1,0,2,3,0.6666666666666666,1.0,0.8
deepseek_deepseek-v4-pro,REC-chi-icu-004,3,child,medications,1,0,0,1,1,1.0,1.0,1.0
deepseek_deepseek-v4-pro,REC-chi-icu-004,3,child,labs,1,0,0,1,1,1.0,1.0,1.0
deepseek_deepseek-v4-pro,REC-chi-icu-004,3,child,procedures,1,0,0,1,1,1.0,1.0,1.0
deepseek_deepseek-v4-pro,REC-chi-icu-004,3,child,temporal,0,2,1,1,2,0.0,0.0,0.0
deepseek_deepseek-v4-pro,REC-chi-icu-005,3,child,diagnoses,2,1,0,2,3,0.6666666666666666,1.0,0.8
deepseek_deepseek-v4-pro,REC-chi-icu-005,3,child,medications,1,0,0,1,1,1.0,1.0,1.0
deepseek_deepseek-v4-pro,REC-chi-icu-005,3,child,labs,0,0,0,0,0,0.0,0.0,0.0
deepseek_deepseek-v4-pro,REC-chi-icu-005,3,child,procedures,1,0,0,1,1,1.0,1.0,1.0
deepseek_deepseek-v4-pro,REC-chi-icu-005,3,child,temporal,0,4,2,2,4,0.0,0.0,0.0
deepseek_deepseek-v4-pro,REC-chi-icu-006,3,child,diagnoses,1,0,0,1,1,1.0,1.0,1.0
deepseek_deepseek-v4-pro,REC-chi-icu-006,3,child,medications,1,0,0,1,1,1.0,1.0,1.0
deepseek_deepseek-v4-pro,REC-chi-icu-006,3,child,labs,1,0,0,1,1,1.0,1.0,1.0
deepseek_deepseek-v4-pro,REC-chi-icu-006,3,child,procedures,1,1,0,1,2,0.5,1.0,0.6666666666666666
deepseek_deepseek-v4-pro,REC-chi-icu-006,3,child,temporal,0,3,2,2,3,0.0,0.0,0.0
deepseek_deepseek-v4-pro,REC-chi-icu-007,3,child,diagnoses,1,0,0,1,1,1.0,1.0,1.0
deepseek_deepseek-v4-pro,REC-chi-icu-007,3,child,medications,1,0,0,1,1,1.0,1.0,1.0
deepseek_deepseek-v4-pro,REC-chi-icu-007,3,child,labs,0,0,0,0,0,0.0,0.0,0.0
deepseek_deepseek-v4-pro,REC-chi-icu-007,3,child,procedures,1,0,0,1,1,1.0,1.0,1.0
deepseek_deepseek-v4-pro,REC-chi-icu-007,3,child,temporal,0,1,2,2,1,0.0,0.0,0.0
deepseek_deepseek-v4-pro,REC-chi-icu-008,3,child,diagnoses,1,0,0,1,1,1.0,1.0,1.0
deepseek_deepseek-v4-pro,REC-chi-icu-008,3,child,medications,1,0,0,1,1,1.0,1.0,1.0
deepseek_deepseek-v4-pro,REC-chi-icu-008,3,child,labs,1,0,0,1,1,1.0,1.0,1.0
deepseek_deepseek-v4-pro,REC-chi-icu-008,3,child,procedures,1,0,0,1,1,1.0,1.0,1.0
deepseek_deepseek-v4-pro,REC-chi-icu-008,3,child,temporal,0,2,1,1,2,0.0,0.0,0.0
deepseek_deepseek-v4-pro,REC-chi-icu-009,3,child,diagnoses,2,0,0,2,2,1.0,1.0,1.0
deepseek_deepseek-v4-pro,REC-chi-icu-009,3,child,medications,1,0,0,1,1,1.0,1.0,1.0
deepseek_deepseek-v4-pro,REC-chi-icu-009,3,child,labs,0,0,0,0,0,0.0,0.0,0.0
deepseek_deepseek-v4-pro,REC-chi-icu-009,3,child,procedures,1,1,0,1,2,0.5,1.0,0.6666666666666666
deepseek_deepseek-v4-pro,REC-chi-icu-009,3,child,temporal,0,2,2,2,2,0.0,0.0,0.0
deepseek_deepseek-v4-pro,REC-chi-icu-010,3,child,diagnoses,2,0,0,2,2,1.0,1.0,1.0
deepseek_deepseek-v4-pro,REC-chi-icu-010,3,child,medications,1,0,0,1,1,1.0,1.0,1.0
deepseek_deepseek-v4-pro,REC-chi-icu-010,3,child,labs,1,0,0,1,1,1.0,1.0,1.0
deepseek_deepseek-v4-pro,REC-chi-icu-010,3,child,procedures,1,0,0,1,1,1.0,1.0,1.0
deepseek_deepseek-v4-pro,REC-chi-icu-010,3,child,temporal,0,4,0,0,4,0.0,0.0,0.0
deepseek_deepseek-v4-pro,REC-chi-inp-001,3,child,diagnoses,2,1,0,2,3,0.6666666666666666,1.0,0.8
deepseek_deepseek-v4-pro,REC-chi-inp-001,3,child,medications,1,0,0,1,1,1.0,1.0,1.0
deepseek_deepseek-v4-pro,REC-chi-inp-001,3,child,labs,0,0,0,0,0,0.0,0.0,0.0
deepseek_deepseek-v4-pro,REC-chi-inp-001,3,child,procedures,1,0,0,1,1,1.0,1.0,1.0
deepseek_deepseek-v4-pro,REC-chi-inp-001,3,child,temporal,0,3,2,2,3,0.0,0.0,0.0
deepseek_deepseek-v4-pro,REC-chi-inp-002,3,child,diagnoses,1,0,0,1,1,1.0,1.0,1.0
deepseek_deepseek-v4-pro,REC-chi-inp-002,3,child,medications,1,0,0,1,1,1.0,1.0,1.0
deepseek_deepseek-v4-pro,REC-chi-inp-002,3,child,labs,1,0,0,1,1,1.0,1.0,1.0
deepseek_deepseek-v4-pro,REC-chi-inp-002,3,child,procedures,1,0,0,1,1,1.0,1.0,1.0
deepseek_deepseek-v4-pro,REC-chi-inp-002,3,child,temporal,0,3,1,1,3,0.0,0.0,0.0
deepseek_deepseek-v4-pro,REC-chi-inp-003,3,child,diagnoses,0,0,2,2,0,0.0,0.0,0.0
deepseek_deepseek-v4-pro,REC-chi-inp-003,3,child,medications,0,0,1,1,0,0.0,0.0,0.0
deepseek_deepseek-v4-pro,REC-chi-inp-003,3,child,labs,0,0,1,1,0,0.0,0.0,0.0
deepseek_deepseek-v4-pro,REC-chi-inp-003,3,child,procedures,0,0,1,1,0,0.0,0.0,0.0
deepseek_deepseek-v4-pro,REC-chi-inp-003,3,child,temporal,0,0,0,0,0,0.0,0.0,0.0
deepseek_deepseek-v4-pro,REC-chi-inp-004,3,child,diagnoses,2,1,0,2,3,0.6666666666666666,1.0,0.8
deepseek_deepseek-v4-pro,REC-chi-inp-004,3,child,medications,1,0,0,1,1,1.0,1.0,1.0
deepseek_deepseek-v4-pro,REC-chi-inp-004,3,child,labs,0,0,0,0,0,0.0,0.0,0.0
deepseek_deepseek-v4-pro,REC-chi-inp-004,3,child,procedures,1,0,0,1,1,1.0,1.0,1.0
deepseek_deepseek-v4-pro,REC-chi-inp-004,3,child,temporal,0,5,1,1,5,0.0,0.0,0.0
deepseek_deepseek-v4-pro,REC-chi-inp-005,3,child,diagnoses,1,1,0,1,2,0.5,1.0,0.6666666666666666
deepseek_deepseek-v4-pro,REC-chi-inp-005,3,child,medications,1,0,0,1,1,1.0,1.0,1.0
deepseek_deepseek-v4-pro,REC-chi-inp-005,3,child,labs,1,0,0,1,1,1.0,1.0,1.0
deepseek_deepseek-v4-pro,REC-chi-inp-005,3,child,procedures,1,0,0,1,1,1.0,1.0,1.0
deepseek_deepseek-v4-pro,REC-chi-inp-005,3,child,temporal,0,3,1,1,3,0.0,0.0,0.0
deepseek_deepseek-v4-pro,REC-chi-inp-006,3,child,diagnoses,1,1,0,1,2,0.5,1.0,0.6666666666666666
deepseek_deepseek-v4-pro,REC-chi-inp-006,3,child,medications,1,0,0,1,1,1.0,1.0,1.0
deepseek_deepseek-v4-pro,REC-chi-inp-006,3,child,labs,1,0,0,1,1,1.0,1.0,1.0
deepseek_deepseek-v4-pro,REC-chi-inp-006,3,child,procedures,1,0,0,1,1,1.0,1.0,1.0
deepseek_deepseek-v4-pro,REC-chi-inp-006,3,child,temporal,0,5,2,2,5,0.0,0.0,0.0
deepseek_deepseek-v4-pro,REC-chi-inp-007,3,child,diagnoses,1,0,0,1,1,1.0,1.0,1.0
deepseek_deepseek-v4-pro,REC-chi-inp-007,3,child,medications,1,0,0,1,1,1.0,1.0,1.0
deepseek_deepseek-v4-pro,REC-chi-inp-007,3,child,labs,0,0,0,0,0,0.0,0.0,0.0
deepseek_deepseek-v4-pro,REC-chi-inp-007,3,child,procedures,1,0,0,1,1,1.0,1.0,1.0
deepseek_deepseek-v4-pro,REC-chi-inp-007,3,child,temporal,0,4,1,1,4,0.0,0.0,0.0
deepseek_deepseek-v4-pro,REC-chi-inp-008,3,child,diagnoses,2,0,0,2,2,1.0,1.0,1.0
deepseek_deepseek-v4-pro,REC-chi-inp-008,3,child,medications,1,0,0,1,1,1.0,1.0,1.0
deepseek_deepseek-v4-pro,REC-chi-inp-008,3,child,labs,1,0,0,1,1,1.0,1.0,1.0
deepseek_deepseek-v4-pro,REC-chi-inp-008,3,child,procedures,1,0,0,1,1,1.0,1.0,1.0
deepseek_deepseek-v4-pro,REC-chi-inp-008,3,child,temporal,0,4,1,1,4,0.0,0.0,0.0
deepseek_deepseek-v4-pro,REC-chi-inp-009,3,child,diagnoses,0,0,1,1,0,0.0,0.0,0.0
deepseek_deepseek-v4-pro,REC-chi-inp-009,3,child,medications,0,0,1,1,0,0.0,0.0,0.0
deepseek_deepseek-v4-pro,REC-chi-inp-009,3,child,labs,0,0,1,1,0,0.0,0.0,0.0
deepseek_deepseek-v4-pro,REC-chi-inp-009,3,child,procedures,0,0,1,1,0,0.0,0.0,0.0
deepseek_deepseek-v4-pro,REC-chi-inp-009,3,child,temporal,0,0,1,1,0,0.0,0.0,0.0
deepseek_deepseek-v4-pro,REC-chi-inp-010,3,child,diagnoses,2,0,0,2,2,1.0,1.0,1.0
deepseek_deepseek-v4-pro,REC-chi-inp-010,3,child,medications,1,0,0,1,1,1.0,1.0,1.0
deepseek_deepseek-v4-pro,REC-chi-inp-010,3,child,labs,0,0,0,0,0,0.0,0.0,0.0
deepseek_deepseek-v4-pro,REC-chi-inp-010,3,child,procedures,1,0,0,1,1,1.0,1.0,1.0
deepseek_deepseek-v4-pro,REC-chi-inp-010,3,child,temporal,0,1,2,2,1,0.0,0.0,0.0
deepseek_deepseek-v4-pro,REC-chi-out-001,3,child,diagnoses,2,0,0,2,2,1.0,1.0,1.0
deepseek_deepseek-v4-pro,REC-chi-out-001,3,child,medications,1,0,0,1,1,1.0,1.0,1.0
deepseek_deepseek-v4-pro,REC-chi-out-001,3,child,labs,0,0,0,0,0,0.0,0.0,0.0
deepseek_deepseek-v4-pro,REC-chi-out-001,3,child,procedures,1,0,0,1,1,1.0,1.0,1.0
deepseek_deepseek-v4-pro,REC-chi-out-001,3,child,temporal,0,2,2,2,2,0.0,0.0,0.0
deepseek_deepseek-v4-pro,REC-chi-out-002,3,child,diagnoses,2,1,0,2,3,0.6666666666666666,1.0,0.8
deepseek_deepseek-v4-pro,REC-chi-out-002,3,child,medications,1,0,0,1,1,1.0,1.0,1.0
deepseek_deepseek-v4-pro,REC-chi-out-002,3,child,labs,1,0,0,1,1,1.0,1.0,1.0
deepseek_deepseek-v4-pro,REC-chi-out-002,3,child,procedures,1,1,0,1,2,0.5,1.0,0.6666666666666666
deepseek_deepseek-v4-pro,REC-chi-out-002,3,child,temporal,0,4,2,2,4,0.0,0.0,0.0
deepseek_deepseek-v4-pro,REC-chi-out-003,3,child,diagnoses,2,0,0,2,2,1.0,1.0,1.0
deepseek_deepseek-v4-pro,REC-chi-out-003,3,child,medications,1,0,0,1,1,1.0,1.0,1.0
deepseek_deepseek-v4-pro,REC-chi-out-003,3,child,labs,0,0,0,0,0,0.0,0.0,0.0
deepseek_deepseek-v4-pro,REC-chi-out-003,3,child,procedures,1,0,0,1,1,1.0,1.0,1.0
deepseek_deepseek-v4-pro,REC-chi-out-003,3,child,temporal,0,1,1,1,1,0.0,0.0,0.0
deepseek_deepseek-v4-pro,REC-chi-out-004,3,child,diagnoses,0,0,2,2,0,0.0,0.0,0.0
deepseek_deepseek-v4-pro,REC-chi-out-004,3,child,medications,0,0,1,1,0,0.0,0.0,0.0
deepseek_deepseek-v4-pro,REC-chi-out-004,3,child,labs,0,0,1,1,0,0.0,0.0,0.0
deepseek_deepseek-v4-pro,REC-chi-out-004,3,child,procedures,0,0,1,1,0,0.0,0.0,0.0
deepseek_deepseek-v4-pro,REC-chi-out-004,3,child,temporal,0,0,1,1,0,0.0,0.0,0.0
deepseek_deepseek-v4-pro,REC-chi-out-005,3,child,diagnoses,1,1,0,1,2,0.5,1.0,0.6666666666666666
deepseek_deepseek-v4-pro,REC-chi-out-005,3,child,medications,1,0,0,1,1,1.0,1.0,1.0
deepseek_deepseek-v4-pro,REC-chi-out-005,3,child,labs,0,0,0,0,0,0.0,0.0,0.0
deepseek_deepseek-v4-pro,REC-chi-out-005,3,child,procedures,1,0,0,1,1,1.0,1.0,1.0
deepseek_deepseek-v4-pro,REC-chi-out-005,3,child,temporal,0,4,2,2,4,0.0,0.0,0.0
deepseek_deepseek-v4-pro,REC-chi-out-006,3,child,diagnoses,1,0,0,1,1,1.0,1.0,1.0
deepseek_deepseek-v4-pro,REC-chi-out-006,3,child,medications,1,0,0,1,1,1.0,1.0,1.0
deepseek_deepseek-v4-pro,REC-chi-out-006,3,child,labs,1,0,0,1,1,1.0,1.0,1.0
deepseek_deepseek-v4-pro,REC-chi-out-006,3,child,procedures,1,1,0,1,2,0.5,1.0,0.6666666666666666
deepseek_deepseek-v4-pro,REC-chi-out-006,3,child,temporal,0,3,2,2,3,0.0,0.0,0.0
deepseek_deepseek-v4-pro,REC-chi-out-007,3,child,diagnoses,2,1,0,2,3,0.6666666666666666,1.0,0.8
deepseek_deepseek-v4-pro,REC-chi-out-007,3,child,medications,1,0,0,1,1,1.0,1.0,1.0
deepseek_deepseek-v4-pro,REC-chi-out-007,3,child,labs,0,0,0,0,0,0.0,0.0,0.0
deepseek_deepseek-v4-pro,REC-chi-out-007,3,child,procedures,1,1,0,1,2,0.5,1.0,0.6666666666666666
deepseek_deepseek-v4-pro,REC-chi-out-007,3,child,temporal,0,3,2,2,3,0.0,0.0,0.0
deepseek_deepseek-v4-pro,REC-chi-out-008,3,child,diagnoses,3,0,0,3,3,1.0,1.0,1.0
deepseek_deepseek-v4-pro,REC-chi-out-008,3,child,medications,1,0,0,1,1,1.0,1.0,1.0
deepseek_deepseek-v4-pro,REC-chi-out-008,3,child,labs,1,0,0,1,1,1.0,1.0,1.0
deepseek_deepseek-v4-pro,REC-chi-out-008,3,child,procedures,1,0,0,1,1,1.0,1.0,1.0
deepseek_deepseek-v4-pro,REC-chi-out-008,3,child,temporal,0,4,0,0,4,0.0,0.0,0.0
deepseek_deepseek-v4-pro,REC-chi-out-009,3,child,diagnoses,2,0,0,2,2,1.0,1.0,1.0
deepseek_deepseek-v4-pro,REC-chi-out-009,3,child,medications,1,0,0,1,1,1.0,1.0,1.0
deepseek_deepseek-v4-pro,REC-chi-out-009,3,child,labs,0,0,0,0,0,0.0,0.0,0.0
deepseek_deepseek-v4-pro,REC-chi-out-009,3,child,procedures,1,0,0,1,1,1.0,1.0,1.0
deepseek_deepseek-v4-pro,REC-chi-out-009,3,child,temporal,0,0,1,1,0,0.0,0.0,0.0
deepseek_deepseek-v4-pro,REC-chi-out-010,3,child,diagnoses,1,0,0,1,1,1.0,1.0,1.0
deepseek_deepseek-v4-pro,REC-chi-out-010,3,child,medications,1,0,0,1,1,1.0,1.0,1.0
deepseek_deepseek-v4-pro,REC-chi-out-010,3,child,labs,1,0,0,1,1,1.0,1.0,1.0
deepseek_deepseek-v4-pro,REC-chi-out-010,3,child,procedures,1,0,0,1,1,1.0,1.0,1.0
deepseek_deepseek-v4-pro,REC-chi-out-010,3,child,temporal,0,1,2,2,1,0.0,0.0,0.0
deepseek_deepseek-v4-pro,REC-inf-eme-001,3,infant,diagnoses,3,0,0,3,3,1.0,1.0,1.0
deepseek_deepseek-v4-pro,REC-inf-eme-001,3,infant,medications,0,0,0,0,0,0.0,0.0,0.0
deepseek_deepseek-v4-pro,REC-inf-eme-001,3,infant,labs,0,0,0,0,0,0.0,0.0,0.0
deepseek_deepseek-v4-pro,REC-inf-eme-001,3,infant,procedures,1,0,0,1,1,1.0,1.0,1.0
deepseek_deepseek-v4-pro,REC-inf-eme-001,3,infant,temporal,0,0,0,0,0,0.0,0.0,0.0
deepseek_deepseek-v4-pro,REC-inf-eme-002,3,infant,diagnoses,2,0,0,2,2,1.0,1.0,1.0
deepseek_deepseek-v4-pro,REC-inf-eme-002,3,infant,medications,1,0,0,1,1,1.0,1.0,1.0
deepseek_deepseek-v4-pro,REC-inf-eme-002,3,infant,labs,0,0,0,0,0,0.0,0.0,0.0
deepseek_deepseek-v4-pro,REC-inf-eme-002,3,infant,procedures,1,0,0,1,1,1.0,1.0,1.0
deepseek_deepseek-v4-pro,REC-inf-eme-002,3,infant,temporal,0,1,1,1,1,0.0,0.0,0.0
deepseek_deepseek-v4-pro,REC-inf-eme-003,3,infant,diagnoses,2,1,0,2,3,0.6666666666666666,1.0,0.8
deepseek_deepseek-v4-pro,REC-inf-eme-003,3,infant,medications,1,0,0,1,1,1.0,1.0,1.0
deepseek_deepseek-v4-pro,REC-inf-eme-003,3,infant,labs,1,0,0,1,1,1.0,1.0,1.0
deepseek_deepseek-v4-pro,REC-inf-eme-003,3,infant,procedures,1,0,0,1,1,1.0,1.0,1.0
deepseek_deepseek-v4-pro,REC-inf-eme-003,3,infant,temporal,0,1,2,2,1,0.0,0.0,0.0
deepseek_deepseek-v4-pro,REC-inf-eme-004,3,infant,diagnoses,2,1,0,2,3,0.6666666666666666,1.0,0.8
deepseek_deepseek-v4-pro,REC-inf-eme-004,3,infant,medications,0,0,0,0,0,0.0,0.0,0.0
deepseek_deepseek-v4-pro,REC-inf-eme-004,3,infant,labs,0,0,0,0,0,0.0,0.0,0.0
deepseek_deepseek-v4-pro,REC-inf-eme-004,3,infant,procedures,1,0,0,1,1,1.0,1.0,1.0
deepseek_deepseek-v4-pro,REC-inf-eme-004,3,infant,temporal,0,2,2,2,2,0.0,0.0,0.0
deepseek_deepseek-v4-pro,REC-inf-eme-005,3,infant,diagnoses,1,1,0,1,2,0.5,1.0,0.6666666666666666
deepseek_deepseek-v4-pro,REC-inf-eme-005,3,infant,medications,1,0,0,1,1,1.0,1.0,1.0
deepseek_deepseek-v4-pro,REC-inf-eme-005,3,infant,labs,0,0,0,0,0,0.0,0.0,0.0
deepseek_deepseek-v4-pro,REC-inf-eme-005,3,infant,procedures,1,0,0,1,1,1.0,1.0,1.0
deepseek_deepseek-v4-pro,REC-inf-eme-005,3,infant,temporal,0,2,2,2,2,0.0,0.0,0.0
deepseek_deepseek-v4-pro,REC-inf-eme-006,3,infant,diagnoses,1,0,0,1,1,1.0,1.0,1.0
deepseek_deepseek-v4-pro,REC-inf-eme-006,3,infant,medications,1,0,0,1,1,1.0,1.0,1.0
deepseek_deepseek-v4-pro,REC-inf-eme-006,3,infant,labs,1,0,0,1,1,1.0,1.0,1.0
deepseek_deepseek-v4-pro,REC-inf-eme-006,3,infant,procedures,1,0,0,1,1,1.0,1.0,1.0
deepseek_deepseek-v4-pro,REC-inf-eme-006,3,infant,temporal,0,2,1,1,2,0.0,0.0,0.0
deepseek_deepseek-v4-pro,REC-inf-eme-007,3,infant,diagnoses,3,0,0,3,3,1.0,1.0,1.0
deepseek_deepseek-v4-pro,REC-inf-eme-007,3,infant,medications,0,0,0,0,0,0.0,0.0,0.0
deepseek_deepseek-v4-pro,REC-inf-eme-007,3,infant,labs,0,0,0,0,0,0.0,0.0,0.0
deepseek_deepseek-v4-pro,REC-inf-eme-007,3,infant,procedures,1,0,0,1,1,1.0,1.0,1.0
deepseek_deepseek-v4-pro,REC-inf-eme-007,3,infant,temporal,0,1,1,1,1,0.0,0.0,0.0
deepseek_deepseek-v4-pro,REC-inf-eme-008,3,infant,diagnoses,1,0,0,1,1,1.0,1.0,1.0
deepseek_deepseek-v4-pro,REC-inf-eme-008,3,infant,medications,1,0,0,1,1,1.0,1.0,1.0
deepseek_deepseek-v4-pro,REC-inf-eme-008,3,infant,labs,0,0,0,0,0,0.0,0.0,0.0
deepseek_deepseek-v4-pro,REC-inf-eme-008,3,infant,procedures,1,0,0,1,1,1.0,1.0,1.0
deepseek_deepseek-v4-pro,REC-inf-eme-008,3,infant,temporal,0,1,2,2,1,0.0,0.0,0.0
deepseek_deepseek-v4-pro,REC-inf-eme-009,3,infant,diagnoses,1,0,0,1,1,1.0,1.0,1.0
deepseek_deepseek-v4-pro,REC-inf-eme-009,3,infant,medications,1,0,0,1,1,1.0,1.0,1.0
deepseek_deepseek-v4-pro,REC-inf-eme-009,3,infant,labs,1,0,0,1,1,1.0,1.0,1.0
deepseek_deepseek-v4-pro,REC-inf-eme-009,3,infant,procedures,1,1,0,1,2,0.5,1.0,0.6666666666666666
deepseek_deepseek-v4-pro,REC-inf-eme-009,3,infant,temporal,0,3,3,3,3,0.0,0.0,0.0
deepseek_deepseek-v4-pro,REC-inf-eme-010,3,infant,diagnoses,1,1,0,1,2,0.5,1.0,0.6666666666666666
deepseek_deepseek-v4-pro,REC-inf-eme-010,3,infant,medications,0,0,0,0,0,0.0,0.0,0.0
deepseek_deepseek-v4-pro,REC-inf-eme-010,3,infant,labs,0,0,0,0,0,0.0,0.0,0.0
deepseek_deepseek-v4-pro,REC-inf-eme-010,3,infant,procedures,1,0,0,1,1,1.0,1.0,1.0
deepseek_deepseek-v4-pro,REC-inf-eme-010,3,infant,temporal,0,3,1,1,3,0.0,0.0,0.0
deepseek_deepseek-v4-pro,REC-inf-icu-001,3,infant,diagnoses,0,0,1,1,0,0.0,0.0,0.0
deepseek_deepseek-v4-pro,REC-inf-icu-001,3,infant,medications,0,0,0,0,0,0.0,0.0,0.0
deepseek_deepseek-v4-pro,REC-inf-icu-001,3,infant,labs,0,0,0,0,0,0.0,0.0,0.0
deepseek_deepseek-v4-pro,REC-inf-icu-001,3,infant,procedures,0,0,1,1,0,0.0,0.0,0.0
deepseek_deepseek-v4-pro,REC-inf-icu-001,3,infant,temporal,0,0,1,1,0,0.0,0.0,0.0
deepseek_deepseek-v4-pro,REC-inf-icu-002,3,infant,diagnoses,2,0,0,2,2,1.0,1.0,1.0
deepseek_deepseek-v4-pro,REC-inf-icu-002,3,infant,medications,1,0,0,1,1,1.0,1.0,1.0
deepseek_deepseek-v4-pro,REC-inf-icu-002,3,infant,labs,1,0,0,1,1,1.0,1.0,1.0
deepseek_deepseek-v4-pro,REC-inf-icu-002,3,infant,procedures,1,0,0,1,1,1.0,1.0,1.0
deepseek_deepseek-v4-pro,REC-inf-icu-002,3,infant,temporal,0,1,2,2,1,0.0,0.0,0.0
deepseek_deepseek-v4-pro,REC-inf-icu-003,3,infant,diagnoses,2,0,0,2,2,1.0,1.0,1.0
deepseek_deepseek-v4-pro,REC-inf-icu-003,3,infant,medications,0,0,0,0,0,0.0,0.0,0.0
deepseek_deepseek-v4-pro,REC-inf-icu-003,3,infant,labs,0,0,0,0,0,0.0,0.0,0.0
deepseek_deepseek-v4-pro,REC-inf-icu-003,3,infant,procedures,1,0,0,1,1,1.0,1.0,1.0
deepseek_deepseek-v4-pro,REC-inf-icu-003,3,infant,temporal,0,3,0,0,3,0.0,0.0,0.0
deepseek_deepseek-v4-pro,REC-inf-icu-004,3,infant,diagnoses,1,1,0,1,2,0.5,1.0,0.6666666666666666
deepseek_deepseek-v4-pro,REC-inf-icu-004,3,infant,medications,1,0,0,1,1,1.0,1.0,1.0
deepseek_deepseek-v4-pro,REC-inf-icu-004,3,infant,labs,1,0,0,1,1,1.0,1.0,1.0
deepseek_deepseek-v4-pro,REC-inf-icu-004,3,infant,procedures,1,1,0,1,2,0.5,1.0,0.6666666666666666
deepseek_deepseek-v4-pro,REC-inf-icu-004,3,infant,temporal,0,3,3,3,3,0.0,0.0,0.0
deepseek_deepseek-v4-pro,REC-inf-icu-005,3,infant,diagnoses,1,0,0,1,1,1.0,1.0,1.0
deepseek_deepseek-v4-pro,REC-inf-icu-005,3,infant,medications,0,0,0,0,0,0.0,0.0,0.0
deepseek_deepseek-v4-pro,REC-inf-icu-005,3,infant,labs,0,0,0,0,0,0.0,0.0,0.0
deepseek_deepseek-v4-pro,REC-inf-icu-005,3,infant,procedures,1,0,0,1,1,1.0,1.0,1.0
deepseek_deepseek-v4-pro,REC-inf-icu-005,3,infant,temporal,0,2,2,2,2,0.0,0.0,0.0
deepseek_deepseek-v4-pro,REC-inf-icu-006,3,infant,diagnoses,1,0,0,1,1,1.0,1.0,1.0
deepseek_deepseek-v4-pro,REC-inf-icu-006,3,infant,medications,1,0,0,1,1,1.0,1.0,1.0
deepseek_deepseek-v4-pro,REC-inf-icu-006,3,infant,labs,1,0,0,1,1,1.0,1.0,1.0
deepseek_deepseek-v4-pro,REC-inf-icu-006,3,infant,procedures,1,0,0,1,1,1.0,1.0,1.0
deepseek_deepseek-v4-pro,REC-inf-icu-006,3,infant,temporal,1,2,0,1,3,0.3333333333333333,1.0,0.5
deepseek_deepseek-v4-pro,REC-inf-icu-007,3,infant,diagnoses,2,0,0,2,2,1.0,1.0,1.0
deepseek_deepseek-v4-pro,REC-inf-icu-007,3,infant,medications,0,0,0,0,0,0.0,0.0,0.0
deepseek_deepseek-v4-pro,REC-inf-icu-007,3,infant,labs,0,0,0,0,0,0.0,0.0,0.0
deepseek_deepseek-v4-pro,REC-inf-icu-007,3,infant,procedures,1,0,0,1,1,1.0,1.0,1.0
deepseek_deepseek-v4-pro,REC-inf-icu-007,3,infant,temporal,0,2,2,2,2,0.0,0.0,0.0
deepseek_deepseek-v4-pro,REC-inf-icu-008,3,infant,diagnoses,1,0,0,1,1,1.0,1.0,1.0
deepseek_deepseek-v4-pro,REC-inf-icu-008,3,infant,medications,1,0,0,1,1,1.0,1.0,1.0
deepseek_deepseek-v4-pro,REC-inf-icu-008,3,infant,labs,1,0,0,1,1,1.0,1.0,1.0
deepseek_deepseek-v4-pro,REC-inf-icu-008,3,infant,procedures,1,0,0,1,1,1.0,1.0,1.0
deepseek_deepseek-v4-pro,REC-inf-icu-008,3,infant,temporal,0,4,1,1,4,0.0,0.0,0.0
deepseek_deepseek-v4-pro,REC-inf-icu-009,3,infant,diagnoses,3,0,0,3,3,1.0,1.0,1.0
deepseek_deepseek-v4-pro,REC-inf-icu-009,3,infant,medications,0,0,0,0,0,0.0,0.0,0.0
deepseek_deepseek-v4-pro,REC-inf-icu-009,3,infant,labs,0,0,0,0,0,0.0,0.0,0.0
deepseek_deepseek-v4-pro,REC-inf-icu-009,3,infant,procedures,1,0,0,1,1,1.0,1.0,1.0
deepseek_deepseek-v4-pro,REC-inf-icu-009,3,infant,temporal,0,2,0,0,2,0.0,0.0,0.0
deepseek_deepseek-v4-pro,REC-inf-icu-010,3,infant,diagnoses,2,1,0,2,3,0.6666666666666666,1.0,0.8
deepseek_deepseek-v4-pro,REC-inf-icu-010,3,infant,medications,1,0,0,1,1,1.0,1.0,1.0
deepseek_deepseek-v4-pro,REC-inf-icu-010,3,infant,labs,1,0,0,1,1,1.0,1.0,1.0
deepseek_deepseek-v4-pro,REC-inf-icu-010,3,infant,procedures,1,0,0,1,1,1.0,1.0,1.0
deepseek_deepseek-v4-pro,REC-inf-icu-010,3,infant,temporal,0,4,2,2,4,0.0,0.0,0.0
deepseek_deepseek-v4-pro,REC-inf-inp-001,3,infant,diagnoses,2,0,0,2,2,1.0,1.0,1.0
deepseek_deepseek-v4-pro,REC-inf-inp-001,3,infant,medications,0,0,0,0,0,0.0,0.0,0.0
deepseek_deepseek-v4-pro,REC-inf-inp-001,3,infant,labs,0,0,0,0,0,0.0,0.0,0.0
deepseek_deepseek-v4-pro,REC-inf-inp-001,3,infant,procedures,1,0,0,1,1,1.0,1.0,1.0
deepseek_deepseek-v4-pro,REC-inf-inp-001,3,infant,temporal,0,1,1,1,1,0.0,0.0,0.0
deepseek_deepseek-v4-pro,REC-inf-inp-002,3,infant,diagnoses,1,1,0,1,2,0.5,1.0,0.6666666666666666
deepseek_deepseek-v4-pro,REC-inf-inp-002,3,infant,medications,1,0,0,1,1,1.0,1.0,1.0
deepseek_deepseek-v4-pro,REC-inf-inp-002,3,infant,labs,1,0,0,1,1,1.0,1.0,1.0
deepseek_deepseek-v4-pro,REC-inf-inp-002,3,infant,procedures,1,1,0,1,2,0.5,1.0,0.6666666666666666
deepseek_deepseek-v4-pro,REC-inf-inp-002,3,infant,temporal,0,3,3,3,3,0.0,0.0,0.0
deepseek_deepseek-v4-pro,REC-inf-inp-003,3,infant,diagnoses,3,0,0,3,3,1.0,1.0,1.0
deepseek_deepseek-v4-pro,REC-inf-inp-003,3,infant,medications,0,0,0,0,0,0.0,0.0,0.0
deepseek_deepseek-v4-pro,REC-inf-inp-003,3,infant,labs,0,0,0,0,0,0.0,0.0,0.0
deepseek_deepseek-v4-pro,REC-inf-inp-003,3,infant,procedures,1,0,0,1,1,1.0,1.0,1.0
deepseek_deepseek-v4-pro,REC-inf-inp-003,3,infant,temporal,0,3,0,0,3,0.0,0.0,0.0
deepseek_deepseek-v4-pro,REC-inf-inp-004,3,infant,diagnoses,2,1,0,2,3,0.6666666666666666,1.0,0.8
deepseek_deepseek-v4-pro,REC-inf-inp-004,3,infant,medications,1,0,0,1,1,1.0,1.0,1.0
deepseek_deepseek-v4-pro,REC-inf-inp-004,3,infant,labs,1,0,0,1,1,1.0,1.0,1.0
deepseek_deepseek-v4-pro,REC-inf-inp-004,3,infant,procedures,1,0,0,1,1,1.0,1.0,1.0
deepseek_deepseek-v4-pro,REC-inf-inp-004,3,infant,temporal,0,5,1,1,5,0.0,0.0,0.0
deepseek_deepseek-v4-pro,REC-inf-inp-005,3,infant,diagnoses,2,0,0,2,2,1.0,1.0,1.0
deepseek_deepseek-v4-pro,REC-inf-inp-005,3,infant,medications,0,0,0,0,0,0.0,0.0,0.0
deepseek_deepseek-v4-pro,REC-inf-inp-005,3,infant,labs,0,0,0,0,0,0.0,0.0,0.0
deepseek_deepseek-v4-pro,REC-inf-inp-005,3,infant,procedures,1,0,0,1,1,1.0,1.0,1.0
deepseek_deepseek-v4-pro,REC-inf-inp-005,3,infant,temporal,0,5,2,2,5,0.0,0.0,0.0
deepseek_deepseek-v4-pro,REC-inf-inp-006,3,infant,diagnoses,1,0,0,1,1,1.0,1.0,1.0
deepseek_deepseek-v4-pro,REC-inf-inp-006,3,infant,medications,1,0,0,1,1,1.0,1.0,1.0
deepseek_deepseek-v4-pro,REC-inf-inp-006,3,infant,labs,1,0,0,1,1,1.0,1.0,1.0
deepseek_deepseek-v4-pro,REC-inf-inp-006,3,infant,procedures,1,1,0,1,2,0.5,1.0,0.6666666666666666
deepseek_deepseek-v4-pro,REC-inf-inp-006,3,infant,temporal,0,4,1,1,4,0.0,0.0,0.0
deepseek_deepseek-v4-pro,REC-inf-inp-007,3,infant,diagnoses,1,0,0,1,1,1.0,1.0,1.0
deepseek_deepseek-v4-pro,REC-inf-inp-007,3,infant,medications,0,0,0,0,0,0.0,0.0,0.0
deepseek_deepseek-v4-pro,REC-inf-inp-007,3,infant,labs,0,0,0,0,0,0.0,0.0,0.0
deepseek_deepseek-v4-pro,REC-inf-inp-007,3,infant,procedures,1,0,0,1,1,1.0,1.0,1.0
deepseek_deepseek-v4-pro,REC-inf-inp-007,3,infant,temporal,0,4,1,1,4,0.0,0.0,0.0
deepseek_deepseek-v4-pro,REC-inf-inp-008,3,infant,diagnoses,1,1,0,1,2,0.5,1.0,0.6666666666666666
deepseek_deepseek-v4-pro,REC-inf-inp-008,3,infant,medications,1,0,0,1,1,1.0,1.0,1.0
deepseek_deepseek-v4-pro,REC-inf-inp-008,3,infant,labs,1,0,0,1,1,1.0,1.0,1.0
deepseek_deepseek-v4-pro,REC-inf-inp-008,3,infant,procedures,1,0,0,1,1,1.0,1.0,1.0
deepseek_deepseek-v4-pro,REC-inf-inp-008,3,infant,temporal,0,4,1,1,4,0.0,0.0,0.0
deepseek_deepseek-v4-pro,REC-inf-inp-009,3,infant,diagnoses,2,0,0,2,2,1.0,1.0,1.0
deepseek_deepseek-v4-pro,REC-inf-inp-009,3,infant,medications,0,0,0,0,0,0.0,0.0,0.0
deepseek_deepseek-v4-pro,REC-inf-inp-009,3,infant,labs,0,0,0,0,0,0.0,0.0,0.0
deepseek_deepseek-v4-pro,REC-inf-inp-009,3,infant,procedures,1,0,0,1,1,1.0,1.0,1.0
deepseek_deepseek-v4-pro,REC-inf-inp-009,3,infant,temporal,0,2,2,2,2,0.0,0.0,0.0
deepseek_deepseek-v4-pro,REC-inf-inp-010,3,infant,diagnoses,1,0,0,1,1,1.0,1.0,1.0
deepseek_deepseek-v4-pro,REC-inf-inp-010,3,infant,medications,1,0,0,1,1,1.0,1.0,1.0
deepseek_deepseek-v4-pro,REC-inf-inp-010,3,infant,labs,1,0,0,1,1,1.0,1.0,1.0
deepseek_deepseek-v4-pro,REC-inf-inp-010,3,infant,procedures,1,0,0,1,1,1.0,1.0,1.0
deepseek_deepseek-v4-pro,REC-inf-inp-010,3,infant,temporal,0,1,1,1,1,0.0,0.0,0.0
deepseek_deepseek-v4-pro,REC-inf-out-001,3,infant,diagnoses,2,0,0,2,2,1.0,1.0,1.0
deepseek_deepseek-v4-pro,REC-inf-out-001,3,infant,medications,0,0,0,0,0,0.0,0.0,0.0
deepseek_deepseek-v4-pro,REC-inf-out-001,3,infant,labs,0,0,0,0,0,0.0,0.0,0.0
deepseek_deepseek-v4-pro,REC-inf-out-001,3,infant,procedures,1,0,0,1,1,1.0,1.0,1.0
deepseek_deepseek-v4-pro,REC-inf-out-001,3,infant,temporal,0,0,0,0,0,0.0,0.0,0.0
deepseek_deepseek-v4-pro,REC-inf-out-002,3,infant,diagnoses,1,1,0,1,2,0.5,1.0,0.6666666666666666
deepseek_deepseek-v4-pro,REC-inf-out-002,3,infant,medications,1,0,0,1,1,1.0,1.0,1.0
deepseek_deepseek-v4-pro,REC-inf-out-002,3,infant,labs,0,0,0,0,0,0.0,0.0,0.0
deepseek_deepseek-v4-pro,REC-inf-out-002,3,infant,procedures,1,0,0,1,1,1.0,1.0,1.0
deepseek_deepseek-v4-pro,REC-inf-out-002,3,infant,temporal,0,4,1,1,4,0.0,0.0,0.0
deepseek_deepseek-v4-pro,REC-inf-out-003,3,infant,diagnoses,2,0,0,2,2,1.0,1.0,1.0
deepseek_deepseek-v4-pro,REC-inf-out-003,3,infant,medications,0,0,0,0,0,0.0,0.0,0.0
deepseek_deepseek-v4-pro,REC-inf-out-003,3,infant,labs,0,0,0,0,0,0.0,0.0,0.0
deepseek_deepseek-v4-pro,REC-inf-out-003,3,infant,procedures,1,0,0,1,1,1.0,1.0,1.0
deepseek_deepseek-v4-pro,REC-inf-out-003,3,infant,temporal,0,0,0,0,0,0.0,0.0,0.0
deepseek_deepseek-v4-pro,REC-inf-out-004,3,infant,diagnoses,3,0,0,3,3,1.0,1.0,1.0
deepseek_deepseek-v4-pro,REC-inf-out-004,3,infant,medications,1,0,0,1,1,1.0,1.0,1.0
deepseek_deepseek-v4-pro,REC-inf-out-004,3,infant,labs,0,0,0,0,0,0.0,0.0,0.0
deepseek_deepseek-v4-pro,REC-inf-out-004,3,infant,procedures,1,1,0,1,2,0.5,1.0,0.6666666666666666
deepseek_deepseek-v4-pro,REC-inf-out-004,3,infant,temporal,0,1,1,1,1,0.0,0.0,0.0
deepseek_deepseek-v4-pro,REC-inf-out-005,3,infant,diagnoses,2,0,0,2,2,1.0,1.0,1.0
deepseek_deepseek-v4-pro,REC-inf-out-005,3,infant,medications,0,0,0,0,0,0.0,0.0,0.0
deepseek_deepseek-v4-pro,REC-inf-out-005,3,infant,labs,0,0,0,0,0,0.0,0.0,0.0
deepseek_deepseek-v4-pro,REC-inf-out-005,3,infant,procedures,1,0,0,1,1,1.0,1.0,1.0
deepseek_deepseek-v4-pro,REC-inf-out-005,3,infant,temporal,0,0,0,0,0,0.0,0.0,0.0
deepseek_deepseek-v4-pro,REC-inf-out-006,3,infant,diagnoses,1,0,0,1,1,1.0,1.0,1.0
deepseek_deepseek-v4-pro,REC-inf-out-006,3,infant,medications,1,0,0,1,1,1.0,1.0,1.0
deepseek_deepseek-v4-pro,REC-inf-out-006,3,infant,labs,0,0,0,0,0,0.0,0.0,0.0
deepseek_deepseek-v4-pro,REC-inf-out-006,3,infant,procedures,1,0,0,1,1,1.0,1.0,1.0
deepseek_deepseek-v4-pro,REC-inf-out-006,3,infant,temporal,0,1,1,1,1,0.0,0.0,0.0
deepseek_deepseek-v4-pro,REC-inf-out-007,3,infant,diagnoses,2,0,0,2,2,1.0,1.0,1.0
deepseek_deepseek-v4-pro,REC-inf-out-007,3,infant,medications,0,0,0,0,0,0.0,0.0,0.0
deepseek_deepseek-v4-pro,REC-inf-out-007,3,infant,labs,0,0,0,0,0,0.0,0.0,0.0
deepseek_deepseek-v4-pro,REC-inf-out-007,3,infant,procedures,1,0,0,1,1,1.0,1.0,1.0
deepseek_deepseek-v4-pro,REC-inf-out-007,3,infant,temporal,0,0,0,0,0,0.0,0.0,0.0
deepseek_deepseek-v4-pro,REC-inf-out-008,3,infant,diagnoses,1,1,0,1,2,0.5,1.0,0.6666666666666666
deepseek_deepseek-v4-pro,REC-inf-out-008,3,infant,medications,1,0,0,1,1,1.0,1.0,1.0
deepseek_deepseek-v4-pro,REC-inf-out-008,3,infant,labs,0,0,0,0,0,0.0,0.0,0.0
deepseek_deepseek-v4-pro,REC-inf-out-008,3,infant,procedures,1,1,0,1,2,0.5,1.0,0.6666666666666666
deepseek_deepseek-v4-pro,REC-inf-out-008,3,infant,temporal,0,4,3,3,4,0.0,0.0,0.0
deepseek_deepseek-v4-pro,REC-inf-out-009,3,infant,diagnoses,1,0,0,1,1,1.0,1.0,1.0
deepseek_deepseek-v4-pro,REC-inf-out-009,3,infant,medications,0,0,0,0,0,0.0,0.0,0.0
deepseek_deepseek-v4-pro,REC-inf-out-009,3,infant,labs,0,0,0,0,0,0.0,0.0,0.0
deepseek_deepseek-v4-pro,REC-inf-out-009,3,infant,procedures,1,0,0,1,1,1.0,1.0,1.0
deepseek_deepseek-v4-pro,REC-inf-out-009,3,infant,temporal,0,2,2,2,2,0.0,0.0,0.0
deepseek_deepseek-v4-pro,REC-inf-out-010,3,infant,diagnoses,2,0,0,2,2,1.0,1.0,1.0
deepseek_deepseek-v4-pro,REC-inf-out-010,3,infant,medications,1,0,0,1,1,1.0,1.0,1.0
deepseek_deepseek-v4-pro,REC-inf-out-010,3,infant,labs,0,0,0,0,0,0.0,0.0,0.0
deepseek_deepseek-v4-pro,REC-inf-out-010,3,infant,procedures,1,0,0,1,1,1.0,1.0,1.0
deepseek_deepseek-v4-pro,REC-inf-out-010,3,infant,temporal,0,0,0,0,0,0.0,0.0,0.0
deepseek_deepseek-v4-pro,REC-neo-eme-001,3,neonate,diagnoses,2,0,0,2,2,1.0,1.0,1.0
deepseek_deepseek-v4-pro,REC-neo-eme-001,3,neonate,medications,1,0,0,1,1,1.0,1.0,1.0
deepseek_deepseek-v4-pro,REC-neo-eme-001,3,neonate,labs,1,0,0,1,1,1.0,1.0,1.0
deepseek_deepseek-v4-pro,REC-neo-eme-001,3,neonate,procedures,1,0,0,1,1,1.0,1.0,1.0
deepseek_deepseek-v4-pro,REC-neo-eme-001,3,neonate,temporal,0,2,2,2,2,0.0,0.0,0.0
deepseek_deepseek-v4-pro,REC-neo-eme-002,3,neonate,diagnoses,0,0,3,3,0,0.0,0.0,0.0
deepseek_deepseek-v4-pro,REC-neo-eme-002,3,neonate,medications,0,0,0,0,0,0.0,0.0,0.0
deepseek_deepseek-v4-pro,REC-neo-eme-002,3,neonate,labs,0,0,1,1,0,0.0,0.0,0.0
deepseek_deepseek-v4-pro,REC-neo-eme-002,3,neonate,procedures,0,0,1,1,0,0.0,0.0,0.0
deepseek_deepseek-v4-pro,REC-neo-eme-002,3,neonate,temporal,0,0,2,2,0,0.0,0.0,0.0
deepseek_deepseek-v4-pro,REC-neo-eme-003,3,neonate,diagnoses,1,1,0,1,2,0.5,1.0,0.6666666666666666
deepseek_deepseek-v4-pro,REC-neo-eme-003,3,neonate,medications,1,0,0,1,1,1.0,1.0,1.0
deepseek_deepseek-v4-pro,REC-neo-eme-003,3,neonate,labs,1,0,0,1,1,1.0,1.0,1.0
deepseek_deepseek-v4-pro,REC-neo-eme-003,3,neonate,procedures,1,0,0,1,1,1.0,1.0,1.0
deepseek_deepseek-v4-pro,REC-neo-eme-003,3,neonate,temporal,0,2,3,3,2,0.0,0.0,0.0
deepseek_deepseek-v4-pro,REC-neo-eme-004,3,neonate,diagnoses,2,0,0,2,2,1.0,1.0,1.0
deepseek_deepseek-v4-pro,REC-neo-eme-004,3,neonate,medications,1,0,0,1,1,1.0,1.0,1.0
deepseek_deepseek-v4-pro,REC-neo-eme-004,3,neonate,labs,1,0,0,1,1,1.0,1.0,1.0
deepseek_deepseek-v4-pro,REC-neo-eme-004,3,neonate,procedures,1,0,0,1,1,1.0,1.0,1.0
deepseek_deepseek-v4-pro,REC-neo-eme-004,3,neonate,temporal,0,3,2,2,3,0.0,0.0,0.0
deepseek_deepseek-v4-pro,REC-neo-eme-005,3,neonate,diagnoses,3,0,0,3,3,1.0,1.0,1.0
deepseek_deepseek-v4-pro,REC-neo-eme-005,3,neonate,medications,0,0,0,0,0,0.0,0.0,0.0
deepseek_deepseek-v4-pro,REC-neo-eme-005,3,neonate,labs,1,0,0,1,1,1.0,1.0,1.0
deepseek_deepseek-v4-pro,REC-neo-eme-005,3,neonate,procedures,1,1,0,1,2,0.5,1.0,0.6666666666666666
deepseek_deepseek-v4-pro,REC-neo-eme-005,3,neonate,temporal,0,3,2,2,3,0.0,0.0,0.0
deepseek_deepseek-v4-pro,REC-neo-eme-006,3,neonate,diagnoses,2,1,0,2,3,0.6666666666666666,1.0,0.8
deepseek_deepseek-v4-pro,REC-neo-eme-006,3,neonate,medications,1,0,0,1,1,1.0,1.0,1.0
deepseek_deepseek-v4-pro,REC-neo-eme-006,3,neonate,labs,1,0,0,1,1,1.0,1.0,1.0
deepseek_deepseek-v4-pro,REC-neo-eme-006,3,neonate,procedures,1,1,0,1,2,0.5,1.0,0.6666666666666666
deepseek_deepseek-v4-pro,REC-neo-eme-006,3,neonate,temporal,0,2,2,2,2,0.0,0.0,0.0
deepseek_deepseek-v4-pro,REC-neo-eme-007,3,neonate,diagnoses,3,0,0,3,3,1.0,1.0,1.0
deepseek_deepseek-v4-pro,REC-neo-eme-007,3,neonate,medications,1,0,0,1,1,1.0,1.0,1.0
deepseek_deepseek-v4-pro,REC-neo-eme-007,3,neonate,labs,1,0,0,1,1,1.0,1.0,1.0
deepseek_deepseek-v4-pro,REC-neo-eme-007,3,neonate,procedures,1,0,0,1,1,1.0,1.0,1.0
deepseek_deepseek-v4-pro,REC-neo-eme-007,3,neonate,temporal,0,3,2,2,3,0.0,0.0,0.0
deepseek_deepseek-v4-pro,REC-neo-eme-008,3,neonate,diagnoses,2,0,0,2,2,1.0,1.0,1.0
deepseek_deepseek-v4-pro,REC-neo-eme-008,3,neonate,medications,0,0,0,0,0,0.0,0.0,0.0
deepseek_deepseek-v4-pro,REC-neo-eme-008,3,neonate,labs,1,0,0,1,1,1.0,1.0,1.0
deepseek_deepseek-v4-pro,REC-neo-eme-008,3,neonate,procedures,1,1,0,1,2,0.5,1.0,0.6666666666666666
deepseek_deepseek-v4-pro,REC-neo-eme-008,3,neonate,temporal,0,3,3,3,3,0.0,0.0,0.0
deepseek_deepseek-v4-pro,REC-neo-eme-009,3,neonate,diagnoses,1,1,0,1,2,0.5,1.0,0.6666666666666666
deepseek_deepseek-v4-pro,REC-neo-eme-009,3,neonate,medications,1,0,0,1,1,1.0,1.0,1.0
deepseek_deepseek-v4-pro,REC-neo-eme-009,3,neonate,labs,1,0,0,1,1,1.0,1.0,1.0
deepseek_deepseek-v4-pro,REC-neo-eme-009,3,neonate,procedures,1,1,0,1,2,0.5,1.0,0.6666666666666666
deepseek_deepseek-v4-pro,REC-neo-eme-009,3,neonate,temporal,0,3,2,2,3,0.0,0.0,0.0
deepseek_deepseek-v4-pro,REC-neo-eme-010,3,neonate,diagnoses,1,0,0,1,1,1.0,1.0,1.0
deepseek_deepseek-v4-pro,REC-neo-eme-010,3,neonate,medications,1,0,0,1,1,1.0,1.0,1.0
deepseek_deepseek-v4-pro,REC-neo-eme-010,3,neonate,labs,1,0,0,1,1,1.0,1.0,1.0
deepseek_deepseek-v4-pro,REC-neo-eme-010,3,neonate,procedures,1,0,0,1,1,1.0,1.0,1.0
deepseek_deepseek-v4-pro,REC-neo-eme-010,3,neonate,temporal,0,3,3,3,3,0.0,0.0,0.0
deepseek_deepseek-v4-pro,REC-neo-icu-001,3,neonate,diagnoses,1,0,0,1,1,1.0,1.0,1.0
deepseek_deepseek-v4-pro,REC-neo-icu-001,3,neonate,medications,1,0,0,1,1,1.0,1.0,1.0
deepseek_deepseek-v4-pro,REC-neo-icu-001,3,neonate,labs,1,0,0,1,1,1.0,1.0,1.0
deepseek_deepseek-v4-pro,REC-neo-icu-001,3,neonate,procedures,1,0,0,1,1,1.0,1.0,1.0
deepseek_deepseek-v4-pro,REC-neo-icu-001,3,neonate,temporal,0,4,4,4,4,0.0,0.0,0.0
deepseek_deepseek-v4-pro,REC-neo-icu-002,3,neonate,diagnoses,0,0,3,3,0,0.0,0.0,0.0
deepseek_deepseek-v4-pro,REC-neo-icu-002,3,neonate,medications,0,0,1,1,0,0.0,0.0,0.0
deepseek_deepseek-v4-pro,REC-neo-icu-002,3,neonate,labs,0,0,1,1,0,0.0,0.0,0.0
deepseek_deepseek-v4-pro,REC-neo-icu-002,3,neonate,procedures,0,0,1,1,0,0.0,0.0,0.0
deepseek_deepseek-v4-pro,REC-neo-icu-002,3,neonate,temporal,0,0,2,2,0,0.0,0.0,0.0
deepseek_deepseek-v4-pro,REC-neo-icu-003,3,neonate,diagnoses,2,0,0,2,2,1.0,1.0,1.0
deepseek_deepseek-v4-pro,REC-neo-icu-003,3,neonate,medications,1,0,0,1,1,1.0,1.0,1.0
deepseek_deepseek-v4-pro,REC-neo-icu-003,3,neonate,labs,1,0,0,1,1,1.0,1.0,1.0
deepseek_deepseek-v4-pro,REC-neo-icu-003,3,neonate,procedures,1,0,0,1,1,1.0,1.0,1.0
deepseek_deepseek-v4-pro,REC-neo-icu-003,3,neonate,temporal,0,6,2,2,6,0.0,0.0,0.0
deepseek_deepseek-v4-pro,REC-neo-icu-004,3,neonate,diagnoses,2,1,0,2,3,0.6666666666666666,1.0,0.8
deepseek_deepseek-v4-pro,REC-neo-icu-004,3,neonate,medications,1,0,0,1,1,1.0,1.0,1.0
deepseek_deepseek-v4-pro,REC-neo-icu-004,3,neonate,labs,1,0,0,1,1,1.0,1.0,1.0
deepseek_deepseek-v4-pro,REC-neo-icu-004,3,neonate,procedures,1,1,0,1,2,0.5,1.0,0.6666666666666666
deepseek_deepseek-v4-pro,REC-neo-icu-004,3,neonate,temporal,0,4,2,2,4,0.0,0.0,0.0
deepseek_deepseek-v4-pro,REC-neo-icu-005,3,neonate,diagnoses,1,0,0,1,1,1.0,1.0,1.0
deepseek_deepseek-v4-pro,REC-neo-icu-005,3,neonate,medications,1,0,0,1,1,1.0,1.0,1.0
deepseek_deepseek-v4-pro,REC-neo-icu-005,3,neonate,labs,1,0,0,1,1,1.0,1.0,1.0
deepseek_deepseek-v4-pro,REC-neo-icu-005,3,neonate,procedures,1,0,0,1,1,1.0,1.0,1.0
deepseek_deepseek-v4-pro,REC-neo-icu-005,3,neonate,temporal,0,3,2,2,3,0.0,0.0,0.0
deepseek_deepseek-v4-pro,REC-neo-icu-006,3,neonate,diagnoses,1,1,0,1,2,0.5,1.0,0.6666666666666666
deepseek_deepseek-v4-pro,REC-neo-icu-006,3,neonate,medications,1,0,0,1,1,1.0,1.0,1.0
deepseek_deepseek-v4-pro,REC-neo-icu-006,3,neonate,labs,1,0,0,1,1,1.0,1.0,1.0
deepseek_deepseek-v4-pro,REC-neo-icu-006,3,neonate,procedures,1,1,0,1,2,0.5,1.0,0.6666666666666666
deepseek_deepseek-v4-pro,REC-neo-icu-006,3,neonate,temporal,1,5,1,2,6,0.16666666666666666,0.5,0.25
deepseek_deepseek-v4-pro,REC-neo-icu-007,3,neonate,diagnoses,2,0,0,2,2,1.0,1.0,1.0
deepseek_deepseek-v4-pro,REC-neo-icu-007,3,neonate,medications,1,0,0,1,1,1.0,1.0,1.0
deepseek_deepseek-v4-pro,REC-neo-icu-007,3,neonate,labs,1,0,0,1,1,1.0,1.0,1.0
deepseek_deepseek-v4-pro,REC-neo-icu-007,3,neonate,procedures,1,0,0,1,1,1.0,1.0,1.0
deepseek_deepseek-v4-pro,REC-neo-icu-007,3,neonate,temporal,0,3,1,1,3,0.0,0.0,0.0
deepseek_deepseek-v4-pro,REC-neo-icu-008,3,neonate,diagnoses,2,1,0,2,3,0.6666666666666666,1.0,0.8
deepseek_deepseek-v4-pro,REC-neo-icu-008,3,neonate,medications,1,0,0,1,1,1.0,1.0,1.0
deepseek_deepseek-v4-pro,REC-neo-icu-008,3,neonate,labs,1,0,0,1,1,1.0,1.0,1.0
deepseek_deepseek-v4-pro,REC-neo-icu-008,3,neonate,procedures,1,1,0,1,2,0.5,1.0,0.6666666666666666
deepseek_deepseek-v4-pro,REC-neo-icu-008,3,neonate,temporal,0,4,3,3,4,0.0,0.0,0.0
deepseek_deepseek-v4-pro,REC-neo-icu-009,3,neonate,diagnoses,1,0,0,1,1,1.0,1.0,1.0
deepseek_deepseek-v4-pro,REC-neo-icu-009,3,neonate,medications,1,0,0,1,1,1.0,1.0,1.0
deepseek_deepseek-v4-pro,REC-neo-icu-009,3,neonate,labs,1,0,0,1,1,1.0,1.0,1.0
deepseek_deepseek-v4-pro,REC-neo-icu-009,3,neonate,procedures,1,0,0,1,1,1.0,1.0,1.0
deepseek_deepseek-v4-pro,REC-neo-icu-009,3,neonate,temporal,0,7,2,2,7,0.0,0.0,0.0
deepseek_deepseek-v4-pro,REC-neo-icu-010,3,neonate,diagnoses,3,1,0,3,4,0.75,1.0,0.8571428571428571
deepseek_deepseek-v4-pro,REC-neo-icu-010,3,neonate,medications,1,0,0,1,1,1.0,1.0,1.0
deepseek_deepseek-v4-pro,REC-neo-icu-010,3,neonate,labs,1,0,0,1,1,1.0,1.0,1.0
deepseek_deepseek-v4-pro,REC-neo-icu-010,3,neonate,procedures,1,0,0,1,1,1.0,1.0,1.0
deepseek_deepseek-v4-pro,REC-neo-icu-010,3,neonate,temporal,0,4,2,2,4,0.0,0.0,0.0
deepseek_deepseek-v4-pro,REC-neo-inp-001,3,neonate,diagnoses,2,0,0,2,2,1.0,1.0,1.0
deepseek_deepseek-v4-pro,REC-neo-inp-001,3,neonate,medications,1,0,0,1,1,1.0,1.0,1.0
deepseek_deepseek-v4-pro,REC-neo-inp-001,3,neonate,labs,1,0,0,1,1,1.0,1.0,1.0
deepseek_deepseek-v4-pro,REC-neo-inp-001,3,neonate,procedures,1,1,0,1,2,0.5,1.0,0.6666666666666666
deepseek_deepseek-v4-pro,REC-neo-inp-001,3,neonate,temporal,0,2,2,2,2,0.0,0.0,0.0
deepseek_deepseek-v4-pro,REC-neo-inp-002,3,neonate,diagnoses,3,0,0,3,3,1.0,1.0,1.0
deepseek_deepseek-v4-pro,REC-neo-inp-002,3,neonate,medications,0,0,0,0,0,0.0,0.0,0.0
deepseek_deepseek-v4-pro,REC-neo-inp-002,3,neonate,labs,1,0,0,1,1,1.0,1.0,1.0
deepseek_deepseek-v4-pro,REC-neo-inp-002,3,neonate,procedures,1,0,0,1,1,1.0,1.0,1.0
deepseek_deepseek-v4-pro,REC-neo-inp-002,3,neonate,temporal,0,3,2,2,3,0.0,0.0,0.0
deepseek_deepseek-v4-pro,REC-neo-inp-003,3,neonate,diagnoses,2,1,0,2,3,0.6666666666666666,1.0,0.8
deepseek_deepseek-v4-pro,REC-neo-inp-003,3,neonate,medications,1,0,0,1,1,1.0,1.0,1.0
deepseek_deepseek-v4-pro,REC-neo-inp-003,3,neonate,labs,1,0,0,1,1,1.0,1.0,1.0
deepseek_deepseek-v4-pro,REC-neo-inp-003,3,neonate,procedures,1,1,0,1,2,0.5,1.0,0.6666666666666666
deepseek_deepseek-v4-pro,REC-neo-inp-003,3,neonate,temporal,0,3,2,2,3,0.0,0.0,0.0
deepseek_deepseek-v4-pro,REC-neo-inp-004,3,neonate,diagnoses,2,0,0,2,2,1.0,1.0,1.0
deepseek_deepseek-v4-pro,REC-neo-inp-004,3,neonate,medications,1,0,0,1,1,1.0,1.0,1.0
deepseek_deepseek-v4-pro,REC-neo-inp-004,3,neonate,labs,1,0,0,1,1,1.0,1.0,1.0
deepseek_deepseek-v4-pro,REC-neo-inp-004,3,neonate,procedures,1,0,0,1,1,1.0,1.0,1.0
deepseek_deepseek-v4-pro,REC-neo-inp-004,3,neonate,temporal,0,2,3,3,2,0.0,0.0,0.0
deepseek_deepseek-v4-pro,REC-neo-inp-005,3,neonate,diagnoses,2,0,0,2,2,1.0,1.0,1.0
deepseek_deepseek-v4-pro,REC-neo-inp-005,3,neonate,medications,0,0,0,0,0,0.0,0.0,0.0
deepseek_deepseek-v4-pro,REC-neo-inp-005,3,neonate,labs,1,0,0,1,1,1.0,1.0,1.0
deepseek_deepseek-v4-pro,REC-neo-inp-005,3,neonate,procedures,1,0,0,1,1,1.0,1.0,1.0
deepseek_deepseek-v4-pro,REC-neo-inp-005,3,neonate,temporal,0,3,2,2,3,0.0,0.0,0.0
deepseek_deepseek-v4-pro,REC-neo-inp-006,3,neonate,diagnoses,1,0,0,1,1,1.0,1.0,1.0
deepseek_deepseek-v4-pro,REC-neo-inp-006,3,neonate,medications,1,0,0,1,1,1.0,1.0,1.0
deepseek_deepseek-v4-pro,REC-neo-inp-006,3,neonate,labs,1,0,0,1,1,1.0,1.0,1.0
deepseek_deepseek-v4-pro,REC-neo-inp-006,3,neonate,procedures,1,0,0,1,1,1.0,1.0,1.0
deepseek_deepseek-v4-pro,REC-neo-inp-006,3,neonate,temporal,0,2,2,2,2,0.0,0.0,0.0
deepseek_deepseek-v4-pro,REC-neo-inp-007,3,neonate,diagnoses,1,0,0,1,1,1.0,1.0,1.0
deepseek_deepseek-v4-pro,REC-neo-inp-007,3,neonate,medications,1,0,0,1,1,1.0,1.0,1.0
deepseek_deepseek-v4-pro,REC-neo-inp-007,3,neonate,labs,1,0,0,1,1,1.0,1.0,1.0
deepseek_deepseek-v4-pro,REC-neo-inp-007,3,neonate,procedures,1,0,0,1,1,1.0,1.0,1.0
deepseek_deepseek-v4-pro,REC-neo-inp-007,3,neonate,temporal,0,5,4,4,5,0.0,0.0,0.0
deepseek_deepseek-v4-pro,REC-neo-inp-008,3,neonate,diagnoses,2,0,0,2,2,1.0,1.0,1.0
deepseek_deepseek-v4-pro,REC-neo-inp-008,3,neonate,medications,0,0,0,0,0,0.0,0.0,0.0
deepseek_deepseek-v4-pro,REC-neo-inp-008,3,neonate,labs,1,0,0,1,1,1.0,1.0,1.0
deepseek_deepseek-v4-pro,REC-neo-inp-008,3,neonate,procedures,1,0,0,1,1,1.0,1.0,1.0
deepseek_deepseek-v4-pro,REC-neo-inp-008,3,neonate,temporal,0,3,3,3,3,0.0,0.0,0.0
deepseek_deepseek-v4-pro,REC-neo-inp-009,3,neonate,diagnoses,1,0,0,1,1,1.0,1.0,1.0
deepseek_deepseek-v4-pro,REC-neo-inp-009,3,neonate,medications,1,0,0,1,1,1.0,1.0,1.0
deepseek_deepseek-v4-pro,REC-neo-inp-009,3,neonate,labs,1,0,0,1,1,1.0,1.0,1.0
deepseek_deepseek-v4-pro,REC-neo-inp-009,3,neonate,procedures,1,0,0,1,1,1.0,1.0,1.0
deepseek_deepseek-v4-pro,REC-neo-inp-009,3,neonate,temporal,0,1,2,2,1,0.0,0.0,0.0
deepseek_deepseek-v4-pro,REC-neo-inp-010,3,neonate,diagnoses,1,0,0,1,1,1.0,1.0,1.0
deepseek_deepseek-v4-pro,REC-neo-inp-010,3,neonate,medications,1,0,0,1,1,1.0,1.0,1.0
deepseek_deepseek-v4-pro,REC-neo-inp-010,3,neonate,labs,1,0,0,1,1,1.0,1.0,1.0
deepseek_deepseek-v4-pro,REC-neo-inp-010,3,neonate,procedures,1,0,0,1,1,1.0,1.0,1.0
deepseek_deepseek-v4-pro,REC-neo-inp-010,3,neonate,temporal,0,3,2,2,3,0.0,0.0,0.0
deepseek_deepseek-v4-pro,REC-neo-out-001,3,neonate,diagnoses,1,0,0,1,1,1.0,1.0,1.0
deepseek_deepseek-v4-pro,REC-neo-out-001,3,neonate,medications,0,0,0,0,0,0.0,0.0,0.0
deepseek_deepseek-v4-pro,REC-neo-out-001,3,neonate,labs,1,0,0,1,1,1.0,1.0,1.0
deepseek_deepseek-v4-pro,REC-neo-out-001,3,neonate,procedures,1,0,0,1,1,1.0,1.0,1.0
deepseek_deepseek-v4-pro,REC-neo-out-001,3,neonate,temporal,0,3,2,2,3,0.0,0.0,0.0
deepseek_deepseek-v4-pro,REC-neo-out-002,3,neonate,diagnoses,3,1,0,3,4,0.75,1.0,0.8571428571428571
deepseek_deepseek-v4-pro,REC-neo-out-002,3,neonate,medications,0,0,0,0,0,0.0,0.0,0.0
deepseek_deepseek-v4-pro,REC-neo-out-002,3,neonate,labs,1,0,0,1,1,1.0,1.0,1.0
deepseek_deepseek-v4-pro,REC-neo-out-002,3,neonate,procedures,1,1,0,1,2,0.5,1.0,0.6666666666666666
deepseek_deepseek-v4-pro,REC-neo-out-002,3,neonate,temporal,0,3,2,2,3,0.0,0.0,0.0
deepseek_deepseek-v4-pro,REC-neo-out-003,3,neonate,diagnoses,2,0,0,2,2,1.0,1.0,1.0
deepseek_deepseek-v4-pro,REC-neo-out-003,3,neonate,medications,0,0,0,0,0,0.0,0.0,0.0
deepseek_deepseek-v4-pro,REC-neo-out-003,3,neonate,labs,1,0,0,1,1,1.0,1.0,1.0
deepseek_deepseek-v4-pro,REC-neo-out-003,3,neonate,procedures,1,0,0,1,1,1.0,1.0,1.0
deepseek_deepseek-v4-pro,REC-neo-out-003,3,neonate,temporal,0,2,1,1,2,0.0,0.0,0.0
deepseek_deepseek-v4-pro,REC-neo-out-004,3,neonate,diagnoses,2,0,0,2,2,1.0,1.0,1.0
deepseek_deepseek-v4-pro,REC-neo-out-004,3,neonate,medications,0,0,0,0,0,0.0,0.0,0.0
deepseek_deepseek-v4-pro,REC-neo-out-004,3,neonate,labs,1,0,0,1,1,1.0,1.0,1.0
deepseek_deepseek-v4-pro,REC-neo-out-004,3,neonate,procedures,1,0,0,1,1,1.0,1.0,1.0
deepseek_deepseek-v4-pro,REC-neo-out-004,3,neonate,temporal,0,2,3,3,2,0.0,0.0,0.0
deepseek_deepseek-v4-pro,REC-neo-out-005,3,neonate,diagnoses,1,0,0,1,1,1.0,1.0,1.0
deepseek_deepseek-v4-pro,REC-neo-out-005,3,neonate,medications,0,0,0,0,0,0.0,0.0,0.0
deepseek_deepseek-v4-pro,REC-neo-out-005,3,neonate,labs,1,0,0,1,1,1.0,1.0,1.0
deepseek_deepseek-v4-pro,REC-neo-out-005,3,neonate,procedures,1,0,0,1,1,1.0,1.0,1.0
deepseek_deepseek-v4-pro,REC-neo-out-005,3,neonate,temporal,0,2,2,2,2,0.0,0.0,0.0
deepseek_deepseek-v4-pro,REC-neo-out-006,3,neonate,diagnoses,2,0,0,2,2,1.0,1.0,1.0
deepseek_deepseek-v4-pro,REC-neo-out-006,3,neonate,medications,0,0,0,0,0,0.0,0.0,0.0
deepseek_deepseek-v4-pro,REC-neo-out-006,3,neonate,labs,1,0,0,1,1,1.0,1.0,1.0
deepseek_deepseek-v4-pro,REC-neo-out-006,3,neonate,procedures,1,0,0,1,1,1.0,1.0,1.0
deepseek_deepseek-v4-pro,REC-neo-out-006,3,neonate,temporal,0,3,2,2,3,0.0,0.0,0.0
deepseek_deepseek-v4-pro,REC-neo-out-007,3,neonate,diagnoses,3,0,0,3,3,1.0,1.0,1.0
deepseek_deepseek-v4-pro,REC-neo-out-007,3,neonate,medications,0,0,0,0,0,0.0,0.0,0.0
deepseek_deepseek-v4-pro,REC-neo-out-007,3,neonate,labs,1,0,0,1,1,1.0,1.0,1.0
deepseek_deepseek-v4-pro,REC-neo-out-007,3,neonate,procedures,1,1,0,1,2,0.5,1.0,0.6666666666666666
deepseek_deepseek-v4-pro,REC-neo-out-007,3,neonate,temporal,0,3,2,2,3,0.0,0.0,0.0
deepseek_deepseek-v4-pro,REC-neo-out-008,3,neonate,diagnoses,2,0,0,2,2,1.0,1.0,1.0
deepseek_deepseek-v4-pro,REC-neo-out-008,3,neonate,medications,0,0,0,0,0,0.0,0.0,0.0
deepseek_deepseek-v4-pro,REC-neo-out-008,3,neonate,labs,1,0,0,1,1,1.0,1.0,1.0
deepseek_deepseek-v4-pro,REC-neo-out-008,3,neonate,procedures,1,1,0,1,2,0.5,1.0,0.6666666666666666
deepseek_deepseek-v4-pro,REC-neo-out-008,3,neonate,temporal,0,4,3,3,4,0.0,0.0,0.0
deepseek_deepseek-v4-pro,REC-neo-out-009,3,neonate,diagnoses,2,0,0,2,2,1.0,1.0,1.0
deepseek_deepseek-v4-pro,REC-neo-out-009,3,neonate,medications,0,0,0,0,0,0.0,0.0,0.0
deepseek_deepseek-v4-pro,REC-neo-out-009,3,neonate,labs,1,0,0,1,1,1.0,1.0,1.0
deepseek_deepseek-v4-pro,REC-neo-out-009,3,neonate,procedures,1,1,0,1,2,0.5,1.0,0.6666666666666666
deepseek_deepseek-v4-pro,REC-neo-out-009,3,neonate,temporal,0,4,3,3,4,0.0,0.0,0.0
deepseek_deepseek-v4-pro,REC-neo-out-010,3,neonate,diagnoses,2,0,0,2,2,1.0,1.0,1.0
deepseek_deepseek-v4-pro,REC-neo-out-010,3,neonate,medications,0,0,0,0,0,0.0,0.0,0.0
deepseek_deepseek-v4-pro,REC-neo-out-010,3,neonate,labs,1,0,0,1,1,1.0,1.0,1.0
deepseek_deepseek-v4-pro,REC-neo-out-010,3,neonate,procedures,1,1,0,1,2,0.5,1.0,0.6666666666666666
deepseek_deepseek-v4-pro,REC-neo-out-010,3,neonate,temporal,0,4,3,3,4,0.0,0.0,0.0
deepseek_deepseek-v4-pro,REC-ado-eme-001,1,adolescent,diagnoses,2,0,0,2,2,1.0,1.0,1.0
deepseek_deepseek-v4-pro,REC-ado-eme-001,1,adolescent,medications,1,0,0,1,1,1.0,1.0,1.0
deepseek_deepseek-v4-pro,REC-ado-eme-001,1,adolescent,labs,1,0,0,1,1,1.0,1.0,1.0
deepseek_deepseek-v4-pro,REC-ado-eme-001,1,adolescent,procedures,1,0,0,1,1,1.0,1.0,1.0
deepseek_deepseek-v4-pro,REC-ado-eme-001,1,adolescent,temporal,0,0,0,0,0,0.0,0.0,0.0
deepseek_deepseek-v4-pro,REC-ado-eme-002,1,adolescent,diagnoses,2,1,0,2,3,0.6666666666666666,1.0,0.8
deepseek_deepseek-v4-pro,REC-ado-eme-002,1,adolescent,medications,1,0,0,1,1,1.0,1.0,1.0
deepseek_deepseek-v4-pro,REC-ado-eme-002,1,adolescent,labs,0,0,0,0,0,0.0,0.0,0.0
deepseek_deepseek-v4-pro,REC-ado-eme-002,1,adolescent,procedures,1,1,0,1,2,0.5,1.0,0.6666666666666666
deepseek_deepseek-v4-pro,REC-ado-eme-002,1,adolescent,temporal,0,4,2,2,4,0.0,0.0,0.0
deepseek_deepseek-v4-pro,REC-ado-eme-003,1,adolescent,diagnoses,1,1,0,1,2,0.5,1.0,0.6666666666666666
deepseek_deepseek-v4-pro,REC-ado-eme-003,1,adolescent,medications,1,0,0,1,1,1.0,1.0,1.0
deepseek_deepseek-v4-pro,REC-ado-eme-003,1,adolescent,labs,0,0,0,0,0,0.0,0.0,0.0
deepseek_deepseek-v4-pro,REC-ado-eme-003,1,adolescent,procedures,1,0,0,1,1,1.0,1.0,1.0
deepseek_deepseek-v4-pro,REC-ado-eme-003,1,adolescent,temporal,0,3,2,2,3,0.0,0.0,0.0
deepseek_deepseek-v4-pro,REC-ado-eme-004,1,adolescent,diagnoses,2,1,0,2,3,0.6666666666666666,1.0,0.8
deepseek_deepseek-v4-pro,REC-ado-eme-004,1,adolescent,medications,1,0,0,1,1,1.0,1.0,1.0
deepseek_deepseek-v4-pro,REC-ado-eme-004,1,adolescent,labs,1,0,0,1,1,1.0,1.0,1.0
deepseek_deepseek-v4-pro,REC-ado-eme-004,1,adolescent,procedures,1,1,0,1,2,0.5,1.0,0.6666666666666666
deepseek_deepseek-v4-pro,REC-ado-eme-004,1,adolescent,temporal,0,3,2,2,3,0.0,0.0,0.0
deepseek_deepseek-v4-pro,REC-ado-eme-005,1,adolescent,diagnoses,2,0,0,2,2,1.0,1.0,1.0
deepseek_deepseek-v4-pro,REC-ado-eme-005,1,adolescent,medications,1,0,0,1,1,1.0,1.0,1.0
deepseek_deepseek-v4-pro,REC-ado-eme-005,1,adolescent,labs,0,0,0,0,0,0.0,0.0,0.0
deepseek_deepseek-v4-pro,REC-ado-eme-005,1,adolescent,procedures,1,0,0,1,1,1.0,1.0,1.0
deepseek_deepseek-v4-pro,REC-ado-eme-005,1,adolescent,temporal,0,4,1,1,4,0.0,0.0,0.0
deepseek_deepseek-v4-pro,REC-ado-eme-006,1,adolescent,diagnoses,2,1,0,2,3,0.6666666666666666,1.0,0.8
deepseek_deepseek-v4-pro,REC-ado-eme-006,1,adolescent,medications,1,0,0,1,1,1.0,1.0,1.0
deepseek_deepseek-v4-pro,REC-ado-eme-006,1,adolescent,labs,0,0,0,0,0,0.0,0.0,0.0
deepseek_deepseek-v4-pro,REC-ado-eme-006,1,adolescent,procedures,1,0,0,1,1,1.0,1.0,1.0
deepseek_deepseek-v4-pro,REC-ado-eme-006,1,adolescent,temporal,0,1,2,2,1,0.0,0.0,0.0
deepseek_deepseek-v4-pro,REC-ado-eme-007,1,adolescent,diagnoses,3,0,0,3,3,1.0,1.0,1.0
deepseek_deepseek-v4-pro,REC-ado-eme-007,1,adolescent,medications,1,0,0,1,1,1.0,1.0,1.0
deepseek_deepseek-v4-pro,REC-ado-eme-007,1,adolescent,labs,1,0,0,1,1,1.0,1.0,1.0
deepseek_deepseek-v4-pro,REC-ado-eme-007,1,adolescent,procedures,1,0,0,1,1,1.0,1.0,1.0
deepseek_deepseek-v4-pro,REC-ado-eme-007,1,adolescent,temporal,0,2,1,1,2,0.0,0.0,0.0
deepseek_deepseek-v4-pro,REC-ado-eme-008,1,adolescent,diagnoses,2,0,0,2,2,1.0,1.0,1.0
deepseek_deepseek-v4-pro,REC-ado-eme-008,1,adolescent,medications,1,0,0,1,1,1.0,1.0,1.0
deepseek_deepseek-v4-pro,REC-ado-eme-008,1,adolescent,labs,0,0,0,0,0,0.0,0.0,0.0
deepseek_deepseek-v4-pro,REC-ado-eme-008,1,adolescent,procedures,1,0,0,1,1,1.0,1.0,1.0
deepseek_deepseek-v4-pro,REC-ado-eme-008,1,adolescent,temporal,0,3,2,2,3,0.0,0.0,0.0
deepseek_deepseek-v4-pro,REC-ado-eme-009,1,adolescent,diagnoses,2,0,0,2,2,1.0,1.0,1.0
deepseek_deepseek-v4-pro,REC-ado-eme-009,1,adolescent,medications,1,0,0,1,1,1.0,1.0,1.0
deepseek_deepseek-v4-pro,REC-ado-eme-009,1,adolescent,labs,0,0,0,0,0,0.0,0.0,0.0
deepseek_deepseek-v4-pro,REC-ado-eme-009,1,adolescent,procedures,1,1,0,1,2,0.5,1.0,0.6666666666666666
deepseek_deepseek-v4-pro,REC-ado-eme-009,1,adolescent,temporal,0,2,2,2,2,0.0,0.0,0.0
deepseek_deepseek-v4-pro,REC-ado-eme-010,1,adolescent,diagnoses,1,1,0,1,2,0.5,1.0,0.6666666666666666
deepseek_deepseek-v4-pro,REC-ado-eme-010,1,adolescent,medications,1,0,0,1,1,1.0,1.0,1.0
deepseek_deepseek-v4-pro,REC-ado-eme-010,1,adolescent,labs,1,0,0,1,1,1.0,1.0,1.0
deepseek_deepseek-v4-pro,REC-ado-eme-010,1,adolescent,procedures,1,1,0,1,2,0.5,1.0,0.6666666666666666
deepseek_deepseek-v4-pro,REC-ado-eme-010,1,adolescent,temporal,0,6,3,3,6,0.0,0.0,0.0
deepseek_deepseek-v4-pro,REC-ado-icu-001,1,adolescent,diagnoses,1,0,0,1,1,1.0,1.0,1.0
deepseek_deepseek-v4-pro,REC-ado-icu-001,1,adolescent,medications,1,0,0,1,1,1.0,1.0,1.0
deepseek_deepseek-v4-pro,REC-ado-icu-001,1,adolescent,labs,1,0,0,1,1,1.0,1.0,1.0
deepseek_deepseek-v4-pro,REC-ado-icu-001,1,adolescent,procedures,1,1,0,1,2,0.5,1.0,0.6666666666666666
deepseek_deepseek-v4-pro,REC-ado-icu-001,1,adolescent,temporal,0,5,1,1,5,0.0,0.0,0.0
deepseek_deepseek-v4-pro,REC-ado-icu-002,1,adolescent,diagnoses,2,0,0,2,2,1.0,1.0,1.0
deepseek_deepseek-v4-pro,REC-ado-icu-002,1,adolescent,medications,1,0,0,1,1,1.0,1.0,1.0
deepseek_deepseek-v4-pro,REC-ado-icu-002,1,adolescent,labs,1,0,0,1,1,1.0,1.0,1.0
deepseek_deepseek-v4-pro,REC-ado-icu-002,1,adolescent,procedures,1,1,0,1,2,0.5,1.0,0.6666666666666666
deepseek_deepseek-v4-pro,REC-ado-icu-002,1,adolescent,temporal,0,4,1,1,4,0.0,0.0,0.0
deepseek_deepseek-v4-pro,REC-ado-icu-003,1,adolescent,diagnoses,2,1,0,2,3,0.6666666666666666,1.0,0.8
deepseek_deepseek-v4-pro,REC-ado-icu-003,1,adolescent,medications,1,0,0,1,1,1.0,1.0,1.0
deepseek_deepseek-v4-pro,REC-ado-icu-003,1,adolescent,labs,1,0,0,1,1,1.0,1.0,1.0
deepseek_deepseek-v4-pro,REC-ado-icu-003,1,adolescent,procedures,1,1,0,1,2,0.5,1.0,0.6666666666666666
deepseek_deepseek-v4-pro,REC-ado-icu-003,1,adolescent,temporal,0,3,2,2,3,0.0,0.0,0.0
deepseek_deepseek-v4-pro,REC-ado-icu-004,1,adolescent,diagnoses,2,0,0,2,2,1.0,1.0,1.0
deepseek_deepseek-v4-pro,REC-ado-icu-004,1,adolescent,medications,1,0,0,1,1,1.0,1.0,1.0
deepseek_deepseek-v4-pro,REC-ado-icu-004,1,adolescent,labs,1,0,0,1,1,1.0,1.0,1.0
deepseek_deepseek-v4-pro,REC-ado-icu-004,1,adolescent,procedures,1,1,0,1,2,0.5,1.0,0.6666666666666666
deepseek_deepseek-v4-pro,REC-ado-icu-004,1,adolescent,temporal,0,3,2,2,3,0.0,0.0,0.0
deepseek_deepseek-v4-pro,REC-ado-icu-005,1,adolescent,diagnoses,2,1,0,2,3,0.6666666666666666,1.0,0.8
deepseek_deepseek-v4-pro,REC-ado-icu-005,1,adolescent,medications,1,0,0,1,1,1.0,1.0,1.0
deepseek_deepseek-v4-pro,REC-ado-icu-005,1,adolescent,labs,1,0,0,1,1,1.0,1.0,1.0
deepseek_deepseek-v4-pro,REC-ado-icu-005,1,adolescent,procedures,1,1,0,1,2,0.5,1.0,0.6666666666666666
deepseek_deepseek-v4-pro,REC-ado-icu-005,1,adolescent,temporal,0,3,2,2,3,0.0,0.0,0.0
deepseek_deepseek-v4-pro,REC-ado-icu-006,1,adolescent,diagnoses,2,1,0,2,3,0.6666666666666666,1.0,0.8
deepseek_deepseek-v4-pro,REC-ado-icu-006,1,adolescent,medications,1,0,0,1,1,1.0,1.0,1.0
deepseek_deepseek-v4-pro,REC-ado-icu-006,1,adolescent,labs,1,0,0,1,1,1.0,1.0,1.0
deepseek_deepseek-v4-pro,REC-ado-icu-006,1,adolescent,procedures,1,0,0,1,1,1.0,1.0,1.0
deepseek_deepseek-v4-pro,REC-ado-icu-006,1,adolescent,temporal,0,3,1,1,3,0.0,0.0,0.0
deepseek_deepseek-v4-pro,REC-ado-icu-007,1,adolescent,diagnoses,1,1,0,1,2,0.5,1.0,0.6666666666666666
deepseek_deepseek-v4-pro,REC-ado-icu-007,1,adolescent,medications,1,0,0,1,1,1.0,1.0,1.0
deepseek_deepseek-v4-pro,REC-ado-icu-007,1,adolescent,labs,1,0,0,1,1,1.0,1.0,1.0
deepseek_deepseek-v4-pro,REC-ado-icu-007,1,adolescent,procedures,1,1,0,1,2,0.5,1.0,0.6666666666666666
deepseek_deepseek-v4-pro,REC-ado-icu-007,1,adolescent,temporal,0,6,2,2,6,0.0,0.0,0.0
deepseek_deepseek-v4-pro,REC-ado-icu-008,1,adolescent,diagnoses,1,1,0,1,2,0.5,1.0,0.6666666666666666
deepseek_deepseek-v4-pro,REC-ado-icu-008,1,adolescent,medications,1,0,0,1,1,1.0,1.0,1.0
deepseek_deepseek-v4-pro,REC-ado-icu-008,1,adolescent,labs,1,0,0,1,1,1.0,1.0,1.0
deepseek_deepseek-v4-pro,REC-ado-icu-008,1,adolescent,procedures,1,0,0,1,1,1.0,1.0,1.0
deepseek_deepseek-v4-pro,REC-ado-icu-008,1,adolescent,temporal,0,1,2,2,1,0.0,0.0,0.0
deepseek_deepseek-v4-pro,REC-ado-icu-009,1,adolescent,diagnoses,2,0,0,2,2,1.0,1.0,1.0
deepseek_deepseek-v4-pro,REC-ado-icu-009,1,adolescent,medications,1,0,0,1,1,1.0,1.0,1.0
deepseek_deepseek-v4-pro,REC-ado-icu-009,1,adolescent,labs,1,0,0,1,1,1.0,1.0,1.0
deepseek_deepseek-v4-pro,REC-ado-icu-009,1,adolescent,procedures,1,0,0,1,1,1.0,1.0,1.0
deepseek_deepseek-v4-pro,REC-ado-icu-009,1,adolescent,temporal,0,2,1,1,2,0.0,0.0,0.0
deepseek_deepseek-v4-pro,REC-ado-icu-010,1,adolescent,diagnoses,0,0,2,2,0,0.0,0.0,0.0
deepseek_deepseek-v4-pro,REC-ado-icu-010,1,adolescent,medications,0,0,1,1,0,0.0,0.0,0.0
deepseek_deepseek-v4-pro,REC-ado-icu-010,1,adolescent,labs,0,0,1,1,0,0.0,0.0,0.0
deepseek_deepseek-v4-pro,REC-ado-icu-010,1,adolescent,procedures,0,0,1,1,0,0.0,0.0,0.0
deepseek_deepseek-v4-pro,REC-ado-icu-010,1,adolescent,temporal,0,0,1,1,0,0.0,0.0,0.0
deepseek_deepseek-v4-pro,REC-ado-inp-001,1,adolescent,diagnoses,2,0,0,2,2,1.0,1.0,1.0
deepseek_deepseek-v4-pro,REC-ado-inp-001,1,adolescent,medications,1,0,0,1,1,1.0,1.0,1.0
deepseek_deepseek-v4-pro,REC-ado-inp-001,1,adolescent,labs,1,0,0,1,1,1.0,1.0,1.0
deepseek_deepseek-v4-pro,REC-ado-inp-001,1,adolescent,procedures,1,1,0,1,2,0.5,1.0,0.6666666666666666
deepseek_deepseek-v4-pro,REC-ado-inp-001,1,adolescent,temporal,0,3,2,2,3,0.0,0.0,0.0
deepseek_deepseek-v4-pro,REC-ado-inp-002,1,adolescent,diagnoses,2,0,0,2,2,1.0,1.0,1.0
deepseek_deepseek-v4-pro,REC-ado-inp-002,1,adolescent,medications,1,0,0,1,1,1.0,1.0,1.0
deepseek_deepseek-v4-pro,REC-ado-inp-002,1,adolescent,labs,0,0,0,0,0,0.0,0.0,0.0
deepseek_deepseek-v4-pro,REC-ado-inp-002,1,adolescent,procedures,1,0,0,1,1,1.0,1.0,1.0
deepseek_deepseek-v4-pro,REC-ado-inp-002,1,adolescent,temporal,0,4,2,2,4,0.0,0.0,0.0
deepseek_deepseek-v4-pro,REC-ado-inp-003,1,adolescent,diagnoses,2,1,0,2,3,0.6666666666666666,1.0,0.8
deepseek_deepseek-v4-pro,REC-ado-inp-003,1,adolescent,medications,1,0,0,1,1,1.0,1.0,1.0
deepseek_deepseek-v4-pro,REC-ado-inp-003,1,adolescent,labs,0,0,0,0,0,0.0,0.0,0.0
deepseek_deepseek-v4-pro,REC-ado-inp-003,1,adolescent,procedures,1,1,0,1,2,0.5,1.0,0.6666666666666666
deepseek_deepseek-v4-pro,REC-ado-inp-003,1,adolescent,temporal,0,3,2,2,3,0.0,0.0,0.0
deepseek_deepseek-v4-pro,REC-ado-inp-004,1,adolescent,diagnoses,3,1,0,3,4,0.75,1.0,0.8571428571428571
deepseek_deepseek-v4-pro,REC-ado-inp-004,1,adolescent,medications,1,0,0,1,1,1.0,1.0,1.0
deepseek_deepseek-v4-pro,REC-ado-inp-004,1,adolescent,labs,1,0,0,1,1,1.0,1.0,1.0
deepseek_deepseek-v4-pro,REC-ado-inp-004,1,adolescent,procedures,1,0,0,1,1,1.0,1.0,1.0
deepseek_deepseek-v4-pro,REC-ado-inp-004,1,adolescent,temporal,0,5,1,1,5,0.0,0.0,0.0
deepseek_deepseek-v4-pro,REC-ado-inp-005,1,adolescent,diagnoses,2,0,0,2,2,1.0,1.0,1.0
deepseek_deepseek-v4-pro,REC-ado-inp-005,1,adolescent,medications,1,0,0,1,1,1.0,1.0,1.0
deepseek_deepseek-v4-pro,REC-ado-inp-005,1,adolescent,labs,0,0,0,0,0,0.0,0.0,0.0
deepseek_deepseek-v4-pro,REC-ado-inp-005,1,adolescent,procedures,1,0,0,1,1,1.0,1.0,1.0
deepseek_deepseek-v4-pro,REC-ado-inp-005,1,adolescent,temporal,0,3,2,2,3,0.0,0.0,0.0
deepseek_deepseek-v4-pro,REC-ado-inp-006,1,adolescent,diagnoses,2,1,0,2,3,0.6666666666666666,1.0,0.8
deepseek_deepseek-v4-pro,REC-ado-inp-006,1,adolescent,medications,1,0,0,1,1,1.0,1.0,1.0
deepseek_deepseek-v4-pro,REC-ado-inp-006,1,adolescent,labs,0,0,0,0,0,0.0,0.0,0.0
deepseek_deepseek-v4-pro,REC-ado-inp-006,1,adolescent,procedures,1,0,0,1,1,1.0,1.0,1.0
deepseek_deepseek-v4-pro,REC-ado-inp-006,1,adolescent,temporal,0,1,2,2,1,0.0,0.0,0.0
deepseek_deepseek-v4-pro,REC-ado-inp-007,1,adolescent,diagnoses,1,0,0,1,1,1.0,1.0,1.0
deepseek_deepseek-v4-pro,REC-ado-inp-007,1,adolescent,medications,1,0,0,1,1,1.0,1.0,1.0
deepseek_deepseek-v4-pro,REC-ado-inp-007,1,adolescent,labs,1,0,0,1,1,1.0,1.0,1.0
deepseek_deepseek-v4-pro,REC-ado-inp-007,1,adolescent,procedures,1,0,0,1,1,1.0,1.0,1.0
deepseek_deepseek-v4-pro,REC-ado-inp-007,1,adolescent,temporal,0,2,1,1,2,0.0,0.0,0.0
deepseek_deepseek-v4-pro,REC-ado-inp-008,1,adolescent,diagnoses,2,1,0,2,3,0.6666666666666666,1.0,0.8
deepseek_deepseek-v4-pro,REC-ado-inp-008,1,adolescent,medications,1,0,0,1,1,1.0,1.0,1.0
deepseek_deepseek-v4-pro,REC-ado-inp-008,1,adolescent,labs,0,0,0,0,0,0.0,0.0,0.0
deepseek_deepseek-v4-pro,REC-ado-inp-008,1,adolescent,procedures,1,0,0,1,1,1.0,1.0,1.0
deepseek_deepseek-v4-pro,REC-ado-inp-008,1,adolescent,temporal,0,4,1,1,4,0.0,0.0,0.0
deepseek_deepseek-v4-pro,REC-ado-inp-009,1,adolescent,diagnoses,2,0,0,2,2,1.0,1.0,1.0
deepseek_deepseek-v4-pro,REC-ado-inp-009,1,adolescent,medications,1,0,0,1,1,1.0,1.0,1.0
deepseek_deepseek-v4-pro,REC-ado-inp-009,1,adolescent,labs,0,0,0,0,0,0.0,0.0,0.0
deepseek_deepseek-v4-pro,REC-ado-inp-009,1,adolescent,procedures,1,0,0,1,1,1.0,1.0,1.0
deepseek_deepseek-v4-pro,REC-ado-inp-009,1,adolescent,temporal,0,4,0,0,4,0.0,0.0,0.0
deepseek_deepseek-v4-pro,REC-ado-inp-010,1,adolescent,diagnoses,1,1,0,1,2,0.5,1.0,0.6666666666666666
deepseek_deepseek-v4-pro,REC-ado-inp-010,1,adolescent,medications,1,0,0,1,1,1.0,1.0,1.0
deepseek_deepseek-v4-pro,REC-ado-inp-010,1,adolescent,labs,1,0,0,1,1,1.0,1.0,1.0
deepseek_deepseek-v4-pro,REC-ado-inp-010,1,adolescent,procedures,1,0,0,1,1,1.0,1.0,1.0
deepseek_deepseek-v4-pro,REC-ado-inp-010,1,adolescent,temporal,0,4,1,1,4,0.0,0.0,0.0
deepseek_deepseek-v4-pro,REC-ado-out-001,1,adolescent,diagnoses,3,0,0,3,3,1.0,1.0,1.0
deepseek_deepseek-v4-pro,REC-ado-out-001,1,adolescent,medications,1,0,0,1,1,1.0,1.0,1.0
deepseek_deepseek-v4-pro,REC-ado-out-001,1,adolescent,labs,0,0,0,0,0,0.0,0.0,0.0
deepseek_deepseek-v4-pro,REC-ado-out-001,1,adolescent,procedures,1,0,0,1,1,1.0,1.0,1.0
deepseek_deepseek-v4-pro,REC-ado-out-001,1,adolescent,temporal,0,2,0,0,2,0.0,0.0,0.0
deepseek_deepseek-v4-pro,REC-ado-out-002,1,adolescent,diagnoses,2,0,0,2,2,1.0,1.0,1.0
deepseek_deepseek-v4-pro,REC-ado-out-002,1,adolescent,medications,1,0,0,1,1,1.0,1.0,1.0
deepseek_deepseek-v4-pro,REC-ado-out-002,1,adolescent,labs,0,0,0,0,0,0.0,0.0,0.0
deepseek_deepseek-v4-pro,REC-ado-out-002,1,adolescent,procedures,1,1,0,1,2,0.5,1.0,0.6666666666666666
deepseek_deepseek-v4-pro,REC-ado-out-002,1,adolescent,temporal,0,3,2,2,3,0.0,0.0,0.0
deepseek_deepseek-v4-pro,REC-ado-out-003,1,adolescent,diagnoses,2,0,0,2,2,1.0,1.0,1.0
deepseek_deepseek-v4-pro,REC-ado-out-003,1,adolescent,medications,1,0,0,1,1,1.0,1.0,1.0
deepseek_deepseek-v4-pro,REC-ado-out-003,1,adolescent,labs,0,0,0,0,0,0.0,0.0,0.0
deepseek_deepseek-v4-pro,REC-ado-out-003,1,adolescent,procedures,1,0,0,1,1,1.0,1.0,1.0
deepseek_deepseek-v4-pro,REC-ado-out-003,1,adolescent,temporal,0,1,1,1,1,0.0,0.0,0.0
deepseek_deepseek-v4-pro,REC-ado-out-004,1,adolescent,diagnoses,1,0,0,1,1,1.0,1.0,1.0
deepseek_deepseek-v4-pro,REC-ado-out-004,1,adolescent,medications,1,0,0,1,1,1.0,1.0,1.0
deepseek_deepseek-v4-pro,REC-ado-out-004,1,adolescent,labs,0,0,0,0,0,0.0,0.0,0.0
deepseek_deepseek-v4-pro,REC-ado-out-004,1,adolescent,procedures,1,0,0,1,1,1.0,1.0,1.0
deepseek_deepseek-v4-pro,REC-ado-out-004,1,adolescent,temporal,0,2,1,1,2,0.0,0.0,0.0
deepseek_deepseek-v4-pro,REC-ado-out-005,1,adolescent,diagnoses,2,0,0,2,2,1.0,1.0,1.0
deepseek_deepseek-v4-pro,REC-ado-out-005,1,adolescent,medications,1,0,0,1,1,1.0,1.0,1.0
deepseek_deepseek-v4-pro,REC-ado-out-005,1,adolescent,labs,0,0,0,0,0,0.0,0.0,0.0
deepseek_deepseek-v4-pro,REC-ado-out-005,1,adolescent,procedures,1,1,0,1,2,0.5,1.0,0.6666666666666666
deepseek_deepseek-v4-pro,REC-ado-out-005,1,adolescent,temporal,0,2,1,1,2,0.0,0.0,0.0
deepseek_deepseek-v4-pro,REC-ado-out-006,1,adolescent,diagnoses,1,0,0,1,1,1.0,1.0,1.0
deepseek_deepseek-v4-pro,REC-ado-out-006,1,adolescent,medications,1,0,0,1,1,1.0,1.0,1.0
deepseek_deepseek-v4-pro,REC-ado-out-006,1,adolescent,labs,0,0,0,0,0,0.0,0.0,0.0
deepseek_deepseek-v4-pro,REC-ado-out-006,1,adolescent,procedures,1,0,0,1,1,1.0,1.0,1.0
deepseek_deepseek-v4-pro,REC-ado-out-006,1,adolescent,temporal,0,1,1,1,1,0.0,0.0,0.0
deepseek_deepseek-v4-pro,REC-ado-out-007,1,adolescent,diagnoses,2,0,0,2,2,1.0,1.0,1.0
deepseek_deepseek-v4-pro,REC-ado-out-007,1,adolescent,medications,1,0,0,1,1,1.0,1.0,1.0
deepseek_deepseek-v4-pro,REC-ado-out-007,1,adolescent,labs,0,0,0,0,0,0.0,0.0,0.0
deepseek_deepseek-v4-pro,REC-ado-out-007,1,adolescent,procedures,1,0,0,1,1,1.0,1.0,1.0
deepseek_deepseek-v4-pro,REC-ado-out-007,1,adolescent,temporal,0,3,2,2,3,0.0,0.0,0.0
deepseek_deepseek-v4-pro,REC-ado-out-008,1,adolescent,diagnoses,1,0,0,1,1,1.0,1.0,1.0
deepseek_deepseek-v4-pro,REC-ado-out-008,1,adolescent,medications,1,0,0,1,1,1.0,1.0,1.0
deepseek_deepseek-v4-pro,REC-ado-out-008,1,adolescent,labs,0,0,0,0,0,0.0,0.0,0.0
deepseek_deepseek-v4-pro,REC-ado-out-008,1,adolescent,procedures,1,0,0,1,1,1.0,1.0,1.0
deepseek_deepseek-v4-pro,REC-ado-out-008,1,adolescent,temporal,0,1,1,1,1,0.0,0.0,0.0
deepseek_deepseek-v4-pro,REC-ado-out-009,1,adolescent,diagnoses,2,1,0,2,3,0.6666666666666666,1.0,0.8
deepseek_deepseek-v4-pro,REC-ado-out-009,1,adolescent,medications,1,0,0,1,1,1.0,1.0,1.0
deepseek_deepseek-v4-pro,REC-ado-out-009,1,adolescent,labs,0,0,0,0,0,0.0,0.0,0.0
deepseek_deepseek-v4-pro,REC-ado-out-009,1,adolescent,procedures,1,1,0,1,2,0.5,1.0,0.6666666666666666
deepseek_deepseek-v4-pro,REC-ado-out-009,1,adolescent,temporal,0,4,2,2,4,0.0,0.0,0.0
deepseek_deepseek-v4-pro,REC-ado-out-010,1,adolescent,diagnoses,2,0,0,2,2,1.0,1.0,1.0
deepseek_deepseek-v4-pro,REC-ado-out-010,1,adolescent,medications,1,0,0,1,1,1.0,1.0,1.0
deepseek_deepseek-v4-pro,REC-ado-out-010,1,adolescent,labs,0,0,0,0,0,0.0,0.0,0.0
deepseek_deepseek-v4-pro,REC-ado-out-010,1,adolescent,procedures,1,0,0,1,1,1.0,1.0,1.0
deepseek_deepseek-v4-pro,REC-ado-out-010,1,adolescent,temporal,0,1,1,1,1,0.0,0.0,0.0
deepseek_deepseek-v4-pro,REC-chi-eme-001,1,child,diagnoses,2,0,0,2,2,1.0,1.0,1.0
deepseek_deepseek-v4-pro,REC-chi-eme-001,1,child,medications,1,0,0,1,1,1.0,1.0,1.0
deepseek_deepseek-v4-pro,REC-chi-eme-001,1,child,labs,0,0,0,0,0,0.0,0.0,0.0
deepseek_deepseek-v4-pro,REC-chi-eme-001,1,child,procedures,1,1,0,1,2,0.5,1.0,0.6666666666666666
deepseek_deepseek-v4-pro,REC-chi-eme-001,1,child,temporal,0,3,2,2,3,0.0,0.0,0.0
deepseek_deepseek-v4-pro,REC-chi-eme-002,1,child,diagnoses,0,0,2,2,0,0.0,0.0,0.0
deepseek_deepseek-v4-pro,REC-chi-eme-002,1,child,medications,0,0,1,1,0,0.0,0.0,0.0
deepseek_deepseek-v4-pro,REC-chi-eme-002,1,child,labs,0,0,1,1,0,0.0,0.0,0.0
deepseek_deepseek-v4-pro,REC-chi-eme-002,1,child,procedures,0,0,1,1,0,0.0,0.0,0.0
deepseek_deepseek-v4-pro,REC-chi-eme-002,1,child,temporal,0,0,0,0,0,0.0,0.0,0.0
deepseek_deepseek-v4-pro,REC-chi-eme-003,1,child,diagnoses,1,0,0,1,1,1.0,1.0,1.0
deepseek_deepseek-v4-pro,REC-chi-eme-003,1,child,medications,1,0,0,1,1,1.0,1.0,1.0
deepseek_deepseek-v4-pro,REC-chi-eme-003,1,child,labs,1,0,0,1,1,1.0,1.0,1.0
deepseek_deepseek-v4-pro,REC-chi-eme-003,1,child,procedures,1,0,0,1,1,1.0,1.0,1.0
deepseek_deepseek-v4-pro,REC-chi-eme-003,1,child,temporal,0,4,1,1,4,0.0,0.0,0.0
deepseek_deepseek-v4-pro,REC-chi-eme-004,1,child,diagnoses,2,1,0,2,3,0.6666666666666666,1.0,0.8
deepseek_deepseek-v4-pro,REC-chi-eme-004,1,child,medications,1,0,0,1,1,1.0,1.0,1.0
deepseek_deepseek-v4-pro,REC-chi-eme-004,1,child,labs,0,0,0,0,0,0.0,0.0,0.0
deepseek_deepseek-v4-pro,REC-chi-eme-004,1,child,procedures,1,0,0,1,1,1.0,1.0,1.0
deepseek_deepseek-v4-pro,REC-chi-eme-004,1,child,temporal,0,3,2,2,3,0.0,0.0,0.0
deepseek_deepseek-v4-pro,REC-chi-eme-005,1,child,diagnoses,2,0,0,2,2,1.0,1.0,1.0
deepseek_deepseek-v4-pro,REC-chi-eme-005,1,child,medications,1,0,0,1,1,1.0,1.0,1.0
deepseek_deepseek-v4-pro,REC-chi-eme-005,1,child,labs,1,0,0,1,1,1.0,1.0,1.0
deepseek_deepseek-v4-pro,REC-chi-eme-005,1,child,procedures,1,0,0,1,1,1.0,1.0,1.0
deepseek_deepseek-v4-pro,REC-chi-eme-005,1,child,temporal,0,0,0,0,0,0.0,0.0,0.0
deepseek_deepseek-v4-pro,REC-chi-eme-006,1,child,diagnoses,2,0,0,2,2,1.0,1.0,1.0
deepseek_deepseek-v4-pro,REC-chi-eme-006,1,child,medications,1,0,0,1,1,1.0,1.0,1.0
deepseek_deepseek-v4-pro,REC-chi-eme-006,1,child,labs,1,0,0,1,1,1.0,1.0,1.0
deepseek_deepseek-v4-pro,REC-chi-eme-006,1,child,procedures,1,0,0,1,1,1.0,1.0,1.0
deepseek_deepseek-v4-pro,REC-chi-eme-006,1,child,temporal,0,0,0,0,0,0.0,0.0,0.0
deepseek_deepseek-v4-pro,REC-chi-eme-007,1,child,diagnoses,2,1,0,2,3,0.6666666666666666,1.0,0.8
deepseek_deepseek-v4-pro,REC-chi-eme-007,1,child,medications,1,0,0,1,1,1.0,1.0,1.0
deepseek_deepseek-v4-pro,REC-chi-eme-007,1,child,labs,0,0,0,0,0,0.0,0.0,0.0
deepseek_deepseek-v4-pro,REC-chi-eme-007,1,child,procedures,1,0,0,1,1,1.0,1.0,1.0
deepseek_deepseek-v4-pro,REC-chi-eme-007,1,child,temporal,0,1,2,2,1,0.0,0.0,0.0
deepseek_deepseek-v4-pro,REC-chi-eme-008,1,child,diagnoses,2,0,0,2,2,1.0,1.0,1.0
deepseek_deepseek-v4-pro,REC-chi-eme-008,1,child,medications,1,0,0,1,1,1.0,1.0,1.0
deepseek_deepseek-v4-pro,REC-chi-eme-008,1,child,labs,1,0,0,1,1,1.0,1.0,1.0
deepseek_deepseek-v4-pro,REC-chi-eme-008,1,child,procedures,1,0,0,1,1,1.0,1.0,1.0
deepseek_deepseek-v4-pro,REC-chi-eme-008,1,child,temporal,0,3,0,0,3,0.0,0.0,0.0
deepseek_deepseek-v4-pro,REC-chi-eme-009,1,child,diagnoses,2,1,0,2,3,0.6666666666666666,1.0,0.8
deepseek_deepseek-v4-pro,REC-chi-eme-009,1,child,medications,1,0,0,1,1,1.0,1.0,1.0
deepseek_deepseek-v4-pro,REC-chi-eme-009,1,child,labs,1,0,0,1,1,1.0,1.0,1.0
deepseek_deepseek-v4-pro,REC-chi-eme-009,1,child,procedures,1,0,0,1,1,1.0,1.0,1.0
deepseek_deepseek-v4-pro,REC-chi-eme-009,1,child,temporal,0,3,2,2,3,0.0,0.0,0.0
deepseek_deepseek-v4-pro,REC-chi-eme-010,1,child,diagnoses,3,0,0,3,3,1.0,1.0,1.0
deepseek_deepseek-v4-pro,REC-chi-eme-010,1,child,medications,1,0,0,1,1,1.0,1.0,1.0
deepseek_deepseek-v4-pro,REC-chi-eme-010,1,child,labs,0,0,0,0,0,0.0,0.0,0.0
deepseek_deepseek-v4-pro,REC-chi-eme-010,1,child,procedures,1,0,0,1,1,1.0,1.0,1.0
deepseek_deepseek-v4-pro,REC-chi-eme-010,1,child,temporal,0,3,0,0,3,0.0,0.0,0.0
deepseek_deepseek-v4-pro,REC-chi-icu-001,1,child,diagnoses,1,0,0,1,1,1.0,1.0,1.0
deepseek_deepseek-v4-pro,REC-chi-icu-001,1,child,medications,1,0,0,1,1,1.0,1.0,1.0
deepseek_deepseek-v4-pro,REC-chi-icu-001,1,child,labs,0,0,0,0,0,0.0,0.0,0.0
deepseek_deepseek-v4-pro,REC-chi-icu-001,1,child,procedures,1,0,0,1,1,1.0,1.0,1.0
deepseek_deepseek-v4-pro,REC-chi-icu-001,1,child,temporal,0,1,1,1,1,0.0,0.0,0.0
deepseek_deepseek-v4-pro,REC-chi-icu-002,1,child,diagnoses,1,1,0,1,2,0.5,1.0,0.6666666666666666
deepseek_deepseek-v4-pro,REC-chi-icu-002,1,child,medications,1,0,0,1,1,1.0,1.0,1.0
deepseek_deepseek-v4-pro,REC-chi-icu-002,1,child,labs,1,0,0,1,1,1.0,1.0,1.0
deepseek_deepseek-v4-pro,REC-chi-icu-002,1,child,procedures,1,0,0,1,1,1.0,1.0,1.0
deepseek_deepseek-v4-pro,REC-chi-icu-002,1,child,temporal,0,4,2,2,4,0.0,0.0,0.0
deepseek_deepseek-v4-pro,REC-chi-icu-003,1,child,diagnoses,2,0,0,2,2,1.0,1.0,1.0
deepseek_deepseek-v4-pro,REC-chi-icu-003,1,child,medications,1,0,0,1,1,1.0,1.0,1.0
deepseek_deepseek-v4-pro,REC-chi-icu-003,1,child,labs,0,0,0,0,0,0.0,0.0,0.0
deepseek_deepseek-v4-pro,REC-chi-icu-003,1,child,procedures,1,0,0,1,1,1.0,1.0,1.0
deepseek_deepseek-v4-pro,REC-chi-icu-003,1,child,temporal,0,2,1,1,2,0.0,0.0,0.0
deepseek_deepseek-v4-pro,REC-chi-icu-004,1,child,diagnoses,2,1,0,2,3,0.6666666666666666,1.0,0.8
deepseek_deepseek-v4-pro,REC-chi-icu-004,1,child,medications,1,0,0,1,1,1.0,1.0,1.0
deepseek_deepseek-v4-pro,REC-chi-icu-004,1,child,labs,1,0,0,1,1,1.0,1.0,1.0
deepseek_deepseek-v4-pro,REC-chi-icu-004,1,child,procedures,1,0,0,1,1,1.0,1.0,1.0
deepseek_deepseek-v4-pro,REC-chi-icu-004,1,child,temporal,0,3,1,1,3,0.0,0.0,0.0
deepseek_deepseek-v4-pro,REC-chi-icu-005,1,child,diagnoses,2,1,0,2,3,0.6666666666666666,1.0,0.8
deepseek_deepseek-v4-pro,REC-chi-icu-005,1,child,medications,1,0,0,1,1,1.0,1.0,1.0
deepseek_deepseek-v4-pro,REC-chi-icu-005,1,child,labs,0,0,0,0,0,0.0,0.0,0.0
deepseek_deepseek-v4-pro,REC-chi-icu-005,1,child,procedures,1,1,0,1,2,0.5,1.0,0.6666666666666666
deepseek_deepseek-v4-pro,REC-chi-icu-005,1,child,temporal,0,4,2,2,4,0.0,0.0,0.0
deepseek_deepseek-v4-pro,REC-chi-icu-006,1,child,diagnoses,1,0,0,1,1,1.0,1.0,1.0
deepseek_deepseek-v4-pro,REC-chi-icu-006,1,child,medications,1,0,0,1,1,1.0,1.0,1.0
deepseek_deepseek-v4-pro,REC-chi-icu-006,1,child,labs,1,0,0,1,1,1.0,1.0,1.0
deepseek_deepseek-v4-pro,REC-chi-icu-006,1,child,procedures,1,0,0,1,1,1.0,1.0,1.0
deepseek_deepseek-v4-pro,REC-chi-icu-006,1,child,temporal,0,4,2,2,4,0.0,0.0,0.0
deepseek_deepseek-v4-pro,REC-chi-icu-007,1,child,diagnoses,1,0,0,1,1,1.0,1.0,1.0
deepseek_deepseek-v4-pro,REC-chi-icu-007,1,child,medications,1,0,0,1,1,1.0,1.0,1.0
deepseek_deepseek-v4-pro,REC-chi-icu-007,1,child,labs,0,0,0,0,0,0.0,0.0,0.0
deepseek_deepseek-v4-pro,REC-chi-icu-007,1,child,procedures,1,0,0,1,1,1.0,1.0,1.0
deepseek_deepseek-v4-pro,REC-chi-icu-007,1,child,temporal,0,3,2,2,3,0.0,0.0,0.0
deepseek_deepseek-v4-pro,REC-chi-icu-008,1,child,diagnoses,1,0,0,1,1,1.0,1.0,1.0
deepseek_deepseek-v4-pro,REC-chi-icu-008,1,child,medications,1,0,0,1,1,1.0,1.0,1.0
deepseek_deepseek-v4-pro,REC-chi-icu-008,1,child,labs,1,0,0,1,1,1.0,1.0,1.0
deepseek_deepseek-v4-pro,REC-chi-icu-008,1,child,procedures,1,0,0,1,1,1.0,1.0,1.0
deepseek_deepseek-v4-pro,REC-chi-icu-008,1,child,temporal,0,1,1,1,1,0.0,0.0,0.0
deepseek_deepseek-v4-pro,REC-chi-icu-009,1,child,diagnoses,2,0,0,2,2,1.0,1.0,1.0
deepseek_deepseek-v4-pro,REC-chi-icu-009,1,child,medications,1,0,0,1,1,1.0,1.0,1.0
deepseek_deepseek-v4-pro,REC-chi-icu-009,1,child,labs,0,0,0,0,0,0.0,0.0,0.0
deepseek_deepseek-v4-pro,REC-chi-icu-009,1,child,procedures,1,1,0,1,2,0.5,1.0,0.6666666666666666
deepseek_deepseek-v4-pro,REC-chi-icu-009,1,child,temporal,0,2,2,2,2,0.0,0.0,0.0
deepseek_deepseek-v4-pro,REC-chi-icu-010,1,child,diagnoses,2,0,0,2,2,1.0,1.0,1.0
deepseek_deepseek-v4-pro,REC-chi-icu-010,1,child,medications,1,0,0,1,1,1.0,1.0,1.0
deepseek_deepseek-v4-pro,REC-chi-icu-010,1,child,labs,1,0,0,1,1,1.0,1.0,1.0
deepseek_deepseek-v4-pro,REC-chi-icu-010,1,child,procedures,1,0,0,1,1,1.0,1.0,1.0
deepseek_deepseek-v4-pro,REC-chi-icu-010,1,child,temporal,0,1,0,0,1,0.0,0.0,0.0
deepseek_deepseek-v4-pro,REC-chi-inp-001,1,child,diagnoses,2,1,0,2,3,0.6666666666666666,1.0,0.8
deepseek_deepseek-v4-pro,REC-chi-inp-001,1,child,medications,1,0,0,1,1,1.0,1.0,1.0
deepseek_deepseek-v4-pro,REC-chi-inp-001,1,child,labs,0,0,0,0,0,0.0,0.0,0.0
deepseek_deepseek-v4-pro,REC-chi-inp-001,1,child,procedures,1,0,0,1,1,1.0,1.0,1.0
deepseek_deepseek-v4-pro,REC-chi-inp-001,1,child,temporal,0,3,2,2,3,0.0,0.0,0.0
deepseek_deepseek-v4-pro,REC-chi-inp-002,1,child,diagnoses,1,0,0,1,1,1.0,1.0,1.0
deepseek_deepseek-v4-pro,REC-chi-inp-002,1,child,medications,1,0,0,1,1,1.0,1.0,1.0
deepseek_deepseek-v4-pro,REC-chi-inp-002,1,child,labs,1,0,0,1,1,1.0,1.0,1.0
deepseek_deepseek-v4-pro,REC-chi-inp-002,1,child,procedures,1,0,0,1,1,1.0,1.0,1.0
deepseek_deepseek-v4-pro,REC-chi-inp-002,1,child,temporal,0,4,1,1,4,0.0,0.0,0.0
deepseek_deepseek-v4-pro,REC-chi-inp-003,1,child,diagnoses,2,0,0,2,2,1.0,1.0,1.0
deepseek_deepseek-v4-pro,REC-chi-inp-003,1,child,medications,1,0,0,1,1,1.0,1.0,1.0
deepseek_deepseek-v4-pro,REC-chi-inp-003,1,child,labs,1,0,0,1,1,1.0,1.0,1.0
deepseek_deepseek-v4-pro,REC-chi-inp-003,1,child,procedures,1,0,0,1,1,1.0,1.0,1.0
deepseek_deepseek-v4-pro,REC-chi-inp-003,1,child,temporal,0,4,0,0,4,0.0,0.0,0.0
deepseek_deepseek-v4-pro,REC-chi-inp-004,1,child,diagnoses,2,1,0,2,3,0.6666666666666666,1.0,0.8
deepseek_deepseek-v4-pro,REC-chi-inp-004,1,child,medications,1,0,0,1,1,1.0,1.0,1.0
deepseek_deepseek-v4-pro,REC-chi-inp-004,1,child,labs,0,0,0,0,0,0.0,0.0,0.0
deepseek_deepseek-v4-pro,REC-chi-inp-004,1,child,procedures,1,0,0,1,1,1.0,1.0,1.0
deepseek_deepseek-v4-pro,REC-chi-inp-004,1,child,temporal,0,3,1,1,3,0.0,0.0,0.0
deepseek_deepseek-v4-pro,REC-chi-inp-005,1,child,diagnoses,1,1,0,1,2,0.5,1.0,0.6666666666666666
deepseek_deepseek-v4-pro,REC-chi-inp-005,1,child,medications,1,0,0,1,1,1.0,1.0,1.0
deepseek_deepseek-v4-pro,REC-chi-inp-005,1,child,labs,1,0,0,1,1,1.0,1.0,1.0
deepseek_deepseek-v4-pro,REC-chi-inp-005,1,child,procedures,1,0,0,1,1,1.0,1.0,1.0
deepseek_deepseek-v4-pro,REC-chi-inp-005,1,child,temporal,0,5,1,1,5,0.0,0.0,0.0
deepseek_deepseek-v4-pro,REC-chi-inp-006,1,child,diagnoses,1,1,0,1,2,0.5,1.0,0.6666666666666666
deepseek_deepseek-v4-pro,REC-chi-inp-006,1,child,medications,1,0,0,1,1,1.0,1.0,1.0
deepseek_deepseek-v4-pro,REC-chi-inp-006,1,child,labs,1,0,0,1,1,1.0,1.0,1.0
deepseek_deepseek-v4-pro,REC-chi-inp-006,1,child,procedures,1,0,0,1,1,1.0,1.0,1.0
deepseek_deepseek-v4-pro,REC-chi-inp-006,1,child,temporal,0,5,2,2,5,0.0,0.0,0.0
deepseek_deepseek-v4-pro,REC-chi-inp-007,1,child,diagnoses,1,0,0,1,1,1.0,1.0,1.0
deepseek_deepseek-v4-pro,REC-chi-inp-007,1,child,medications,1,0,0,1,1,1.0,1.0,1.0
deepseek_deepseek-v4-pro,REC-chi-inp-007,1,child,labs,0,0,0,0,0,0.0,0.0,0.0
deepseek_deepseek-v4-pro,REC-chi-inp-007,1,child,procedures,1,0,0,1,1,1.0,1.0,1.0
deepseek_deepseek-v4-pro,REC-chi-inp-007,1,child,temporal,0,3,1,1,3,0.0,0.0,0.0
deepseek_deepseek-v4-pro,REC-chi-inp-008,1,child,diagnoses,2,0,0,2,2,1.0,1.0,1.0
deepseek_deepseek-v4-pro,REC-chi-inp-008,1,child,medications,1,0,0,1,1,1.0,1.0,1.0
deepseek_deepseek-v4-pro,REC-chi-inp-008,1,child,labs,1,0,0,1,1,1.0,1.0,1.0
deepseek_deepseek-v4-pro,REC-chi-inp-008,1,child,procedures,1,0,0,1,1,1.0,1.0,1.0
deepseek_deepseek-v4-pro,REC-chi-inp-008,1,child,temporal,0,3,1,1,3,0.0,0.0,0.0
deepseek_deepseek-v4-pro,REC-chi-inp-009,1,child,diagnoses,1,0,0,1,1,1.0,1.0,1.0
deepseek_deepseek-v4-pro,REC-chi-inp-009,1,child,medications,1,0,0,1,1,1.0,1.0,1.0
deepseek_deepseek-v4-pro,REC-chi-inp-009,1,child,labs,1,0,0,1,1,1.0,1.0,1.0
deepseek_deepseek-v4-pro,REC-chi-inp-009,1,child,procedures,1,1,0,1,2,0.5,1.0,0.6666666666666666
deepseek_deepseek-v4-pro,REC-chi-inp-009,1,child,temporal,0,5,1,1,5,0.0,0.0,0.0
deepseek_deepseek-v4-pro,REC-chi-inp-010,1,child,diagnoses,2,0,0,2,2,1.0,1.0,1.0
deepseek_deepseek-v4-pro,REC-chi-inp-010,1,child,medications,1,0,0,1,1,1.0,1.0,1.0
deepseek_deepseek-v4-pro,REC-chi-inp-010,1,child,labs,0,0,0,0,0,0.0,0.0,0.0
deepseek_deepseek-v4-pro,REC-chi-inp-010,1,child,procedures,1,0,0,1,1,1.0,1.0,1.0
deepseek_deepseek-v4-pro,REC-chi-inp-010,1,child,temporal,0,1,2,2,1,0.0,0.0,0.0
deepseek_deepseek-v4-pro,REC-chi-out-001,1,child,diagnoses,2,0,0,2,2,1.0,1.0,1.0
deepseek_deepseek-v4-pro,REC-chi-out-001,1,child,medications,1,0,0,1,1,1.0,1.0,1.0
deepseek_deepseek-v4-pro,REC-chi-out-001,1,child,labs,0,0,0,0,0,0.0,0.0,0.0
deepseek_deepseek-v4-pro,REC-chi-out-001,1,child,procedures,1,0,0,1,1,1.0,1.0,1.0
deepseek_deepseek-v4-pro,REC-chi-out-001,1,child,temporal,0,2,2,2,2,0.0,0.0,0.0
deepseek_deepseek-v4-pro,REC-chi-out-002,1,child,diagnoses,2,1,0,2,3,0.6666666666666666,1.0,0.8
deepseek_deepseek-v4-pro,REC-chi-out-002,1,child,medications,1,0,0,1,1,1.0,1.0,1.0
deepseek_deepseek-v4-pro,REC-chi-out-002,1,child,labs,1,0,0,1,1,1.0,1.0,1.0
deepseek_deepseek-v4-pro,REC-chi-out-002,1,child,procedures,1,1,0,1,2,0.5,1.0,0.6666666666666666
deepseek_deepseek-v4-pro,REC-chi-out-002,1,child,temporal,0,5,2,2,5,0.0,0.0,0.0
deepseek_deepseek-v4-pro,REC-chi-out-003,1,child,diagnoses,2,0,0,2,2,1.0,1.0,1.0
deepseek_deepseek-v4-pro,REC-chi-out-003,1,child,medications,1,0,0,1,1,1.0,1.0,1.0
deepseek_deepseek-v4-pro,REC-chi-out-003,1,child,labs,0,0,0,0,0,0.0,0.0,0.0
deepseek_deepseek-v4-pro,REC-chi-out-003,1,child,procedures,1,0,0,1,1,1.0,1.0,1.0
deepseek_deepseek-v4-pro,REC-chi-out-003,1,child,temporal,0,2,1,1,2,0.0,0.0,0.0
deepseek_deepseek-v4-pro,REC-chi-out-004,1,child,diagnoses,0,0,2,2,0,0.0,0.0,0.0
deepseek_deepseek-v4-pro,REC-chi-out-004,1,child,medications,0,0,1,1,0,0.0,0.0,0.0
deepseek_deepseek-v4-pro,REC-chi-out-004,1,child,labs,0,0,1,1,0,0.0,0.0,0.0
deepseek_deepseek-v4-pro,REC-chi-out-004,1,child,procedures,0,0,1,1,0,0.0,0.0,0.0
deepseek_deepseek-v4-pro,REC-chi-out-004,1,child,temporal,0,0,1,1,0,0.0,0.0,0.0
deepseek_deepseek-v4-pro,REC-chi-out-005,1,child,diagnoses,1,1,0,1,2,0.5,1.0,0.6666666666666666
deepseek_deepseek-v4-pro,REC-chi-out-005,1,child,medications,1,0,0,1,1,1.0,1.0,1.0
deepseek_deepseek-v4-pro,REC-chi-out-005,1,child,labs,0,0,0,0,0,0.0,0.0,0.0
deepseek_deepseek-v4-pro,REC-chi-out-005,1,child,procedures,1,0,0,1,1,1.0,1.0,1.0
deepseek_deepseek-v4-pro,REC-chi-out-005,1,child,temporal,0,2,2,2,2,0.0,0.0,0.0
deepseek_deepseek-v4-pro,REC-chi-out-006,1,child,diagnoses,1,0,0,1,1,1.0,1.0,1.0
deepseek_deepseek-v4-pro,REC-chi-out-006,1,child,medications,1,0,0,1,1,1.0,1.0,1.0
deepseek_deepseek-v4-pro,REC-chi-out-006,1,child,labs,1,0,0,1,1,1.0,1.0,1.0
deepseek_deepseek-v4-pro,REC-chi-out-006,1,child,procedures,1,1,0,1,2,0.5,1.0,0.6666666666666666
deepseek_deepseek-v4-pro,REC-chi-out-006,1,child,temporal,0,3,2,2,3,0.0,0.0,0.0
deepseek_deepseek-v4-pro,REC-chi-out-007,1,child,diagnoses,2,1,0,2,3,0.6666666666666666,1.0,0.8
deepseek_deepseek-v4-pro,REC-chi-out-007,1,child,medications,1,0,0,1,1,1.0,1.0,1.0
deepseek_deepseek-v4-pro,REC-chi-out-007,1,child,labs,0,0,0,0,0,0.0,0.0,0.0
deepseek_deepseek-v4-pro,REC-chi-out-007,1,child,procedures,1,1,0,1,2,0.5,1.0,0.6666666666666666
deepseek_deepseek-v4-pro,REC-chi-out-007,1,child,temporal,0,4,2,2,4,0.0,0.0,0.0
deepseek_deepseek-v4-pro,REC-chi-out-008,1,child,diagnoses,3,0,0,3,3,1.0,1.0,1.0
deepseek_deepseek-v4-pro,REC-chi-out-008,1,child,medications,1,0,0,1,1,1.0,1.0,1.0
deepseek_deepseek-v4-pro,REC-chi-out-008,1,child,labs,1,0,0,1,1,1.0,1.0,1.0
deepseek_deepseek-v4-pro,REC-chi-out-008,1,child,procedures,1,0,0,1,1,1.0,1.0,1.0
deepseek_deepseek-v4-pro,REC-chi-out-008,1,child,temporal,0,3,0,0,3,0.0,0.0,0.0
deepseek_deepseek-v4-pro,REC-chi-out-009,1,child,diagnoses,2,0,0,2,2,1.0,1.0,1.0
deepseek_deepseek-v4-pro,REC-chi-out-009,1,child,medications,1,0,0,1,1,1.0,1.0,1.0
deepseek_deepseek-v4-pro,REC-chi-out-009,1,child,labs,0,0,0,0,0,0.0,0.0,0.0
deepseek_deepseek-v4-pro,REC-chi-out-009,1,child,procedures,1,0,0,1,1,1.0,1.0,1.0
deepseek_deepseek-v4-pro,REC-chi-out-009,1,child,temporal,0,3,1,1,3,0.0,0.0,0.0
deepseek_deepseek-v4-pro,REC-chi-out-010,1,child,diagnoses,1,0,0,1,1,1.0,1.0,1.0
deepseek_deepseek-v4-pro,REC-chi-out-010,1,child,medications,1,0,0,1,1,1.0,1.0,1.0
deepseek_deepseek-v4-pro,REC-chi-out-010,1,child,labs,1,0,0,1,1,1.0,1.0,1.0
deepseek_deepseek-v4-pro,REC-chi-out-010,1,child,procedures,1,0,0,1,1,1.0,1.0,1.0
deepseek_deepseek-v4-pro,REC-chi-out-010,1,child,temporal,0,5,2,2,5,0.0,0.0,0.0
deepseek_deepseek-v4-pro,REC-inf-eme-001,1,infant,diagnoses,3,0,0,3,3,1.0,1.0,1.0
deepseek_deepseek-v4-pro,REC-inf-eme-001,1,infant,medications,0,0,0,0,0,0.0,0.0,0.0
deepseek_deepseek-v4-pro,REC-inf-eme-001,1,infant,labs,0,0,0,0,0,0.0,0.0,0.0
deepseek_deepseek-v4-pro,REC-inf-eme-001,1,infant,procedures,1,0,0,1,1,1.0,1.0,1.0
deepseek_deepseek-v4-pro,REC-inf-eme-001,1,infant,temporal,0,2,0,0,2,0.0,0.0,0.0
deepseek_deepseek-v4-pro,REC-inf-eme-002,1,infant,diagnoses,2,0,0,2,2,1.0,1.0,1.0
deepseek_deepseek-v4-pro,REC-inf-eme-002,1,infant,medications,1,0,0,1,1,1.0,1.0,1.0
deepseek_deepseek-v4-pro,REC-inf-eme-002,1,infant,labs,0,0,0,0,0,0.0,0.0,0.0
deepseek_deepseek-v4-pro,REC-inf-eme-002,1,infant,procedures,1,0,0,1,1,1.0,1.0,1.0
deepseek_deepseek-v4-pro,REC-inf-eme-002,1,infant,temporal,0,1,1,1,1,0.0,0.0,0.0
deepseek_deepseek-v4-pro,REC-inf-eme-003,1,infant,diagnoses,2,1,0,2,3,0.6666666666666666,1.0,0.8
deepseek_deepseek-v4-pro,REC-inf-eme-003,1,infant,medications,1,0,0,1,1,1.0,1.0,1.0
deepseek_deepseek-v4-pro,REC-inf-eme-003,1,infant,labs,1,0,0,1,1,1.0,1.0,1.0
deepseek_deepseek-v4-pro,REC-inf-eme-003,1,infant,procedures,1,0,0,1,1,1.0,1.0,1.0
deepseek_deepseek-v4-pro,REC-inf-eme-003,1,infant,temporal,0,2,2,2,2,0.0,0.0,0.0
deepseek_deepseek-v4-pro,REC-inf-eme-004,1,infant,diagnoses,2,1,0,2,3,0.6666666666666666,1.0,0.8
deepseek_deepseek-v4-pro,REC-inf-eme-004,1,infant,medications,0,0,0,0,0,0.0,0.0,0.0
deepseek_deepseek-v4-pro,REC-inf-eme-004,1,infant,labs,0,0,0,0,0,0.0,0.0,0.0
deepseek_deepseek-v4-pro,REC-inf-eme-004,1,infant,procedures,1,0,0,1,1,1.0,1.0,1.0
deepseek_deepseek-v4-pro,REC-inf-eme-004,1,infant,temporal,0,1,2,2,1,0.0,0.0,0.0
deepseek_deepseek-v4-pro,REC-inf-eme-005,1,infant,diagnoses,1,1,0,1,2,0.5,1.0,0.6666666666666666
deepseek_deepseek-v4-pro,REC-inf-eme-005,1,infant,medications,1,0,0,1,1,1.0,1.0,1.0
deepseek_deepseek-v4-pro,REC-inf-eme-005,1,infant,labs,0,0,0,0,0,0.0,0.0,0.0
deepseek_deepseek-v4-pro,REC-inf-eme-005,1,infant,procedures,1,0,0,1,1,1.0,1.0,1.0
deepseek_deepseek-v4-pro,REC-inf-eme-005,1,infant,temporal,0,2,2,2,2,0.0,0.0,0.0
deepseek_deepseek-v4-pro,REC-inf-eme-006,1,infant,diagnoses,1,0,0,1,1,1.0,1.0,1.0
deepseek_deepseek-v4-pro,REC-inf-eme-006,1,infant,medications,1,0,0,1,1,1.0,1.0,1.0
deepseek_deepseek-v4-pro,REC-inf-eme-006,1,infant,labs,1,0,0,1,1,1.0,1.0,1.0
deepseek_deepseek-v4-pro,REC-inf-eme-006,1,infant,procedures,1,0,0,1,1,1.0,1.0,1.0
deepseek_deepseek-v4-pro,REC-inf-eme-006,1,infant,temporal,0,2,1,1,2,0.0,0.0,0.0
deepseek_deepseek-v4-pro,REC-inf-eme-007,1,infant,diagnoses,3,0,0,3,3,1.0,1.0,1.0
deepseek_deepseek-v4-pro,REC-inf-eme-007,1,infant,medications,0,0,0,0,0,0.0,0.0,0.0
deepseek_deepseek-v4-pro,REC-inf-eme-007,1,infant,labs,0,0,0,0,0,0.0,0.0,0.0
deepseek_deepseek-v4-pro,REC-inf-eme-007,1,infant,procedures,1,0,0,1,1,1.0,1.0,1.0
deepseek_deepseek-v4-pro,REC-inf-eme-007,1,infant,temporal,0,1,1,1,1,0.0,0.0,0.0
deepseek_deepseek-v4-pro,REC-inf-eme-008,1,infant,diagnoses,1,0,0,1,1,1.0,1.0,1.0
deepseek_deepseek-v4-pro,REC-inf-eme-008,1,infant,medications,1,0,0,1,1,1.0,1.0,1.0
deepseek_deepseek-v4-pro,REC-inf-eme-008,1,infant,labs,0,0,0,0,0,0.0,0.0,0.0
deepseek_deepseek-v4-pro,REC-inf-eme-008,1,infant,procedures,1,0,0,1,1,1.0,1.0,1.0
deepseek_deepseek-v4-pro,REC-inf-eme-008,1,infant,temporal,0,1,2,2,1,0.0,0.0,0.0
deepseek_deepseek-v4-pro,REC-inf-eme-009,1,infant,diagnoses,1,0,0,1,1,1.0,1.0,1.0
deepseek_deepseek-v4-pro,REC-inf-eme-009,1,infant,medications,1,0,0,1,1,1.0,1.0,1.0
deepseek_deepseek-v4-pro,REC-inf-eme-009,1,infant,labs,1,0,0,1,1,1.0,1.0,1.0
deepseek_deepseek-v4-pro,REC-inf-eme-009,1,infant,procedures,1,1,0,1,2,0.5,1.0,0.6666666666666666
deepseek_deepseek-v4-pro,REC-inf-eme-009,1,infant,temporal,0,3,3,3,3,0.0,0.0,0.0
deepseek_deepseek-v4-pro,REC-inf-eme-010,1,infant,diagnoses,1,1,0,1,2,0.5,1.0,0.6666666666666666
deepseek_deepseek-v4-pro,REC-inf-eme-010,1,infant,medications,0,0,0,0,0,0.0,0.0,0.0
deepseek_deepseek-v4-pro,REC-inf-eme-010,1,infant,labs,0,0,0,0,0,0.0,0.0,0.0
deepseek_deepseek-v4-pro,REC-inf-eme-010,1,infant,procedures,1,0,0,1,1,1.0,1.0,1.0
deepseek_deepseek-v4-pro,REC-inf-eme-010,1,infant,temporal,0,0,1,1,0,0.0,0.0,0.0
deepseek_deepseek-v4-pro,REC-inf-icu-001,1,infant,diagnoses,1,0,0,1,1,1.0,1.0,1.0
deepseek_deepseek-v4-pro,REC-inf-icu-001,1,infant,medications,0,0,0,0,0,0.0,0.0,0.0
deepseek_deepseek-v4-pro,REC-inf-icu-001,1,infant,labs,0,0,0,0,0,0.0,0.0,0.0
deepseek_deepseek-v4-pro,REC-inf-icu-001,1,infant,procedures,1,0,0,1,1,1.0,1.0,1.0
deepseek_deepseek-v4-pro,REC-inf-icu-001,1,infant,temporal,0,1,1,1,1,0.0,0.0,0.0
deepseek_deepseek-v4-pro,REC-inf-icu-002,1,infant,diagnoses,2,0,0,2,2,1.0,1.0,1.0
deepseek_deepseek-v4-pro,REC-inf-icu-002,1,infant,medications,1,0,0,1,1,1.0,1.0,1.0
deepseek_deepseek-v4-pro,REC-inf-icu-002,1,infant,labs,1,0,0,1,1,1.0,1.0,1.0
deepseek_deepseek-v4-pro,REC-inf-icu-002,1,infant,procedures,1,0,0,1,1,1.0,1.0,1.0
deepseek_deepseek-v4-pro,REC-inf-icu-002,1,infant,temporal,0,2,2,2,2,0.0,0.0,0.0
deepseek_deepseek-v4-pro,REC-inf-icu-003,1,infant,diagnoses,2,0,0,2,2,1.0,1.0,1.0
deepseek_deepseek-v4-pro,REC-inf-icu-003,1,infant,medications,0,0,0,0,0,0.0,0.0,0.0
deepseek_deepseek-v4-pro,REC-inf-icu-003,1,infant,labs,0,0,0,0,0,0.0,0.0,0.0
deepseek_deepseek-v4-pro,REC-inf-icu-003,1,infant,procedures,1,0,0,1,1,1.0,1.0,1.0
deepseek_deepseek-v4-pro,REC-inf-icu-003,1,infant,temporal,0,3,0,0,3,0.0,0.0,0.0
deepseek_deepseek-v4-pro,REC-inf-icu-004,1,infant,diagnoses,1,1,0,1,2,0.5,1.0,0.6666666666666666
deepseek_deepseek-v4-pro,REC-inf-icu-004,1,infant,medications,1,0,0,1,1,1.0,1.0,1.0
deepseek_deepseek-v4-pro,REC-inf-icu-004,1,infant,labs,1,0,0,1,1,1.0,1.0,1.0
deepseek_deepseek-v4-pro,REC-inf-icu-004,1,infant,procedures,1,1,0,1,2,0.5,1.0,0.6666666666666666
deepseek_deepseek-v4-pro,REC-inf-icu-004,1,infant,temporal,0,4,3,3,4,0.0,0.0,0.0
deepseek_deepseek-v4-pro,REC-inf-icu-005,1,infant,diagnoses,1,0,0,1,1,1.0,1.0,1.0
deepseek_deepseek-v4-pro,REC-inf-icu-005,1,infant,medications,0,0,0,0,0,0.0,0.0,0.0
deepseek_deepseek-v4-pro,REC-inf-icu-005,1,infant,labs,0,0,0,0,0,0.0,0.0,0.0
deepseek_deepseek-v4-pro,REC-inf-icu-005,1,infant,procedures,1,1,0,1,2,0.5,1.0,0.6666666666666666
deepseek_deepseek-v4-pro,REC-inf-icu-005,1,infant,temporal,0,3,2,2,3,0.0,0.0,0.0
deepseek_deepseek-v4-pro,REC-inf-icu-006,1,infant,diagnoses,1,0,0,1,1,1.0,1.0,1.0
deepseek_deepseek-v4-pro,REC-inf-icu-006,1,infant,medications,1,0,0,1,1,1.0,1.0,1.0
deepseek_deepseek-v4-pro,REC-inf-icu-006,1,infant,labs,1,0,0,1,1,1.0,1.0,1.0
deepseek_deepseek-v4-pro,REC-inf-icu-006,1,infant,procedures,1,0,0,1,1,1.0,1.0,1.0
deepseek_deepseek-v4-pro,REC-inf-icu-006,1,infant,temporal,0,4,1,1,4,0.0,0.0,0.0
deepseek_deepseek-v4-pro,REC-inf-icu-007,1,infant,diagnoses,2,0,0,2,2,1.0,1.0,1.0
deepseek_deepseek-v4-pro,REC-inf-icu-007,1,infant,medications,0,0,0,0,0,0.0,0.0,0.0
deepseek_deepseek-v4-pro,REC-inf-icu-007,1,infant,labs,0,0,0,0,0,0.0,0.0,0.0
deepseek_deepseek-v4-pro,REC-inf-icu-007,1,infant,procedures,1,0,0,1,1,1.0,1.0,1.0
deepseek_deepseek-v4-pro,REC-inf-icu-007,1,infant,temporal,0,3,2,2,3,0.0,0.0,0.0
deepseek_deepseek-v4-pro,REC-inf-icu-008,1,infant,diagnoses,1,0,0,1,1,1.0,1.0,1.0
deepseek_deepseek-v4-pro,REC-inf-icu-008,1,infant,medications,1,0,0,1,1,1.0,1.0,1.0
deepseek_deepseek-v4-pro,REC-inf-icu-008,1,infant,labs,1,0,0,1,1,1.0,1.0,1.0
deepseek_deepseek-v4-pro,REC-inf-icu-008,1,infant,procedures,1,0,0,1,1,1.0,1.0,1.0
deepseek_deepseek-v4-pro,REC-inf-icu-008,1,infant,temporal,0,4,1,1,4,0.0,0.0,0.0
deepseek_deepseek-v4-pro,REC-inf-icu-009,1,infant,diagnoses,3,0,0,3,3,1.0,1.0,1.0
deepseek_deepseek-v4-pro,REC-inf-icu-009,1,infant,medications,0,0,0,0,0,0.0,0.0,0.0
deepseek_deepseek-v4-pro,REC-inf-icu-009,1,infant,labs,0,0,0,0,0,0.0,0.0,0.0
deepseek_deepseek-v4-pro,REC-inf-icu-009,1,infant,procedures,1,0,0,1,1,1.0,1.0,1.0
deepseek_deepseek-v4-pro,REC-inf-icu-009,1,infant,temporal,0,0,0,0,0,0.0,0.0,0.0
deepseek_deepseek-v4-pro,REC-inf-icu-010,1,infant,diagnoses,0,0,2,2,0,0.0,0.0,0.0
deepseek_deepseek-v4-pro,REC-inf-icu-010,1,infant,medications,0,0,1,1,0,0.0,0.0,0.0
deepseek_deepseek-v4-pro,REC-inf-icu-010,1,infant,labs,0,0,1,1,0,0.0,0.0,0.0
deepseek_deepseek-v4-pro,REC-inf-icu-010,1,infant,procedures,0,0,1,1,0,0.0,0.0,0.0
deepseek_deepseek-v4-pro,REC-inf-icu-010,1,infant,temporal,0,0,2,2,0,0.0,0.0,0.0
deepseek_deepseek-v4-pro,REC-inf-inp-001,1,infant,diagnoses,2,0,0,2,2,1.0,1.0,1.0
deepseek_deepseek-v4-pro,REC-inf-inp-001,1,infant,medications,0,0,0,0,0,0.0,0.0,0.0
deepseek_deepseek-v4-pro,REC-inf-inp-001,1,infant,labs,0,0,0,0,0,0.0,0.0,0.0
deepseek_deepseek-v4-pro,REC-inf-inp-001,1,infant,procedures,1,0,0,1,1,1.0,1.0,1.0
deepseek_deepseek-v4-pro,REC-inf-inp-001,1,infant,temporal,0,1,1,1,1,0.0,0.0,0.0
deepseek_deepseek-v4-pro,REC-inf-inp-002,1,infant,diagnoses,1,1,0,1,2,0.5,1.0,0.6666666666666666
deepseek_deepseek-v4-pro,REC-inf-inp-002,1,infant,medications,1,0,0,1,1,1.0,1.0,1.0
deepseek_deepseek-v4-pro,REC-inf-inp-002,1,infant,labs,1,0,0,1,1,1.0,1.0,1.0
deepseek_deepseek-v4-pro,REC-inf-inp-002,1,infant,procedures,1,0,0,1,1,1.0,1.0,1.0
deepseek_deepseek-v4-pro,REC-inf-inp-002,1,infant,temporal,0,2,3,3,2,0.0,0.0,0.0
deepseek_deepseek-v4-pro,REC-inf-inp-003,1,infant,diagnoses,3,0,0,3,3,1.0,1.0,1.0
deepseek_deepseek-v4-pro,REC-inf-inp-003,1,infant,medications,0,0,0,0,0,0.0,0.0,0.0
deepseek_deepseek-v4-pro,REC-inf-inp-003,1,infant,labs,0,0,0,0,0,0.0,0.0,0.0
deepseek_deepseek-v4-pro,REC-inf-inp-003,1,infant,procedures,1,0,0,1,1,1.0,1.0,1.0
deepseek_deepseek-v4-pro,REC-inf-inp-003,1,infant,temporal,0,1,0,0,1,0.0,0.0,0.0
deepseek_deepseek-v4-pro,REC-inf-inp-004,1,infant,diagnoses,2,1,0,2,3,0.6666666666666666,1.0,0.8
deepseek_deepseek-v4-pro,REC-inf-inp-004,1,infant,medications,1,0,0,1,1,1.0,1.0,1.0
deepseek_deepseek-v4-pro,REC-inf-inp-004,1,infant,labs,1,0,0,1,1,1.0,1.0,1.0
deepseek_deepseek-v4-pro,REC-inf-inp-004,1,infant,procedures,1,0,0,1,1,1.0,1.0,1.0
deepseek_deepseek-v4-pro,REC-inf-inp-004,1,infant,temporal,0,2,1,1,2,0.0,0.0,0.0
deepseek_deepseek-v4-pro,REC-inf-inp-005,1,infant,diagnoses,2,0,0,2,2,1.0,1.0,1.0
deepseek_deepseek-v4-pro,REC-inf-inp-005,1,infant,medications,0,0,0,0,0,0.0,0.0,0.0
deepseek_deepseek-v4-pro,REC-inf-inp-005,1,infant,labs,0,0,0,0,0,0.0,0.0,0.0
deepseek_deepseek-v4-pro,REC-inf-inp-005,1,infant,procedures,1,0,0,1,1,1.0,1.0,1.0
deepseek_deepseek-v4-pro,REC-inf-inp-005,1,infant,temporal,0,4,2,2,4,0.0,0.0,0.0
deepseek_deepseek-v4-pro,REC-inf-inp-006,1,infant,diagnoses,1,0,0,1,1,1.0,1.0,1.0
deepseek_deepseek-v4-pro,REC-inf-inp-006,1,infant,medications,1,0,0,1,1,1.0,1.0,1.0
deepseek_deepseek-v4-pro,REC-inf-inp-006,1,infant,labs,1,0,0,1,1,1.0,1.0,1.0
deepseek_deepseek-v4-pro,REC-inf-inp-006,1,infant,procedures,1,1,0,1,2,0.5,1.0,0.6666666666666666
deepseek_deepseek-v4-pro,REC-inf-inp-006,1,infant,temporal,0,2,1,1,2,0.0,0.0,0.0
deepseek_deepseek-v4-pro,REC-inf-inp-007,1,infant,diagnoses,1,0,0,1,1,1.0,1.0,1.0
deepseek_deepseek-v4-pro,REC-inf-inp-007,1,infant,medications,0,0,0,0,0,0.0,0.0,0.0
deepseek_deepseek-v4-pro,REC-inf-inp-007,1,infant,labs,0,0,0,0,0,0.0,0.0,0.0
deepseek_deepseek-v4-pro,REC-inf-inp-007,1,infant,procedures,1,1,0,1,2,0.5,1.0,0.6666666666666666
deepseek_deepseek-v4-pro,REC-inf-inp-007,1,infant,temporal,0,2,1,1,2,0.0,0.0,0.0
deepseek_deepseek-v4-pro,REC-inf-inp-008,1,infant,diagnoses,1,1,0,1,2,0.5,1.0,0.6666666666666666
deepseek_deepseek-v4-pro,REC-inf-inp-008,1,infant,medications,1,0,0,1,1,1.0,1.0,1.0
deepseek_deepseek-v4-pro,REC-inf-inp-008,1,infant,labs,1,0,0,1,1,1.0,1.0,1.0
deepseek_deepseek-v4-pro,REC-inf-inp-008,1,infant,procedures,1,0,0,1,1,1.0,1.0,1.0
deepseek_deepseek-v4-pro,REC-inf-inp-008,1,infant,temporal,0,2,1,1,2,0.0,0.0,0.0
deepseek_deepseek-v4-pro,REC-inf-inp-009,1,infant,diagnoses,2,0,0,2,2,1.0,1.0,1.0
deepseek_deepseek-v4-pro,REC-inf-inp-009,1,infant,medications,0,0,0,0,0,0.0,0.0,0.0
deepseek_deepseek-v4-pro,REC-inf-inp-009,1,infant,labs,0,0,0,0,0,0.0,0.0,0.0
deepseek_deepseek-v4-pro,REC-inf-inp-009,1,infant,procedures,1,0,0,1,1,1.0,1.0,1.0
deepseek_deepseek-v4-pro,REC-inf-inp-009,1,infant,temporal,0,2,2,2,2,0.0,0.0,0.0
deepseek_deepseek-v4-pro,REC-inf-inp-010,1,infant,diagnoses,1,0,0,1,1,1.0,1.0,1.0
deepseek_deepseek-v4-pro,REC-inf-inp-010,1,infant,medications,1,0,0,1,1,1.0,1.0,1.0
deepseek_deepseek-v4-pro,REC-inf-inp-010,1,infant,labs,1,0,0,1,1,1.0,1.0,1.0
deepseek_deepseek-v4-pro,REC-inf-inp-010,1,infant,procedures,1,0,0,1,1,1.0,1.0,1.0
deepseek_deepseek-v4-pro,REC-inf-inp-010,1,infant,temporal,0,1,1,1,1,0.0,0.0,0.0
deepseek_deepseek-v4-pro,REC-inf-out-001,1,infant,diagnoses,2,0,0,2,2,1.0,1.0,1.0
deepseek_deepseek-v4-pro,REC-inf-out-001,1,infant,medications,0,0,0,0,0,0.0,0.0,0.0
deepseek_deepseek-v4-pro,REC-inf-out-001,1,infant,labs,0,0,0,0,0,0.0,0.0,0.0
deepseek_deepseek-v4-pro,REC-inf-out-001,1,infant,procedures,1,0,0,1,1,1.0,1.0,1.0
deepseek_deepseek-v4-pro,REC-inf-out-001,1,infant,temporal,0,2,0,0,2,0.0,0.0,0.0
deepseek_deepseek-v4-pro,REC-inf-out-002,1,infant,diagnoses,1,1,0,1,2,0.5,1.0,0.6666666666666666
deepseek_deepseek-v4-pro,REC-inf-out-002,1,infant,medications,1,0,0,1,1,1.0,1.0,1.0
deepseek_deepseek-v4-pro,REC-inf-out-002,1,infant,labs,0,0,0,0,0,0.0,0.0,0.0
deepseek_deepseek-v4-pro,REC-inf-out-002,1,infant,procedures,1,0,0,1,1,1.0,1.0,1.0
deepseek_deepseek-v4-pro,REC-inf-out-002,1,infant,temporal,0,3,1,1,3,0.0,0.0,0.0
deepseek_deepseek-v4-pro,REC-inf-out-003,1,infant,diagnoses,2,0,0,2,2,1.0,1.0,1.0
deepseek_deepseek-v4-pro,REC-inf-out-003,1,infant,medications,0,0,0,0,0,0.0,0.0,0.0
deepseek_deepseek-v4-pro,REC-inf-out-003,1,infant,labs,0,0,0,0,0,0.0,0.0,0.0
deepseek_deepseek-v4-pro,REC-inf-out-003,1,infant,procedures,1,0,0,1,1,1.0,1.0,1.0
deepseek_deepseek-v4-pro,REC-inf-out-003,1,infant,temporal,0,0,0,0,0,0.0,0.0,0.0
deepseek_deepseek-v4-pro,REC-inf-out-004,1,infant,diagnoses,3,0,0,3,3,1.0,1.0,1.0
deepseek_deepseek-v4-pro,REC-inf-out-004,1,infant,medications,1,0,0,1,1,1.0,1.0,1.0
deepseek_deepseek-v4-pro,REC-inf-out-004,1,infant,labs,0,0,0,0,0,0.0,0.0,0.0
deepseek_deepseek-v4-pro,REC-inf-out-004,1,infant,procedures,1,0,0,1,1,1.0,1.0,1.0
deepseek_deepseek-v4-pro,REC-inf-out-004,1,infant,temporal,0,1,1,1,1,0.0,0.0,0.0
deepseek_deepseek-v4-pro,REC-inf-out-005,1,infant,diagnoses,2,0,0,2,2,1.0,1.0,1.0
deepseek_deepseek-v4-pro,REC-inf-out-005,1,infant,medications,0,0,0,0,0,0.0,0.0,0.0
deepseek_deepseek-v4-pro,REC-inf-out-005,1,infant,labs,0,0,0,0,0,0.0,0.0,0.0
deepseek_deepseek-v4-pro,REC-inf-out-005,1,infant,procedures,1,0,0,1,1,1.0,1.0,1.0
deepseek_deepseek-v4-pro,REC-inf-out-005,1,infant,temporal,0,2,0,0,2,0.0,0.0,0.0
deepseek_deepseek-v4-pro,REC-inf-out-006,1,infant,diagnoses,1,0,0,1,1,1.0,1.0,1.0
deepseek_deepseek-v4-pro,REC-inf-out-006,1,infant,medications,1,0,0,1,1,1.0,1.0,1.0
deepseek_deepseek-v4-pro,REC-inf-out-006,1,infant,labs,0,0,0,0,0,0.0,0.0,0.0
deepseek_deepseek-v4-pro,REC-inf-out-006,1,infant,procedures,1,0,0,1,1,1.0,1.0,1.0
deepseek_deepseek-v4-pro,REC-inf-out-006,1,infant,temporal,0,1,1,1,1,0.0,0.0,0.0
deepseek_deepseek-v4-pro,REC-inf-out-007,1,infant,diagnoses,2,0,0,2,2,1.0,1.0,1.0
deepseek_deepseek-v4-pro,REC-inf-out-007,1,infant,medications,0,0,0,0,0,0.0,0.0,0.0
deepseek_deepseek-v4-pro,REC-inf-out-007,1,infant,labs,0,0,0,0,0,0.0,0.0,0.0
deepseek_deepseek-v4-pro,REC-inf-out-007,1,infant,procedures,1,0,0,1,1,1.0,1.0,1.0
deepseek_deepseek-v4-pro,REC-inf-out-007,1,infant,temporal,0,0,0,0,0,0.0,0.0,0.0
deepseek_deepseek-v4-pro,REC-inf-out-008,1,infant,diagnoses,1,1,0,1,2,0.5,1.0,0.6666666666666666
deepseek_deepseek-v4-pro,REC-inf-out-008,1,infant,medications,1,0,0,1,1,1.0,1.0,1.0
deepseek_deepseek-v4-pro,REC-inf-out-008,1,infant,labs,0,0,0,0,0,0.0,0.0,0.0
deepseek_deepseek-v4-pro,REC-inf-out-008,1,infant,procedures,1,0,0,1,1,1.0,1.0,1.0
deepseek_deepseek-v4-pro,REC-inf-out-008,1,infant,temporal,0,1,3,3,1,0.0,0.0,0.0
deepseek_deepseek-v4-pro,REC-inf-out-009,1,infant,diagnoses,1,0,0,1,1,1.0,1.0,1.0
deepseek_deepseek-v4-pro,REC-inf-out-009,1,infant,medications,0,0,0,0,0,0.0,0.0,0.0
deepseek_deepseek-v4-pro,REC-inf-out-009,1,infant,labs,0,0,0,0,0,0.0,0.0,0.0
deepseek_deepseek-v4-pro,REC-inf-out-009,1,infant,procedures,1,0,0,1,1,1.0,1.0,1.0
deepseek_deepseek-v4-pro,REC-inf-out-009,1,infant,temporal,0,3,2,2,3,0.0,0.0,0.0
deepseek_deepseek-v4-pro,REC-inf-out-010,1,infant,diagnoses,2,0,0,2,2,1.0,1.0,1.0
deepseek_deepseek-v4-pro,REC-inf-out-010,1,infant,medications,1,0,0,1,1,1.0,1.0,1.0
deepseek_deepseek-v4-pro,REC-inf-out-010,1,infant,labs,0,0,0,0,0,0.0,0.0,0.0
deepseek_deepseek-v4-pro,REC-inf-out-010,1,infant,procedures,1,0,0,1,1,1.0,1.0,1.0
deepseek_deepseek-v4-pro,REC-inf-out-010,1,infant,temporal,0,2,0,0,2,0.0,0.0,0.0
deepseek_deepseek-v4-pro,REC-neo-eme-001,1,neonate,diagnoses,2,0,0,2,2,1.0,1.0,1.0
deepseek_deepseek-v4-pro,REC-neo-eme-001,1,neonate,medications,1,0,0,1,1,1.0,1.0,1.0
deepseek_deepseek-v4-pro,REC-neo-eme-001,1,neonate,labs,1,0,0,1,1,1.0,1.0,1.0
deepseek_deepseek-v4-pro,REC-neo-eme-001,1,neonate,procedures,1,0,0,1,1,1.0,1.0,1.0
deepseek_deepseek-v4-pro,REC-neo-eme-001,1,neonate,temporal,0,3,2,2,3,0.0,0.0,0.0
deepseek_deepseek-v4-pro,REC-neo-eme-002,1,neonate,diagnoses,3,0,0,3,3,1.0,1.0,1.0
deepseek_deepseek-v4-pro,REC-neo-eme-002,1,neonate,medications,0,0,0,0,0,0.0,0.0,0.0
deepseek_deepseek-v4-pro,REC-neo-eme-002,1,neonate,labs,1,0,0,1,1,1.0,1.0,1.0
deepseek_deepseek-v4-pro,REC-neo-eme-002,1,neonate,procedures,1,0,0,1,1,1.0,1.0,1.0
deepseek_deepseek-v4-pro,REC-neo-eme-002,1,neonate,temporal,0,3,2,2,3,0.0,0.0,0.0
deepseek_deepseek-v4-pro,REC-neo-eme-003,1,neonate,diagnoses,1,1,0,1,2,0.5,1.0,0.6666666666666666
deepseek_deepseek-v4-pro,REC-neo-eme-003,1,neonate,medications,1,0,0,1,1,1.0,1.0,1.0
deepseek_deepseek-v4-pro,REC-neo-eme-003,1,neonate,labs,1,0,0,1,1,1.0,1.0,1.0
deepseek_deepseek-v4-pro,REC-neo-eme-003,1,neonate,procedures,1,0,0,1,1,1.0,1.0,1.0
deepseek_deepseek-v4-pro,REC-neo-eme-003,1,neonate,temporal,0,3,3,3,3,0.0,0.0,0.0
deepseek_deepseek-v4-pro,REC-neo-eme-004,1,neonate,diagnoses,2,0,0,2,2,1.0,1.0,1.0
deepseek_deepseek-v4-pro,REC-neo-eme-004,1,neonate,medications,1,0,0,1,1,1.0,1.0,1.0
deepseek_deepseek-v4-pro,REC-neo-eme-004,1,neonate,labs,1,0,0,1,1,1.0,1.0,1.0
deepseek_deepseek-v4-pro,REC-neo-eme-004,1,neonate,procedures,1,0,0,1,1,1.0,1.0,1.0
deepseek_deepseek-v4-pro,REC-neo-eme-004,1,neonate,temporal,0,4,2,2,4,0.0,0.0,0.0
deepseek_deepseek-v4-pro,REC-neo-eme-005,1,neonate,diagnoses,3,0,0,3,3,1.0,1.0,1.0
deepseek_deepseek-v4-pro,REC-neo-eme-005,1,neonate,medications,0,0,0,0,0,0.0,0.0,0.0
deepseek_deepseek-v4-pro,REC-neo-eme-005,1,neonate,labs,1,0,0,1,1,1.0,1.0,1.0
deepseek_deepseek-v4-pro,REC-neo-eme-005,1,neonate,procedures,1,1,0,1,2,0.5,1.0,0.6666666666666666
deepseek_deepseek-v4-pro,REC-neo-eme-005,1,neonate,temporal,0,3,2,2,3,0.0,0.0,0.0
deepseek_deepseek-v4-pro,REC-neo-eme-006,1,neonate,diagnoses,2,1,0,2,3,0.6666666666666666,1.0,0.8
deepseek_deepseek-v4-pro,REC-neo-eme-006,1,neonate,medications,1,0,0,1,1,1.0,1.0,1.0
deepseek_deepseek-v4-pro,REC-neo-eme-006,1,neonate,labs,1,0,0,1,1,1.0,1.0,1.0
deepseek_deepseek-v4-pro,REC-neo-eme-006,1,neonate,procedures,1,1,0,1,2,0.5,1.0,0.6666666666666666
deepseek_deepseek-v4-pro,REC-neo-eme-006,1,neonate,temporal,0,2,2,2,2,0.0,0.0,0.0
deepseek_deepseek-v4-pro,REC-neo-eme-007,1,neonate,diagnoses,3,0,0,3,3,1.0,1.0,1.0
deepseek_deepseek-v4-pro,REC-neo-eme-007,1,neonate,medications,1,0,0,1,1,1.0,1.0,1.0
deepseek_deepseek-v4-pro,REC-neo-eme-007,1,neonate,labs,1,0,0,1,1,1.0,1.0,1.0
deepseek_deepseek-v4-pro,REC-neo-eme-007,1,neonate,procedures,1,0,0,1,1,1.0,1.0,1.0
deepseek_deepseek-v4-pro,REC-neo-eme-007,1,neonate,temporal,0,1,2,2,1,0.0,0.0,0.0
deepseek_deepseek-v4-pro,REC-neo-eme-008,1,neonate,diagnoses,2,0,0,2,2,1.0,1.0,1.0
deepseek_deepseek-v4-pro,REC-neo-eme-008,1,neonate,medications,0,0,0,0,0,0.0,0.0,0.0
deepseek_deepseek-v4-pro,REC-neo-eme-008,1,neonate,labs,1,0,0,1,1,1.0,1.0,1.0
deepseek_deepseek-v4-pro,REC-neo-eme-008,1,neonate,procedures,1,0,0,1,1,1.0,1.0,1.0
deepseek_deepseek-v4-pro,REC-neo-eme-008,1,neonate,temporal,0,2,3,3,2,0.0,0.0,0.0
deepseek_deepseek-v4-pro,REC-neo-eme-009,1,neonate,diagnoses,1,1,0,1,2,0.5,1.0,0.6666666666666666
deepseek_deepseek-v4-pro,REC-neo-eme-009,1,neonate,medications,1,0,0,1,1,1.0,1.0,1.0
deepseek_deepseek-v4-pro,REC-neo-eme-009,1,neonate,labs,1,0,0,1,1,1.0,1.0,1.0
deepseek_deepseek-v4-pro,REC-neo-eme-009,1,neonate,procedures,1,1,0,1,2,0.5,1.0,0.6666666666666666
deepseek_deepseek-v4-pro,REC-neo-eme-009,1,neonate,temporal,0,2,2,2,2,0.0,0.0,0.0
deepseek_deepseek-v4-pro,REC-neo-eme-010,1,neonate,diagnoses,1,0,0,1,1,1.0,1.0,1.0
deepseek_deepseek-v4-pro,REC-neo-eme-010,1,neonate,medications,1,0,0,1,1,1.0,1.0,1.0
deepseek_deepseek-v4-pro,REC-neo-eme-010,1,neonate,labs,1,0,0,1,1,1.0,1.0,1.0
deepseek_deepseek-v4-pro,REC-neo-eme-010,1,neonate,procedures,1,0,0,1,1,1.0,1.0,1.0
deepseek_deepseek-v4-pro,REC-neo-eme-010,1,neonate,temporal,0,1,3,3,1,0.0,0.0,0.0
deepseek_deepseek-v4-pro,REC-neo-icu-001,1,neonate,diagnoses,1,0,0,1,1,1.0,1.0,1.0
deepseek_deepseek-v4-pro,REC-neo-icu-001,1,neonate,medications,1,0,0,1,1,1.0,1.0,1.0
deepseek_deepseek-v4-pro,REC-neo-icu-001,1,neonate,labs,1,0,0,1,1,1.0,1.0,1.0
deepseek_deepseek-v4-pro,REC-neo-icu-001,1,neonate,procedures,1,0,0,1,1,1.0,1.0,1.0
deepseek_deepseek-v4-pro,REC-neo-icu-001,1,neonate,temporal,0,5,4,4,5,0.0,0.0,0.0
deepseek_deepseek-v4-pro,REC-neo-icu-002,1,neonate,diagnoses,3,1,0,3,4,0.75,1.0,0.8571428571428571
deepseek_deepseek-v4-pro,REC-neo-icu-002,1,neonate,medications,1,0,0,1,1,1.0,1.0,1.0
deepseek_deepseek-v4-pro,REC-neo-icu-002,1,neonate,labs,1,0,0,1,1,1.0,1.0,1.0
deepseek_deepseek-v4-pro,REC-neo-icu-002,1,neonate,procedures,1,0,0,1,1,1.0,1.0,1.0
deepseek_deepseek-v4-pro,REC-neo-icu-002,1,neonate,temporal,0,2,2,2,2,0.0,0.0,0.0
deepseek_deepseek-v4-pro,REC-neo-icu-003,1,neonate,diagnoses,2,0,0,2,2,1.0,1.0,1.0
deepseek_deepseek-v4-pro,REC-neo-icu-003,1,neonate,medications,1,0,0,1,1,1.0,1.0,1.0
deepseek_deepseek-v4-pro,REC-neo-icu-003,1,neonate,labs,1,0,0,1,1,1.0,1.0,1.0
deepseek_deepseek-v4-pro,REC-neo-icu-003,1,neonate,procedures,1,0,0,1,1,1.0,1.0,1.0
deepseek_deepseek-v4-pro,REC-neo-icu-003,1,neonate,temporal,0,4,2,2,4,0.0,0.0,0.0
deepseek_deepseek-v4-pro,REC-neo-icu-004,1,neonate,diagnoses,0,0,2,2,0,0.0,0.0,0.0
deepseek_deepseek-v4-pro,REC-neo-icu-004,1,neonate,medications,0,0,1,1,0,0.0,0.0,0.0
deepseek_deepseek-v4-pro,REC-neo-icu-004,1,neonate,labs,0,0,1,1,0,0.0,0.0,0.0
deepseek_deepseek-v4-pro,REC-neo-icu-004,1,neonate,procedures,0,0,1,1,0,0.0,0.0,0.0
deepseek_deepseek-v4-pro,REC-neo-icu-004,1,neonate,temporal,0,0,2,2,0,0.0,0.0,0.0
deepseek_deepseek-v4-pro,REC-neo-icu-005,1,neonate,diagnoses,1,0,0,1,1,1.0,1.0,1.0
deepseek_deepseek-v4-pro,REC-neo-icu-005,1,neonate,medications,1,0,0,1,1,1.0,1.0,1.0
deepseek_deepseek-v4-pro,REC-neo-icu-005,1,neonate,labs,1,0,0,1,1,1.0,1.0,1.0
deepseek_deepseek-v4-pro,REC-neo-icu-005,1,neonate,procedures,1,0,0,1,1,1.0,1.0,1.0
deepseek_deepseek-v4-pro,REC-neo-icu-005,1,neonate,temporal,0,4,2,2,4,0.0,0.0,0.0
deepseek_deepseek-v4-pro,REC-neo-icu-006,1,neonate,diagnoses,1,0,0,1,1,1.0,1.0,1.0
deepseek_deepseek-v4-pro,REC-neo-icu-006,1,neonate,medications,1,0,0,1,1,1.0,1.0,1.0
deepseek_deepseek-v4-pro,REC-neo-icu-006,1,neonate,labs,1,0,0,1,1,1.0,1.0,1.0
deepseek_deepseek-v4-pro,REC-neo-icu-006,1,neonate,procedures,1,1,0,1,2,0.5,1.0,0.6666666666666666
deepseek_deepseek-v4-pro,REC-neo-icu-006,1,neonate,temporal,1,4,1,2,5,0.2,0.5,0.28571428571428575
deepseek_deepseek-v4-pro,REC-neo-icu-007,1,neonate,diagnoses,2,0,0,2,2,1.0,1.0,1.0
deepseek_deepseek-v4-pro,REC-neo-icu-007,1,neonate,medications,1,0,0,1,1,1.0,1.0,1.0
deepseek_deepseek-v4-pro,REC-neo-icu-007,1,neonate,labs,1,0,0,1,1,1.0,1.0,1.0
deepseek_deepseek-v4-pro,REC-neo-icu-007,1,neonate,procedures,1,0,0,1,1,1.0,1.0,1.0
deepseek_deepseek-v4-pro,REC-neo-icu-007,1,neonate,temporal,0,3,1,1,3,0.0,0.0,0.0
deepseek_deepseek-v4-pro,REC-neo-icu-008,1,neonate,diagnoses,2,1,0,2,3,0.6666666666666666,1.0,0.8
deepseek_deepseek-v4-pro,REC-neo-icu-008,1,neonate,medications,1,0,0,1,1,1.0,1.0,1.0
deepseek_deepseek-v4-pro,REC-neo-icu-008,1,neonate,labs,1,0,0,1,1,1.0,1.0,1.0
deepseek_deepseek-v4-pro,REC-neo-icu-008,1,neonate,procedures,1,1,0,1,2,0.5,1.0,0.6666666666666666
deepseek_deepseek-v4-pro,REC-neo-icu-008,1,neonate,temporal,0,4,3,3,4,0.0,0.0,0.0
deepseek_deepseek-v4-pro,REC-neo-icu-009,1,neonate,diagnoses,1,0,0,1,1,1.0,1.0,1.0
deepseek_deepseek-v4-pro,REC-neo-icu-009,1,neonate,medications,1,0,0,1,1,1.0,1.0,1.0
deepseek_deepseek-v4-pro,REC-neo-icu-009,1,neonate,labs,1,0,0,1,1,1.0,1.0,1.0
deepseek_deepseek-v4-pro,REC-neo-icu-009,1,neonate,procedures,1,0,0,1,1,1.0,1.0,1.0
deepseek_deepseek-v4-pro,REC-neo-icu-009,1,neonate,temporal,0,4,2,2,4,0.0,0.0,0.0
deepseek_deepseek-v4-pro,REC-neo-icu-010,1,neonate,diagnoses,3,1,0,3,4,0.75,1.0,0.8571428571428571
deepseek_deepseek-v4-pro,REC-neo-icu-010,1,neonate,medications,1,0,0,1,1,1.0,1.0,1.0
deepseek_deepseek-v4-pro,REC-neo-icu-010,1,neonate,labs,1,0,0,1,1,1.0,1.0,1.0
deepseek_deepseek-v4-pro,REC-neo-icu-010,1,neonate,procedures,1,0,0,1,1,1.0,1.0,1.0
deepseek_deepseek-v4-pro,REC-neo-icu-010,1,neonate,temporal,0,1,2,2,1,0.0,0.0,0.0
deepseek_deepseek-v4-pro,REC-neo-inp-001,1,neonate,diagnoses,2,0,0,2,2,1.0,1.0,1.0
deepseek_deepseek-v4-pro,REC-neo-inp-001,1,neonate,medications,1,0,0,1,1,1.0,1.0,1.0
deepseek_deepseek-v4-pro,REC-neo-inp-001,1,neonate,labs,1,0,0,1,1,1.0,1.0,1.0
deepseek_deepseek-v4-pro,REC-neo-inp-001,1,neonate,procedures,1,1,0,1,2,0.5,1.0,0.6666666666666666
deepseek_deepseek-v4-pro,REC-neo-inp-001,1,neonate,temporal,0,2,2,2,2,0.0,0.0,0.0
deepseek_deepseek-v4-pro,REC-neo-inp-002,1,neonate,diagnoses,3,0,0,3,3,1.0,1.0,1.0
deepseek_deepseek-v4-pro,REC-neo-inp-002,1,neonate,medications,0,0,0,0,0,0.0,0.0,0.0
deepseek_deepseek-v4-pro,REC-neo-inp-002,1,neonate,labs,1,0,0,1,1,1.0,1.0,1.0
deepseek_deepseek-v4-pro,REC-neo-inp-002,1,neonate,procedures,1,0,0,1,1,1.0,1.0,1.0
deepseek_deepseek-v4-pro,REC-neo-inp-002,1,neonate,temporal,0,2,2,2,2,0.0,0.0,0.0
deepseek_deepseek-v4-pro,REC-neo-inp-003,1,neonate,diagnoses,2,1,0,2,3,0.6666666666666666,1.0,0.8
deepseek_deepseek-v4-pro,REC-neo-inp-003,1,neonate,medications,1,0,0,1,1,1.0,1.0,1.0
deepseek_deepseek-v4-pro,REC-neo-inp-003,1,neonate,labs,1,0,0,1,1,1.0,1.0,1.0
deepseek_deepseek-v4-pro,REC-neo-inp-003,1,neonate,procedures,1,1,0,1,2,0.5,1.0,0.6666666666666666
deepseek_deepseek-v4-pro,REC-neo-inp-003,1,neonate,temporal,0,5,2,2,5,0.0,0.0,0.0
deepseek_deepseek-v4-pro,REC-neo-inp-004,1,neonate,diagnoses,2,0,0,2,2,1.0,1.0,1.0
deepseek_deepseek-v4-pro,REC-neo-inp-004,1,neonate,medications,1,0,0,1,1,1.0,1.0,1.0
deepseek_deepseek-v4-pro,REC-neo-inp-004,1,neonate,labs,1,0,0,1,1,1.0,1.0,1.0
deepseek_deepseek-v4-pro,REC-neo-inp-004,1,neonate,procedures,1,0,0,1,1,1.0,1.0,1.0
deepseek_deepseek-v4-pro,REC-neo-inp-004,1,neonate,temporal,0,2,3,3,2,0.0,0.0,0.0
deepseek_deepseek-v4-pro,REC-neo-inp-005,1,neonate,diagnoses,2,0,0,2,2,1.0,1.0,1.0
deepseek_deepseek-v4-pro,REC-neo-inp-005,1,neonate,medications,0,0,0,0,0,0.0,0.0,0.0
deepseek_deepseek-v4-pro,REC-neo-inp-005,1,neonate,labs,1,0,0,1,1,1.0,1.0,1.0
deepseek_deepseek-v4-pro,REC-neo-inp-005,1,neonate,procedures,1,0,0,1,1,1.0,1.0,1.0
deepseek_deepseek-v4-pro,REC-neo-inp-005,1,neonate,temporal,0,2,2,2,2,0.0,0.0,0.0
deepseek_deepseek-v4-pro,REC-neo-inp-006,1,neonate,diagnoses,1,1,0,1,2,0.5,1.0,0.6666666666666666
deepseek_deepseek-v4-pro,REC-neo-inp-006,1,neonate,medications,1,0,0,1,1,1.0,1.0,1.0
deepseek_deepseek-v4-pro,REC-neo-inp-006,1,neonate,labs,1,0,0,1,1,1.0,1.0,1.0
deepseek_deepseek-v4-pro,REC-neo-inp-006,1,neonate,procedures,1,0,0,1,1,1.0,1.0,1.0
deepseek_deepseek-v4-pro,REC-neo-inp-006,1,neonate,temporal,0,3,2,2,3,0.0,0.0,0.0
deepseek_deepseek-v4-pro,REC-neo-inp-007,1,neonate,diagnoses,1,0,0,1,1,1.0,1.0,1.0
deepseek_deepseek-v4-pro,REC-neo-inp-007,1,neonate,medications,1,0,0,1,1,1.0,1.0,1.0
deepseek_deepseek-v4-pro,REC-neo-inp-007,1,neonate,labs,1,0,0,1,1,1.0,1.0,1.0
deepseek_deepseek-v4-pro,REC-neo-inp-007,1,neonate,procedures,1,0,0,1,1,1.0,1.0,1.0
deepseek_deepseek-v4-pro,REC-neo-inp-007,1,neonate,temporal,0,8,4,4,8,0.0,0.0,0.0
deepseek_deepseek-v4-pro,REC-neo-inp-008,1,neonate,diagnoses,2,0,0,2,2,1.0,1.0,1.0
deepseek_deepseek-v4-pro,REC-neo-inp-008,1,neonate,medications,0,0,0,0,0,0.0,0.0,0.0
deepseek_deepseek-v4-pro,REC-neo-inp-008,1,neonate,labs,1,0,0,1,1,1.0,1.0,1.0
deepseek_deepseek-v4-pro,REC-neo-inp-008,1,neonate,procedures,1,0,0,1,1,1.0,1.0,1.0
deepseek_deepseek-v4-pro,REC-neo-inp-008,1,neonate,temporal,0,4,3,3,4,0.0,0.0,0.0
deepseek_deepseek-v4-pro,REC-neo-inp-009,1,neonate,diagnoses,1,1,0,1,2,0.5,1.0,0.6666666666666666
deepseek_deepseek-v4-pro,REC-neo-inp-009,1,neonate,medications,1,0,0,1,1,1.0,1.0,1.0
deepseek_deepseek-v4-pro,REC-neo-inp-009,1,neonate,labs,1,0,0,1,1,1.0,1.0,1.0
deepseek_deepseek-v4-pro,REC-neo-inp-009,1,neonate,procedures,1,0,0,1,1,1.0,1.0,1.0
deepseek_deepseek-v4-pro,REC-neo-inp-009,1,neonate,temporal,1,2,1,2,3,0.3333333333333333,0.5,0.4
deepseek_deepseek-v4-pro,REC-neo-inp-010,1,neonate,diagnoses,1,0,0,1,1,1.0,1.0,1.0
deepseek_deepseek-v4-pro,REC-neo-inp-010,1,neonate,medications,1,0,0,1,1,1.0,1.0,1.0
deepseek_deepseek-v4-pro,REC-neo-inp-010,1,neonate,labs,1,0,0,1,1,1.0,1.0,1.0
deepseek_deepseek-v4-pro,REC-neo-inp-010,1,neonate,procedures,1,0,0,1,1,1.0,1.0,1.0
deepseek_deepseek-v4-pro,REC-neo-inp-010,1,neonate,temporal,0,1,2,2,1,0.0,0.0,0.0
deepseek_deepseek-v4-pro,REC-neo-out-001,1,neonate,diagnoses,1,0,0,1,1,1.0,1.0,1.0
deepseek_deepseek-v4-pro,REC-neo-out-001,1,neonate,medications,0,0,0,0,0,0.0,0.0,0.0
deepseek_deepseek-v4-pro,REC-neo-out-001,1,neonate,labs,1,0,0,1,1,1.0,1.0,1.0
deepseek_deepseek-v4-pro,REC-neo-out-001,1,neonate,procedures,1,0,0,1,1,1.0,1.0,1.0
deepseek_deepseek-v4-pro,REC-neo-out-001,1,neonate,temporal,0,3,2,2,3,0.0,0.0,0.0
deepseek_deepseek-v4-pro,REC-neo-out-002,1,neonate,diagnoses,3,0,0,3,3,1.0,1.0,1.0
deepseek_deepseek-v4-pro,REC-neo-out-002,1,neonate,medications,0,0,0,0,0,0.0,0.0,0.0
deepseek_deepseek-v4-pro,REC-neo-out-002,1,neonate,labs,1,0,0,1,1,1.0,1.0,1.0
deepseek_deepseek-v4-pro,REC-neo-out-002,1,neonate,procedures,1,0,0,1,1,1.0,1.0,1.0
deepseek_deepseek-v4-pro,REC-neo-out-002,1,neonate,temporal,0,3,2,2,3,0.0,0.0,0.0
deepseek_deepseek-v4-pro,REC-neo-out-003,1,neonate,diagnoses,2,0,0,2,2,1.0,1.0,1.0
deepseek_deepseek-v4-pro,REC-neo-out-003,1,neonate,medications,0,0,0,0,0,0.0,0.0,0.0
deepseek_deepseek-v4-pro,REC-neo-out-003,1,neonate,labs,1,0,0,1,1,1.0,1.0,1.0
deepseek_deepseek-v4-pro,REC-neo-out-003,1,neonate,procedures,1,0,0,1,1,1.0,1.0,1.0
deepseek_deepseek-v4-pro,REC-neo-out-003,1,neonate,temporal,0,3,1,1,3,0.0,0.0,0.0
deepseek_deepseek-v4-pro,REC-neo-out-004,1,neonate,diagnoses,2,1,0,2,3,0.6666666666666666,1.0,0.8
deepseek_deepseek-v4-pro,REC-neo-out-004,1,neonate,medications,0,0,0,0,0,0.0,0.0,0.0
deepseek_deepseek-v4-pro,REC-neo-out-004,1,neonate,labs,1,0,0,1,1,1.0,1.0,1.0
deepseek_deepseek-v4-pro,REC-neo-out-004,1,neonate,procedures,1,0,0,1,1,1.0,1.0,1.0
deepseek_deepseek-v4-pro,REC-neo-out-004,1,neonate,temporal,0,3,3,3,3,0.0,0.0,0.0
deepseek_deepseek-v4-pro,REC-neo-out-005,1,neonate,diagnoses,1,0,0,1,1,1.0,1.0,1.0
deepseek_deepseek-v4-pro,REC-neo-out-005,1,neonate,medications,0,0,0,0,0,0.0,0.0,0.0
deepseek_deepseek-v4-pro,REC-neo-out-005,1,neonate,labs,1,0,0,1,1,1.0,1.0,1.0
deepseek_deepseek-v4-pro,REC-neo-out-005,1,neonate,procedures,1,0,0,1,1,1.0,1.0,1.0
deepseek_deepseek-v4-pro,REC-neo-out-005,1,neonate,temporal,0,3,2,2,3,0.0,0.0,0.0
deepseek_deepseek-v4-pro,REC-neo-out-006,1,neonate,diagnoses,2,0,0,2,2,1.0,1.0,1.0
deepseek_deepseek-v4-pro,REC-neo-out-006,1,neonate,medications,0,0,0,0,0,0.0,0.0,0.0
deepseek_deepseek-v4-pro,REC-neo-out-006,1,neonate,labs,1,0,0,1,1,1.0,1.0,1.0
deepseek_deepseek-v4-pro,REC-neo-out-006,1,neonate,procedures,1,0,0,1,1,1.0,1.0,1.0
deepseek_deepseek-v4-pro,REC-neo-out-006,1,neonate,temporal,0,2,2,2,2,0.0,0.0,0.0
deepseek_deepseek-v4-pro,REC-neo-out-007,1,neonate,diagnoses,3,0,0,3,3,1.0,1.0,1.0
deepseek_deepseek-v4-pro,REC-neo-out-007,1,neonate,medications,0,0,0,0,0,0.0,0.0,0.0
deepseek_deepseek-v4-pro,REC-neo-out-007,1,neonate,labs,1,0,0,1,1,1.0,1.0,1.0
deepseek_deepseek-v4-pro,REC-neo-out-007,1,neonate,procedures,1,0,0,1,1,1.0,1.0,1.0
deepseek_deepseek-v4-pro,REC-neo-out-007,1,neonate,temporal,0,2,2,2,2,0.0,0.0,0.0
deepseek_deepseek-v4-pro,REC-neo-out-008,1,neonate,diagnoses,2,0,0,2,2,1.0,1.0,1.0
deepseek_deepseek-v4-pro,REC-neo-out-008,1,neonate,medications,0,0,0,0,0,0.0,0.0,0.0
deepseek_deepseek-v4-pro,REC-neo-out-008,1,neonate,labs,1,0,0,1,1,1.0,1.0,1.0
deepseek_deepseek-v4-pro,REC-neo-out-008,1,neonate,procedures,1,1,0,1,2,0.5,1.0,0.6666666666666666
deepseek_deepseek-v4-pro,REC-neo-out-008,1,neonate,temporal,0,2,3,3,2,0.0,0.0,0.0
deepseek_deepseek-v4-pro,REC-neo-out-009,1,neonate,diagnoses,2,0,0,2,2,1.0,1.0,1.0
deepseek_deepseek-v4-pro,REC-neo-out-009,1,neonate,medications,0,0,0,0,0,0.0,0.0,0.0
deepseek_deepseek-v4-pro,REC-neo-out-009,1,neonate,labs,1,0,0,1,1,1.0,1.0,1.0
deepseek_deepseek-v4-pro,REC-neo-out-009,1,neonate,procedures,1,0,0,1,1,1.0,1.0,1.0
deepseek_deepseek-v4-pro,REC-neo-out-009,1,neonate,temporal,0,3,3,3,3,0.0,0.0,0.0
deepseek_deepseek-v4-pro,REC-neo-out-010,1,neonate,diagnoses,2,0,0,2,2,1.0,1.0,1.0
deepseek_deepseek-v4-pro,REC-neo-out-010,1,neonate,medications,0,0,0,0,0,0.0,0.0,0.0
deepseek_deepseek-v4-pro,REC-neo-out-010,1,neonate,labs,1,0,0,1,1,1.0,1.0,1.0
deepseek_deepseek-v4-pro,REC-neo-out-010,1,neonate,procedures,1,1,0,1,2,0.5,1.0,0.6666666666666666
deepseek_deepseek-v4-pro,REC-neo-out-010,1,neonate,temporal,0,3,3,3,3,0.0,0.0,0.0
deepseek_deepseek-v4-pro,REC-ado-eme-001,2,adolescent,diagnoses,2,0,0,2,2,1.0,1.0,1.0
deepseek_deepseek-v4-pro,REC-ado-eme-001,2,adolescent,medications,1,0,0,1,1,1.0,1.0,1.0
deepseek_deepseek-v4-pro,REC-ado-eme-001,2,adolescent,labs,1,0,0,1,1,1.0,1.0,1.0
deepseek_deepseek-v4-pro,REC-ado-eme-001,2,adolescent,procedures,1,0,0,1,1,1.0,1.0,1.0
deepseek_deepseek-v4-pro,REC-ado-eme-001,2,adolescent,temporal,0,3,0,0,3,0.0,0.0,0.0
deepseek_deepseek-v4-pro,REC-ado-eme-002,2,adolescent,diagnoses,2,1,0,2,3,0.6666666666666666,1.0,0.8
deepseek_deepseek-v4-pro,REC-ado-eme-002,2,adolescent,medications,1,0,0,1,1,1.0,1.0,1.0
deepseek_deepseek-v4-pro,REC-ado-eme-002,2,adolescent,labs,0,0,0,0,0,0.0,0.0,0.0
deepseek_deepseek-v4-pro,REC-ado-eme-002,2,adolescent,procedures,1,1,0,1,2,0.5,1.0,0.6666666666666666
deepseek_deepseek-v4-pro,REC-ado-eme-002,2,adolescent,temporal,0,3,2,2,3,0.0,0.0,0.0
deepseek_deepseek-v4-pro,REC-ado-eme-003,2,adolescent,diagnoses,1,1,0,1,2,0.5,1.0,0.6666666666666666
deepseek_deepseek-v4-pro,REC-ado-eme-003,2,adolescent,medications,1,0,0,1,1,1.0,1.0,1.0
deepseek_deepseek-v4-pro,REC-ado-eme-003,2,adolescent,labs,0,0,0,0,0,0.0,0.0,0.0
deepseek_deepseek-v4-pro,REC-ado-eme-003,2,adolescent,procedures,1,0,0,1,1,1.0,1.0,1.0
deepseek_deepseek-v4-pro,REC-ado-eme-003,2,adolescent,temporal,0,1,2,2,1,0.0,0.0,0.0
deepseek_deepseek-v4-pro,REC-ado-eme-004,2,adolescent,diagnoses,2,1,0,2,3,0.6666666666666666,1.0,0.8
deepseek_deepseek-v4-pro,REC-ado-eme-004,2,adolescent,medications,1,0,0,1,1,1.0,1.0,1.0
deepseek_deepseek-v4-pro,REC-ado-eme-004,2,adolescent,labs,1,0,0,1,1,1.0,1.0,1.0
deepseek_deepseek-v4-pro,REC-ado-eme-004,2,adolescent,procedures,1,1,0,1,2,0.5,1.0,0.6666666666666666
deepseek_deepseek-v4-pro,REC-ado-eme-004,2,adolescent,temporal,0,5,2,2,5,0.0,0.0,0.0
deepseek_deepseek-v4-pro,REC-ado-eme-005,2,adolescent,diagnoses,2,0,0,2,2,1.0,1.0,1.0
deepseek_deepseek-v4-pro,REC-ado-eme-005,2,adolescent,medications,1,0,0,1,1,1.0,1.0,1.0
deepseek_deepseek-v4-pro,REC-ado-eme-005,2,adolescent,labs,0,0,0,0,0,0.0,0.0,0.0
deepseek_deepseek-v4-pro,REC-ado-eme-005,2,adolescent,procedures,1,1,0,1,2,0.5,1.0,0.6666666666666666
deepseek_deepseek-v4-pro,REC-ado-eme-005,2,adolescent,temporal,0,3,1,1,3,0.0,0.0,0.0
deepseek_deepseek-v4-pro,REC-ado-eme-006,2,adolescent,diagnoses,2,1,0,2,3,0.6666666666666666,1.0,0.8
deepseek_deepseek-v4-pro,REC-ado-eme-006,2,adolescent,medications,1,0,0,1,1,1.0,1.0,1.0
deepseek_deepseek-v4-pro,REC-ado-eme-006,2,adolescent,labs,0,0,0,0,0,0.0,0.0,0.0
deepseek_deepseek-v4-pro,REC-ado-eme-006,2,adolescent,procedures,1,0,0,1,1,1.0,1.0,1.0
deepseek_deepseek-v4-pro,REC-ado-eme-006,2,adolescent,temporal,0,1,2,2,1,0.0,0.0,0.0
deepseek_deepseek-v4-pro,REC-ado-eme-007,2,adolescent,diagnoses,3,0,0,3,3,1.0,1.0,1.0
deepseek_deepseek-v4-pro,REC-ado-eme-007,2,adolescent,medications,1,0,0,1,1,1.0,1.0,1.0
deepseek_deepseek-v4-pro,REC-ado-eme-007,2,adolescent,labs,1,0,0,1,1,1.0,1.0,1.0
deepseek_deepseek-v4-pro,REC-ado-eme-007,2,adolescent,procedures,1,0,0,1,1,1.0,1.0,1.0
deepseek_deepseek-v4-pro,REC-ado-eme-007,2,adolescent,temporal,0,1,1,1,1,0.0,0.0,0.0
deepseek_deepseek-v4-pro,REC-ado-eme-008,2,adolescent,diagnoses,2,0,0,2,2,1.0,1.0,1.0
deepseek_deepseek-v4-pro,REC-ado-eme-008,2,adolescent,medications,1,0,0,1,1,1.0,1.0,1.0
deepseek_deepseek-v4-pro,REC-ado-eme-008,2,adolescent,labs,0,0,0,0,0,0.0,0.0,0.0
deepseek_deepseek-v4-pro,REC-ado-eme-008,2,adolescent,procedures,1,1,0,1,2,0.5,1.0,0.6666666666666666
deepseek_deepseek-v4-pro,REC-ado-eme-008,2,adolescent,temporal,0,3,2,2,3,0.0,0.0,0.0
deepseek_deepseek-v4-pro,REC-ado-eme-009,2,adolescent,diagnoses,2,0,0,2,2,1.0,1.0,1.0
deepseek_deepseek-v4-pro,REC-ado-eme-009,2,adolescent,medications,1,0,0,1,1,1.0,1.0,1.0
deepseek_deepseek-v4-pro,REC-ado-eme-009,2,adolescent,labs,0,0,0,0,0,0.0,0.0,0.0
deepseek_deepseek-v4-pro,REC-ado-eme-009,2,adolescent,procedures,1,0,0,1,1,1.0,1.0,1.0
deepseek_deepseek-v4-pro,REC-ado-eme-009,2,adolescent,temporal,0,3,2,2,3,0.0,0.0,0.0
deepseek_deepseek-v4-pro,REC-ado-eme-010,2,adolescent,diagnoses,1,1,0,1,2,0.5,1.0,0.6666666666666666
deepseek_deepseek-v4-pro,REC-ado-eme-010,2,adolescent,medications,1,0,0,1,1,1.0,1.0,1.0
deepseek_deepseek-v4-pro,REC-ado-eme-010,2,adolescent,labs,1,0,0,1,1,1.0,1.0,1.0
deepseek_deepseek-v4-pro,REC-ado-eme-010,2,adolescent,procedures,1,1,0,1,2,0.5,1.0,0.6666666666666666
deepseek_deepseek-v4-pro,REC-ado-eme-010,2,adolescent,temporal,0,3,3,3,3,0.0,0.0,0.0
deepseek_deepseek-v4-pro,REC-ado-icu-001,2,adolescent,diagnoses,1,0,0,1,1,1.0,1.0,1.0
deepseek_deepseek-v4-pro,REC-ado-icu-001,2,adolescent,medications,1,0,0,1,1,1.0,1.0,1.0
deepseek_deepseek-v4-pro,REC-ado-icu-001,2,adolescent,labs,1,0,0,1,1,1.0,1.0,1.0
deepseek_deepseek-v4-pro,REC-ado-icu-001,2,adolescent,procedures,1,1,0,1,2,0.5,1.0,0.6666666666666666
deepseek_deepseek-v4-pro,REC-ado-icu-001,2,adolescent,temporal,0,4,1,1,4,0.0,0.0,0.0
deepseek_deepseek-v4-pro,REC-ado-icu-002,2,adolescent,diagnoses,2,0,0,2,2,1.0,1.0,1.0
deepseek_deepseek-v4-pro,REC-ado-icu-002,2,adolescent,medications,1,0,0,1,1,1.0,1.0,1.0
deepseek_deepseek-v4-pro,REC-ado-icu-002,2,adolescent,labs,1,0,0,1,1,1.0,1.0,1.0
deepseek_deepseek-v4-pro,REC-ado-icu-002,2,adolescent,procedures,1,1,0,1,2,0.5,1.0,0.6666666666666666
deepseek_deepseek-v4-pro,REC-ado-icu-002,2,adolescent,temporal,0,4,1,1,4,0.0,0.0,0.0
deepseek_deepseek-v4-pro,REC-ado-icu-003,2,adolescent,diagnoses,2,1,0,2,3,0.6666666666666666,1.0,0.8
deepseek_deepseek-v4-pro,REC-ado-icu-003,2,adolescent,medications,1,0,0,1,1,1.0,1.0,1.0
deepseek_deepseek-v4-pro,REC-ado-icu-003,2,adolescent,labs,1,0,0,1,1,1.0,1.0,1.0
deepseek_deepseek-v4-pro,REC-ado-icu-003,2,adolescent,procedures,1,1,0,1,2,0.5,1.0,0.6666666666666666
deepseek_deepseek-v4-pro,REC-ado-icu-003,2,adolescent,temporal,0,4,2,2,4,0.0,0.0,0.0
deepseek_deepseek-v4-pro,REC-ado-icu-004,2,adolescent,diagnoses,2,0,0,2,2,1.0,1.0,1.0
deepseek_deepseek-v4-pro,REC-ado-icu-004,2,adolescent,medications,1,0,0,1,1,1.0,1.0,1.0
deepseek_deepseek-v4-pro,REC-ado-icu-004,2,adolescent,labs,1,0,0,1,1,1.0,1.0,1.0
deepseek_deepseek-v4-pro,REC-ado-icu-004,2,adolescent,procedures,1,1,0,1,2,0.5,1.0,0.6666666666666666
deepseek_deepseek-v4-pro,REC-ado-icu-004,2,adolescent,temporal,0,3,2,2,3,0.0,0.0,0.0
deepseek_deepseek-v4-pro,REC-ado-icu-005,2,adolescent,diagnoses,2,1,0,2,3,0.6666666666666666,1.0,0.8
deepseek_deepseek-v4-pro,REC-ado-icu-005,2,adolescent,medications,1,0,0,1,1,1.0,1.0,1.0
deepseek_deepseek-v4-pro,REC-ado-icu-005,2,adolescent,labs,1,0,0,1,1,1.0,1.0,1.0
deepseek_deepseek-v4-pro,REC-ado-icu-005,2,adolescent,procedures,1,1,0,1,2,0.5,1.0,0.6666666666666666
deepseek_deepseek-v4-pro,REC-ado-icu-005,2,adolescent,temporal,0,5,2,2,5,0.0,0.0,0.0
deepseek_deepseek-v4-pro,REC-ado-icu-006,2,adolescent,diagnoses,2,1,0,2,3,0.6666666666666666,1.0,0.8
deepseek_deepseek-v4-pro,REC-ado-icu-006,2,adolescent,medications,1,0,0,1,1,1.0,1.0,1.0
deepseek_deepseek-v4-pro,REC-ado-icu-006,2,adolescent,labs,1,0,0,1,1,1.0,1.0,1.0
deepseek_deepseek-v4-pro,REC-ado-icu-006,2,adolescent,procedures,1,0,0,1,1,1.0,1.0,1.0
deepseek_deepseek-v4-pro,REC-ado-icu-006,2,adolescent,temporal,0,3,1,1,3,0.0,0.0,0.0
deepseek_deepseek-v4-pro,REC-ado-icu-007,2,adolescent,diagnoses,1,1,0,1,2,0.5,1.0,0.6666666666666666
deepseek_deepseek-v4-pro,REC-ado-icu-007,2,adolescent,medications,1,0,0,1,1,1.0,1.0,1.0
deepseek_deepseek-v4-pro,REC-ado-icu-007,2,adolescent,labs,1,0,0,1,1,1.0,1.0,1.0
deepseek_deepseek-v4-pro,REC-ado-icu-007,2,adolescent,procedures,1,1,0,1,2,0.5,1.0,0.6666666666666666
deepseek_deepseek-v4-pro,REC-ado-icu-007,2,adolescent,temporal,0,5,2,2,5,0.0,0.0,0.0
deepseek_deepseek-v4-pro,REC-ado-icu-008,2,adolescent,diagnoses,1,1,0,1,2,0.5,1.0,0.6666666666666666
deepseek_deepseek-v4-pro,REC-ado-icu-008,2,adolescent,medications,1,0,0,1,1,1.0,1.0,1.0
deepseek_deepseek-v4-pro,REC-ado-icu-008,2,adolescent,labs,1,0,0,1,1,1.0,1.0,1.0
deepseek_deepseek-v4-pro,REC-ado-icu-008,2,adolescent,procedures,1,0,0,1,1,1.0,1.0,1.0
deepseek_deepseek-v4-pro,REC-ado-icu-008,2,adolescent,temporal,0,1,2,2,1,0.0,0.0,0.0
deepseek_deepseek-v4-pro,REC-ado-icu-009,2,adolescent,diagnoses,2,0,0,2,2,1.0,1.0,1.0
deepseek_deepseek-v4-pro,REC-ado-icu-009,2,adolescent,medications,1,0,0,1,1,1.0,1.0,1.0
deepseek_deepseek-v4-pro,REC-ado-icu-009,2,adolescent,labs,1,0,0,1,1,1.0,1.0,1.0
deepseek_deepseek-v4-pro,REC-ado-icu-009,2,adolescent,procedures,1,0,0,1,1,1.0,1.0,1.0
deepseek_deepseek-v4-pro,REC-ado-icu-009,2,adolescent,temporal,0,2,1,1,2,0.0,0.0,0.0
deepseek_deepseek-v4-pro,REC-ado-icu-010,2,adolescent,diagnoses,2,0,0,2,2,1.0,1.0,1.0
deepseek_deepseek-v4-pro,REC-ado-icu-010,2,adolescent,medications,1,0,0,1,1,1.0,1.0,1.0
deepseek_deepseek-v4-pro,REC-ado-icu-010,2,adolescent,labs,1,0,0,1,1,1.0,1.0,1.0
deepseek_deepseek-v4-pro,REC-ado-icu-010,2,adolescent,procedures,1,1,0,1,2,0.5,1.0,0.6666666666666666
deepseek_deepseek-v4-pro,REC-ado-icu-010,2,adolescent,temporal,0,4,1,1,4,0.0,0.0,0.0
deepseek_deepseek-v4-pro,REC-ado-inp-001,2,adolescent,diagnoses,2,0,0,2,2,1.0,1.0,1.0
deepseek_deepseek-v4-pro,REC-ado-inp-001,2,adolescent,medications,1,0,0,1,1,1.0,1.0,1.0
deepseek_deepseek-v4-pro,REC-ado-inp-001,2,adolescent,labs,1,0,0,1,1,1.0,1.0,1.0
deepseek_deepseek-v4-pro,REC-ado-inp-001,2,adolescent,procedures,1,1,0,1,2,0.5,1.0,0.6666666666666666
deepseek_deepseek-v4-pro,REC-ado-inp-001,2,adolescent,temporal,0,5,2,2,5,0.0,0.0,0.0
deepseek_deepseek-v4-pro,REC-ado-inp-002,2,adolescent,diagnoses,2,0,0,2,2,1.0,1.0,1.0
deepseek_deepseek-v4-pro,REC-ado-inp-002,2,adolescent,medications,1,0,0,1,1,1.0,1.0,1.0
deepseek_deepseek-v4-pro,REC-ado-inp-002,2,adolescent,labs,0,0,0,0,0,0.0,0.0,0.0
deepseek_deepseek-v4-pro,REC-ado-inp-002,2,adolescent,procedures,1,1,0,1,2,0.5,1.0,0.6666666666666666
deepseek_deepseek-v4-pro,REC-ado-inp-002,2,adolescent,temporal,0,3,2,2,3,0.0,0.0,0.0
deepseek_deepseek-v4-pro,REC-ado-inp-003,2,adolescent,diagnoses,2,1,0,2,3,0.6666666666666666,1.0,0.8
deepseek_deepseek-v4-pro,REC-ado-inp-003,2,adolescent,medications,1,0,0,1,1,1.0,1.0,1.0
deepseek_deepseek-v4-pro,REC-ado-inp-003,2,adolescent,labs,0,0,0,0,0,0.0,0.0,0.0
deepseek_deepseek-v4-pro,REC-ado-inp-003,2,adolescent,procedures,1,0,0,1,1,1.0,1.0,1.0
deepseek_deepseek-v4-pro,REC-ado-inp-003,2,adolescent,temporal,0,1,2,2,1,0.0,0.0,0.0
deepseek_deepseek-v4-pro,REC-ado-inp-004,2,adolescent,diagnoses,3,1,0,3,4,0.75,1.0,0.8571428571428571
deepseek_deepseek-v4-pro,REC-ado-inp-004,2,adolescent,medications,1,0,0,1,1,1.0,1.0,1.0
deepseek_deepseek-v4-pro,REC-ado-inp-004,2,adolescent,labs,1,0,0,1,1,1.0,1.0,1.0
deepseek_deepseek-v4-pro,REC-ado-inp-004,2,adolescent,procedures,1,0,0,1,1,1.0,1.0,1.0
deepseek_deepseek-v4-pro,REC-ado-inp-004,2,adolescent,temporal,0,2,1,1,2,0.0,0.0,0.0
deepseek_deepseek-v4-pro,REC-ado-inp-005,2,adolescent,diagnoses,2,0,0,2,2,1.0,1.0,1.0
deepseek_deepseek-v4-pro,REC-ado-inp-005,2,adolescent,medications,1,0,0,1,1,1.0,1.0,1.0
deepseek_deepseek-v4-pro,REC-ado-inp-005,2,adolescent,labs,0,0,0,0,0,0.0,0.0,0.0
deepseek_deepseek-v4-pro,REC-ado-inp-005,2,adolescent,procedures,1,0,0,1,1,1.0,1.0,1.0
deepseek_deepseek-v4-pro,REC-ado-inp-005,2,adolescent,temporal,0,6,2,2,6,0.0,0.0,0.0
deepseek_deepseek-v4-pro,REC-ado-inp-006,2,adolescent,diagnoses,2,1,0,2,3,0.6666666666666666,1.0,0.8
deepseek_deepseek-v4-pro,REC-ado-inp-006,2,adolescent,medications,1,0,0,1,1,1.0,1.0,1.0
deepseek_deepseek-v4-pro,REC-ado-inp-006,2,adolescent,labs,0,0,0,0,0,0.0,0.0,0.0
deepseek_deepseek-v4-pro,REC-ado-inp-006,2,adolescent,procedures,1,1,0,1,2,0.5,1.0,0.6666666666666666
deepseek_deepseek-v4-pro,REC-ado-inp-006,2,adolescent,temporal,0,4,2,2,4,0.0,0.0,0.0
deepseek_deepseek-v4-pro,REC-ado-inp-007,2,adolescent,diagnoses,1,0,0,1,1,1.0,1.0,1.0
deepseek_deepseek-v4-pro,REC-ado-inp-007,2,adolescent,medications,1,0,0,1,1,1.0,1.0,1.0
deepseek_deepseek-v4-pro,REC-ado-inp-007,2,adolescent,labs,1,0,0,1,1,1.0,1.0,1.0
deepseek_deepseek-v4-pro,REC-ado-inp-007,2,adolescent,procedures,1,0,0,1,1,1.0,1.0,1.0
deepseek_deepseek-v4-pro,REC-ado-inp-007,2,adolescent,temporal,0,2,1,1,2,0.0,0.0,0.0
deepseek_deepseek-v4-pro,REC-ado-inp-008,2,adolescent,diagnoses,2,1,0,2,3,0.6666666666666666,1.0,0.8
deepseek_deepseek-v4-pro,REC-ado-inp-008,2,adolescent,medications,1,0,0,1,1,1.0,1.0,1.0
deepseek_deepseek-v4-pro,REC-ado-inp-008,2,adolescent,labs,0,0,0,0,0,0.0,0.0,0.0
deepseek_deepseek-v4-pro,REC-ado-inp-008,2,adolescent,procedures,1,0,0,1,1,1.0,1.0,1.0
deepseek_deepseek-v4-pro,REC-ado-inp-008,2,adolescent,temporal,0,0,1,1,0,0.0,0.0,0.0
deepseek_deepseek-v4-pro,REC-ado-inp-009,2,adolescent,diagnoses,2,0,0,2,2,1.0,1.0,1.0
deepseek_deepseek-v4-pro,REC-ado-inp-009,2,adolescent,medications,1,0,0,1,1,1.0,1.0,1.0
deepseek_deepseek-v4-pro,REC-ado-inp-009,2,adolescent,labs,0,0,0,0,0,0.0,0.0,0.0
deepseek_deepseek-v4-pro,REC-ado-inp-009,2,adolescent,procedures,1,0,0,1,1,1.0,1.0,1.0
deepseek_deepseek-v4-pro,REC-ado-inp-009,2,adolescent,temporal,0,3,0,0,3,0.0,0.0,0.0
deepseek_deepseek-v4-pro,REC-ado-inp-010,2,adolescent,diagnoses,1,1,0,1,2,0.5,1.0,0.6666666666666666
deepseek_deepseek-v4-pro,REC-ado-inp-010,2,adolescent,medications,1,0,0,1,1,1.0,1.0,1.0
deepseek_deepseek-v4-pro,REC-ado-inp-010,2,adolescent,labs,1,0,0,1,1,1.0,1.0,1.0
deepseek_deepseek-v4-pro,REC-ado-inp-010,2,adolescent,procedures,1,0,0,1,1,1.0,1.0,1.0
deepseek_deepseek-v4-pro,REC-ado-inp-010,2,adolescent,temporal,0,4,1,1,4,0.0,0.0,0.0
deepseek_deepseek-v4-pro,REC-ado-out-001,2,adolescent,diagnoses,3,0,0,3,3,1.0,1.0,1.0
deepseek_deepseek-v4-pro,REC-ado-out-001,2,adolescent,medications,1,0,0,1,1,1.0,1.0,1.0
deepseek_deepseek-v4-pro,REC-ado-out-001,2,adolescent,labs,0,0,0,0,0,0.0,0.0,0.0
deepseek_deepseek-v4-pro,REC-ado-out-001,2,adolescent,procedures,1,0,0,1,1,1.0,1.0,1.0
deepseek_deepseek-v4-pro,REC-ado-out-001,2,adolescent,temporal,0,2,0,0,2,0.0,0.0,0.0
deepseek_deepseek-v4-pro,REC-ado-out-002,2,adolescent,diagnoses,2,0,0,2,2,1.0,1.0,1.0
deepseek_deepseek-v4-pro,REC-ado-out-002,2,adolescent,medications,1,0,0,1,1,1.0,1.0,1.0
deepseek_deepseek-v4-pro,REC-ado-out-002,2,adolescent,labs,0,0,0,0,0,0.0,0.0,0.0
deepseek_deepseek-v4-pro,REC-ado-out-002,2,adolescent,procedures,1,0,0,1,1,1.0,1.0,1.0
deepseek_deepseek-v4-pro,REC-ado-out-002,2,adolescent,temporal,0,2,2,2,2,0.0,0.0,0.0
deepseek_deepseek-v4-pro,REC-ado-out-003,2,adolescent,diagnoses,2,0,0,2,2,1.0,1.0,1.0
deepseek_deepseek-v4-pro,REC-ado-out-003,2,adolescent,medications,1,0,0,1,1,1.0,1.0,1.0
deepseek_deepseek-v4-pro,REC-ado-out-003,2,adolescent,labs,0,0,0,0,0,0.0,0.0,0.0
deepseek_deepseek-v4-pro,REC-ado-out-003,2,adolescent,procedures,1,0,0,1,1,1.0,1.0,1.0
deepseek_deepseek-v4-pro,REC-ado-out-003,2,adolescent,temporal,0,1,1,1,1,0.0,0.0,0.0
deepseek_deepseek-v4-pro,REC-ado-out-004,2,adolescent,diagnoses,1,0,0,1,1,1.0,1.0,1.0
deepseek_deepseek-v4-pro,REC-ado-out-004,2,adolescent,medications,1,0,0,1,1,1.0,1.0,1.0
deepseek_deepseek-v4-pro,REC-ado-out-004,2,adolescent,labs,0,0,0,0,0,0.0,0.0,0.0
deepseek_deepseek-v4-pro,REC-ado-out-004,2,adolescent,procedures,1,0,0,1,1,1.0,1.0,1.0
deepseek_deepseek-v4-pro,REC-ado-out-004,2,adolescent,temporal,0,1,1,1,1,0.0,0.0,0.0
deepseek_deepseek-v4-pro,REC-ado-out-005,2,adolescent,diagnoses,2,0,0,2,2,1.0,1.0,1.0
deepseek_deepseek-v4-pro,REC-ado-out-005,2,adolescent,medications,1,0,0,1,1,1.0,1.0,1.0
deepseek_deepseek-v4-pro,REC-ado-out-005,2,adolescent,labs,0,0,0,0,0,0.0,0.0,0.0
deepseek_deepseek-v4-pro,REC-ado-out-005,2,adolescent,procedures,1,1,0,1,2,0.5,1.0,0.6666666666666666
deepseek_deepseek-v4-pro,REC-ado-out-005,2,adolescent,temporal,0,2,1,1,2,0.0,0.0,0.0
deepseek_deepseek-v4-pro,REC-ado-out-006,2,adolescent,diagnoses,1,0,0,1,1,1.0,1.0,1.0
deepseek_deepseek-v4-pro,REC-ado-out-006,2,adolescent,medications,1,0,0,1,1,1.0,1.0,1.0
deepseek_deepseek-v4-pro,REC-ado-out-006,2,adolescent,labs,0,0,0,0,0,0.0,0.0,0.0
deepseek_deepseek-v4-pro,REC-ado-out-006,2,adolescent,procedures,1,0,0,1,1,1.0,1.0,1.0
deepseek_deepseek-v4-pro,REC-ado-out-006,2,adolescent,temporal,0,2,1,1,2,0.0,0.0,0.0
deepseek_deepseek-v4-pro,REC-ado-out-007,2,adolescent,diagnoses,2,0,0,2,2,1.0,1.0,1.0
deepseek_deepseek-v4-pro,REC-ado-out-007,2,adolescent,medications,1,0,0,1,1,1.0,1.0,1.0
deepseek_deepseek-v4-pro,REC-ado-out-007,2,adolescent,labs,0,0,0,0,0,0.0,0.0,0.0
deepseek_deepseek-v4-pro,REC-ado-out-007,2,adolescent,procedures,1,1,0,1,2,0.5,1.0,0.6666666666666666
deepseek_deepseek-v4-pro,REC-ado-out-007,2,adolescent,temporal,0,3,2,2,3,0.0,0.0,0.0
deepseek_deepseek-v4-pro,REC-ado-out-008,2,adolescent,diagnoses,1,0,0,1,1,1.0,1.0,1.0
deepseek_deepseek-v4-pro,REC-ado-out-008,2,adolescent,medications,1,0,0,1,1,1.0,1.0,1.0
deepseek_deepseek-v4-pro,REC-ado-out-008,2,adolescent,labs,0,0,0,0,0,0.0,0.0,0.0
deepseek_deepseek-v4-pro,REC-ado-out-008,2,adolescent,procedures,1,0,0,1,1,1.0,1.0,1.0
deepseek_deepseek-v4-pro,REC-ado-out-008,2,adolescent,temporal,0,1,1,1,1,0.0,0.0,0.0
deepseek_deepseek-v4-pro,REC-ado-out-009,2,adolescent,diagnoses,2,1,0,2,3,0.6666666666666666,1.0,0.8
deepseek_deepseek-v4-pro,REC-ado-out-009,2,adolescent,medications,1,0,0,1,1,1.0,1.0,1.0
deepseek_deepseek-v4-pro,REC-ado-out-009,2,adolescent,labs,0,0,0,0,0,0.0,0.0,0.0
deepseek_deepseek-v4-pro,REC-ado-out-009,2,adolescent,procedures,1,0,0,1,1,1.0,1.0,1.0
deepseek_deepseek-v4-pro,REC-ado-out-009,2,adolescent,temporal,0,2,2,2,2,0.0,0.0,0.0
deepseek_deepseek-v4-pro,REC-ado-out-010,2,adolescent,diagnoses,2,0,0,2,2,1.0,1.0,1.0
deepseek_deepseek-v4-pro,REC-ado-out-010,2,adolescent,medications,1,0,0,1,1,1.0,1.0,1.0
deepseek_deepseek-v4-pro,REC-ado-out-010,2,adolescent,labs,0,0,0,0,0,0.0,0.0,0.0
deepseek_deepseek-v4-pro,REC-ado-out-010,2,adolescent,procedures,1,0,0,1,1,1.0,1.0,1.0
deepseek_deepseek-v4-pro,REC-ado-out-010,2,adolescent,temporal,0,2,1,1,2,0.0,0.0,0.0
deepseek_deepseek-v4-pro,REC-chi-eme-001,2,child,diagnoses,2,0,0,2,2,1.0,1.0,1.0
deepseek_deepseek-v4-pro,REC-chi-eme-001,2,child,medications,1,0,0,1,1,1.0,1.0,1.0
deepseek_deepseek-v4-pro,REC-chi-eme-001,2,child,labs,0,0,0,0,0,0.0,0.0,0.0
deepseek_deepseek-v4-pro,REC-chi-eme-001,2,child,procedures,1,0,0,1,1,1.0,1.0,1.0
deepseek_deepseek-v4-pro,REC-chi-eme-001,2,child,temporal,0,1,2,2,1,0.0,0.0,0.0
deepseek_deepseek-v4-pro,REC-chi-eme-002,2,child,diagnoses,2,0,0,2,2,1.0,1.0,1.0
deepseek_deepseek-v4-pro,REC-chi-eme-002,2,child,medications,1,0,0,1,1,1.0,1.0,1.0
deepseek_deepseek-v4-pro,REC-chi-eme-002,2,child,labs,1,0,0,1,1,1.0,1.0,1.0
deepseek_deepseek-v4-pro,REC-chi-eme-002,2,child,procedures,1,0,0,1,1,1.0,1.0,1.0
deepseek_deepseek-v4-pro,REC-chi-eme-002,2,child,temporal,0,0,0,0,0,0.0,0.0,0.0
deepseek_deepseek-v4-pro,REC-chi-eme-003,2,child,diagnoses,1,0,0,1,1,1.0,1.0,1.0
deepseek_deepseek-v4-pro,REC-chi-eme-003,2,child,medications,1,0,0,1,1,1.0,1.0,1.0
deepseek_deepseek-v4-pro,REC-chi-eme-003,2,child,labs,1,0,0,1,1,1.0,1.0,1.0
deepseek_deepseek-v4-pro,REC-chi-eme-003,2,child,procedures,1,0,0,1,1,1.0,1.0,1.0
deepseek_deepseek-v4-pro,REC-chi-eme-003,2,child,temporal,0,3,1,1,3,0.0,0.0,0.0
deepseek_deepseek-v4-pro,REC-chi-eme-004,2,child,diagnoses,2,1,0,2,3,0.6666666666666666,1.0,0.8
deepseek_deepseek-v4-pro,REC-chi-eme-004,2,child,medications,1,0,0,1,1,1.0,1.0,1.0
deepseek_deepseek-v4-pro,REC-chi-eme-004,2,child,labs,0,0,0,0,0,0.0,0.0,0.0
deepseek_deepseek-v4-pro,REC-chi-eme-004,2,child,procedures,1,0,0,1,1,1.0,1.0,1.0
deepseek_deepseek-v4-pro,REC-chi-eme-004,2,child,temporal,0,2,2,2,2,0.0,0.0,0.0
deepseek_deepseek-v4-pro,REC-chi-eme-005,2,child,diagnoses,0,0,2,2,0,0.0,0.0,0.0
deepseek_deepseek-v4-pro,REC-chi-eme-005,2,child,medications,0,0,1,1,0,0.0,0.0,0.0
deepseek_deepseek-v4-pro,REC-chi-eme-005,2,child,labs,0,0,1,1,0,0.0,0.0,0.0
deepseek_deepseek-v4-pro,REC-chi-eme-005,2,child,procedures,0,0,1,1,0,0.0,0.0,0.0
deepseek_deepseek-v4-pro,REC-chi-eme-005,2,child,temporal,0,0,0,0,0,0.0,0.0,0.0
deepseek_deepseek-v4-pro,REC-chi-eme-006,2,child,diagnoses,2,0,0,2,2,1.0,1.0,1.0
deepseek_deepseek-v4-pro,REC-chi-eme-006,2,child,medications,1,0,0,1,1,1.0,1.0,1.0
deepseek_deepseek-v4-pro,REC-chi-eme-006,2,child,labs,1,0,0,1,1,1.0,1.0,1.0
deepseek_deepseek-v4-pro,REC-chi-eme-006,2,child,procedures,1,0,0,1,1,1.0,1.0,1.0
deepseek_deepseek-v4-pro,REC-chi-eme-006,2,child,temporal,0,4,0,0,4,0.0,0.0,0.0
deepseek_deepseek-v4-pro,REC-chi-eme-007,2,child,diagnoses,2,1,0,2,3,0.6666666666666666,1.0,0.8
deepseek_deepseek-v4-pro,REC-chi-eme-007,2,child,medications,1,0,0,1,1,1.0,1.0,1.0
deepseek_deepseek-v4-pro,REC-chi-eme-007,2,child,labs,0,0,0,0,0,0.0,0.0,0.0
deepseek_deepseek-v4-pro,REC-chi-eme-007,2,child,procedures,1,0,0,1,1,1.0,1.0,1.0
deepseek_deepseek-v4-pro,REC-chi-eme-007,2,child,temporal,0,2,2,2,2,0.0,0.0,0.0
deepseek_deepseek-v4-pro,REC-chi-eme-008,2,child,diagnoses,2,0,0,2,2,1.0,1.0,1.0
deepseek_deepseek-v4-pro,REC-chi-eme-008,2,child,medications,1,0,0,1,1,1.0,1.0,1.0
deepseek_deepseek-v4-pro,REC-chi-eme-008,2,child,labs,1,0,0,1,1,1.0,1.0,1.0
deepseek_deepseek-v4-pro,REC-chi-eme-008,2,child,procedures,1,0,0,1,1,1.0,1.0,1.0
deepseek_deepseek-v4-pro,REC-chi-eme-008,2,child,temporal,0,2,0,0,2,0.0,0.0,0.0
deepseek_deepseek-v4-pro,REC-chi-eme-009,2,child,diagnoses,2,1,0,2,3,0.6666666666666666,1.0,0.8
deepseek_deepseek-v4-pro,REC-chi-eme-009,2,child,medications,1,0,0,1,1,1.0,1.0,1.0
deepseek_deepseek-v4-pro,REC-chi-eme-009,2,child,labs,1,0,0,1,1,1.0,1.0,1.0
deepseek_deepseek-v4-pro,REC-chi-eme-009,2,child,procedures,1,0,0,1,1,1.0,1.0,1.0
deepseek_deepseek-v4-pro,REC-chi-eme-009,2,child,temporal,0,6,2,2,6,0.0,0.0,0.0
deepseek_deepseek-v4-pro,REC-chi-eme-010,2,child,diagnoses,3,0,0,3,3,1.0,1.0,1.0
deepseek_deepseek-v4-pro,REC-chi-eme-010,2,child,medications,1,0,0,1,1,1.0,1.0,1.0
deepseek_deepseek-v4-pro,REC-chi-eme-010,2,child,labs,0,0,0,0,0,0.0,0.0,0.0
deepseek_deepseek-v4-pro,REC-chi-eme-010,2,child,procedures,1,0,0,1,1,1.0,1.0,1.0
deepseek_deepseek-v4-pro,REC-chi-eme-010,2,child,temporal,0,0,0,0,0,0.0,0.0,0.0
deepseek_deepseek-v4-pro,REC-chi-icu-001,2,child,diagnoses,1,0,0,1,1,1.0,1.0,1.0
deepseek_deepseek-v4-pro,REC-chi-icu-001,2,child,medications,1,0,0,1,1,1.0,1.0,1.0
deepseek_deepseek-v4-pro,REC-chi-icu-001,2,child,labs,0,0,0,0,0,0.0,0.0,0.0
deepseek_deepseek-v4-pro,REC-chi-icu-001,2,child,procedures,1,0,0,1,1,1.0,1.0,1.0
deepseek_deepseek-v4-pro,REC-chi-icu-001,2,child,temporal,0,1,1,1,1,0.0,0.0,0.0
deepseek_deepseek-v4-pro,REC-chi-icu-002,2,child,diagnoses,1,1,0,1,2,0.5,1.0,0.6666666666666666
deepseek_deepseek-v4-pro,REC-chi-icu-002,2,child,medications,1,0,0,1,1,1.0,1.0,1.0
deepseek_deepseek-v4-pro,REC-chi-icu-002,2,child,labs,1,0,0,1,1,1.0,1.0,1.0
deepseek_deepseek-v4-pro,REC-chi-icu-002,2,child,procedures,1,0,0,1,1,1.0,1.0,1.0
deepseek_deepseek-v4-pro,REC-chi-icu-002,2,child,temporal,0,2,2,2,2,0.0,0.0,0.0
deepseek_deepseek-v4-pro,REC-chi-icu-003,2,child,diagnoses,2,0,0,2,2,1.0,1.0,1.0
deepseek_deepseek-v4-pro,REC-chi-icu-003,2,child,medications,1,0,0,1,1,1.0,1.0,1.0
deepseek_deepseek-v4-pro,REC-chi-icu-003,2,child,labs,0,0,0,0,0,0.0,0.0,0.0
deepseek_deepseek-v4-pro,REC-chi-icu-003,2,child,procedures,1,0,0,1,1,1.0,1.0,1.0
deepseek_deepseek-v4-pro,REC-chi-icu-003,2,child,temporal,0,2,1,1,2,0.0,0.0,0.0
deepseek_deepseek-v4-pro,REC-chi-icu-004,2,child,diagnoses,2,1,0,2,3,0.6666666666666666,1.0,0.8
deepseek_deepseek-v4-pro,REC-chi-icu-004,2,child,medications,1,0,0,1,1,1.0,1.0,1.0
deepseek_deepseek-v4-pro,REC-chi-icu-004,2,child,labs,1,0,0,1,1,1.0,1.0,1.0
deepseek_deepseek-v4-pro,REC-chi-icu-004,2,child,procedures,1,0,0,1,1,1.0,1.0,1.0
deepseek_deepseek-v4-pro,REC-chi-icu-004,2,child,temporal,0,2,1,1,2,0.0,0.0,0.0
deepseek_deepseek-v4-pro,REC-chi-icu-005,2,child,diagnoses,2,1,0,2,3,0.6666666666666666,1.0,0.8
deepseek_deepseek-v4-pro,REC-chi-icu-005,2,child,medications,1,0,0,1,1,1.0,1.0,1.0
deepseek_deepseek-v4-pro,REC-chi-icu-005,2,child,labs,0,0,0,0,0,0.0,0.0,0.0
deepseek_deepseek-v4-pro,REC-chi-icu-005,2,child,procedures,1,0,0,1,1,1.0,1.0,1.0
deepseek_deepseek-v4-pro,REC-chi-icu-005,2,child,temporal,0,2,2,2,2,0.0,0.0,0.0
deepseek_deepseek-v4-pro,REC-chi-icu-006,2,child,diagnoses,1,0,0,1,1,1.0,1.0,1.0
deepseek_deepseek-v4-pro,REC-chi-icu-006,2,child,medications,1,0,0,1,1,1.0,1.0,1.0
deepseek_deepseek-v4-pro,REC-chi-icu-006,2,child,labs,1,0,0,1,1,1.0,1.0,1.0
deepseek_deepseek-v4-pro,REC-chi-icu-006,2,child,procedures,1,0,0,1,1,1.0,1.0,1.0
deepseek_deepseek-v4-pro,REC-chi-icu-006,2,child,temporal,0,3,2,2,3,0.0,0.0,0.0
deepseek_deepseek-v4-pro,REC-chi-icu-007,2,child,diagnoses,1,0,0,1,1,1.0,1.0,1.0
deepseek_deepseek-v4-pro,REC-chi-icu-007,2,child,medications,1,0,0,1,1,1.0,1.0,1.0
deepseek_deepseek-v4-pro,REC-chi-icu-007,2,child,labs,0,0,0,0,0,0.0,0.0,0.0
deepseek_deepseek-v4-pro,REC-chi-icu-007,2,child,procedures,1,0,0,1,1,1.0,1.0,1.0
deepseek_deepseek-v4-pro,REC-chi-icu-007,2,child,temporal,0,1,2,2,1,0.0,0.0,0.0
deepseek_deepseek-v4-pro,REC-chi-icu-008,2,child,diagnoses,1,0,0,1,1,1.0,1.0,1.0
deepseek_deepseek-v4-pro,REC-chi-icu-008,2,child,medications,1,0,0,1,1,1.0,1.0,1.0
deepseek_deepseek-v4-pro,REC-chi-icu-008,2,child,labs,1,0,0,1,1,1.0,1.0,1.0
deepseek_deepseek-v4-pro,REC-chi-icu-008,2,child,procedures,1,0,0,1,1,1.0,1.0,1.0
deepseek_deepseek-v4-pro,REC-chi-icu-008,2,child,temporal,0,2,1,1,2,0.0,0.0,0.0
deepseek_deepseek-v4-pro,REC-chi-icu-009,2,child,diagnoses,2,0,0,2,2,1.0,1.0,1.0
deepseek_deepseek-v4-pro,REC-chi-icu-009,2,child,medications,1,0,0,1,1,1.0,1.0,1.0
deepseek_deepseek-v4-pro,REC-chi-icu-009,2,child,labs,0,0,0,0,0,0.0,0.0,0.0
deepseek_deepseek-v4-pro,REC-chi-icu-009,2,child,procedures,1,0,0,1,1,1.0,1.0,1.0
deepseek_deepseek-v4-pro,REC-chi-icu-009,2,child,temporal,0,3,2,2,3,0.0,0.0,0.0
deepseek_deepseek-v4-pro,REC-chi-icu-010,2,child,diagnoses,2,0,0,2,2,1.0,1.0,1.0
deepseek_deepseek-v4-pro,REC-chi-icu-010,2,child,medications,1,0,0,1,1,1.0,1.0,1.0
deepseek_deepseek-v4-pro,REC-chi-icu-010,2,child,labs,1,0,0,1,1,1.0,1.0,1.0
deepseek_deepseek-v4-pro,REC-chi-icu-010,2,child,procedures,1,0,0,1,1,1.0,1.0,1.0
deepseek_deepseek-v4-pro,REC-chi-icu-010,2,child,temporal,0,4,0,0,4,0.0,0.0,0.0
deepseek_deepseek-v4-pro,REC-chi-inp-001,2,child,diagnoses,2,1,0,2,3,0.6666666666666666,1.0,0.8
deepseek_deepseek-v4-pro,REC-chi-inp-001,2,child,medications,1,0,0,1,1,1.0,1.0,1.0
deepseek_deepseek-v4-pro,REC-chi-inp-001,2,child,labs,0,0,0,0,0,0.0,0.0,0.0
deepseek_deepseek-v4-pro,REC-chi-inp-001,2,child,procedures,1,0,0,1,1,1.0,1.0,1.0
deepseek_deepseek-v4-pro,REC-chi-inp-001,2,child,temporal,0,3,2,2,3,0.0,0.0,0.0
deepseek_deepseek-v4-pro,REC-chi-inp-002,2,child,diagnoses,1,0,0,1,1,1.0,1.0,1.0
deepseek_deepseek-v4-pro,REC-chi-inp-002,2,child,medications,1,0,0,1,1,1.0,1.0,1.0
deepseek_deepseek-v4-pro,REC-chi-inp-002,2,child,labs,1,0,0,1,1,1.0,1.0,1.0
deepseek_deepseek-v4-pro,REC-chi-inp-002,2,child,procedures,1,0,0,1,1,1.0,1.0,1.0
deepseek_deepseek-v4-pro,REC-chi-inp-002,2,child,temporal,0,5,1,1,5,0.0,0.0,0.0
deepseek_deepseek-v4-pro,REC-chi-inp-003,2,child,diagnoses,2,0,0,2,2,1.0,1.0,1.0
deepseek_deepseek-v4-pro,REC-chi-inp-003,2,child,medications,1,0,0,1,1,1.0,1.0,1.0
deepseek_deepseek-v4-pro,REC-chi-inp-003,2,child,labs,1,0,0,1,1,1.0,1.0,1.0
deepseek_deepseek-v4-pro,REC-chi-inp-003,2,child,procedures,1,0,0,1,1,1.0,1.0,1.0
deepseek_deepseek-v4-pro,REC-chi-inp-003,2,child,temporal,0,4,0,0,4,0.0,0.0,0.0
deepseek_deepseek-v4-pro,REC-chi-inp-004,2,child,diagnoses,2,1,0,2,3,0.6666666666666666,1.0,0.8
deepseek_deepseek-v4-pro,REC-chi-inp-004,2,child,medications,1,0,0,1,1,1.0,1.0,1.0
deepseek_deepseek-v4-pro,REC-chi-inp-004,2,child,labs,0,0,0,0,0,0.0,0.0,0.0
deepseek_deepseek-v4-pro,REC-chi-inp-004,2,child,procedures,1,0,0,1,1,1.0,1.0,1.0
deepseek_deepseek-v4-pro,REC-chi-inp-004,2,child,temporal,0,5,1,1,5,0.0,0.0,0.0
deepseek_deepseek-v4-pro,REC-chi-inp-005,2,child,diagnoses,1,1,0,1,2,0.5,1.0,0.6666666666666666
deepseek_deepseek-v4-pro,REC-chi-inp-005,2,child,medications,1,0,0,1,1,1.0,1.0,1.0
deepseek_deepseek-v4-pro,REC-chi-inp-005,2,child,labs,1,0,0,1,1,1.0,1.0,1.0
deepseek_deepseek-v4-pro,REC-chi-inp-005,2,child,procedures,1,0,0,1,1,1.0,1.0,1.0
deepseek_deepseek-v4-pro,REC-chi-inp-005,2,child,temporal,0,2,1,1,2,0.0,0.0,0.0
deepseek_deepseek-v4-pro,REC-chi-inp-006,2,child,diagnoses,1,1,0,1,2,0.5,1.0,0.6666666666666666
deepseek_deepseek-v4-pro,REC-chi-inp-006,2,child,medications,1,0,0,1,1,1.0,1.0,1.0
deepseek_deepseek-v4-pro,REC-chi-inp-006,2,child,labs,1,0,0,1,1,1.0,1.0,1.0
deepseek_deepseek-v4-pro,REC-chi-inp-006,2,child,procedures,1,0,0,1,1,1.0,1.0,1.0
deepseek_deepseek-v4-pro,REC-chi-inp-006,2,child,temporal,0,4,2,2,4,0.0,0.0,0.0
deepseek_deepseek-v4-pro,REC-chi-inp-007,2,child,diagnoses,1,0,0,1,1,1.0,1.0,1.0
deepseek_deepseek-v4-pro,REC-chi-inp-007,2,child,medications,1,0,0,1,1,1.0,1.0,1.0
deepseek_deepseek-v4-pro,REC-chi-inp-007,2,child,labs,0,0,0,0,0,0.0,0.0,0.0
deepseek_deepseek-v4-pro,REC-chi-inp-007,2,child,procedures,1,0,0,1,1,1.0,1.0,1.0
deepseek_deepseek-v4-pro,REC-chi-inp-007,2,child,temporal,0,1,1,1,1,0.0,0.0,0.0
deepseek_deepseek-v4-pro,REC-chi-inp-008,2,child,diagnoses,2,0,0,2,2,1.0,1.0,1.0
deepseek_deepseek-v4-pro,REC-chi-inp-008,2,child,medications,1,0,0,1,1,1.0,1.0,1.0
deepseek_deepseek-v4-pro,REC-chi-inp-008,2,child,labs,1,0,0,1,1,1.0,1.0,1.0
deepseek_deepseek-v4-pro,REC-chi-inp-008,2,child,procedures,1,0,0,1,1,1.0,1.0,1.0
deepseek_deepseek-v4-pro,REC-chi-inp-008,2,child,temporal,0,0,1,1,0,0.0,0.0,0.0
deepseek_deepseek-v4-pro,REC-chi-inp-009,2,child,diagnoses,0,1,1,1,1,0.0,0.0,0.0
deepseek_deepseek-v4-pro,REC-chi-inp-009,2,child,medications,1,0,0,1,1,1.0,1.0,1.0
deepseek_deepseek-v4-pro,REC-chi-inp-009,2,child,labs,1,0,0,1,1,1.0,1.0,1.0
deepseek_deepseek-v4-pro,REC-chi-inp-009,2,child,procedures,1,1,0,1,2,0.5,1.0,0.6666666666666666
deepseek_deepseek-v4-pro,REC-chi-inp-009,2,child,temporal,0,2,1,1,2,0.0,0.0,0.0
deepseek_deepseek-v4-pro,REC-chi-inp-010,2,child,diagnoses,2,0,0,2,2,1.0,1.0,1.0
deepseek_deepseek-v4-pro,REC-chi-inp-010,2,child,medications,1,0,0,1,1,1.0,1.0,1.0
deepseek_deepseek-v4-pro,REC-chi-inp-010,2,child,labs,0,0,0,0,0,0.0,0.0,0.0
deepseek_deepseek-v4-pro,REC-chi-inp-010,2,child,procedures,1,1,0,1,2,0.5,1.0,0.6666666666666666
deepseek_deepseek-v4-pro,REC-chi-inp-010,2,child,temporal,0,3,2,2,3,0.0,0.0,0.0
deepseek_deepseek-v4-pro,REC-chi-out-001,2,child,diagnoses,2,0,0,2,2,1.0,1.0,1.0
deepseek_deepseek-v4-pro,REC-chi-out-001,2,child,medications,1,0,0,1,1,1.0,1.0,1.0
deepseek_deepseek-v4-pro,REC-chi-out-001,2,child,labs,0,0,0,0,0,0.0,0.0,0.0
deepseek_deepseek-v4-pro,REC-chi-out-001,2,child,procedures,1,0,0,1,1,1.0,1.0,1.0
deepseek_deepseek-v4-pro,REC-chi-out-001,2,child,temporal,0,1,2,2,1,0.0,0.0,0.0
deepseek_deepseek-v4-pro,REC-chi-out-002,2,child,diagnoses,2,1,0,2,3,0.6666666666666666,1.0,0.8
deepseek_deepseek-v4-pro,REC-chi-out-002,2,child,medications,1,0,0,1,1,1.0,1.0,1.0
deepseek_deepseek-v4-pro,REC-chi-out-002,2,child,labs,1,0,0,1,1,1.0,1.0,1.0
deepseek_deepseek-v4-pro,REC-chi-out-002,2,child,procedures,1,1,0,1,2,0.5,1.0,0.6666666666666666
deepseek_deepseek-v4-pro,REC-chi-out-002,2,child,temporal,0,5,2,2,5,0.0,0.0,0.0
deepseek_deepseek-v4-pro,REC-chi-out-003,2,child,diagnoses,2,0,0,2,2,1.0,1.0,1.0
deepseek_deepseek-v4-pro,REC-chi-out-003,2,child,medications,1,0,0,1,1,1.0,1.0,1.0
deepseek_deepseek-v4-pro,REC-chi-out-003,2,child,labs,0,0,0,0,0,0.0,0.0,0.0
deepseek_deepseek-v4-pro,REC-chi-out-003,2,child,procedures,1,1,0,1,2,0.5,1.0,0.6666666666666666
deepseek_deepseek-v4-pro,REC-chi-out-003,2,child,temporal,0,2,1,1,2,0.0,0.0,0.0
deepseek_deepseek-v4-pro,REC-chi-out-004,2,child,diagnoses,0,0,2,2,0,0.0,0.0,0.0
deepseek_deepseek-v4-pro,REC-chi-out-004,2,child,medications,0,0,1,1,0,0.0,0.0,0.0
deepseek_deepseek-v4-pro,REC-chi-out-004,2,child,labs,0,0,1,1,0,0.0,0.0,0.0
deepseek_deepseek-v4-pro,REC-chi-out-004,2,child,procedures,0,0,1,1,0,0.0,0.0,0.0
deepseek_deepseek-v4-pro,REC-chi-out-004,2,child,temporal,0,0,1,1,0,0.0,0.0,0.0
deepseek_deepseek-v4-pro,REC-chi-out-005,2,child,diagnoses,1,1,0,1,2,0.5,1.0,0.6666666666666666
deepseek_deepseek-v4-pro,REC-chi-out-005,2,child,medications,1,0,0,1,1,1.0,1.0,1.0
deepseek_deepseek-v4-pro,REC-chi-out-005,2,child,labs,0,0,0,0,0,0.0,0.0,0.0
deepseek_deepseek-v4-pro,REC-chi-out-005,2,child,procedures,1,1,0,1,2,0.5,1.0,0.6666666666666666
deepseek_deepseek-v4-pro,REC-chi-out-005,2,child,temporal,0,5,2,2,5,0.0,0.0,0.0
deepseek_deepseek-v4-pro,REC-chi-out-006,2,child,diagnoses,1,0,0,1,1,1.0,1.0,1.0
deepseek_deepseek-v4-pro,REC-chi-out-006,2,child,medications,1,0,0,1,1,1.0,1.0,1.0
deepseek_deepseek-v4-pro,REC-chi-out-006,2,child,labs,1,0,0,1,1,1.0,1.0,1.0
deepseek_deepseek-v4-pro,REC-chi-out-006,2,child,procedures,1,1,0,1,2,0.5,1.0,0.6666666666666666
deepseek_deepseek-v4-pro,REC-chi-out-006,2,child,temporal,0,3,2,2,3,0.0,0.0,0.0
deepseek_deepseek-v4-pro,REC-chi-out-007,2,child,diagnoses,2,1,0,2,3,0.6666666666666666,1.0,0.8
deepseek_deepseek-v4-pro,REC-chi-out-007,2,child,medications,1,0,0,1,1,1.0,1.0,1.0
deepseek_deepseek-v4-pro,REC-chi-out-007,2,child,labs,0,0,0,0,0,0.0,0.0,0.0
deepseek_deepseek-v4-pro,REC-chi-out-007,2,child,procedures,1,0,0,1,1,1.0,1.0,1.0
deepseek_deepseek-v4-pro,REC-chi-out-007,2,child,temporal,0,2,2,2,2,0.0,0.0,0.0
deepseek_deepseek-v4-pro,REC-chi-out-008,2,child,diagnoses,3,0,0,3,3,1.0,1.0,1.0
deepseek_deepseek-v4-pro,REC-chi-out-008,2,child,medications,1,0,0,1,1,1.0,1.0,1.0
deepseek_deepseek-v4-pro,REC-chi-out-008,2,child,labs,1,0,0,1,1,1.0,1.0,1.0
deepseek_deepseek-v4-pro,REC-chi-out-008,2,child,procedures,1,0,0,1,1,1.0,1.0,1.0
deepseek_deepseek-v4-pro,REC-chi-out-008,2,child,temporal,0,3,0,0,3,0.0,0.0,0.0
deepseek_deepseek-v4-pro,REC-chi-out-009,2,child,diagnoses,2,0,0,2,2,1.0,1.0,1.0
deepseek_deepseek-v4-pro,REC-chi-out-009,2,child,medications,1,0,0,1,1,1.0,1.0,1.0
deepseek_deepseek-v4-pro,REC-chi-out-009,2,child,labs,0,0,0,0,0,0.0,0.0,0.0
deepseek_deepseek-v4-pro,REC-chi-out-009,2,child,procedures,1,0,0,1,1,1.0,1.0,1.0
deepseek_deepseek-v4-pro,REC-chi-out-009,2,child,temporal,0,3,1,1,3,0.0,0.0,0.0
deepseek_deepseek-v4-pro,REC-chi-out-010,2,child,diagnoses,1,0,0,1,1,1.0,1.0,1.0
deepseek_deepseek-v4-pro,REC-chi-out-010,2,child,medications,1,0,0,1,1,1.0,1.0,1.0
deepseek_deepseek-v4-pro,REC-chi-out-010,2,child,labs,1,0,0,1,1,1.0,1.0,1.0
deepseek_deepseek-v4-pro,REC-chi-out-010,2,child,procedures,1,0,0,1,1,1.0,1.0,1.0
deepseek_deepseek-v4-pro,REC-chi-out-010,2,child,temporal,0,3,2,2,3,0.0,0.0,0.0
deepseek_deepseek-v4-pro,REC-inf-eme-001,2,infant,diagnoses,3,0,0,3,3,1.0,1.0,1.0
deepseek_deepseek-v4-pro,REC-inf-eme-001,2,infant,medications,0,0,0,0,0,0.0,0.0,0.0
deepseek_deepseek-v4-pro,REC-inf-eme-001,2,infant,labs,0,0,0,0,0,0.0,0.0,0.0
deepseek_deepseek-v4-pro,REC-inf-eme-001,2,infant,procedures,1,0,0,1,1,1.0,1.0,1.0
deepseek_deepseek-v4-pro,REC-inf-eme-001,2,infant,temporal,0,2,0,0,2,0.0,0.0,0.0
deepseek_deepseek-v4-pro,REC-inf-eme-002,2,infant,diagnoses,2,0,0,2,2,1.0,1.0,1.0
deepseek_deepseek-v4-pro,REC-inf-eme-002,2,infant,medications,1,0,0,1,1,1.0,1.0,1.0
deepseek_deepseek-v4-pro,REC-inf-eme-002,2,infant,labs,0,0,0,0,0,0.0,0.0,0.0
deepseek_deepseek-v4-pro,REC-inf-eme-002,2,infant,procedures,1,0,0,1,1,1.0,1.0,1.0
deepseek_deepseek-v4-pro,REC-inf-eme-002,2,infant,temporal,0,1,1,1,1,0.0,0.0,0.0
deepseek_deepseek-v4-pro,REC-inf-eme-003,2,infant,diagnoses,2,1,0,2,3,0.6666666666666666,1.0,0.8
deepseek_deepseek-v4-pro,REC-inf-eme-003,2,infant,medications,1,0,0,1,1,1.0,1.0,1.0
deepseek_deepseek-v4-pro,REC-inf-eme-003,2,infant,labs,1,0,0,1,1,1.0,1.0,1.0
deepseek_deepseek-v4-pro,REC-inf-eme-003,2,infant,procedures,1,0,0,1,1,1.0,1.0,1.0
deepseek_deepseek-v4-pro,REC-inf-eme-003,2,infant,temporal,0,2,2,2,2,0.0,0.0,0.0
deepseek_deepseek-v4-pro,REC-inf-eme-004,2,infant,diagnoses,2,1,0,2,3,0.6666666666666666,1.0,0.8
deepseek_deepseek-v4-pro,REC-inf-eme-004,2,infant,medications,0,0,0,0,0,0.0,0.0,0.0
deepseek_deepseek-v4-pro,REC-inf-eme-004,2,infant,labs,0,0,0,0,0,0.0,0.0,0.0
deepseek_deepseek-v4-pro,REC-inf-eme-004,2,infant,procedures,1,0,0,1,1,1.0,1.0,1.0
deepseek_deepseek-v4-pro,REC-inf-eme-004,2,infant,temporal,0,2,2,2,2,0.0,0.0,0.0
deepseek_deepseek-v4-pro,REC-inf-eme-005,2,infant,diagnoses,1,1,0,1,2,0.5,1.0,0.6666666666666666
deepseek_deepseek-v4-pro,REC-inf-eme-005,2,infant,medications,1,0,0,1,1,1.0,1.0,1.0
deepseek_deepseek-v4-pro,REC-inf-eme-005,2,infant,labs,0,0,0,0,0,0.0,0.0,0.0
deepseek_deepseek-v4-pro,REC-inf-eme-005,2,infant,procedures,1,0,0,1,1,1.0,1.0,1.0
deepseek_deepseek-v4-pro,REC-inf-eme-005,2,infant,temporal,0,3,2,2,3,0.0,0.0,0.0
deepseek_deepseek-v4-pro,REC-inf-eme-006,2,infant,diagnoses,1,0,0,1,1,1.0,1.0,1.0
deepseek_deepseek-v4-pro,REC-inf-eme-006,2,infant,medications,1,0,0,1,1,1.0,1.0,1.0
deepseek_deepseek-v4-pro,REC-inf-eme-006,2,infant,labs,1,0,0,1,1,1.0,1.0,1.0
deepseek_deepseek-v4-pro,REC-inf-eme-006,2,infant,procedures,1,0,0,1,1,1.0,1.0,1.0
deepseek_deepseek-v4-pro,REC-inf-eme-006,2,infant,temporal,0,3,1,1,3,0.0,0.0,0.0
deepseek_deepseek-v4-pro,REC-inf-eme-007,2,infant,diagnoses,3,0,0,3,3,1.0,1.0,1.0
deepseek_deepseek-v4-pro,REC-inf-eme-007,2,infant,medications,0,0,0,0,0,0.0,0.0,0.0
deepseek_deepseek-v4-pro,REC-inf-eme-007,2,infant,labs,0,0,0,0,0,0.0,0.0,0.0
deepseek_deepseek-v4-pro,REC-inf-eme-007,2,infant,procedures,1,0,0,1,1,1.0,1.0,1.0
deepseek_deepseek-v4-pro,REC-inf-eme-007,2,infant,temporal,0,1,1,1,1,0.0,0.0,0.0
deepseek_deepseek-v4-pro,REC-inf-eme-008,2,infant,diagnoses,1,0,0,1,1,1.0,1.0,1.0
deepseek_deepseek-v4-pro,REC-inf-eme-008,2,infant,medications,1,0,0,1,1,1.0,1.0,1.0
deepseek_deepseek-v4-pro,REC-inf-eme-008,2,infant,labs,0,0,0,0,0,0.0,0.0,0.0
deepseek_deepseek-v4-pro,REC-inf-eme-008,2,infant,procedures,1,0,0,1,1,1.0,1.0,1.0
deepseek_deepseek-v4-pro,REC-inf-eme-008,2,infant,temporal,0,1,2,2,1,0.0,0.0,0.0
deepseek_deepseek-v4-pro,REC-inf-eme-009,2,infant,diagnoses,1,0,0,1,1,1.0,1.0,1.0
deepseek_deepseek-v4-pro,REC-inf-eme-009,2,infant,medications,1,0,0,1,1,1.0,1.0,1.0
deepseek_deepseek-v4-pro,REC-inf-eme-009,2,infant,labs,1,0,0,1,1,1.0,1.0,1.0
deepseek_deepseek-v4-pro,REC-inf-eme-009,2,infant,procedures,1,0,0,1,1,1.0,1.0,1.0
deepseek_deepseek-v4-pro,REC-inf-eme-009,2,infant,temporal,0,3,3,3,3,0.0,0.0,0.0
deepseek_deepseek-v4-pro,REC-inf-eme-010,2,infant,diagnoses,1,1,0,1,2,0.5,1.0,0.6666666666666666
deepseek_deepseek-v4-pro,REC-inf-eme-010,2,infant,medications,0,0,0,0,0,0.0,0.0,0.0
deepseek_deepseek-v4-pro,REC-inf-eme-010,2,infant,labs,0,0,0,0,0,0.0,0.0,0.0
deepseek_deepseek-v4-pro,REC-inf-eme-010,2,infant,procedures,1,0,0,1,1,1.0,1.0,1.0
deepseek_deepseek-v4-pro,REC-inf-eme-010,2,infant,temporal,0,0,1,1,0,0.0,0.0,0.0
deepseek_deepseek-v4-pro,REC-inf-icu-001,2,infant,diagnoses,1,0,0,1,1,1.0,1.0,1.0
deepseek_deepseek-v4-pro,REC-inf-icu-001,2,infant,medications,0,0,0,0,0,0.0,0.0,0.0
deepseek_deepseek-v4-pro,REC-inf-icu-001,2,infant,labs,0,0,0,0,0,0.0,0.0,0.0
deepseek_deepseek-v4-pro,REC-inf-icu-001,2,infant,procedures,1,0,0,1,1,1.0,1.0,1.0
deepseek_deepseek-v4-pro,REC-inf-icu-001,2,infant,temporal,0,2,1,1,2,0.0,0.0,0.0
deepseek_deepseek-v4-pro,REC-inf-icu-002,2,infant,diagnoses,2,0,0,2,2,1.0,1.0,1.0
deepseek_deepseek-v4-pro,REC-inf-icu-002,2,infant,medications,1,0,0,1,1,1.0,1.0,1.0
deepseek_deepseek-v4-pro,REC-inf-icu-002,2,infant,labs,1,0,0,1,1,1.0,1.0,1.0
deepseek_deepseek-v4-pro,REC-inf-icu-002,2,infant,procedures,1,0,0,1,1,1.0,1.0,1.0
deepseek_deepseek-v4-pro,REC-inf-icu-002,2,infant,temporal,0,1,2,2,1,0.0,0.0,0.0
deepseek_deepseek-v4-pro,REC-inf-icu-003,2,infant,diagnoses,2,0,0,2,2,1.0,1.0,1.0
deepseek_deepseek-v4-pro,REC-inf-icu-003,2,infant,medications,0,0,0,0,0,0.0,0.0,0.0
deepseek_deepseek-v4-pro,REC-inf-icu-003,2,infant,labs,0,0,0,0,0,0.0,0.0,0.0
deepseek_deepseek-v4-pro,REC-inf-icu-003,2,infant,procedures,1,0,0,1,1,1.0,1.0,1.0
deepseek_deepseek-v4-pro,REC-inf-icu-003,2,infant,temporal,0,2,0,0,2,0.0,0.0,0.0
deepseek_deepseek-v4-pro,REC-inf-icu-004,2,infant,diagnoses,1,1,0,1,2,0.5,1.0,0.6666666666666666
deepseek_deepseek-v4-pro,REC-inf-icu-004,2,infant,medications,1,0,0,1,1,1.0,1.0,1.0
deepseek_deepseek-v4-pro,REC-inf-icu-004,2,infant,labs,1,0,0,1,1,1.0,1.0,1.0
deepseek_deepseek-v4-pro,REC-inf-icu-004,2,infant,procedures,1,1,0,1,2,0.5,1.0,0.6666666666666666
deepseek_deepseek-v4-pro,REC-inf-icu-004,2,infant,temporal,0,4,3,3,4,0.0,0.0,0.0
deepseek_deepseek-v4-pro,REC-inf-icu-005,2,infant,diagnoses,1,0,0,1,1,1.0,1.0,1.0
deepseek_deepseek-v4-pro,REC-inf-icu-005,2,infant,medications,0,0,0,0,0,0.0,0.0,0.0
deepseek_deepseek-v4-pro,REC-inf-icu-005,2,infant,labs,0,0,0,0,0,0.0,0.0,0.0
deepseek_deepseek-v4-pro,REC-inf-icu-005,2,infant,procedures,1,0,0,1,1,1.0,1.0,1.0
deepseek_deepseek-v4-pro,REC-inf-icu-005,2,infant,temporal,0,3,2,2,3,0.0,0.0,0.0
deepseek_deepseek-v4-pro,REC-inf-icu-006,2,infant,diagnoses,1,0,0,1,1,1.0,1.0,1.0
deepseek_deepseek-v4-pro,REC-inf-icu-006,2,infant,medications,1,0,0,1,1,1.0,1.0,1.0
deepseek_deepseek-v4-pro,REC-inf-icu-006,2,infant,labs,1,0,0,1,1,1.0,1.0,1.0
deepseek_deepseek-v4-pro,REC-inf-icu-006,2,infant,procedures,1,0,0,1,1,1.0,1.0,1.0
deepseek_deepseek-v4-pro,REC-inf-icu-006,2,infant,temporal,0,4,1,1,4,0.0,0.0,0.0
deepseek_deepseek-v4-pro,REC-inf-icu-007,2,infant,diagnoses,2,0,0,2,2,1.0,1.0,1.0
deepseek_deepseek-v4-pro,REC-inf-icu-007,2,infant,medications,0,0,0,0,0,0.0,0.0,0.0
deepseek_deepseek-v4-pro,REC-inf-icu-007,2,infant,labs,0,0,0,0,0,0.0,0.0,0.0
deepseek_deepseek-v4-pro,REC-inf-icu-007,2,infant,procedures,1,0,0,1,1,1.0,1.0,1.0
deepseek_deepseek-v4-pro,REC-inf-icu-007,2,infant,temporal,0,2,2,2,2,0.0,0.0,0.0
deepseek_deepseek-v4-pro,REC-inf-icu-008,2,infant,diagnoses,1,0,0,1,1,1.0,1.0,1.0
deepseek_deepseek-v4-pro,REC-inf-icu-008,2,infant,medications,1,0,0,1,1,1.0,1.0,1.0
deepseek_deepseek-v4-pro,REC-inf-icu-008,2,infant,labs,1,0,0,1,1,1.0,1.0,1.0
deepseek_deepseek-v4-pro,REC-inf-icu-008,2,infant,procedures,1,0,0,1,1,1.0,1.0,1.0
deepseek_deepseek-v4-pro,REC-inf-icu-008,2,infant,temporal,0,4,1,1,4,0.0,0.0,0.0
deepseek_deepseek-v4-pro,REC-inf-icu-009,2,infant,diagnoses,3,0,0,3,3,1.0,1.0,1.0
deepseek_deepseek-v4-pro,REC-inf-icu-009,2,infant,medications,0,0,0,0,0,0.0,0.0,0.0
deepseek_deepseek-v4-pro,REC-inf-icu-009,2,infant,labs,0,0,0,0,0,0.0,0.0,0.0
deepseek_deepseek-v4-pro,REC-inf-icu-009,2,infant,procedures,1,0,0,1,1,1.0,1.0,1.0
deepseek_deepseek-v4-pro,REC-inf-icu-009,2,infant,temporal,0,2,0,0,2,0.0,0.0,0.0
deepseek_deepseek-v4-pro,REC-inf-icu-010,2,infant,diagnoses,2,1,0,2,3,0.6666666666666666,1.0,0.8
deepseek_deepseek-v4-pro,REC-inf-icu-010,2,infant,medications,1,0,0,1,1,1.0,1.0,1.0
deepseek_deepseek-v4-pro,REC-inf-icu-010,2,infant,labs,1,0,0,1,1,1.0,1.0,1.0
deepseek_deepseek-v4-pro,REC-inf-icu-010,2,infant,procedures,1,0,0,1,1,1.0,1.0,1.0
deepseek_deepseek-v4-pro,REC-inf-icu-010,2,infant,temporal,0,4,2,2,4,0.0,0.0,0.0
deepseek_deepseek-v4-pro,REC-inf-inp-001,2,infant,diagnoses,2,0,0,2,2,1.0,1.0,1.0
deepseek_deepseek-v4-pro,REC-inf-inp-001,2,infant,medications,0,0,0,0,0,0.0,0.0,0.0
deepseek_deepseek-v4-pro,REC-inf-inp-001,2,infant,labs,0,0,0,0,0,0.0,0.0,0.0
deepseek_deepseek-v4-pro,REC-inf-inp-001,2,infant,procedures,1,0,0,1,1,1.0,1.0,1.0
deepseek_deepseek-v4-pro,REC-inf-inp-001,2,infant,temporal,0,1,1,1,1,0.0,0.0,0.0
deepseek_deepseek-v4-pro,REC-inf-inp-002,2,infant,diagnoses,1,1,0,1,2,0.5,1.0,0.6666666666666666
deepseek_deepseek-v4-pro,REC-inf-inp-002,2,infant,medications,1,0,0,1,1,1.0,1.0,1.0
deepseek_deepseek-v4-pro,REC-inf-inp-002,2,infant,labs,1,0,0,1,1,1.0,1.0,1.0
deepseek_deepseek-v4-pro,REC-inf-inp-002,2,infant,procedures,1,1,0,1,2,0.5,1.0,0.6666666666666666
deepseek_deepseek-v4-pro,REC-inf-inp-002,2,infant,temporal,0,3,3,3,3,0.0,0.0,0.0
deepseek_deepseek-v4-pro,REC-inf-inp-003,2,infant,diagnoses,3,0,0,3,3,1.0,1.0,1.0
deepseek_deepseek-v4-pro,REC-inf-inp-003,2,infant,medications,0,0,0,0,0,0.0,0.0,0.0
deepseek_deepseek-v4-pro,REC-inf-inp-003,2,infant,labs,0,0,0,0,0,0.0,0.0,0.0
deepseek_deepseek-v4-pro,REC-inf-inp-003,2,infant,procedures,1,0,0,1,1,1.0,1.0,1.0
deepseek_deepseek-v4-pro,REC-inf-inp-003,2,infant,temporal,0,2,0,0,2,0.0,0.0,0.0
deepseek_deepseek-v4-pro,REC-inf-inp-004,2,infant,diagnoses,2,1,0,2,3,0.6666666666666666,1.0,0.8
deepseek_deepseek-v4-pro,REC-inf-inp-004,2,infant,medications,1,0,0,1,1,1.0,1.0,1.0
deepseek_deepseek-v4-pro,REC-inf-inp-004,2,infant,labs,1,0,0,1,1,1.0,1.0,1.0
deepseek_deepseek-v4-pro,REC-inf-inp-004,2,infant,procedures,1,0,0,1,1,1.0,1.0,1.0
deepseek_deepseek-v4-pro,REC-inf-inp-004,2,infant,temporal,0,4,1,1,4,0.0,0.0,0.0
deepseek_deepseek-v4-pro,REC-inf-inp-005,2,infant,diagnoses,2,0,0,2,2,1.0,1.0,1.0
deepseek_deepseek-v4-pro,REC-inf-inp-005,2,infant,medications,0,0,0,0,0,0.0,0.0,0.0
deepseek_deepseek-v4-pro,REC-inf-inp-005,2,infant,labs,0,0,0,0,0,0.0,0.0,0.0
deepseek_deepseek-v4-pro,REC-inf-inp-005,2,infant,procedures,1,0,0,1,1,1.0,1.0,1.0
deepseek_deepseek-v4-pro,REC-inf-inp-005,2,infant,temporal,0,2,2,2,2,0.0,0.0,0.0
deepseek_deepseek-v4-pro,REC-inf-inp-006,2,infant,diagnoses,0,0,1,1,0,0.0,0.0,0.0
deepseek_deepseek-v4-pro,REC-inf-inp-006,2,infant,medications,0,0,1,1,0,0.0,0.0,0.0
deepseek_deepseek-v4-pro,REC-inf-inp-006,2,infant,labs,0,0,1,1,0,0.0,0.0,0.0
deepseek_deepseek-v4-pro,REC-inf-inp-006,2,infant,procedures,0,0,1,1,0,0.0,0.0,0.0
deepseek_deepseek-v4-pro,REC-inf-inp-006,2,infant,temporal,0,0,1,1,0,0.0,0.0,0.0
deepseek_deepseek-v4-pro,REC-inf-inp-007,2,infant,diagnoses,1,0,0,1,1,1.0,1.0,1.0
deepseek_deepseek-v4-pro,REC-inf-inp-007,2,infant,medications,0,0,0,0,0,0.0,0.0,0.0
deepseek_deepseek-v4-pro,REC-inf-inp-007,2,infant,labs,0,0,0,0,0,0.0,0.0,0.0
deepseek_deepseek-v4-pro,REC-inf-inp-007,2,infant,procedures,1,0,0,1,1,1.0,1.0,1.0
deepseek_deepseek-v4-pro,REC-inf-inp-007,2,infant,temporal,0,2,1,1,2,0.0,0.0,0.0
deepseek_deepseek-v4-pro,REC-inf-inp-008,2,infant,diagnoses,1,1,0,1,2,0.5,1.0,0.6666666666666666
deepseek_deepseek-v4-pro,REC-inf-inp-008,2,infant,medications,1,0,0,1,1,1.0,1.0,1.0
deepseek_deepseek-v4-pro,REC-inf-inp-008,2,infant,labs,1,0,0,1,1,1.0,1.0,1.0
deepseek_deepseek-v4-pro,REC-inf-inp-008,2,infant,procedures,1,0,0,1,1,1.0,1.0,1.0
deepseek_deepseek-v4-pro,REC-inf-inp-008,2,infant,temporal,0,4,1,1,4,0.0,0.0,0.0
deepseek_deepseek-v4-pro,REC-inf-inp-009,2,infant,diagnoses,2,0,0,2,2,1.0,1.0,1.0
deepseek_deepseek-v4-pro,REC-inf-inp-009,2,infant,medications,0,0,0,0,0,0.0,0.0,0.0
deepseek_deepseek-v4-pro,REC-inf-inp-009,2,infant,labs,0,0,0,0,0,0.0,0.0,0.0
deepseek_deepseek-v4-pro,REC-inf-inp-009,2,infant,procedures,1,0,0,1,1,1.0,1.0,1.0
deepseek_deepseek-v4-pro,REC-inf-inp-009,2,infant,temporal,0,3,2,2,3,0.0,0.0,0.0
deepseek_deepseek-v4-pro,REC-inf-inp-010,2,infant,diagnoses,1,0,0,1,1,1.0,1.0,1.0
deepseek_deepseek-v4-pro,REC-inf-inp-010,2,infant,medications,1,0,0,1,1,1.0,1.0,1.0
deepseek_deepseek-v4-pro,REC-inf-inp-010,2,infant,labs,1,0,0,1,1,1.0,1.0,1.0
deepseek_deepseek-v4-pro,REC-inf-inp-010,2,infant,procedures,1,0,0,1,1,1.0,1.0,1.0
deepseek_deepseek-v4-pro,REC-inf-inp-010,2,infant,temporal,0,2,1,1,2,0.0,0.0,0.0
deepseek_deepseek-v4-pro,REC-inf-out-001,2,infant,diagnoses,2,0,0,2,2,1.0,1.0,1.0
deepseek_deepseek-v4-pro,REC-inf-out-001,2,infant,medications,0,0,0,0,0,0.0,0.0,0.0
deepseek_deepseek-v4-pro,REC-inf-out-001,2,infant,labs,0,0,0,0,0,0.0,0.0,0.0
deepseek_deepseek-v4-pro,REC-inf-out-001,2,infant,procedures,1,0,0,1,1,1.0,1.0,1.0
deepseek_deepseek-v4-pro,REC-inf-out-001,2,infant,temporal,0,0,0,0,0,0.0,0.0,0.0
deepseek_deepseek-v4-pro,REC-inf-out-002,2,infant,diagnoses,1,1,0,1,2,0.5,1.0,0.6666666666666666
deepseek_deepseek-v4-pro,REC-inf-out-002,2,infant,medications,1,0,0,1,1,1.0,1.0,1.0
deepseek_deepseek-v4-pro,REC-inf-out-002,2,infant,labs,0,0,0,0,0,0.0,0.0,0.0
deepseek_deepseek-v4-pro,REC-inf-out-002,2,infant,procedures,1,0,0,1,1,1.0,1.0,1.0
deepseek_deepseek-v4-pro,REC-inf-out-002,2,infant,temporal,0,2,1,1,2,0.0,0.0,0.0
deepseek_deepseek-v4-pro,REC-inf-out-003,2,infant,diagnoses,2,0,0,2,2,1.0,1.0,1.0
deepseek_deepseek-v4-pro,REC-inf-out-003,2,infant,medications,0,0,0,0,0,0.0,0.0,0.0
deepseek_deepseek-v4-pro,REC-inf-out-003,2,infant,labs,0,0,0,0,0,0.0,0.0,0.0
deepseek_deepseek-v4-pro,REC-inf-out-003,2,infant,procedures,1,0,0,1,1,1.0,1.0,1.0
deepseek_deepseek-v4-pro,REC-inf-out-003,2,infant,temporal,0,1,0,0,1,0.0,0.0,0.0
deepseek_deepseek-v4-pro,REC-inf-out-004,2,infant,diagnoses,3,0,0,3,3,1.0,1.0,1.0
deepseek_deepseek-v4-pro,REC-inf-out-004,2,infant,medications,1,0,0,1,1,1.0,1.0,1.0
deepseek_deepseek-v4-pro,REC-inf-out-004,2,infant,labs,0,0,0,0,0,0.0,0.0,0.0
deepseek_deepseek-v4-pro,REC-inf-out-004,2,infant,procedures,1,0,0,1,1,1.0,1.0,1.0
deepseek_deepseek-v4-pro,REC-inf-out-004,2,infant,temporal,0,1,1,1,1,0.0,0.0,0.0
deepseek_deepseek-v4-pro,REC-inf-out-005,2,infant,diagnoses,2,0,0,2,2,1.0,1.0,1.0
deepseek_deepseek-v4-pro,REC-inf-out-005,2,infant,medications,0,0,0,0,0,0.0,0.0,0.0
deepseek_deepseek-v4-pro,REC-inf-out-005,2,infant,labs,0,0,0,0,0,0.0,0.0,0.0
deepseek_deepseek-v4-pro,REC-inf-out-005,2,infant,procedures,1,0,0,1,1,1.0,1.0,1.0
deepseek_deepseek-v4-pro,REC-inf-out-005,2,infant,temporal,0,0,0,0,0,0.0,0.0,0.0
deepseek_deepseek-v4-pro,REC-inf-out-006,2,infant,diagnoses,1,0,0,1,1,1.0,1.0,1.0
deepseek_deepseek-v4-pro,REC-inf-out-006,2,infant,medications,1,0,0,1,1,1.0,1.0,1.0
deepseek_deepseek-v4-pro,REC-inf-out-006,2,infant,labs,0,0,0,0,0,0.0,0.0,0.0
deepseek_deepseek-v4-pro,REC-inf-out-006,2,infant,procedures,1,0,0,1,1,1.0,1.0,1.0
deepseek_deepseek-v4-pro,REC-inf-out-006,2,infant,temporal,0,1,1,1,1,0.0,0.0,0.0
deepseek_deepseek-v4-pro,REC-inf-out-007,2,infant,diagnoses,2,0,0,2,2,1.0,1.0,1.0
deepseek_deepseek-v4-pro,REC-inf-out-007,2,infant,medications,0,0,0,0,0,0.0,0.0,0.0
deepseek_deepseek-v4-pro,REC-inf-out-007,2,infant,labs,0,0,0,0,0,0.0,0.0,0.0
deepseek_deepseek-v4-pro,REC-inf-out-007,2,infant,procedures,1,0,0,1,1,1.0,1.0,1.0
deepseek_deepseek-v4-pro,REC-inf-out-007,2,infant,temporal,0,0,0,0,0,0.0,0.0,0.0
deepseek_deepseek-v4-pro,REC-inf-out-008,2,infant,diagnoses,1,1,0,1,2,0.5,1.0,0.6666666666666666
deepseek_deepseek-v4-pro,REC-inf-out-008,2,infant,medications,1,0,0,1,1,1.0,1.0,1.0
deepseek_deepseek-v4-pro,REC-inf-out-008,2,infant,labs,0,0,0,0,0,0.0,0.0,0.0
deepseek_deepseek-v4-pro,REC-inf-out-008,2,infant,procedures,1,0,0,1,1,1.0,1.0,1.0
deepseek_deepseek-v4-pro,REC-inf-out-008,2,infant,temporal,0,1,3,3,1,0.0,0.0,0.0
deepseek_deepseek-v4-pro,REC-inf-out-009,2,infant,diagnoses,1,0,0,1,1,1.0,1.0,1.0
deepseek_deepseek-v4-pro,REC-inf-out-009,2,infant,medications,0,0,0,0,0,0.0,0.0,0.0
deepseek_deepseek-v4-pro,REC-inf-out-009,2,infant,labs,0,0,0,0,0,0.0,0.0,0.0
deepseek_deepseek-v4-pro,REC-inf-out-009,2,infant,procedures,1,0,0,1,1,1.0,1.0,1.0
deepseek_deepseek-v4-pro,REC-inf-out-009,2,infant,temporal,0,3,2,2,3,0.0,0.0,0.0
deepseek_deepseek-v4-pro,REC-inf-out-010,2,infant,diagnoses,2,0,0,2,2,1.0,1.0,1.0
deepseek_deepseek-v4-pro,REC-inf-out-010,2,infant,medications,1,0,0,1,1,1.0,1.0,1.0
deepseek_deepseek-v4-pro,REC-inf-out-010,2,infant,labs,0,0,0,0,0,0.0,0.0,0.0
deepseek_deepseek-v4-pro,REC-inf-out-010,2,infant,procedures,1,0,0,1,1,1.0,1.0,1.0
deepseek_deepseek-v4-pro,REC-inf-out-010,2,infant,temporal,0,0,0,0,0,0.0,0.0,0.0
deepseek_deepseek-v4-pro,REC-neo-eme-001,2,neonate,diagnoses,2,0,0,2,2,1.0,1.0,1.0
deepseek_deepseek-v4-pro,REC-neo-eme-001,2,neonate,medications,1,0,0,1,1,1.0,1.0,1.0
deepseek_deepseek-v4-pro,REC-neo-eme-001,2,neonate,labs,1,0,0,1,1,1.0,1.0,1.0
deepseek_deepseek-v4-pro,REC-neo-eme-001,2,neonate,procedures,1,0,0,1,1,1.0,1.0,1.0
deepseek_deepseek-v4-pro,REC-neo-eme-001,2,neonate,temporal,0,4,2,2,4,0.0,0.0,0.0
deepseek_deepseek-v4-pro,REC-neo-eme-002,2,neonate,diagnoses,3,0,0,3,3,1.0,1.0,1.0
deepseek_deepseek-v4-pro,REC-neo-eme-002,2,neonate,medications,0,0,0,0,0,0.0,0.0,0.0
deepseek_deepseek-v4-pro,REC-neo-eme-002,2,neonate,labs,1,0,0,1,1,1.0,1.0,1.0
deepseek_deepseek-v4-pro,REC-neo-eme-002,2,neonate,procedures,1,0,0,1,1,1.0,1.0,1.0
deepseek_deepseek-v4-pro,REC-neo-eme-002,2,neonate,temporal,0,2,2,2,2,0.0,0.0,0.0
deepseek_deepseek-v4-pro,REC-neo-eme-003,2,neonate,diagnoses,0,0,1,1,0,0.0,0.0,0.0
deepseek_deepseek-v4-pro,REC-neo-eme-003,2,neonate,medications,0,0,1,1,0,0.0,0.0,0.0
deepseek_deepseek-v4-pro,REC-neo-eme-003,2,neonate,labs,0,0,1,1,0,0.0,0.0,0.0
deepseek_deepseek-v4-pro,REC-neo-eme-003,2,neonate,procedures,0,0,1,1,0,0.0,0.0,0.0
deepseek_deepseek-v4-pro,REC-neo-eme-003,2,neonate,temporal,0,0,3,3,0,0.0,0.0,0.0
deepseek_deepseek-v4-pro,REC-neo-eme-004,2,neonate,diagnoses,2,0,0,2,2,1.0,1.0,1.0
deepseek_deepseek-v4-pro,REC-neo-eme-004,2,neonate,medications,1,0,0,1,1,1.0,1.0,1.0
deepseek_deepseek-v4-pro,REC-neo-eme-004,2,neonate,labs,1,0,0,1,1,1.0,1.0,1.0
deepseek_deepseek-v4-pro,REC-neo-eme-004,2,neonate,procedures,1,0,0,1,1,1.0,1.0,1.0
deepseek_deepseek-v4-pro,REC-neo-eme-004,2,neonate,temporal,0,1,2,2,1,0.0,0.0,0.0
deepseek_deepseek-v4-pro,REC-neo-eme-005,2,neonate,diagnoses,3,0,0,3,3,1.0,1.0,1.0
deepseek_deepseek-v4-pro,REC-neo-eme-005,2,neonate,medications,0,0,0,0,0,0.0,0.0,0.0
deepseek_deepseek-v4-pro,REC-neo-eme-005,2,neonate,labs,1,0,0,1,1,1.0,1.0,1.0
deepseek_deepseek-v4-pro,REC-neo-eme-005,2,neonate,procedures,1,0,0,1,1,1.0,1.0,1.0
deepseek_deepseek-v4-pro,REC-neo-eme-005,2,neonate,temporal,0,3,2,2,3,0.0,0.0,0.0
deepseek_deepseek-v4-pro,REC-neo-eme-006,2,neonate,diagnoses,2,1,0,2,3,0.6666666666666666,1.0,0.8
deepseek_deepseek-v4-pro,REC-neo-eme-006,2,neonate,medications,1,0,0,1,1,1.0,1.0,1.0
deepseek_deepseek-v4-pro,REC-neo-eme-006,2,neonate,labs,1,0,0,1,1,1.0,1.0,1.0
deepseek_deepseek-v4-pro,REC-neo-eme-006,2,neonate,procedures,1,1,0,1,2,0.5,1.0,0.6666666666666666
deepseek_deepseek-v4-pro,REC-neo-eme-006,2,neonate,temporal,0,3,2,2,3,0.0,0.0,0.0
deepseek_deepseek-v4-pro,REC-neo-eme-007,2,neonate,diagnoses,3,0,0,3,3,1.0,1.0,1.0
deepseek_deepseek-v4-pro,REC-neo-eme-007,2,neonate,medications,1,0,0,1,1,1.0,1.0,1.0
deepseek_deepseek-v4-pro,REC-neo-eme-007,2,neonate,labs,1,0,0,1,1,1.0,1.0,1.0
deepseek_deepseek-v4-pro,REC-neo-eme-007,2,neonate,procedures,1,0,0,1,1,1.0,1.0,1.0
deepseek_deepseek-v4-pro,REC-neo-eme-007,2,neonate,temporal,0,1,2,2,1,0.0,0.0,0.0
deepseek_deepseek-v4-pro,REC-neo-eme-008,2,neonate,diagnoses,0,0,2,2,0,0.0,0.0,0.0
deepseek_deepseek-v4-pro,REC-neo-eme-008,2,neonate,medications,0,0,0,0,0,0.0,0.0,0.0
deepseek_deepseek-v4-pro,REC-neo-eme-008,2,neonate,labs,0,0,1,1,0,0.0,0.0,0.0
deepseek_deepseek-v4-pro,REC-neo-eme-008,2,neonate,procedures,0,0,1,1,0,0.0,0.0,0.0
deepseek_deepseek-v4-pro,REC-neo-eme-008,2,neonate,temporal,0,0,3,3,0,0.0,0.0,0.0
deepseek_deepseek-v4-pro,REC-neo-eme-009,2,neonate,diagnoses,0,0,1,1,0,0.0,0.0,0.0
deepseek_deepseek-v4-pro,REC-neo-eme-009,2,neonate,medications,0,0,1,1,0,0.0,0.0,0.0
deepseek_deepseek-v4-pro,REC-neo-eme-009,2,neonate,labs,0,0,1,1,0,0.0,0.0,0.0
deepseek_deepseek-v4-pro,REC-neo-eme-009,2,neonate,procedures,0,0,1,1,0,0.0,0.0,0.0
deepseek_deepseek-v4-pro,REC-neo-eme-009,2,neonate,temporal,0,0,2,2,0,0.0,0.0,0.0
deepseek_deepseek-v4-pro,REC-neo-eme-010,2,neonate,diagnoses,1,0,0,1,1,1.0,1.0,1.0
deepseek_deepseek-v4-pro,REC-neo-eme-010,2,neonate,medications,1,0,0,1,1,1.0,1.0,1.0
deepseek_deepseek-v4-pro,REC-neo-eme-010,2,neonate,labs,1,0,0,1,1,1.0,1.0,1.0
deepseek_deepseek-v4-pro,REC-neo-eme-010,2,neonate,procedures,1,1,0,1,2,0.5,1.0,0.6666666666666666
deepseek_deepseek-v4-pro,REC-neo-eme-010,2,neonate,temporal,0,4,3,3,4,0.0,0.0,0.0
deepseek_deepseek-v4-pro,REC-neo-icu-001,2,neonate,diagnoses,1,0,0,1,1,1.0,1.0,1.0
deepseek_deepseek-v4-pro,REC-neo-icu-001,2,neonate,medications,1,0,0,1,1,1.0,1.0,1.0
deepseek_deepseek-v4-pro,REC-neo-icu-001,2,neonate,labs,1,0,0,1,1,1.0,1.0,1.0
deepseek_deepseek-v4-pro,REC-neo-icu-001,2,neonate,procedures,1,0,0,1,1,1.0,1.0,1.0
deepseek_deepseek-v4-pro,REC-neo-icu-001,2,neonate,temporal,0,2,4,4,2,0.0,0.0,0.0
deepseek_deepseek-v4-pro,REC-neo-icu-002,2,neonate,diagnoses,3,1,0,3,4,0.75,1.0,0.8571428571428571
deepseek_deepseek-v4-pro,REC-neo-icu-002,2,neonate,medications,1,0,0,1,1,1.0,1.0,1.0
deepseek_deepseek-v4-pro,REC-neo-icu-002,2,neonate,labs,1,0,0,1,1,1.0,1.0,1.0
deepseek_deepseek-v4-pro,REC-neo-icu-002,2,neonate,procedures,1,0,0,1,1,1.0,1.0,1.0
deepseek_deepseek-v4-pro,REC-neo-icu-002,2,neonate,temporal,0,4,2,2,4,0.0,0.0,0.0
deepseek_deepseek-v4-pro,REC-neo-icu-003,2,neonate,diagnoses,2,0,0,2,2,1.0,1.0,1.0
deepseek_deepseek-v4-pro,REC-neo-icu-003,2,neonate,medications,1,0,0,1,1,1.0,1.0,1.0
deepseek_deepseek-v4-pro,REC-neo-icu-003,2,neonate,labs,1,0,0,1,1,1.0,1.0,1.0
deepseek_deepseek-v4-pro,REC-neo-icu-003,2,neonate,procedures,1,0,0,1,1,1.0,1.0,1.0
deepseek_deepseek-v4-pro,REC-neo-icu-003,2,neonate,temporal,0,1,2,2,1,0.0,0.0,0.0
deepseek_deepseek-v4-pro,REC-neo-icu-004,2,neonate,diagnoses,0,0,2,2,0,0.0,0.0,0.0
deepseek_deepseek-v4-pro,REC-neo-icu-004,2,neonate,medications,0,0,1,1,0,0.0,0.0,0.0
deepseek_deepseek-v4-pro,REC-neo-icu-004,2,neonate,labs,0,0,1,1,0,0.0,0.0,0.0
deepseek_deepseek-v4-pro,REC-neo-icu-004,2,neonate,procedures,0,0,1,1,0,0.0,0.0,0.0
deepseek_deepseek-v4-pro,REC-neo-icu-004,2,neonate,temporal,0,0,2,2,0,0.0,0.0,0.0
deepseek_deepseek-v4-pro,REC-neo-icu-005,2,neonate,diagnoses,1,0,0,1,1,1.0,1.0,1.0
deepseek_deepseek-v4-pro,REC-neo-icu-005,2,neonate,medications,1,0,0,1,1,1.0,1.0,1.0
deepseek_deepseek-v4-pro,REC-neo-icu-005,2,neonate,labs,1,0,0,1,1,1.0,1.0,1.0
deepseek_deepseek-v4-pro,REC-neo-icu-005,2,neonate,procedures,1,0,0,1,1,1.0,1.0,1.0
deepseek_deepseek-v4-pro,REC-neo-icu-005,2,neonate,temporal,0,4,2,2,4,0.0,0.0,0.0
deepseek_deepseek-v4-pro,REC-neo-icu-006,2,neonate,diagnoses,1,1,0,1,2,0.5,1.0,0.6666666666666666
deepseek_deepseek-v4-pro,REC-neo-icu-006,2,neonate,medications,1,0,0,1,1,1.0,1.0,1.0
deepseek_deepseek-v4-pro,REC-neo-icu-006,2,neonate,labs,1,0,0,1,1,1.0,1.0,1.0
deepseek_deepseek-v4-pro,REC-neo-icu-006,2,neonate,procedures,1,1,0,1,2,0.5,1.0,0.6666666666666666
deepseek_deepseek-v4-pro,REC-neo-icu-006,2,neonate,temporal,1,3,1,2,4,0.25,0.5,0.3333333333333333
deepseek_deepseek-v4-pro,REC-neo-icu-007,2,neonate,diagnoses,2,0,0,2,2,1.0,1.0,1.0
deepseek_deepseek-v4-pro,REC-neo-icu-007,2,neonate,medications,1,0,0,1,1,1.0,1.0,1.0
deepseek_deepseek-v4-pro,REC-neo-icu-007,2,neonate,labs,1,0,0,1,1,1.0,1.0,1.0
deepseek_deepseek-v4-pro,REC-neo-icu-007,2,neonate,procedures,1,0,0,1,1,1.0,1.0,1.0
deepseek_deepseek-v4-pro,REC-neo-icu-007,2,neonate,temporal,0,3,1,1,3,0.0,0.0,0.0
deepseek_deepseek-v4-pro,REC-neo-icu-008,2,neonate,diagnoses,0,0,2,2,0,0.0,0.0,0.0
deepseek_deepseek-v4-pro,REC-neo-icu-008,2,neonate,medications,0,0,1,1,0,0.0,0.0,0.0
deepseek_deepseek-v4-pro,REC-neo-icu-008,2,neonate,labs,0,0,1,1,0,0.0,0.0,0.0
deepseek_deepseek-v4-pro,REC-neo-icu-008,2,neonate,procedures,0,0,1,1,0,0.0,0.0,0.0
deepseek_deepseek-v4-pro,REC-neo-icu-008,2,neonate,temporal,0,0,3,3,0,0.0,0.0,0.0
deepseek_deepseek-v4-pro,REC-neo-icu-009,2,neonate,diagnoses,0,0,1,1,0,0.0,0.0,0.0
deepseek_deepseek-v4-pro,REC-neo-icu-009,2,neonate,medications,0,0,1,1,0,0.0,0.0,0.0
deepseek_deepseek-v4-pro,REC-neo-icu-009,2,neonate,labs,0,0,1,1,0,0.0,0.0,0.0
deepseek_deepseek-v4-pro,REC-neo-icu-009,2,neonate,procedures,0,0,1,1,0,0.0,0.0,0.0
deepseek_deepseek-v4-pro,REC-neo-icu-009,2,neonate,temporal,0,0,2,2,0,0.0,0.0,0.0
deepseek_deepseek-v4-pro,REC-neo-icu-010,2,neonate,diagnoses,3,1,0,3,4,0.75,1.0,0.8571428571428571
deepseek_deepseek-v4-pro,REC-neo-icu-010,2,neonate,medications,1,0,0,1,1,1.0,1.0,1.0
deepseek_deepseek-v4-pro,REC-neo-icu-010,2,neonate,labs,1,0,0,1,1,1.0,1.0,1.0
deepseek_deepseek-v4-pro,REC-neo-icu-010,2,neonate,procedures,1,0,0,1,1,1.0,1.0,1.0
deepseek_deepseek-v4-pro,REC-neo-icu-010,2,neonate,temporal,0,4,2,2,4,0.0,0.0,0.0
deepseek_deepseek-v4-pro,REC-neo-inp-001,2,neonate,diagnoses,2,0,0,2,2,1.0,1.0,1.0
deepseek_deepseek-v4-pro,REC-neo-inp-001,2,neonate,medications,1,0,0,1,1,1.0,1.0,1.0
deepseek_deepseek-v4-pro,REC-neo-inp-001,2,neonate,labs,1,0,0,1,1,1.0,1.0,1.0
deepseek_deepseek-v4-pro,REC-neo-inp-001,2,neonate,procedures,1,1,0,1,2,0.5,1.0,0.6666666666666666
deepseek_deepseek-v4-pro,REC-neo-inp-001,2,neonate,temporal,0,1,2,2,1,0.0,0.0,0.0
deepseek_deepseek-v4-pro,REC-neo-inp-002,2,neonate,diagnoses,3,0,0,3,3,1.0,1.0,1.0
deepseek_deepseek-v4-pro,REC-neo-inp-002,2,neonate,medications,0,0,0,0,0,0.0,0.0,0.0
deepseek_deepseek-v4-pro,REC-neo-inp-002,2,neonate,labs,1,0,0,1,1,1.0,1.0,1.0
deepseek_deepseek-v4-pro,REC-neo-inp-002,2,neonate,procedures,1,0,0,1,1,1.0,1.0,1.0
deepseek_deepseek-v4-pro,REC-neo-inp-002,2,neonate,temporal,0,2,2,2,2,0.0,0.0,0.0
deepseek_deepseek-v4-pro,REC-neo-inp-003,2,neonate,diagnoses,0,0,2,2,0,0.0,0.0,0.0
deepseek_deepseek-v4-pro,REC-neo-inp-003,2,neonate,medications,0,0,1,1,0,0.0,0.0,0.0
deepseek_deepseek-v4-pro,REC-neo-inp-003,2,neonate,labs,0,0,1,1,0,0.0,0.0,0.0
deepseek_deepseek-v4-pro,REC-neo-inp-003,2,neonate,procedures,0,0,1,1,0,0.0,0.0,0.0
deepseek_deepseek-v4-pro,REC-neo-inp-003,2,neonate,temporal,0,0,2,2,0,0.0,0.0,0.0
deepseek_deepseek-v4-pro,REC-neo-inp-004,2,neonate,diagnoses,2,0,0,2,2,1.0,1.0,1.0
deepseek_deepseek-v4-pro,REC-neo-inp-004,2,neonate,medications,1,0,0,1,1,1.0,1.0,1.0
deepseek_deepseek-v4-pro,REC-neo-inp-004,2,neonate,labs,1,0,0,1,1,1.0,1.0,1.0
deepseek_deepseek-v4-pro,REC-neo-inp-004,2,neonate,procedures,1,0,0,1,1,1.0,1.0,1.0
deepseek_deepseek-v4-pro,REC-neo-inp-004,2,neonate,temporal,0,4,3,3,4,0.0,0.0,0.0
deepseek_deepseek-v4-pro,REC-neo-inp-005,2,neonate,diagnoses,2,0,0,2,2,1.0,1.0,1.0
deepseek_deepseek-v4-pro,REC-neo-inp-005,2,neonate,medications,0,0,0,0,0,0.0,0.0,0.0
deepseek_deepseek-v4-pro,REC-neo-inp-005,2,neonate,labs,1,0,0,1,1,1.0,1.0,1.0
deepseek_deepseek-v4-pro,REC-neo-inp-005,2,neonate,procedures,1,0,0,1,1,1.0,1.0,1.0
deepseek_deepseek-v4-pro,REC-neo-inp-005,2,neonate,temporal,0,3,2,2,3,0.0,0.0,0.0
deepseek_deepseek-v4-pro,REC-neo-inp-006,2,neonate,diagnoses,0,0,1,1,0,0.0,0.0,0.0
deepseek_deepseek-v4-pro,REC-neo-inp-006,2,neonate,medications,0,0,1,1,0,0.0,0.0,0.0
deepseek_deepseek-v4-pro,REC-neo-inp-006,2,neonate,labs,0,0,1,1,0,0.0,0.0,0.0
deepseek_deepseek-v4-pro,REC-neo-inp-006,2,neonate,procedures,0,0,1,1,0,0.0,0.0,0.0
deepseek_deepseek-v4-pro,REC-neo-inp-006,2,neonate,temporal,0,0,2,2,0,0.0,0.0,0.0
deepseek_deepseek-v4-pro,REC-neo-inp-007,2,neonate,diagnoses,1,0,0,1,1,1.0,1.0,1.0
deepseek_deepseek-v4-pro,REC-neo-inp-007,2,neonate,medications,1,0,0,1,1,1.0,1.0,1.0
deepseek_deepseek-v4-pro,REC-neo-inp-007,2,neonate,labs,1,0,0,1,1,1.0,1.0,1.0
deepseek_deepseek-v4-pro,REC-neo-inp-007,2,neonate,procedures,1,0,0,1,1,1.0,1.0,1.0
deepseek_deepseek-v4-pro,REC-neo-inp-007,2,neonate,temporal,0,3,4,4,3,0.0,0.0,0.0
deepseek_deepseek-v4-pro,REC-neo-inp-008,2,neonate,diagnoses,2,0,0,2,2,1.0,1.0,1.0
deepseek_deepseek-v4-pro,REC-neo-inp-008,2,neonate,medications,0,0,0,0,0,0.0,0.0,0.0
deepseek_deepseek-v4-pro,REC-neo-inp-008,2,neonate,labs,1,0,0,1,1,1.0,1.0,1.0
deepseek_deepseek-v4-pro,REC-neo-inp-008,2,neonate,procedures,1,0,0,1,1,1.0,1.0,1.0
deepseek_deepseek-v4-pro,REC-neo-inp-008,2,neonate,temporal,0,3,3,3,3,0.0,0.0,0.0
deepseek_deepseek-v4-pro,REC-neo-inp-009,2,neonate,diagnoses,1,0,0,1,1,1.0,1.0,1.0
deepseek_deepseek-v4-pro,REC-neo-inp-009,2,neonate,medications,1,0,0,1,1,1.0,1.0,1.0
deepseek_deepseek-v4-pro,REC-neo-inp-009,2,neonate,labs,1,0,0,1,1,1.0,1.0,1.0
deepseek_deepseek-v4-pro,REC-neo-inp-009,2,neonate,procedures,1,0,0,1,1,1.0,1.0,1.0
deepseek_deepseek-v4-pro,REC-neo-inp-009,2,neonate,temporal,0,2,2,2,2,0.0,0.0,0.0
deepseek_deepseek-v4-pro,REC-neo-inp-010,2,neonate,diagnoses,0,0,1,1,0,0.0,0.0,0.0
deepseek_deepseek-v4-pro,REC-neo-inp-010,2,neonate,medications,0,0,1,1,0,0.0,0.0,0.0
deepseek_deepseek-v4-pro,REC-neo-inp-010,2,neonate,labs,0,0,1,1,0,0.0,0.0,0.0
deepseek_deepseek-v4-pro,REC-neo-inp-010,2,neonate,procedures,0,0,1,1,0,0.0,0.0,0.0
deepseek_deepseek-v4-pro,REC-neo-inp-010,2,neonate,temporal,0,0,2,2,0,0.0,0.0,0.0
deepseek_deepseek-v4-pro,REC-neo-out-001,2,neonate,diagnoses,1,0,0,1,1,1.0,1.0,1.0
deepseek_deepseek-v4-pro,REC-neo-out-001,2,neonate,medications,0,0,0,0,0,0.0,0.0,0.0
deepseek_deepseek-v4-pro,REC-neo-out-001,2,neonate,labs,1,0,0,1,1,1.0,1.0,1.0
deepseek_deepseek-v4-pro,REC-neo-out-001,2,neonate,procedures,1,0,0,1,1,1.0,1.0,1.0
deepseek_deepseek-v4-pro,REC-neo-out-001,2,neonate,temporal,0,5,2,2,5,0.0,0.0,0.0
deepseek_deepseek-v4-pro,REC-neo-out-002,2,neonate,diagnoses,3,0,0,3,3,1.0,1.0,1.0
deepseek_deepseek-v4-pro,REC-neo-out-002,2,neonate,medications,0,0,0,0,0,0.0,0.0,0.0
deepseek_deepseek-v4-pro,REC-neo-out-002,2,neonate,labs,1,0,0,1,1,1.0,1.0,1.0
deepseek_deepseek-v4-pro,REC-neo-out-002,2,neonate,procedures,1,1,0,1,2,0.5,1.0,0.6666666666666666
deepseek_deepseek-v4-pro,REC-neo-out-002,2,neonate,temporal,0,3,2,2,3,0.0,0.0,0.0
deepseek_deepseek-v4-pro,REC-neo-out-003,2,neonate,diagnoses,2,0,0,2,2,1.0,1.0,1.0
deepseek_deepseek-v4-pro,REC-neo-out-003,2,neonate,medications,0,0,0,0,0,0.0,0.0,0.0
deepseek_deepseek-v4-pro,REC-neo-out-003,2,neonate,labs,1,0,0,1,1,1.0,1.0,1.0
deepseek_deepseek-v4-pro,REC-neo-out-003,2,neonate,procedures,1,0,0,1,1,1.0,1.0,1.0
deepseek_deepseek-v4-pro,REC-neo-out-003,2,neonate,temporal,0,3,1,1,3,0.0,0.0,0.0
deepseek_deepseek-v4-pro,REC-neo-out-004,2,neonate,diagnoses,2,0,0,2,2,1.0,1.0,1.0
deepseek_deepseek-v4-pro,REC-neo-out-004,2,neonate,medications,0,0,0,0,0,0.0,0.0,0.0
deepseek_deepseek-v4-pro,REC-neo-out-004,2,neonate,labs,1,0,0,1,1,1.0,1.0,1.0
deepseek_deepseek-v4-pro,REC-neo-out-004,2,neonate,procedures,1,0,0,1,1,1.0,1.0,1.0
deepseek_deepseek-v4-pro,REC-neo-out-004,2,neonate,temporal,0,2,3,3,2,0.0,0.0,0.0
deepseek_deepseek-v4-pro,REC-neo-out-005,2,neonate,diagnoses,1,0,0,1,1,1.0,1.0,1.0
deepseek_deepseek-v4-pro,REC-neo-out-005,2,neonate,medications,0,0,0,0,0,0.0,0.0,0.0
deepseek_deepseek-v4-pro,REC-neo-out-005,2,neonate,labs,1,0,0,1,1,1.0,1.0,1.0
deepseek_deepseek-v4-pro,REC-neo-out-005,2,neonate,procedures,1,0,0,1,1,1.0,1.0,1.0
deepseek_deepseek-v4-pro,REC-neo-out-005,2,neonate,temporal,0,3,2,2,3,0.0,0.0,0.0
deepseek_deepseek-v4-pro,REC-neo-out-006,2,neonate,diagnoses,2,0,0,2,2,1.0,1.0,1.0
deepseek_deepseek-v4-pro,REC-neo-out-006,2,neonate,medications,0,0,0,0,0,0.0,0.0,0.0
deepseek_deepseek-v4-pro,REC-neo-out-006,2,neonate,labs,1,0,0,1,1,1.0,1.0,1.0
deepseek_deepseek-v4-pro,REC-neo-out-006,2,neonate,procedures,1,0,0,1,1,1.0,1.0,1.0
deepseek_deepseek-v4-pro,REC-neo-out-006,2,neonate,temporal,0,1,2,2,1,0.0,0.0,0.0
deepseek_deepseek-v4-pro,REC-neo-out-007,2,neonate,diagnoses,3,0,0,3,3,1.0,1.0,1.0
deepseek_deepseek-v4-pro,REC-neo-out-007,2,neonate,medications,0,0,0,0,0,0.0,0.0,0.0
deepseek_deepseek-v4-pro,REC-neo-out-007,2,neonate,labs,1,0,0,1,1,1.0,1.0,1.0
deepseek_deepseek-v4-pro,REC-neo-out-007,2,neonate,procedures,1,0,0,1,1,1.0,1.0,1.0
deepseek_deepseek-v4-pro,REC-neo-out-007,2,neonate,temporal,0,3,2,2,3,0.0,0.0,0.0
deepseek_deepseek-v4-pro,REC-neo-out-008,2,neonate,diagnoses,2,0,0,2,2,1.0,1.0,1.0
deepseek_deepseek-v4-pro,REC-neo-out-008,2,neonate,medications,0,0,0,0,0,0.0,0.0,0.0
deepseek_deepseek-v4-pro,REC-neo-out-008,2,neonate,labs,1,0,0,1,1,1.0,1.0,1.0
deepseek_deepseek-v4-pro,REC-neo-out-008,2,neonate,procedures,1,2,0,1,3,0.3333333333333333,1.0,0.5
deepseek_deepseek-v4-pro,REC-neo-out-008,2,neonate,temporal,0,3,3,3,3,0.0,0.0,0.0
deepseek_deepseek-v4-pro,REC-neo-out-009,2,neonate,diagnoses,2,0,0,2,2,1.0,1.0,1.0
deepseek_deepseek-v4-pro,REC-neo-out-009,2,neonate,medications,0,0,0,0,0,0.0,0.0,0.0
deepseek_deepseek-v4-pro,REC-neo-out-009,2,neonate,labs,1,0,0,1,1,1.0,1.0,1.0
deepseek_deepseek-v4-pro,REC-neo-out-009,2,neonate,procedures,1,2,0,1,3,0.3333333333333333,1.0,0.5
deepseek_deepseek-v4-pro,REC-neo-out-009,2,neonate,temporal,0,3,3,3,3,0.0,0.0,0.0
deepseek_deepseek-v4-pro,REC-neo-out-010,2,neonate,diagnoses,2,0,0,2,2,1.0,1.0,1.0
deepseek_deepseek-v4-pro,REC-neo-out-010,2,neonate,medications,0,0,0,0,0,0.0,0.0,0.0
deepseek_deepseek-v4-pro,REC-neo-out-010,2,neonate,labs,1,0,0,1,1,1.0,1.0,1.0
deepseek_deepseek-v4-pro,REC-neo-out-010,2,neonate,procedures,1,1,0,1,2,0.5,1.0,0.6666666666666666
deepseek_deepseek-v4-pro,REC-neo-out-010,2,neonate,temporal,0,4,3,3,4,0.0,0.0,0.0
anthropic_claude-sonnet-5,REC-ado-eme-001,3,adolescent,diagnoses,2,0,0,2,2,1.0,1.0,1.0
anthropic_claude-sonnet-5,REC-ado-eme-001,3,adolescent,medications,1,0,0,1,1,1.0,1.0,1.0
anthropic_claude-sonnet-5,REC-ado-eme-001,3,adolescent,labs,1,0,0,1,1,1.0,1.0,1.0
anthropic_claude-sonnet-5,REC-ado-eme-001,3,adolescent,procedures,1,0,0,1,1,1.0,1.0,1.0
anthropic_claude-sonnet-5,REC-ado-eme-001,3,adolescent,temporal,0,3,0,0,3,0.0,0.0,0.0
anthropic_claude-sonnet-5,REC-ado-eme-002,3,adolescent,diagnoses,2,1,0,2,3,0.6666666666666666,1.0,0.8
anthropic_claude-sonnet-5,REC-ado-eme-002,3,adolescent,medications,1,0,0,1,1,1.0,1.0,1.0
anthropic_claude-sonnet-5,REC-ado-eme-002,3,adolescent,labs,0,0,0,0,0,0.0,0.0,0.0
anthropic_claude-sonnet-5,REC-ado-eme-002,3,adolescent,procedures,1,1,0,1,2,0.5,1.0,0.6666666666666666
anthropic_claude-sonnet-5,REC-ado-eme-002,3,adolescent,temporal,0,4,2,2,4,0.0,0.0,0.0
anthropic_claude-sonnet-5,REC-ado-eme-003,3,adolescent,diagnoses,1,1,0,1,2,0.5,1.0,0.6666666666666666
anthropic_claude-sonnet-5,REC-ado-eme-003,3,adolescent,medications,1,0,0,1,1,1.0,1.0,1.0
anthropic_claude-sonnet-5,REC-ado-eme-003,3,adolescent,labs,0,0,0,0,0,0.0,0.0,0.0
anthropic_claude-sonnet-5,REC-ado-eme-003,3,adolescent,procedures,1,1,0,1,2,0.5,1.0,0.6666666666666666
anthropic_claude-sonnet-5,REC-ado-eme-003,3,adolescent,temporal,0,2,2,2,2,0.0,0.0,0.0
anthropic_claude-sonnet-5,REC-ado-eme-004,3,adolescent,diagnoses,2,1,0,2,3,0.6666666666666666,1.0,0.8
anthropic_claude-sonnet-5,REC-ado-eme-004,3,adolescent,medications,1,0,0,1,1,1.0,1.0,1.0
anthropic_claude-sonnet-5,REC-ado-eme-004,3,adolescent,labs,1,0,0,1,1,1.0,1.0,1.0
anthropic_claude-sonnet-5,REC-ado-eme-004,3,adolescent,procedures,1,1,0,1,2,0.5,1.0,0.6666666666666666
anthropic_claude-sonnet-5,REC-ado-eme-004,3,adolescent,temporal,0,5,2,2,5,0.0,0.0,0.0
anthropic_claude-sonnet-5,REC-ado-eme-005,3,adolescent,diagnoses,2,0,0,2,2,1.0,1.0,1.0
anthropic_claude-sonnet-5,REC-ado-eme-005,3,adolescent,medications,1,0,0,1,1,1.0,1.0,1.0
anthropic_claude-sonnet-5,REC-ado-eme-005,3,adolescent,labs,0,0,0,0,0,0.0,0.0,0.0
anthropic_claude-sonnet-5,REC-ado-eme-005,3,adolescent,procedures,1,0,0,1,1,1.0,1.0,1.0
anthropic_claude-sonnet-5,REC-ado-eme-005,3,adolescent,temporal,0,3,1,1,3,0.0,0.0,0.0
anthropic_claude-sonnet-5,REC-ado-eme-006,3,adolescent,diagnoses,2,1,0,2,3,0.6666666666666666,1.0,0.8
anthropic_claude-sonnet-5,REC-ado-eme-006,3,adolescent,medications,1,0,0,1,1,1.0,1.0,1.0
anthropic_claude-sonnet-5,REC-ado-eme-006,3,adolescent,labs,0,0,0,0,0,0.0,0.0,0.0
anthropic_claude-sonnet-5,REC-ado-eme-006,3,adolescent,procedures,1,0,0,1,1,1.0,1.0,1.0
anthropic_claude-sonnet-5,REC-ado-eme-006,3,adolescent,temporal,0,6,2,2,6,0.0,0.0,0.0
anthropic_claude-sonnet-5,REC-ado-eme-007,3,adolescent,diagnoses,3,0,0,3,3,1.0,1.0,1.0
anthropic_claude-sonnet-5,REC-ado-eme-007,3,adolescent,medications,1,0,0,1,1,1.0,1.0,1.0
anthropic_claude-sonnet-5,REC-ado-eme-007,3,adolescent,labs,1,0,0,1,1,1.0,1.0,1.0
anthropic_claude-sonnet-5,REC-ado-eme-007,3,adolescent,procedures,1,0,0,1,1,1.0,1.0,1.0
anthropic_claude-sonnet-5,REC-ado-eme-007,3,adolescent,temporal,0,4,1,1,4,0.0,0.0,0.0
anthropic_claude-sonnet-5,REC-ado-eme-008,3,adolescent,diagnoses,2,0,0,2,2,1.0,1.0,1.0
anthropic_claude-sonnet-5,REC-ado-eme-008,3,adolescent,medications,1,0,0,1,1,1.0,1.0,1.0
anthropic_claude-sonnet-5,REC-ado-eme-008,3,adolescent,labs,0,0,0,0,0,0.0,0.0,0.0
anthropic_claude-sonnet-5,REC-ado-eme-008,3,adolescent,procedures,1,1,0,1,2,0.5,1.0,0.6666666666666666
anthropic_claude-sonnet-5,REC-ado-eme-008,3,adolescent,temporal,0,2,2,2,2,0.0,0.0,0.0
anthropic_claude-sonnet-5,REC-ado-eme-009,3,adolescent,diagnoses,2,0,0,2,2,1.0,1.0,1.0
anthropic_claude-sonnet-5,REC-ado-eme-009,3,adolescent,medications,1,0,0,1,1,1.0,1.0,1.0
anthropic_claude-sonnet-5,REC-ado-eme-009,3,adolescent,labs,0,0,0,0,0,0.0,0.0,0.0
anthropic_claude-sonnet-5,REC-ado-eme-009,3,adolescent,procedures,1,1,0,1,2,0.5,1.0,0.6666666666666666
anthropic_claude-sonnet-5,REC-ado-eme-009,3,adolescent,temporal,0,4,2,2,4,0.0,0.0,0.0
anthropic_claude-sonnet-5,REC-ado-eme-010,3,adolescent,diagnoses,1,1,0,1,2,0.5,1.0,0.6666666666666666
anthropic_claude-sonnet-5,REC-ado-eme-010,3,adolescent,medications,1,0,0,1,1,1.0,1.0,1.0
anthropic_claude-sonnet-5,REC-ado-eme-010,3,adolescent,labs,1,0,0,1,1,1.0,1.0,1.0
anthropic_claude-sonnet-5,REC-ado-eme-010,3,adolescent,procedures,1,1,0,1,2,0.5,1.0,0.6666666666666666
anthropic_claude-sonnet-5,REC-ado-eme-010,3,adolescent,temporal,0,6,3,3,6,0.0,0.0,0.0
anthropic_claude-sonnet-5,REC-ado-icu-001,3,adolescent,diagnoses,1,0,0,1,1,1.0,1.0,1.0
anthropic_claude-sonnet-5,REC-ado-icu-001,3,adolescent,medications,1,0,0,1,1,1.0,1.0,1.0
anthropic_claude-sonnet-5,REC-ado-icu-001,3,adolescent,labs,1,0,0,1,1,1.0,1.0,1.0
anthropic_claude-sonnet-5,REC-ado-icu-001,3,adolescent,procedures,1,1,0,1,2,0.5,1.0,0.6666666666666666
anthropic_claude-sonnet-5,REC-ado-icu-001,3,adolescent,temporal,0,3,1,1,3,0.0,0.0,0.0
anthropic_claude-sonnet-5,REC-ado-icu-002,3,adolescent,diagnoses,2,0,0,2,2,1.0,1.0,1.0
anthropic_claude-sonnet-5,REC-ado-icu-002,3,adolescent,medications,1,0,0,1,1,1.0,1.0,1.0
anthropic_claude-sonnet-5,REC-ado-icu-002,3,adolescent,labs,1,0,0,1,1,1.0,1.0,1.0
anthropic_claude-sonnet-5,REC-ado-icu-002,3,adolescent,procedures,1,1,0,1,2,0.5,1.0,0.6666666666666666
anthropic_claude-sonnet-5,REC-ado-icu-002,3,adolescent,temporal,0,3,1,1,3,0.0,0.0,0.0
anthropic_claude-sonnet-5,REC-ado-icu-003,3,adolescent,diagnoses,2,1,0,2,3,0.6666666666666666,1.0,0.8
anthropic_claude-sonnet-5,REC-ado-icu-003,3,adolescent,medications,1,0,0,1,1,1.0,1.0,1.0
anthropic_claude-sonnet-5,REC-ado-icu-003,3,adolescent,labs,1,0,0,1,1,1.0,1.0,1.0
anthropic_claude-sonnet-5,REC-ado-icu-003,3,adolescent,procedures,1,1,0,1,2,0.5,1.0,0.6666666666666666
anthropic_claude-sonnet-5,REC-ado-icu-003,3,adolescent,temporal,0,4,2,2,4,0.0,0.0,0.0
anthropic_claude-sonnet-5,REC-ado-icu-004,3,adolescent,diagnoses,2,0,0,2,2,1.0,1.0,1.0
anthropic_claude-sonnet-5,REC-ado-icu-004,3,adolescent,medications,1,0,0,1,1,1.0,1.0,1.0
anthropic_claude-sonnet-5,REC-ado-icu-004,3,adolescent,labs,1,0,0,1,1,1.0,1.0,1.0
anthropic_claude-sonnet-5,REC-ado-icu-004,3,adolescent,procedures,1,1,0,1,2,0.5,1.0,0.6666666666666666
anthropic_claude-sonnet-5,REC-ado-icu-004,3,adolescent,temporal,0,4,2,2,4,0.0,0.0,0.0
anthropic_claude-sonnet-5,REC-ado-icu-005,3,adolescent,diagnoses,2,1,0,2,3,0.6666666666666666,1.0,0.8
anthropic_claude-sonnet-5,REC-ado-icu-005,3,adolescent,medications,1,0,0,1,1,1.0,1.0,1.0
anthropic_claude-sonnet-5,REC-ado-icu-005,3,adolescent,labs,1,0,0,1,1,1.0,1.0,1.0
anthropic_claude-sonnet-5,REC-ado-icu-005,3,adolescent,procedures,1,1,0,1,2,0.5,1.0,0.6666666666666666
anthropic_claude-sonnet-5,REC-ado-icu-005,3,adolescent,temporal,0,4,2,2,4,0.0,0.0,0.0
anthropic_claude-sonnet-5,REC-ado-icu-006,3,adolescent,diagnoses,2,1,0,2,3,0.6666666666666666,1.0,0.8
anthropic_claude-sonnet-5,REC-ado-icu-006,3,adolescent,medications,1,0,0,1,1,1.0,1.0,1.0
anthropic_claude-sonnet-5,REC-ado-icu-006,3,adolescent,labs,1,0,0,1,1,1.0,1.0,1.0
anthropic_claude-sonnet-5,REC-ado-icu-006,3,adolescent,procedures,1,0,0,1,1,1.0,1.0,1.0
anthropic_claude-sonnet-5,REC-ado-icu-006,3,adolescent,temporal,0,3,1,1,3,0.0,0.0,0.0
anthropic_claude-sonnet-5,REC-ado-icu-007,3,adolescent,diagnoses,1,1,0,1,2,0.5,1.0,0.6666666666666666
anthropic_claude-sonnet-5,REC-ado-icu-007,3,adolescent,medications,1,0,0,1,1,1.0,1.0,1.0
anthropic_claude-sonnet-5,REC-ado-icu-007,3,adolescent,labs,1,0,0,1,1,1.0,1.0,1.0
anthropic_claude-sonnet-5,REC-ado-icu-007,3,adolescent,procedures,1,1,0,1,2,0.5,1.0,0.6666666666666666
anthropic_claude-sonnet-5,REC-ado-icu-007,3,adolescent,temporal,0,2,2,2,2,0.0,0.0,0.0
anthropic_claude-sonnet-5,REC-ado-icu-008,3,adolescent,diagnoses,1,1,0,1,2,0.5,1.0,0.6666666666666666
anthropic_claude-sonnet-5,REC-ado-icu-008,3,adolescent,medications,1,0,0,1,1,1.0,1.0,1.0
anthropic_claude-sonnet-5,REC-ado-icu-008,3,adolescent,labs,1,0,0,1,1,1.0,1.0,1.0
anthropic_claude-sonnet-5,REC-ado-icu-008,3,adolescent,procedures,1,0,0,1,1,1.0,1.0,1.0
anthropic_claude-sonnet-5,REC-ado-icu-008,3,adolescent,temporal,0,3,2,2,3,0.0,0.0,0.0
anthropic_claude-sonnet-5,REC-ado-icu-009,3,adolescent,diagnoses,2,0,0,2,2,1.0,1.0,1.0
anthropic_claude-sonnet-5,REC-ado-icu-009,3,adolescent,medications,1,0,0,1,1,1.0,1.0,1.0
anthropic_claude-sonnet-5,REC-ado-icu-009,3,adolescent,labs,1,0,0,1,1,1.0,1.0,1.0
anthropic_claude-sonnet-5,REC-ado-icu-009,3,adolescent,procedures,1,0,0,1,1,1.0,1.0,1.0
anthropic_claude-sonnet-5,REC-ado-icu-009,3,adolescent,temporal,0,5,1,1,5,0.0,0.0,0.0
anthropic_claude-sonnet-5,REC-ado-icu-010,3,adolescent,diagnoses,2,0,0,2,2,1.0,1.0,1.0
anthropic_claude-sonnet-5,REC-ado-icu-010,3,adolescent,medications,1,0,0,1,1,1.0,1.0,1.0
anthropic_claude-sonnet-5,REC-ado-icu-010,3,adolescent,labs,1,0,0,1,1,1.0,1.0,1.0
anthropic_claude-sonnet-5,REC-ado-icu-010,3,adolescent,procedures,1,1,0,1,2,0.5,1.0,0.6666666666666666
anthropic_claude-sonnet-5,REC-ado-icu-010,3,adolescent,temporal,0,4,1,1,4,0.0,0.0,0.0
anthropic_claude-sonnet-5,REC-ado-inp-001,3,adolescent,diagnoses,2,0,0,2,2,1.0,1.0,1.0
anthropic_claude-sonnet-5,REC-ado-inp-001,3,adolescent,medications,1,0,0,1,1,1.0,1.0,1.0
anthropic_claude-sonnet-5,REC-ado-inp-001,3,adolescent,labs,1,0,0,1,1,1.0,1.0,1.0
anthropic_claude-sonnet-5,REC-ado-inp-001,3,adolescent,procedures,1,1,0,1,2,0.5,1.0,0.6666666666666666
anthropic_claude-sonnet-5,REC-ado-inp-001,3,adolescent,temporal,0,2,2,2,2,0.0,0.0,0.0
anthropic_claude-sonnet-5,REC-ado-inp-002,3,adolescent,diagnoses,2,0,0,2,2,1.0,1.0,1.0
anthropic_claude-sonnet-5,REC-ado-inp-002,3,adolescent,medications,1,0,0,1,1,1.0,1.0,1.0
anthropic_claude-sonnet-5,REC-ado-inp-002,3,adolescent,labs,0,0,0,0,0,0.0,0.0,0.0
anthropic_claude-sonnet-5,REC-ado-inp-002,3,adolescent,procedures,1,1,0,1,2,0.5,1.0,0.6666666666666666
anthropic_claude-sonnet-5,REC-ado-inp-002,3,adolescent,temporal,0,3,2,2,3,0.0,0.0,0.0
anthropic_claude-sonnet-5,REC-ado-inp-003,3,adolescent,diagnoses,2,1,0,2,3,0.6666666666666666,1.0,0.8
anthropic_claude-sonnet-5,REC-ado-inp-003,3,adolescent,medications,1,0,0,1,1,1.0,1.0,1.0
anthropic_claude-sonnet-5,REC-ado-inp-003,3,adolescent,labs,0,0,0,0,0,0.0,0.0,0.0
anthropic_claude-sonnet-5,REC-ado-inp-003,3,adolescent,procedures,1,1,0,1,2,0.5,1.0,0.6666666666666666
anthropic_claude-sonnet-5,REC-ado-inp-003,3,adolescent,temporal,0,3,2,2,3,0.0,0.0,0.0
anthropic_claude-sonnet-5,REC-ado-inp-004,3,adolescent,diagnoses,3,1,0,3,4,0.75,1.0,0.8571428571428571
anthropic_claude-sonnet-5,REC-ado-inp-004,3,adolescent,medications,1,0,0,1,1,1.0,1.0,1.0
anthropic_claude-sonnet-5,REC-ado-inp-004,3,adolescent,labs,1,0,0,1,1,1.0,1.0,1.0
anthropic_claude-sonnet-5,REC-ado-inp-004,3,adolescent,procedures,1,0,0,1,1,1.0,1.0,1.0
anthropic_claude-sonnet-5,REC-ado-inp-004,3,adolescent,temporal,0,3,1,1,3,0.0,0.0,0.0
anthropic_claude-sonnet-5,REC-ado-inp-005,3,adolescent,diagnoses,2,0,0,2,2,1.0,1.0,1.0
anthropic_claude-sonnet-5,REC-ado-inp-005,3,adolescent,medications,1,0,0,1,1,1.0,1.0,1.0
anthropic_claude-sonnet-5,REC-ado-inp-005,3,adolescent,labs,0,0,0,0,0,0.0,0.0,0.0
anthropic_claude-sonnet-5,REC-ado-inp-005,3,adolescent,procedures,1,1,0,1,2,0.5,1.0,0.6666666666666666
anthropic_claude-sonnet-5,REC-ado-inp-005,3,adolescent,temporal,0,3,2,2,3,0.0,0.0,0.0
anthropic_claude-sonnet-5,REC-ado-inp-006,3,adolescent,diagnoses,2,1,0,2,3,0.6666666666666666,1.0,0.8
anthropic_claude-sonnet-5,REC-ado-inp-006,3,adolescent,medications,1,0,0,1,1,1.0,1.0,1.0
anthropic_claude-sonnet-5,REC-ado-inp-006,3,adolescent,labs,0,0,0,0,0,0.0,0.0,0.0
anthropic_claude-sonnet-5,REC-ado-inp-006,3,adolescent,procedures,1,1,0,1,2,0.5,1.0,0.6666666666666666
anthropic_claude-sonnet-5,REC-ado-inp-006,3,adolescent,temporal,0,4,2,2,4,0.0,0.0,0.0
anthropic_claude-sonnet-5,REC-ado-inp-007,3,adolescent,diagnoses,1,0,0,1,1,1.0,1.0,1.0
anthropic_claude-sonnet-5,REC-ado-inp-007,3,adolescent,medications,1,0,0,1,1,1.0,1.0,1.0
anthropic_claude-sonnet-5,REC-ado-inp-007,3,adolescent,labs,1,0,0,1,1,1.0,1.0,1.0
anthropic_claude-sonnet-5,REC-ado-inp-007,3,adolescent,procedures,1,0,0,1,1,1.0,1.0,1.0
anthropic_claude-sonnet-5,REC-ado-inp-007,3,adolescent,temporal,0,1,1,1,1,0.0,0.0,0.0
anthropic_claude-sonnet-5,REC-ado-inp-008,3,adolescent,diagnoses,2,1,0,2,3,0.6666666666666666,1.0,0.8
anthropic_claude-sonnet-5,REC-ado-inp-008,3,adolescent,medications,1,0,0,1,1,1.0,1.0,1.0
anthropic_claude-sonnet-5,REC-ado-inp-008,3,adolescent,labs,0,0,0,0,0,0.0,0.0,0.0
anthropic_claude-sonnet-5,REC-ado-inp-008,3,adolescent,procedures,1,0,0,1,1,1.0,1.0,1.0
anthropic_claude-sonnet-5,REC-ado-inp-008,3,adolescent,temporal,0,3,1,1,3,0.0,0.0,0.0
anthropic_claude-sonnet-5,REC-ado-inp-009,3,adolescent,diagnoses,2,0,0,2,2,1.0,1.0,1.0
anthropic_claude-sonnet-5,REC-ado-inp-009,3,adolescent,medications,1,0,0,1,1,1.0,1.0,1.0
anthropic_claude-sonnet-5,REC-ado-inp-009,3,adolescent,labs,0,0,0,0,0,0.0,0.0,0.0
anthropic_claude-sonnet-5,REC-ado-inp-009,3,adolescent,procedures,1,0,0,1,1,1.0,1.0,1.0
anthropic_claude-sonnet-5,REC-ado-inp-009,3,adolescent,temporal,0,3,0,0,3,0.0,0.0,0.0
anthropic_claude-sonnet-5,REC-ado-inp-010,3,adolescent,diagnoses,1,1,0,1,2,0.5,1.0,0.6666666666666666
anthropic_claude-sonnet-5,REC-ado-inp-010,3,adolescent,medications,1,0,0,1,1,1.0,1.0,1.0
anthropic_claude-sonnet-5,REC-ado-inp-010,3,adolescent,labs,1,0,0,1,1,1.0,1.0,1.0
anthropic_claude-sonnet-5,REC-ado-inp-010,3,adolescent,procedures,1,0,0,1,1,1.0,1.0,1.0
anthropic_claude-sonnet-5,REC-ado-inp-010,3,adolescent,temporal,0,4,1,1,4,0.0,0.0,0.0
anthropic_claude-sonnet-5,REC-ado-out-001,3,adolescent,diagnoses,3,0,0,3,3,1.0,1.0,1.0
anthropic_claude-sonnet-5,REC-ado-out-001,3,adolescent,medications,1,0,0,1,1,1.0,1.0,1.0
anthropic_claude-sonnet-5,REC-ado-out-001,3,adolescent,labs,0,0,0,0,0,0.0,0.0,0.0
anthropic_claude-sonnet-5,REC-ado-out-001,3,adolescent,procedures,1,0,0,1,1,1.0,1.0,1.0
anthropic_claude-sonnet-5,REC-ado-out-001,3,adolescent,temporal,0,2,0,0,2,0.0,0.0,0.0
anthropic_claude-sonnet-5,REC-ado-out-002,3,adolescent,diagnoses,2,0,0,2,2,1.0,1.0,1.0
anthropic_claude-sonnet-5,REC-ado-out-002,3,adolescent,medications,1,0,0,1,1,1.0,1.0,1.0
anthropic_claude-sonnet-5,REC-ado-out-002,3,adolescent,labs,0,0,0,0,0,0.0,0.0,0.0
anthropic_claude-sonnet-5,REC-ado-out-002,3,adolescent,procedures,1,1,0,1,2,0.5,1.0,0.6666666666666666
anthropic_claude-sonnet-5,REC-ado-out-002,3,adolescent,temporal,0,3,2,2,3,0.0,0.0,0.0
anthropic_claude-sonnet-5,REC-ado-out-003,3,adolescent,diagnoses,2,0,0,2,2,1.0,1.0,1.0
anthropic_claude-sonnet-5,REC-ado-out-003,3,adolescent,medications,1,0,0,1,1,1.0,1.0,1.0
anthropic_claude-sonnet-5,REC-ado-out-003,3,adolescent,labs,0,0,0,0,0,0.0,0.0,0.0
anthropic_claude-sonnet-5,REC-ado-out-003,3,adolescent,procedures,1,0,0,1,1,1.0,1.0,1.0
anthropic_claude-sonnet-5,REC-ado-out-003,3,adolescent,temporal,0,2,1,1,2,0.0,0.0,0.0
anthropic_claude-sonnet-5,REC-ado-out-004,3,adolescent,diagnoses,1,0,0,1,1,1.0,1.0,1.0
anthropic_claude-sonnet-5,REC-ado-out-004,3,adolescent,medications,1,0,0,1,1,1.0,1.0,1.0
anthropic_claude-sonnet-5,REC-ado-out-004,3,adolescent,labs,0,0,0,0,0,0.0,0.0,0.0
anthropic_claude-sonnet-5,REC-ado-out-004,3,adolescent,procedures,1,1,0,1,2,0.5,1.0,0.6666666666666666
anthropic_claude-sonnet-5,REC-ado-out-004,3,adolescent,temporal,0,3,1,1,3,0.0,0.0,0.0
anthropic_claude-sonnet-5,REC-ado-out-005,3,adolescent,diagnoses,2,0,0,2,2,1.0,1.0,1.0
anthropic_claude-sonnet-5,REC-ado-out-005,3,adolescent,medications,1,0,0,1,1,1.0,1.0,1.0
anthropic_claude-sonnet-5,REC-ado-out-005,3,adolescent,labs,0,0,0,0,0,0.0,0.0,0.0
anthropic_claude-sonnet-5,REC-ado-out-005,3,adolescent,procedures,1,1,0,1,2,0.5,1.0,0.6666666666666666
anthropic_claude-sonnet-5,REC-ado-out-005,3,adolescent,temporal,0,3,1,1,3,0.0,0.0,0.0
anthropic_claude-sonnet-5,REC-ado-out-006,3,adolescent,diagnoses,1,0,0,1,1,1.0,1.0,1.0
anthropic_claude-sonnet-5,REC-ado-out-006,3,adolescent,medications,1,0,0,1,1,1.0,1.0,1.0
anthropic_claude-sonnet-5,REC-ado-out-006,3,adolescent,labs,0,0,0,0,0,0.0,0.0,0.0
anthropic_claude-sonnet-5,REC-ado-out-006,3,adolescent,procedures,1,0,0,1,1,1.0,1.0,1.0
anthropic_claude-sonnet-5,REC-ado-out-006,3,adolescent,temporal,0,1,1,1,1,0.0,0.0,0.0
anthropic_claude-sonnet-5,REC-ado-out-007,3,adolescent,diagnoses,2,0,0,2,2,1.0,1.0,1.0
anthropic_claude-sonnet-5,REC-ado-out-007,3,adolescent,medications,1,0,0,1,1,1.0,1.0,1.0
anthropic_claude-sonnet-5,REC-ado-out-007,3,adolescent,labs,0,0,0,0,0,0.0,0.0,0.0
anthropic_claude-sonnet-5,REC-ado-out-007,3,adolescent,procedures,1,1,0,1,2,0.5,1.0,0.6666666666666666
anthropic_claude-sonnet-5,REC-ado-out-007,3,adolescent,temporal,0,3,2,2,3,0.0,0.0,0.0
anthropic_claude-sonnet-5,REC-ado-out-008,3,adolescent,diagnoses,1,0,0,1,1,1.0,1.0,1.0
anthropic_claude-sonnet-5,REC-ado-out-008,3,adolescent,medications,1,0,0,1,1,1.0,1.0,1.0
anthropic_claude-sonnet-5,REC-ado-out-008,3,adolescent,labs,0,0,0,0,0,0.0,0.0,0.0
anthropic_claude-sonnet-5,REC-ado-out-008,3,adolescent,procedures,1,0,0,1,1,1.0,1.0,1.0
anthropic_claude-sonnet-5,REC-ado-out-008,3,adolescent,temporal,0,1,1,1,1,0.0,0.0,0.0
anthropic_claude-sonnet-5,REC-ado-out-009,3,adolescent,diagnoses,2,1,0,2,3,0.6666666666666666,1.0,0.8
anthropic_claude-sonnet-5,REC-ado-out-009,3,adolescent,medications,1,0,0,1,1,1.0,1.0,1.0
anthropic_claude-sonnet-5,REC-ado-out-009,3,adolescent,labs,0,0,0,0,0,0.0,0.0,0.0
anthropic_claude-sonnet-5,REC-ado-out-009,3,adolescent,procedures,1,1,0,1,2,0.5,1.0,0.6666666666666666
anthropic_claude-sonnet-5,REC-ado-out-009,3,adolescent,temporal,0,4,2,2,4,0.0,0.0,0.0
anthropic_claude-sonnet-5,REC-ado-out-010,3,adolescent,diagnoses,2,0,0,2,2,1.0,1.0,1.0
anthropic_claude-sonnet-5,REC-ado-out-010,3,adolescent,medications,1,0,0,1,1,1.0,1.0,1.0
anthropic_claude-sonnet-5,REC-ado-out-010,3,adolescent,labs,0,0,0,0,0,0.0,0.0,0.0
anthropic_claude-sonnet-5,REC-ado-out-010,3,adolescent,procedures,1,0,0,1,1,1.0,1.0,1.0
anthropic_claude-sonnet-5,REC-ado-out-010,3,adolescent,temporal,0,1,1,1,1,0.0,0.0,0.0
anthropic_claude-sonnet-5,REC-chi-eme-001,3,child,diagnoses,2,0,0,2,2,1.0,1.0,1.0
anthropic_claude-sonnet-5,REC-chi-eme-001,3,child,medications,1,0,0,1,1,1.0,1.0,1.0
anthropic_claude-sonnet-5,REC-chi-eme-001,3,child,labs,0,0,0,0,0,0.0,0.0,0.0
anthropic_claude-sonnet-5,REC-chi-eme-001,3,child,procedures,1,1,0,1,2,0.5,1.0,0.6666666666666666
anthropic_claude-sonnet-5,REC-chi-eme-001,3,child,temporal,0,4,2,2,4,0.0,0.0,0.0
anthropic_claude-sonnet-5,REC-chi-eme-002,3,child,diagnoses,2,0,0,2,2,1.0,1.0,1.0
anthropic_claude-sonnet-5,REC-chi-eme-002,3,child,medications,1,0,0,1,1,1.0,1.0,1.0
anthropic_claude-sonnet-5,REC-chi-eme-002,3,child,labs,1,0,0,1,1,1.0,1.0,1.0
anthropic_claude-sonnet-5,REC-chi-eme-002,3,child,procedures,1,0,0,1,1,1.0,1.0,1.0
anthropic_claude-sonnet-5,REC-chi-eme-002,3,child,temporal,0,2,0,0,2,0.0,0.0,0.0
anthropic_claude-sonnet-5,REC-chi-eme-003,3,child,diagnoses,1,0,0,1,1,1.0,1.0,1.0
anthropic_claude-sonnet-5,REC-chi-eme-003,3,child,medications,1,0,0,1,1,1.0,1.0,1.0
anthropic_claude-sonnet-5,REC-chi-eme-003,3,child,labs,1,0,0,1,1,1.0,1.0,1.0
anthropic_claude-sonnet-5,REC-chi-eme-003,3,child,procedures,1,0,0,1,1,1.0,1.0,1.0
anthropic_claude-sonnet-5,REC-chi-eme-003,3,child,temporal,0,3,1,1,3,0.0,0.0,0.0
anthropic_claude-sonnet-5,REC-chi-eme-004,3,child,diagnoses,2,1,0,2,3,0.6666666666666666,1.0,0.8
anthropic_claude-sonnet-5,REC-chi-eme-004,3,child,medications,1,0,0,1,1,1.0,1.0,1.0
anthropic_claude-sonnet-5,REC-chi-eme-004,3,child,labs,0,0,0,0,0,0.0,0.0,0.0
anthropic_claude-sonnet-5,REC-chi-eme-004,3,child,procedures,1,0,0,1,1,1.0,1.0,1.0
anthropic_claude-sonnet-5,REC-chi-eme-004,3,child,temporal,0,5,2,2,5,0.0,0.0,0.0
anthropic_claude-sonnet-5,REC-chi-eme-005,3,child,diagnoses,2,0,0,2,2,1.0,1.0,1.0
anthropic_claude-sonnet-5,REC-chi-eme-005,3,child,medications,1,0,0,1,1,1.0,1.0,1.0
anthropic_claude-sonnet-5,REC-chi-eme-005,3,child,labs,1,0,0,1,1,1.0,1.0,1.0
anthropic_claude-sonnet-5,REC-chi-eme-005,3,child,procedures,1,0,0,1,1,1.0,1.0,1.0
anthropic_claude-sonnet-5,REC-chi-eme-005,3,child,temporal,0,3,0,0,3,0.0,0.0,0.0
anthropic_claude-sonnet-5,REC-chi-eme-006,3,child,diagnoses,2,0,0,2,2,1.0,1.0,1.0
anthropic_claude-sonnet-5,REC-chi-eme-006,3,child,medications,1,0,0,1,1,1.0,1.0,1.0
anthropic_claude-sonnet-5,REC-chi-eme-006,3,child,labs,1,0,0,1,1,1.0,1.0,1.0
anthropic_claude-sonnet-5,REC-chi-eme-006,3,child,procedures,1,0,0,1,1,1.0,1.0,1.0
anthropic_claude-sonnet-5,REC-chi-eme-006,3,child,temporal,0,4,0,0,4,0.0,0.0,0.0
anthropic_claude-sonnet-5,REC-chi-eme-007,3,child,diagnoses,2,1,0,2,3,0.6666666666666666,1.0,0.8
anthropic_claude-sonnet-5,REC-chi-eme-007,3,child,medications,1,0,0,1,1,1.0,1.0,1.0
anthropic_claude-sonnet-5,REC-chi-eme-007,3,child,labs,0,0,0,0,0,0.0,0.0,0.0
anthropic_claude-sonnet-5,REC-chi-eme-007,3,child,procedures,1,0,0,1,1,1.0,1.0,1.0
anthropic_claude-sonnet-5,REC-chi-eme-007,3,child,temporal,0,5,2,2,5,0.0,0.0,0.0
anthropic_claude-sonnet-5,REC-chi-eme-008,3,child,diagnoses,2,0,0,2,2,1.0,1.0,1.0
anthropic_claude-sonnet-5,REC-chi-eme-008,3,child,medications,1,0,0,1,1,1.0,1.0,1.0
anthropic_claude-sonnet-5,REC-chi-eme-008,3,child,labs,1,0,0,1,1,1.0,1.0,1.0
anthropic_claude-sonnet-5,REC-chi-eme-008,3,child,procedures,1,0,0,1,1,1.0,1.0,1.0
anthropic_claude-sonnet-5,REC-chi-eme-008,3,child,temporal,0,3,0,0,3,0.0,0.0,0.0
anthropic_claude-sonnet-5,REC-chi-eme-009,3,child,diagnoses,2,1,0,2,3,0.6666666666666666,1.0,0.8
anthropic_claude-sonnet-5,REC-chi-eme-009,3,child,medications,1,0,0,1,1,1.0,1.0,1.0
anthropic_claude-sonnet-5,REC-chi-eme-009,3,child,labs,1,0,0,1,1,1.0,1.0,1.0
anthropic_claude-sonnet-5,REC-chi-eme-009,3,child,procedures,1,0,0,1,1,1.0,1.0,1.0
anthropic_claude-sonnet-5,REC-chi-eme-009,3,child,temporal,0,5,2,2,5,0.0,0.0,0.0
anthropic_claude-sonnet-5,REC-chi-eme-010,3,child,diagnoses,3,0,0,3,3,1.0,1.0,1.0
anthropic_claude-sonnet-5,REC-chi-eme-010,3,child,medications,1,0,0,1,1,1.0,1.0,1.0
anthropic_claude-sonnet-5,REC-chi-eme-010,3,child,labs,0,0,0,0,0,0.0,0.0,0.0
anthropic_claude-sonnet-5,REC-chi-eme-010,3,child,procedures,1,0,0,1,1,1.0,1.0,1.0
anthropic_claude-sonnet-5,REC-chi-eme-010,3,child,temporal,0,3,0,0,3,0.0,0.0,0.0
anthropic_claude-sonnet-5,REC-chi-icu-001,3,child,diagnoses,1,0,0,1,1,1.0,1.0,1.0
anthropic_claude-sonnet-5,REC-chi-icu-001,3,child,medications,1,0,0,1,1,1.0,1.0,1.0
anthropic_claude-sonnet-5,REC-chi-icu-001,3,child,labs,0,0,0,0,0,0.0,0.0,0.0
anthropic_claude-sonnet-5,REC-chi-icu-001,3,child,procedures,1,0,0,1,1,1.0,1.0,1.0
anthropic_claude-sonnet-5,REC-chi-icu-001,3,child,temporal,0,3,1,1,3,0.0,0.0,0.0
anthropic_claude-sonnet-5,REC-chi-icu-002,3,child,diagnoses,1,1,0,1,2,0.5,1.0,0.6666666666666666
anthropic_claude-sonnet-5,REC-chi-icu-002,3,child,medications,1,0,0,1,1,1.0,1.0,1.0
anthropic_claude-sonnet-5,REC-chi-icu-002,3,child,labs,1,0,0,1,1,1.0,1.0,1.0
anthropic_claude-sonnet-5,REC-chi-icu-002,3,child,procedures,1,0,0,1,1,1.0,1.0,1.0
anthropic_claude-sonnet-5,REC-chi-icu-002,3,child,temporal,0,3,2,2,3,0.0,0.0,0.0
anthropic_claude-sonnet-5,REC-chi-icu-003,3,child,diagnoses,2,0,0,2,2,1.0,1.0,1.0
anthropic_claude-sonnet-5,REC-chi-icu-003,3,child,medications,1,0,0,1,1,1.0,1.0,1.0
anthropic_claude-sonnet-5,REC-chi-icu-003,3,child,labs,0,0,0,0,0,0.0,0.0,0.0
anthropic_claude-sonnet-5,REC-chi-icu-003,3,child,procedures,1,1,0,1,2,0.5,1.0,0.6666666666666666
anthropic_claude-sonnet-5,REC-chi-icu-003,3,child,temporal,0,3,1,1,3,0.0,0.0,0.0
anthropic_claude-sonnet-5,REC-chi-icu-004,3,child,diagnoses,2,1,0,2,3,0.6666666666666666,1.0,0.8
anthropic_claude-sonnet-5,REC-chi-icu-004,3,child,medications,1,0,0,1,1,1.0,1.0,1.0
anthropic_claude-sonnet-5,REC-chi-icu-004,3,child,labs,1,0,0,1,1,1.0,1.0,1.0
anthropic_claude-sonnet-5,REC-chi-icu-004,3,child,procedures,1,0,0,1,1,1.0,1.0,1.0
anthropic_claude-sonnet-5,REC-chi-icu-004,3,child,temporal,0,3,1,1,3,0.0,0.0,0.0
anthropic_claude-sonnet-5,REC-chi-icu-005,3,child,diagnoses,2,1,0,2,3,0.6666666666666666,1.0,0.8
anthropic_claude-sonnet-5,REC-chi-icu-005,3,child,medications,1,0,0,1,1,1.0,1.0,1.0
anthropic_claude-sonnet-5,REC-chi-icu-005,3,child,labs,0,0,0,0,0,0.0,0.0,0.0
anthropic_claude-sonnet-5,REC-chi-icu-005,3,child,procedures,1,1,0,1,2,0.5,1.0,0.6666666666666666
anthropic_claude-sonnet-5,REC-chi-icu-005,3,child,temporal,0,4,2,2,4,0.0,0.0,0.0
anthropic_claude-sonnet-5,REC-chi-icu-006,3,child,diagnoses,1,0,0,1,1,1.0,1.0,1.0
anthropic_claude-sonnet-5,REC-chi-icu-006,3,child,medications,1,0,0,1,1,1.0,1.0,1.0
anthropic_claude-sonnet-5,REC-chi-icu-006,3,child,labs,1,0,0,1,1,1.0,1.0,1.0
anthropic_claude-sonnet-5,REC-chi-icu-006,3,child,procedures,1,1,0,1,2,0.5,1.0,0.6666666666666666
anthropic_claude-sonnet-5,REC-chi-icu-006,3,child,temporal,0,3,2,2,3,0.0,0.0,0.0
anthropic_claude-sonnet-5,REC-chi-icu-007,3,child,diagnoses,1,0,0,1,1,1.0,1.0,1.0
anthropic_claude-sonnet-5,REC-chi-icu-007,3,child,medications,1,0,0,1,1,1.0,1.0,1.0
anthropic_claude-sonnet-5,REC-chi-icu-007,3,child,labs,0,0,0,0,0,0.0,0.0,0.0
anthropic_claude-sonnet-5,REC-chi-icu-007,3,child,procedures,1,0,0,1,1,1.0,1.0,1.0
anthropic_claude-sonnet-5,REC-chi-icu-007,3,child,temporal,0,2,2,2,2,0.0,0.0,0.0
anthropic_claude-sonnet-5,REC-chi-icu-008,3,child,diagnoses,1,0,0,1,1,1.0,1.0,1.0
anthropic_claude-sonnet-5,REC-chi-icu-008,3,child,medications,1,0,0,1,1,1.0,1.0,1.0
anthropic_claude-sonnet-5,REC-chi-icu-008,3,child,labs,1,0,0,1,1,1.0,1.0,1.0
anthropic_claude-sonnet-5,REC-chi-icu-008,3,child,procedures,1,0,0,1,1,1.0,1.0,1.0
anthropic_claude-sonnet-5,REC-chi-icu-008,3,child,temporal,0,2,1,1,2,0.0,0.0,0.0
anthropic_claude-sonnet-5,REC-chi-icu-009,3,child,diagnoses,2,0,0,2,2,1.0,1.0,1.0
anthropic_claude-sonnet-5,REC-chi-icu-009,3,child,medications,1,0,0,1,1,1.0,1.0,1.0
anthropic_claude-sonnet-5,REC-chi-icu-009,3,child,labs,0,0,0,0,0,0.0,0.0,0.0
anthropic_claude-sonnet-5,REC-chi-icu-009,3,child,procedures,1,1,0,1,2,0.5,1.0,0.6666666666666666
anthropic_claude-sonnet-5,REC-chi-icu-009,3,child,temporal,0,3,2,2,3,0.0,0.0,0.0
anthropic_claude-sonnet-5,REC-chi-icu-010,3,child,diagnoses,2,0,0,2,2,1.0,1.0,1.0
anthropic_claude-sonnet-5,REC-chi-icu-010,3,child,medications,1,0,0,1,1,1.0,1.0,1.0
anthropic_claude-sonnet-5,REC-chi-icu-010,3,child,labs,1,0,0,1,1,1.0,1.0,1.0
anthropic_claude-sonnet-5,REC-chi-icu-010,3,child,procedures,1,0,0,1,1,1.0,1.0,1.0
anthropic_claude-sonnet-5,REC-chi-icu-010,3,child,temporal,0,3,0,0,3,0.0,0.0,0.0
anthropic_claude-sonnet-5,REC-chi-inp-001,3,child,diagnoses,2,1,0,2,3,0.6666666666666666,1.0,0.8
anthropic_claude-sonnet-5,REC-chi-inp-001,3,child,medications,1,0,0,1,1,1.0,1.0,1.0
anthropic_claude-sonnet-5,REC-chi-inp-001,3,child,labs,0,0,0,0,0,0.0,0.0,0.0
anthropic_claude-sonnet-5,REC-chi-inp-001,3,child,procedures,1,0,0,1,1,1.0,1.0,1.0
anthropic_claude-sonnet-5,REC-chi-inp-001,3,child,temporal,0,4,2,2,4,0.0,0.0,0.0
anthropic_claude-sonnet-5,REC-chi-inp-002,3,child,diagnoses,1,0,0,1,1,1.0,1.0,1.0
anthropic_claude-sonnet-5,REC-chi-inp-002,3,child,medications,1,0,0,1,1,1.0,1.0,1.0
anthropic_claude-sonnet-5,REC-chi-inp-002,3,child,labs,1,0,0,1,1,1.0,1.0,1.0
anthropic_claude-sonnet-5,REC-chi-inp-002,3,child,procedures,1,0,0,1,1,1.0,1.0,1.0
anthropic_claude-sonnet-5,REC-chi-inp-002,3,child,temporal,0,2,1,1,2,0.0,0.0,0.0
anthropic_claude-sonnet-5,REC-chi-inp-003,3,child,diagnoses,2,0,0,2,2,1.0,1.0,1.0
anthropic_claude-sonnet-5,REC-chi-inp-003,3,child,medications,1,0,0,1,1,1.0,1.0,1.0
anthropic_claude-sonnet-5,REC-chi-inp-003,3,child,labs,1,0,0,1,1,1.0,1.0,1.0
anthropic_claude-sonnet-5,REC-chi-inp-003,3,child,procedures,1,0,0,1,1,1.0,1.0,1.0
anthropic_claude-sonnet-5,REC-chi-inp-003,3,child,temporal,0,2,0,0,2,0.0,0.0,0.0
anthropic_claude-sonnet-5,REC-chi-inp-004,3,child,diagnoses,2,1,0,2,3,0.6666666666666666,1.0,0.8
anthropic_claude-sonnet-5,REC-chi-inp-004,3,child,medications,1,0,0,1,1,1.0,1.0,1.0
anthropic_claude-sonnet-5,REC-chi-inp-004,3,child,labs,0,0,0,0,0,0.0,0.0,0.0
anthropic_claude-sonnet-5,REC-chi-inp-004,3,child,procedures,1,0,0,1,1,1.0,1.0,1.0
anthropic_claude-sonnet-5,REC-chi-inp-004,3,child,temporal,0,5,1,1,5,0.0,0.0,0.0
anthropic_claude-sonnet-5,REC-chi-inp-005,3,child,diagnoses,1,1,0,1,2,0.5,1.0,0.6666666666666666
anthropic_claude-sonnet-5,REC-chi-inp-005,3,child,medications,1,0,0,1,1,1.0,1.0,1.0
anthropic_claude-sonnet-5,REC-chi-inp-005,3,child,labs,1,0,0,1,1,1.0,1.0,1.0
anthropic_claude-sonnet-5,REC-chi-inp-005,3,child,procedures,1,0,0,1,1,1.0,1.0,1.0
anthropic_claude-sonnet-5,REC-chi-inp-005,3,child,temporal,0,5,1,1,5,0.0,0.0,0.0
anthropic_claude-sonnet-5,REC-chi-inp-006,3,child,diagnoses,1,1,0,1,2,0.5,1.0,0.6666666666666666
anthropic_claude-sonnet-5,REC-chi-inp-006,3,child,medications,1,0,0,1,1,1.0,1.0,1.0
anthropic_claude-sonnet-5,REC-chi-inp-006,3,child,labs,1,0,0,1,1,1.0,1.0,1.0
anthropic_claude-sonnet-5,REC-chi-inp-006,3,child,procedures,1,0,0,1,1,1.0,1.0,1.0
anthropic_claude-sonnet-5,REC-chi-inp-006,3,child,temporal,0,4,2,2,4,0.0,0.0,0.0
anthropic_claude-sonnet-5,REC-chi-inp-007,3,child,diagnoses,1,0,0,1,1,1.0,1.0,1.0
anthropic_claude-sonnet-5,REC-chi-inp-007,3,child,medications,1,0,0,1,1,1.0,1.0,1.0
anthropic_claude-sonnet-5,REC-chi-inp-007,3,child,labs,0,0,0,0,0,0.0,0.0,0.0
anthropic_claude-sonnet-5,REC-chi-inp-007,3,child,procedures,1,0,0,1,1,1.0,1.0,1.0
anthropic_claude-sonnet-5,REC-chi-inp-007,3,child,temporal,0,3,1,1,3,0.0,0.0,0.0
anthropic_claude-sonnet-5,REC-chi-inp-008,3,child,diagnoses,2,0,0,2,2,1.0,1.0,1.0
anthropic_claude-sonnet-5,REC-chi-inp-008,3,child,medications,1,0,0,1,1,1.0,1.0,1.0
anthropic_claude-sonnet-5,REC-chi-inp-008,3,child,labs,1,0,0,1,1,1.0,1.0,1.0
anthropic_claude-sonnet-5,REC-chi-inp-008,3,child,procedures,1,0,0,1,1,1.0,1.0,1.0
anthropic_claude-sonnet-5,REC-chi-inp-008,3,child,temporal,0,4,1,1,4,0.0,0.0,0.0
anthropic_claude-sonnet-5,REC-chi-inp-009,3,child,diagnoses,1,0,0,1,1,1.0,1.0,1.0
anthropic_claude-sonnet-5,REC-chi-inp-009,3,child,medications,1,0,0,1,1,1.0,1.0,1.0
anthropic_claude-sonnet-5,REC-chi-inp-009,3,child,labs,1,0,0,1,1,1.0,1.0,1.0
anthropic_claude-sonnet-5,REC-chi-inp-009,3,child,procedures,1,1,0,1,2,0.5,1.0,0.6666666666666666
anthropic_claude-sonnet-5,REC-chi-inp-009,3,child,temporal,0,2,1,1,2,0.0,0.0,0.0
anthropic_claude-sonnet-5,REC-chi-inp-010,3,child,diagnoses,2,0,0,2,2,1.0,1.0,1.0
anthropic_claude-sonnet-5,REC-chi-inp-010,3,child,medications,1,0,0,1,1,1.0,1.0,1.0
anthropic_claude-sonnet-5,REC-chi-inp-010,3,child,labs,0,0,0,0,0,0.0,0.0,0.0
anthropic_claude-sonnet-5,REC-chi-inp-010,3,child,procedures,1,0,0,1,1,1.0,1.0,1.0
anthropic_claude-sonnet-5,REC-chi-inp-010,3,child,temporal,0,1,2,2,1,0.0,0.0,0.0
anthropic_claude-sonnet-5,REC-chi-out-001,3,child,diagnoses,2,0,0,2,2,1.0,1.0,1.0
anthropic_claude-sonnet-5,REC-chi-out-001,3,child,medications,1,0,0,1,1,1.0,1.0,1.0
anthropic_claude-sonnet-5,REC-chi-out-001,3,child,labs,0,0,0,0,0,0.0,0.0,0.0
anthropic_claude-sonnet-5,REC-chi-out-001,3,child,procedures,1,1,0,1,2,0.5,1.0,0.6666666666666666
anthropic_claude-sonnet-5,REC-chi-out-001,3,child,temporal,0,4,2,2,4,0.0,0.0,0.0
anthropic_claude-sonnet-5,REC-chi-out-002,3,child,diagnoses,2,1,0,2,3,0.6666666666666666,1.0,0.8
anthropic_claude-sonnet-5,REC-chi-out-002,3,child,medications,1,0,0,1,1,1.0,1.0,1.0
anthropic_claude-sonnet-5,REC-chi-out-002,3,child,labs,1,0,0,1,1,1.0,1.0,1.0
anthropic_claude-sonnet-5,REC-chi-out-002,3,child,procedures,1,1,0,1,2,0.5,1.0,0.6666666666666666
anthropic_claude-sonnet-5,REC-chi-out-002,3,child,temporal,0,4,2,2,4,0.0,0.0,0.0
anthropic_claude-sonnet-5,REC-chi-out-003,3,child,diagnoses,2,0,0,2,2,1.0,1.0,1.0
anthropic_claude-sonnet-5,REC-chi-out-003,3,child,medications,1,0,0,1,1,1.0,1.0,1.0
anthropic_claude-sonnet-5,REC-chi-out-003,3,child,labs,0,0,0,0,0,0.0,0.0,0.0
anthropic_claude-sonnet-5,REC-chi-out-003,3,child,procedures,1,1,0,1,2,0.5,1.0,0.6666666666666666
anthropic_claude-sonnet-5,REC-chi-out-003,3,child,temporal,0,3,1,1,3,0.0,0.0,0.0
anthropic_claude-sonnet-5,REC-chi-out-004,3,child,diagnoses,2,0,0,2,2,1.0,1.0,1.0
anthropic_claude-sonnet-5,REC-chi-out-004,3,child,medications,1,0,0,1,1,1.0,1.0,1.0
anthropic_claude-sonnet-5,REC-chi-out-004,3,child,labs,1,0,0,1,1,1.0,1.0,1.0
anthropic_claude-sonnet-5,REC-chi-out-004,3,child,procedures,1,0,0,1,1,1.0,1.0,1.0
anthropic_claude-sonnet-5,REC-chi-out-004,3,child,temporal,0,3,1,1,3,0.0,0.0,0.0
anthropic_claude-sonnet-5,REC-chi-out-005,3,child,diagnoses,1,1,0,1,2,0.5,1.0,0.6666666666666666
anthropic_claude-sonnet-5,REC-chi-out-005,3,child,medications,1,0,0,1,1,1.0,1.0,1.0
anthropic_claude-sonnet-5,REC-chi-out-005,3,child,labs,0,0,0,0,0,0.0,0.0,0.0
anthropic_claude-sonnet-5,REC-chi-out-005,3,child,procedures,1,1,0,1,2,0.5,1.0,0.6666666666666666
anthropic_claude-sonnet-5,REC-chi-out-005,3,child,temporal,0,3,2,2,3,0.0,0.0,0.0
anthropic_claude-sonnet-5,REC-chi-out-006,3,child,diagnoses,1,0,0,1,1,1.0,1.0,1.0
anthropic_claude-sonnet-5,REC-chi-out-006,3,child,medications,1,0,0,1,1,1.0,1.0,1.0
anthropic_claude-sonnet-5,REC-chi-out-006,3,child,labs,1,0,0,1,1,1.0,1.0,1.0
anthropic_claude-sonnet-5,REC-chi-out-006,3,child,procedures,1,1,0,1,2,0.5,1.0,0.6666666666666666
anthropic_claude-sonnet-5,REC-chi-out-006,3,child,temporal,0,3,2,2,3,0.0,0.0,0.0
anthropic_claude-sonnet-5,REC-chi-out-007,3,child,diagnoses,2,1,0,2,3,0.6666666666666666,1.0,0.8
anthropic_claude-sonnet-5,REC-chi-out-007,3,child,medications,1,0,0,1,1,1.0,1.0,1.0
anthropic_claude-sonnet-5,REC-chi-out-007,3,child,labs,0,0,0,0,0,0.0,0.0,0.0
anthropic_claude-sonnet-5,REC-chi-out-007,3,child,procedures,1,1,0,1,2,0.5,1.0,0.6666666666666666
anthropic_claude-sonnet-5,REC-chi-out-007,3,child,temporal,0,4,2,2,4,0.0,0.0,0.0
anthropic_claude-sonnet-5,REC-chi-out-008,3,child,diagnoses,3,0,0,3,3,1.0,1.0,1.0
anthropic_claude-sonnet-5,REC-chi-out-008,3,child,medications,1,0,0,1,1,1.0,1.0,1.0
anthropic_claude-sonnet-5,REC-chi-out-008,3,child,labs,1,0,0,1,1,1.0,1.0,1.0
anthropic_claude-sonnet-5,REC-chi-out-008,3,child,procedures,1,0,0,1,1,1.0,1.0,1.0
anthropic_claude-sonnet-5,REC-chi-out-008,3,child,temporal,0,0,0,0,0,0.0,0.0,0.0
anthropic_claude-sonnet-5,REC-chi-out-009,3,child,diagnoses,2,0,0,2,2,1.0,1.0,1.0
anthropic_claude-sonnet-5,REC-chi-out-009,3,child,medications,1,0,0,1,1,1.0,1.0,1.0
anthropic_claude-sonnet-5,REC-chi-out-009,3,child,labs,0,0,0,0,0,0.0,0.0,0.0
anthropic_claude-sonnet-5,REC-chi-out-009,3,child,procedures,1,0,0,1,1,1.0,1.0,1.0
anthropic_claude-sonnet-5,REC-chi-out-009,3,child,temporal,0,2,1,1,2,0.0,0.0,0.0
anthropic_claude-sonnet-5,REC-chi-out-010,3,child,diagnoses,1,0,0,1,1,1.0,1.0,1.0
anthropic_claude-sonnet-5,REC-chi-out-010,3,child,medications,1,0,0,1,1,1.0,1.0,1.0
anthropic_claude-sonnet-5,REC-chi-out-010,3,child,labs,1,0,0,1,1,1.0,1.0,1.0
anthropic_claude-sonnet-5,REC-chi-out-010,3,child,procedures,1,0,0,1,1,1.0,1.0,1.0
anthropic_claude-sonnet-5,REC-chi-out-010,3,child,temporal,0,2,2,2,2,0.0,0.0,0.0
anthropic_claude-sonnet-5,REC-inf-eme-001,3,infant,diagnoses,3,0,0,3,3,1.0,1.0,1.0
anthropic_claude-sonnet-5,REC-inf-eme-001,3,infant,medications,0,0,0,0,0,0.0,0.0,0.0
anthropic_claude-sonnet-5,REC-inf-eme-001,3,infant,labs,0,0,0,0,0,0.0,0.0,0.0
anthropic_claude-sonnet-5,REC-inf-eme-001,3,infant,procedures,1,0,0,1,1,1.0,1.0,1.0
anthropic_claude-sonnet-5,REC-inf-eme-001,3,infant,temporal,0,2,0,0,2,0.0,0.0,0.0
anthropic_claude-sonnet-5,REC-inf-eme-002,3,infant,diagnoses,2,0,0,2,2,1.0,1.0,1.0
anthropic_claude-sonnet-5,REC-inf-eme-002,3,infant,medications,1,0,0,1,1,1.0,1.0,1.0
anthropic_claude-sonnet-5,REC-inf-eme-002,3,infant,labs,0,0,0,0,0,0.0,0.0,0.0
anthropic_claude-sonnet-5,REC-inf-eme-002,3,infant,procedures,1,0,0,1,1,1.0,1.0,1.0
anthropic_claude-sonnet-5,REC-inf-eme-002,3,infant,temporal,0,3,1,1,3,0.0,0.0,0.0
anthropic_claude-sonnet-5,REC-inf-eme-003,3,infant,diagnoses,2,1,0,2,3,0.6666666666666666,1.0,0.8
anthropic_claude-sonnet-5,REC-inf-eme-003,3,infant,medications,1,0,0,1,1,1.0,1.0,1.0
anthropic_claude-sonnet-5,REC-inf-eme-003,3,infant,labs,1,0,0,1,1,1.0,1.0,1.0
anthropic_claude-sonnet-5,REC-inf-eme-003,3,infant,procedures,1,0,0,1,1,1.0,1.0,1.0
anthropic_claude-sonnet-5,REC-inf-eme-003,3,infant,temporal,0,3,2,2,3,0.0,0.0,0.0
anthropic_claude-sonnet-5,REC-inf-eme-004,3,infant,diagnoses,2,1,0,2,3,0.6666666666666666,1.0,0.8
anthropic_claude-sonnet-5,REC-inf-eme-004,3,infant,medications,0,0,0,0,0,0.0,0.0,0.0
anthropic_claude-sonnet-5,REC-inf-eme-004,3,infant,labs,0,0,0,0,0,0.0,0.0,0.0
anthropic_claude-sonnet-5,REC-inf-eme-004,3,infant,procedures,1,1,0,1,2,0.5,1.0,0.6666666666666666
anthropic_claude-sonnet-5,REC-inf-eme-004,3,infant,temporal,0,4,2,2,4,0.0,0.0,0.0
anthropic_claude-sonnet-5,REC-inf-eme-005,3,infant,diagnoses,1,1,0,1,2,0.5,1.0,0.6666666666666666
anthropic_claude-sonnet-5,REC-inf-eme-005,3,infant,medications,1,0,0,1,1,1.0,1.0,1.0
anthropic_claude-sonnet-5,REC-inf-eme-005,3,infant,labs,0,0,0,0,0,0.0,0.0,0.0
anthropic_claude-sonnet-5,REC-inf-eme-005,3,infant,procedures,1,0,0,1,1,1.0,1.0,1.0
anthropic_claude-sonnet-5,REC-inf-eme-005,3,infant,temporal,0,5,2,2,5,0.0,0.0,0.0
anthropic_claude-sonnet-5,REC-inf-eme-006,3,infant,diagnoses,1,0,0,1,1,1.0,1.0,1.0
anthropic_claude-sonnet-5,REC-inf-eme-006,3,infant,medications,1,0,0,1,1,1.0,1.0,1.0
anthropic_claude-sonnet-5,REC-inf-eme-006,3,infant,labs,1,0,0,1,1,1.0,1.0,1.0
anthropic_claude-sonnet-5,REC-inf-eme-006,3,infant,procedures,1,0,0,1,1,1.0,1.0,1.0
anthropic_claude-sonnet-5,REC-inf-eme-006,3,infant,temporal,0,3,1,1,3,0.0,0.0,0.0
anthropic_claude-sonnet-5,REC-inf-eme-007,3,infant,diagnoses,3,0,0,3,3,1.0,1.0,1.0
anthropic_claude-sonnet-5,REC-inf-eme-007,3,infant,medications,0,0,0,0,0,0.0,0.0,0.0
anthropic_claude-sonnet-5,REC-inf-eme-007,3,infant,labs,0,0,0,0,0,0.0,0.0,0.0
anthropic_claude-sonnet-5,REC-inf-eme-007,3,infant,procedures,1,0,0,1,1,1.0,1.0,1.0
anthropic_claude-sonnet-5,REC-inf-eme-007,3,infant,temporal,0,2,1,1,2,0.0,0.0,0.0
anthropic_claude-sonnet-5,REC-inf-eme-008,3,infant,diagnoses,1,0,0,1,1,1.0,1.0,1.0
anthropic_claude-sonnet-5,REC-inf-eme-008,3,infant,medications,1,0,0,1,1,1.0,1.0,1.0
anthropic_claude-sonnet-5,REC-inf-eme-008,3,infant,labs,0,0,0,0,0,0.0,0.0,0.0
anthropic_claude-sonnet-5,REC-inf-eme-008,3,infant,procedures,1,0,0,1,1,1.0,1.0,1.0
anthropic_claude-sonnet-5,REC-inf-eme-008,3,infant,temporal,0,3,2,2,3,0.0,0.0,0.0
anthropic_claude-sonnet-5,REC-inf-eme-009,3,infant,diagnoses,1,0,0,1,1,1.0,1.0,1.0
anthropic_claude-sonnet-5,REC-inf-eme-009,3,infant,medications,1,0,0,1,1,1.0,1.0,1.0
anthropic_claude-sonnet-5,REC-inf-eme-009,3,infant,labs,1,0,0,1,1,1.0,1.0,1.0
anthropic_claude-sonnet-5,REC-inf-eme-009,3,infant,procedures,1,1,0,1,2,0.5,1.0,0.6666666666666666
anthropic_claude-sonnet-5,REC-inf-eme-009,3,infant,temporal,0,2,3,3,2,0.0,0.0,0.0
anthropic_claude-sonnet-5,REC-inf-eme-010,3,infant,diagnoses,1,1,0,1,2,0.5,1.0,0.6666666666666666
anthropic_claude-sonnet-5,REC-inf-eme-010,3,infant,medications,0,0,0,0,0,0.0,0.0,0.0
anthropic_claude-sonnet-5,REC-inf-eme-010,3,infant,labs,0,0,0,0,0,0.0,0.0,0.0
anthropic_claude-sonnet-5,REC-inf-eme-010,3,infant,procedures,1,0,0,1,1,1.0,1.0,1.0
anthropic_claude-sonnet-5,REC-inf-eme-010,3,infant,temporal,0,1,1,1,1,0.0,0.0,0.0
anthropic_claude-sonnet-5,REC-inf-icu-001,3,infant,diagnoses,1,0,0,1,1,1.0,1.0,1.0
anthropic_claude-sonnet-5,REC-inf-icu-001,3,infant,medications,0,0,0,0,0,0.0,0.0,0.0
anthropic_claude-sonnet-5,REC-inf-icu-001,3,infant,labs,0,0,0,0,0,0.0,0.0,0.0
anthropic_claude-sonnet-5,REC-inf-icu-001,3,infant,procedures,1,1,0,1,2,0.5,1.0,0.6666666666666666
anthropic_claude-sonnet-5,REC-inf-icu-001,3,infant,temporal,0,3,1,1,3,0.0,0.0,0.0
anthropic_claude-sonnet-5,REC-inf-icu-002,3,infant,diagnoses,2,0,0,2,2,1.0,1.0,1.0
anthropic_claude-sonnet-5,REC-inf-icu-002,3,infant,medications,1,0,0,1,1,1.0,1.0,1.0
anthropic_claude-sonnet-5,REC-inf-icu-002,3,infant,labs,1,0,0,1,1,1.0,1.0,1.0
anthropic_claude-sonnet-5,REC-inf-icu-002,3,infant,procedures,1,0,0,1,1,1.0,1.0,1.0
anthropic_claude-sonnet-5,REC-inf-icu-002,3,infant,temporal,0,3,2,2,3,0.0,0.0,0.0
anthropic_claude-sonnet-5,REC-inf-icu-003,3,infant,diagnoses,2,0,0,2,2,1.0,1.0,1.0
anthropic_claude-sonnet-5,REC-inf-icu-003,3,infant,medications,0,0,0,0,0,0.0,0.0,0.0
anthropic_claude-sonnet-5,REC-inf-icu-003,3,infant,labs,0,0,0,0,0,0.0,0.0,0.0
anthropic_claude-sonnet-5,REC-inf-icu-003,3,infant,procedures,1,0,0,1,1,1.0,1.0,1.0
anthropic_claude-sonnet-5,REC-inf-icu-003,3,infant,temporal,0,1,0,0,1,0.0,0.0,0.0
anthropic_claude-sonnet-5,REC-inf-icu-004,3,infant,diagnoses,1,1,0,1,2,0.5,1.0,0.6666666666666666
anthropic_claude-sonnet-5,REC-inf-icu-004,3,infant,medications,1,0,0,1,1,1.0,1.0,1.0
anthropic_claude-sonnet-5,REC-inf-icu-004,3,infant,labs,1,0,0,1,1,1.0,1.0,1.0
anthropic_claude-sonnet-5,REC-inf-icu-004,3,infant,procedures,1,1,0,1,2,0.5,1.0,0.6666666666666666
anthropic_claude-sonnet-5,REC-inf-icu-004,3,infant,temporal,0,3,3,3,3,0.0,0.0,0.0
anthropic_claude-sonnet-5,REC-inf-icu-005,3,infant,diagnoses,1,0,0,1,1,1.0,1.0,1.0
anthropic_claude-sonnet-5,REC-inf-icu-005,3,infant,medications,0,0,0,0,0,0.0,0.0,0.0
anthropic_claude-sonnet-5,REC-inf-icu-005,3,infant,labs,0,0,0,0,0,0.0,0.0,0.0
anthropic_claude-sonnet-5,REC-inf-icu-005,3,infant,procedures,1,1,0,1,2,0.5,1.0,0.6666666666666666
anthropic_claude-sonnet-5,REC-inf-icu-005,3,infant,temporal,0,3,2,2,3,0.0,0.0,0.0
anthropic_claude-sonnet-5,REC-inf-icu-006,3,infant,diagnoses,1,0,0,1,1,1.0,1.0,1.0
anthropic_claude-sonnet-5,REC-inf-icu-006,3,infant,medications,1,0,0,1,1,1.0,1.0,1.0
anthropic_claude-sonnet-5,REC-inf-icu-006,3,infant,labs,1,0,0,1,1,1.0,1.0,1.0
anthropic_claude-sonnet-5,REC-inf-icu-006,3,infant,procedures,1,0,0,1,1,1.0,1.0,1.0
anthropic_claude-sonnet-5,REC-inf-icu-006,3,infant,temporal,0,2,1,1,2,0.0,0.0,0.0
anthropic_claude-sonnet-5,REC-inf-icu-007,3,infant,diagnoses,2,0,0,2,2,1.0,1.0,1.0
anthropic_claude-sonnet-5,REC-inf-icu-007,3,infant,medications,0,0,0,0,0,0.0,0.0,0.0
anthropic_claude-sonnet-5,REC-inf-icu-007,3,infant,labs,0,0,0,0,0,0.0,0.0,0.0
anthropic_claude-sonnet-5,REC-inf-icu-007,3,infant,procedures,1,1,0,1,2,0.5,1.0,0.6666666666666666
anthropic_claude-sonnet-5,REC-inf-icu-007,3,infant,temporal,0,3,2,2,3,0.0,0.0,0.0
anthropic_claude-sonnet-5,REC-inf-icu-008,3,infant,diagnoses,1,0,0,1,1,1.0,1.0,1.0
anthropic_claude-sonnet-5,REC-inf-icu-008,3,infant,medications,1,0,0,1,1,1.0,1.0,1.0
anthropic_claude-sonnet-5,REC-inf-icu-008,3,infant,labs,1,0,0,1,1,1.0,1.0,1.0
anthropic_claude-sonnet-5,REC-inf-icu-008,3,infant,procedures,1,0,0,1,1,1.0,1.0,1.0
anthropic_claude-sonnet-5,REC-inf-icu-008,3,infant,temporal,0,5,1,1,5,0.0,0.0,0.0
anthropic_claude-sonnet-5,REC-inf-icu-009,3,infant,diagnoses,3,0,0,3,3,1.0,1.0,1.0
anthropic_claude-sonnet-5,REC-inf-icu-009,3,infant,medications,0,0,0,0,0,0.0,0.0,0.0
anthropic_claude-sonnet-5,REC-inf-icu-009,3,infant,labs,0,0,0,0,0,0.0,0.0,0.0
anthropic_claude-sonnet-5,REC-inf-icu-009,3,infant,procedures,1,0,0,1,1,1.0,1.0,1.0
anthropic_claude-sonnet-5,REC-inf-icu-009,3,infant,temporal,0,2,0,0,2,0.0,0.0,0.0
anthropic_claude-sonnet-5,REC-inf-icu-010,3,infant,diagnoses,2,1,0,2,3,0.6666666666666666,1.0,0.8
anthropic_claude-sonnet-5,REC-inf-icu-010,3,infant,medications,1,0,0,1,1,1.0,1.0,1.0
anthropic_claude-sonnet-5,REC-inf-icu-010,3,infant,labs,1,0,0,1,1,1.0,1.0,1.0
anthropic_claude-sonnet-5,REC-inf-icu-010,3,infant,procedures,1,0,0,1,1,1.0,1.0,1.0
anthropic_claude-sonnet-5,REC-inf-icu-010,3,infant,temporal,0,4,2,2,4,0.0,0.0,0.0
anthropic_claude-sonnet-5,REC-inf-inp-001,3,infant,diagnoses,2,0,0,2,2,1.0,1.0,1.0
anthropic_claude-sonnet-5,REC-inf-inp-001,3,infant,medications,0,0,0,0,0,0.0,0.0,0.0
anthropic_claude-sonnet-5,REC-inf-inp-001,3,infant,labs,0,0,0,0,0,0.0,0.0,0.0
anthropic_claude-sonnet-5,REC-inf-inp-001,3,infant,procedures,1,0,0,1,1,1.0,1.0,1.0
anthropic_claude-sonnet-5,REC-inf-inp-001,3,infant,temporal,0,2,1,1,2,0.0,0.0,0.0
anthropic_claude-sonnet-5,REC-inf-inp-002,3,infant,diagnoses,1,1,0,1,2,0.5,1.0,0.6666666666666666
anthropic_claude-sonnet-5,REC-inf-inp-002,3,infant,medications,1,0,0,1,1,1.0,1.0,1.0
anthropic_claude-sonnet-5,REC-inf-inp-002,3,infant,labs,1,0,0,1,1,1.0,1.0,1.0
anthropic_claude-sonnet-5,REC-inf-inp-002,3,infant,procedures,1,1,0,1,2,0.5,1.0,0.6666666666666666
anthropic_claude-sonnet-5,REC-inf-inp-002,3,infant,temporal,0,2,3,3,2,0.0,0.0,0.0
anthropic_claude-sonnet-5,REC-inf-inp-003,3,infant,diagnoses,3,0,0,3,3,1.0,1.0,1.0
anthropic_claude-sonnet-5,REC-inf-inp-003,3,infant,medications,0,0,0,0,0,0.0,0.0,0.0
anthropic_claude-sonnet-5,REC-inf-inp-003,3,infant,labs,0,0,0,0,0,0.0,0.0,0.0
anthropic_claude-sonnet-5,REC-inf-inp-003,3,infant,procedures,1,0,0,1,1,1.0,1.0,1.0
anthropic_claude-sonnet-5,REC-inf-inp-003,3,infant,temporal,0,1,0,0,1,0.0,0.0,0.0
anthropic_claude-sonnet-5,REC-inf-inp-004,3,infant,diagnoses,2,1,0,2,3,0.6666666666666666,1.0,0.8
anthropic_claude-sonnet-5,REC-inf-inp-004,3,infant,medications,1,0,0,1,1,1.0,1.0,1.0
anthropic_claude-sonnet-5,REC-inf-inp-004,3,infant,labs,1,0,0,1,1,1.0,1.0,1.0
anthropic_claude-sonnet-5,REC-inf-inp-004,3,infant,procedures,1,0,0,1,1,1.0,1.0,1.0
anthropic_claude-sonnet-5,REC-inf-inp-004,3,infant,temporal,0,0,1,1,0,0.0,0.0,0.0
anthropic_claude-sonnet-5,REC-inf-inp-005,3,infant,diagnoses,2,0,0,2,2,1.0,1.0,1.0
anthropic_claude-sonnet-5,REC-inf-inp-005,3,infant,medications,0,0,0,0,0,0.0,0.0,0.0
anthropic_claude-sonnet-5,REC-inf-inp-005,3,infant,labs,0,0,0,0,0,0.0,0.0,0.0
anthropic_claude-sonnet-5,REC-inf-inp-005,3,infant,procedures,1,1,0,1,2,0.5,1.0,0.6666666666666666
anthropic_claude-sonnet-5,REC-inf-inp-005,3,infant,temporal,0,3,2,2,3,0.0,0.0,0.0
anthropic_claude-sonnet-5,REC-inf-inp-006,3,infant,diagnoses,1,0,0,1,1,1.0,1.0,1.0
anthropic_claude-sonnet-5,REC-inf-inp-006,3,infant,medications,1,0,0,1,1,1.0,1.0,1.0
anthropic_claude-sonnet-5,REC-inf-inp-006,3,infant,labs,1,0,0,1,1,1.0,1.0,1.0
anthropic_claude-sonnet-5,REC-inf-inp-006,3,infant,procedures,1,1,0,1,2,0.5,1.0,0.6666666666666666
anthropic_claude-sonnet-5,REC-inf-inp-006,3,infant,temporal,0,2,1,1,2,0.0,0.0,0.0
anthropic_claude-sonnet-5,REC-inf-inp-007,3,infant,diagnoses,1,0,0,1,1,1.0,1.0,1.0
anthropic_claude-sonnet-5,REC-inf-inp-007,3,infant,medications,0,0,0,0,0,0.0,0.0,0.0
anthropic_claude-sonnet-5,REC-inf-inp-007,3,infant,labs,0,0,0,0,0,0.0,0.0,0.0
anthropic_claude-sonnet-5,REC-inf-inp-007,3,infant,procedures,1,1,0,1,2,0.5,1.0,0.6666666666666666
anthropic_claude-sonnet-5,REC-inf-inp-007,3,infant,temporal,0,2,1,1,2,0.0,0.0,0.0
anthropic_claude-sonnet-5,REC-inf-inp-008,3,infant,diagnoses,1,1,0,1,2,0.5,1.0,0.6666666666666666
anthropic_claude-sonnet-5,REC-inf-inp-008,3,infant,medications,1,0,0,1,1,1.0,1.0,1.0
anthropic_claude-sonnet-5,REC-inf-inp-008,3,infant,labs,1,0,0,1,1,1.0,1.0,1.0
anthropic_claude-sonnet-5,REC-inf-inp-008,3,infant,procedures,1,0,0,1,1,1.0,1.0,1.0
anthropic_claude-sonnet-5,REC-inf-inp-008,3,infant,temporal,0,5,1,1,5,0.0,0.0,0.0
anthropic_claude-sonnet-5,REC-inf-inp-009,3,infant,diagnoses,2,0,0,2,2,1.0,1.0,1.0
anthropic_claude-sonnet-5,REC-inf-inp-009,3,infant,medications,0,0,0,0,0,0.0,0.0,0.0
anthropic_claude-sonnet-5,REC-inf-inp-009,3,infant,labs,0,0,0,0,0,0.0,0.0,0.0
anthropic_claude-sonnet-5,REC-inf-inp-009,3,infant,procedures,1,1,0,1,2,0.5,1.0,0.6666666666666666
anthropic_claude-sonnet-5,REC-inf-inp-009,3,infant,temporal,0,2,2,2,2,0.0,0.0,0.0
anthropic_claude-sonnet-5,REC-inf-inp-010,3,infant,diagnoses,1,0,0,1,1,1.0,1.0,1.0
anthropic_claude-sonnet-5,REC-inf-inp-010,3,infant,medications,1,0,0,1,1,1.0,1.0,1.0
anthropic_claude-sonnet-5,REC-inf-inp-010,3,infant,labs,1,0,0,1,1,1.0,1.0,1.0
anthropic_claude-sonnet-5,REC-inf-inp-010,3,infant,procedures,1,0,0,1,1,1.0,1.0,1.0
anthropic_claude-sonnet-5,REC-inf-inp-010,3,infant,temporal,0,1,1,1,1,0.0,0.0,0.0
anthropic_claude-sonnet-5,REC-inf-out-001,3,infant,diagnoses,2,0,0,2,2,1.0,1.0,1.0
anthropic_claude-sonnet-5,REC-inf-out-001,3,infant,medications,0,0,0,0,0,0.0,0.0,0.0
anthropic_claude-sonnet-5,REC-inf-out-001,3,infant,labs,0,0,0,0,0,0.0,0.0,0.0
anthropic_claude-sonnet-5,REC-inf-out-001,3,infant,procedures,1,0,0,1,1,1.0,1.0,1.0
anthropic_claude-sonnet-5,REC-inf-out-001,3,infant,temporal,0,1,0,0,1,0.0,0.0,0.0
anthropic_claude-sonnet-5,REC-inf-out-002,3,infant,diagnoses,1,1,0,1,2,0.5,1.0,0.6666666666666666
anthropic_claude-sonnet-5,REC-inf-out-002,3,infant,medications,1,0,0,1,1,1.0,1.0,1.0
anthropic_claude-sonnet-5,REC-inf-out-002,3,infant,labs,0,0,0,0,0,0.0,0.0,0.0
anthropic_claude-sonnet-5,REC-inf-out-002,3,infant,procedures,1,0,0,1,1,1.0,1.0,1.0
anthropic_claude-sonnet-5,REC-inf-out-002,3,infant,temporal,0,3,1,1,3,0.0,0.0,0.0
anthropic_claude-sonnet-5,REC-inf-out-003,3,infant,diagnoses,2,0,0,2,2,1.0,1.0,1.0
anthropic_claude-sonnet-5,REC-inf-out-003,3,infant,medications,0,0,0,0,0,0.0,0.0,0.0
anthropic_claude-sonnet-5,REC-inf-out-003,3,infant,labs,0,0,0,0,0,0.0,0.0,0.0
anthropic_claude-sonnet-5,REC-inf-out-003,3,infant,procedures,1,0,0,1,1,1.0,1.0,1.0
anthropic_claude-sonnet-5,REC-inf-out-003,3,infant,temporal,0,1,0,0,1,0.0,0.0,0.0
anthropic_claude-sonnet-5,REC-inf-out-004,3,infant,diagnoses,3,0,0,3,3,1.0,1.0,1.0
anthropic_claude-sonnet-5,REC-inf-out-004,3,infant,medications,1,0,0,1,1,1.0,1.0,1.0
anthropic_claude-sonnet-5,REC-inf-out-004,3,infant,labs,0,0,0,0,0,0.0,0.0,0.0
anthropic_claude-sonnet-5,REC-inf-out-004,3,infant,procedures,1,1,0,1,2,0.5,1.0,0.6666666666666666
anthropic_claude-sonnet-5,REC-inf-out-004,3,infant,temporal,0,2,1,1,2,0.0,0.0,0.0
anthropic_claude-sonnet-5,REC-inf-out-005,3,infant,diagnoses,2,0,0,2,2,1.0,1.0,1.0
anthropic_claude-sonnet-5,REC-inf-out-005,3,infant,medications,0,0,0,0,0,0.0,0.0,0.0
anthropic_claude-sonnet-5,REC-inf-out-005,3,infant,labs,0,0,0,0,0,0.0,0.0,0.0
anthropic_claude-sonnet-5,REC-inf-out-005,3,infant,procedures,1,0,0,1,1,1.0,1.0,1.0
anthropic_claude-sonnet-5,REC-inf-out-005,3,infant,temporal,0,1,0,0,1,0.0,0.0,0.0
anthropic_claude-sonnet-5,REC-inf-out-006,3,infant,diagnoses,1,0,0,1,1,1.0,1.0,1.0
anthropic_claude-sonnet-5,REC-inf-out-006,3,infant,medications,1,0,0,1,1,1.0,1.0,1.0
anthropic_claude-sonnet-5,REC-inf-out-006,3,infant,labs,0,0,0,0,0,0.0,0.0,0.0
anthropic_claude-sonnet-5,REC-inf-out-006,3,infant,procedures,1,0,0,1,1,1.0,1.0,1.0
anthropic_claude-sonnet-5,REC-inf-out-006,3,infant,temporal,0,1,1,1,1,0.0,0.0,0.0
anthropic_claude-sonnet-5,REC-inf-out-007,3,infant,diagnoses,2,0,0,2,2,1.0,1.0,1.0
anthropic_claude-sonnet-5,REC-inf-out-007,3,infant,medications,0,0,0,0,0,0.0,0.0,0.0
anthropic_claude-sonnet-5,REC-inf-out-007,3,infant,labs,0,0,0,0,0,0.0,0.0,0.0
anthropic_claude-sonnet-5,REC-inf-out-007,3,infant,procedures,1,0,0,1,1,1.0,1.0,1.0
anthropic_claude-sonnet-5,REC-inf-out-007,3,infant,temporal,0,1,0,0,1,0.0,0.0,0.0
anthropic_claude-sonnet-5,REC-inf-out-008,3,infant,diagnoses,1,1,0,1,2,0.5,1.0,0.6666666666666666
anthropic_claude-sonnet-5,REC-inf-out-008,3,infant,medications,1,0,0,1,1,1.0,1.0,1.0
anthropic_claude-sonnet-5,REC-inf-out-008,3,infant,labs,0,0,0,0,0,0.0,0.0,0.0
anthropic_claude-sonnet-5,REC-inf-out-008,3,infant,procedures,1,1,0,1,2,0.5,1.0,0.6666666666666666
anthropic_claude-sonnet-5,REC-inf-out-008,3,infant,temporal,0,3,3,3,3,0.0,0.0,0.0
anthropic_claude-sonnet-5,REC-inf-out-009,3,infant,diagnoses,1,0,0,1,1,1.0,1.0,1.0
anthropic_claude-sonnet-5,REC-inf-out-009,3,infant,medications,0,0,0,0,0,0.0,0.0,0.0
anthropic_claude-sonnet-5,REC-inf-out-009,3,infant,labs,0,0,0,0,0,0.0,0.0,0.0
anthropic_claude-sonnet-5,REC-inf-out-009,3,infant,procedures,1,1,0,1,2,0.5,1.0,0.6666666666666666
anthropic_claude-sonnet-5,REC-inf-out-009,3,infant,temporal,0,3,2,2,3,0.0,0.0,0.0
anthropic_claude-sonnet-5,REC-inf-out-010,3,infant,diagnoses,2,0,0,2,2,1.0,1.0,1.0
anthropic_claude-sonnet-5,REC-inf-out-010,3,infant,medications,1,0,0,1,1,1.0,1.0,1.0
anthropic_claude-sonnet-5,REC-inf-out-010,3,infant,labs,0,0,0,0,0,0.0,0.0,0.0
anthropic_claude-sonnet-5,REC-inf-out-010,3,infant,procedures,1,0,0,1,1,1.0,1.0,1.0
anthropic_claude-sonnet-5,REC-inf-out-010,3,infant,temporal,0,3,0,0,3,0.0,0.0,0.0
anthropic_claude-sonnet-5,REC-neo-eme-001,3,neonate,diagnoses,2,0,0,2,2,1.0,1.0,1.0
anthropic_claude-sonnet-5,REC-neo-eme-001,3,neonate,medications,1,0,0,1,1,1.0,1.0,1.0
anthropic_claude-sonnet-5,REC-neo-eme-001,3,neonate,labs,1,0,0,1,1,1.0,1.0,1.0
anthropic_claude-sonnet-5,REC-neo-eme-001,3,neonate,procedures,1,0,0,1,1,1.0,1.0,1.0
anthropic_claude-sonnet-5,REC-neo-eme-001,3,neonate,temporal,0,4,2,2,4,0.0,0.0,0.0
anthropic_claude-sonnet-5,REC-neo-eme-002,3,neonate,diagnoses,3,0,0,3,3,1.0,1.0,1.0
anthropic_claude-sonnet-5,REC-neo-eme-002,3,neonate,medications,0,0,0,0,0,0.0,0.0,0.0
anthropic_claude-sonnet-5,REC-neo-eme-002,3,neonate,labs,1,0,0,1,1,1.0,1.0,1.0
anthropic_claude-sonnet-5,REC-neo-eme-002,3,neonate,procedures,1,0,0,1,1,1.0,1.0,1.0
anthropic_claude-sonnet-5,REC-neo-eme-002,3,neonate,temporal,0,3,2,2,3,0.0,0.0,0.0
anthropic_claude-sonnet-5,REC-neo-eme-003,3,neonate,diagnoses,1,1,0,1,2,0.5,1.0,0.6666666666666666
anthropic_claude-sonnet-5,REC-neo-eme-003,3,neonate,medications,1,0,0,1,1,1.0,1.0,1.0
anthropic_claude-sonnet-5,REC-neo-eme-003,3,neonate,labs,1,0,0,1,1,1.0,1.0,1.0
anthropic_claude-sonnet-5,REC-neo-eme-003,3,neonate,procedures,1,1,0,1,2,0.5,1.0,0.6666666666666666
anthropic_claude-sonnet-5,REC-neo-eme-003,3,neonate,temporal,0,2,3,3,2,0.0,0.0,0.0
anthropic_claude-sonnet-5,REC-neo-eme-004,3,neonate,diagnoses,2,0,0,2,2,1.0,1.0,1.0
anthropic_claude-sonnet-5,REC-neo-eme-004,3,neonate,medications,1,0,0,1,1,1.0,1.0,1.0
anthropic_claude-sonnet-5,REC-neo-eme-004,3,neonate,labs,1,0,0,1,1,1.0,1.0,1.0
anthropic_claude-sonnet-5,REC-neo-eme-004,3,neonate,procedures,1,0,0,1,1,1.0,1.0,1.0
anthropic_claude-sonnet-5,REC-neo-eme-004,3,neonate,temporal,0,4,2,2,4,0.0,0.0,0.0
anthropic_claude-sonnet-5,REC-neo-eme-005,3,neonate,diagnoses,3,0,0,3,3,1.0,1.0,1.0
anthropic_claude-sonnet-5,REC-neo-eme-005,3,neonate,medications,0,0,0,0,0,0.0,0.0,0.0
anthropic_claude-sonnet-5,REC-neo-eme-005,3,neonate,labs,1,0,0,1,1,1.0,1.0,1.0
anthropic_claude-sonnet-5,REC-neo-eme-005,3,neonate,procedures,1,0,0,1,1,1.0,1.0,1.0
anthropic_claude-sonnet-5,REC-neo-eme-005,3,neonate,temporal,0,3,2,2,3,0.0,0.0,0.0
anthropic_claude-sonnet-5,REC-neo-eme-006,3,neonate,diagnoses,2,1,0,2,3,0.6666666666666666,1.0,0.8
anthropic_claude-sonnet-5,REC-neo-eme-006,3,neonate,medications,1,0,0,1,1,1.0,1.0,1.0
anthropic_claude-sonnet-5,REC-neo-eme-006,3,neonate,labs,1,0,0,1,1,1.0,1.0,1.0
anthropic_claude-sonnet-5,REC-neo-eme-006,3,neonate,procedures,1,1,0,1,2,0.5,1.0,0.6666666666666666
anthropic_claude-sonnet-5,REC-neo-eme-006,3,neonate,temporal,0,2,2,2,2,0.0,0.0,0.0
anthropic_claude-sonnet-5,REC-neo-eme-007,3,neonate,diagnoses,3,0,0,3,3,1.0,1.0,1.0
anthropic_claude-sonnet-5,REC-neo-eme-007,3,neonate,medications,1,0,0,1,1,1.0,1.0,1.0
anthropic_claude-sonnet-5,REC-neo-eme-007,3,neonate,labs,1,0,0,1,1,1.0,1.0,1.0
anthropic_claude-sonnet-5,REC-neo-eme-007,3,neonate,procedures,1,0,0,1,1,1.0,1.0,1.0
anthropic_claude-sonnet-5,REC-neo-eme-007,3,neonate,temporal,0,3,2,2,3,0.0,0.0,0.0
anthropic_claude-sonnet-5,REC-neo-eme-008,3,neonate,diagnoses,2,0,0,2,2,1.0,1.0,1.0
anthropic_claude-sonnet-5,REC-neo-eme-008,3,neonate,medications,0,0,0,0,0,0.0,0.0,0.0
anthropic_claude-sonnet-5,REC-neo-eme-008,3,neonate,labs,1,0,0,1,1,1.0,1.0,1.0
anthropic_claude-sonnet-5,REC-neo-eme-008,3,neonate,procedures,1,0,0,1,1,1.0,1.0,1.0
anthropic_claude-sonnet-5,REC-neo-eme-008,3,neonate,temporal,0,4,3,3,4,0.0,0.0,0.0
anthropic_claude-sonnet-5,REC-neo-eme-009,3,neonate,diagnoses,1,1,0,1,2,0.5,1.0,0.6666666666666666
anthropic_claude-sonnet-5,REC-neo-eme-009,3,neonate,medications,1,0,0,1,1,1.0,1.0,1.0
anthropic_claude-sonnet-5,REC-neo-eme-009,3,neonate,labs,1,0,0,1,1,1.0,1.0,1.0
anthropic_claude-sonnet-5,REC-neo-eme-009,3,neonate,procedures,1,1,0,1,2,0.5,1.0,0.6666666666666666
anthropic_claude-sonnet-5,REC-neo-eme-009,3,neonate,temporal,0,3,2,2,3,0.0,0.0,0.0
anthropic_claude-sonnet-5,REC-neo-eme-010,3,neonate,diagnoses,1,0,0,1,1,1.0,1.0,1.0
anthropic_claude-sonnet-5,REC-neo-eme-010,3,neonate,medications,1,0,0,1,1,1.0,1.0,1.0
anthropic_claude-sonnet-5,REC-neo-eme-010,3,neonate,labs,1,0,0,1,1,1.0,1.0,1.0
anthropic_claude-sonnet-5,REC-neo-eme-010,3,neonate,procedures,1,1,0,1,2,0.5,1.0,0.6666666666666666
anthropic_claude-sonnet-5,REC-neo-eme-010,3,neonate,temporal,0,5,3,3,5,0.0,0.0,0.0
anthropic_claude-sonnet-5,REC-neo-icu-001,3,neonate,diagnoses,1,0,0,1,1,1.0,1.0,1.0
anthropic_claude-sonnet-5,REC-neo-icu-001,3,neonate,medications,1,0,0,1,1,1.0,1.0,1.0
anthropic_claude-sonnet-5,REC-neo-icu-001,3,neonate,labs,1,0,0,1,1,1.0,1.0,1.0
anthropic_claude-sonnet-5,REC-neo-icu-001,3,neonate,procedures,1,0,0,1,1,1.0,1.0,1.0
anthropic_claude-sonnet-5,REC-neo-icu-001,3,neonate,temporal,0,6,4,4,6,0.0,0.0,0.0
anthropic_claude-sonnet-5,REC-neo-icu-002,3,neonate,diagnoses,3,1,0,3,4,0.75,1.0,0.8571428571428571
anthropic_claude-sonnet-5,REC-neo-icu-002,3,neonate,medications,1,0,0,1,1,1.0,1.0,1.0
anthropic_claude-sonnet-5,REC-neo-icu-002,3,neonate,labs,1,0,0,1,1,1.0,1.0,1.0
anthropic_claude-sonnet-5,REC-neo-icu-002,3,neonate,procedures,1,0,0,1,1,1.0,1.0,1.0
anthropic_claude-sonnet-5,REC-neo-icu-002,3,neonate,temporal,0,3,2,2,3,0.0,0.0,0.0
anthropic_claude-sonnet-5,REC-neo-icu-003,3,neonate,diagnoses,2,0,0,2,2,1.0,1.0,1.0
anthropic_claude-sonnet-5,REC-neo-icu-003,3,neonate,medications,1,0,0,1,1,1.0,1.0,1.0
anthropic_claude-sonnet-5,REC-neo-icu-003,3,neonate,labs,1,0,0,1,1,1.0,1.0,1.0
anthropic_claude-sonnet-5,REC-neo-icu-003,3,neonate,procedures,1,0,0,1,1,1.0,1.0,1.0
anthropic_claude-sonnet-5,REC-neo-icu-003,3,neonate,temporal,0,5,2,2,5,0.0,0.0,0.0
anthropic_claude-sonnet-5,REC-neo-icu-004,3,neonate,diagnoses,2,1,0,2,3,0.6666666666666666,1.0,0.8
anthropic_claude-sonnet-5,REC-neo-icu-004,3,neonate,medications,1,0,0,1,1,1.0,1.0,1.0
anthropic_claude-sonnet-5,REC-neo-icu-004,3,neonate,labs,1,0,0,1,1,1.0,1.0,1.0
anthropic_claude-sonnet-5,REC-neo-icu-004,3,neonate,procedures,1,1,0,1,2,0.5,1.0,0.6666666666666666
anthropic_claude-sonnet-5,REC-neo-icu-004,3,neonate,temporal,0,5,2,2,5,0.0,0.0,0.0
anthropic_claude-sonnet-5,REC-neo-icu-005,3,neonate,diagnoses,1,0,0,1,1,1.0,1.0,1.0
anthropic_claude-sonnet-5,REC-neo-icu-005,3,neonate,medications,1,0,0,1,1,1.0,1.0,1.0
anthropic_claude-sonnet-5,REC-neo-icu-005,3,neonate,labs,1,0,0,1,1,1.0,1.0,1.0
anthropic_claude-sonnet-5,REC-neo-icu-005,3,neonate,procedures,1,0,0,1,1,1.0,1.0,1.0
anthropic_claude-sonnet-5,REC-neo-icu-005,3,neonate,temporal,0,4,2,2,4,0.0,0.0,0.0
anthropic_claude-sonnet-5,REC-neo-icu-006,3,neonate,diagnoses,1,1,0,1,2,0.5,1.0,0.6666666666666666
anthropic_claude-sonnet-5,REC-neo-icu-006,3,neonate,medications,1,0,0,1,1,1.0,1.0,1.0
anthropic_claude-sonnet-5,REC-neo-icu-006,3,neonate,labs,1,0,0,1,1,1.0,1.0,1.0
anthropic_claude-sonnet-5,REC-neo-icu-006,3,neonate,procedures,1,1,0,1,2,0.5,1.0,0.6666666666666666
anthropic_claude-sonnet-5,REC-neo-icu-006,3,neonate,temporal,0,4,2,2,4,0.0,0.0,0.0
anthropic_claude-sonnet-5,REC-neo-icu-007,3,neonate,diagnoses,2,0,0,2,2,1.0,1.0,1.0
anthropic_claude-sonnet-5,REC-neo-icu-007,3,neonate,medications,1,0,0,1,1,1.0,1.0,1.0
anthropic_claude-sonnet-5,REC-neo-icu-007,3,neonate,labs,1,0,0,1,1,1.0,1.0,1.0
anthropic_claude-sonnet-5,REC-neo-icu-007,3,neonate,procedures,1,0,0,1,1,1.0,1.0,1.0
anthropic_claude-sonnet-5,REC-neo-icu-007,3,neonate,temporal,0,6,1,1,6,0.0,0.0,0.0
anthropic_claude-sonnet-5,REC-neo-icu-008,3,neonate,diagnoses,2,1,0,2,3,0.6666666666666666,1.0,0.8
anthropic_claude-sonnet-5,REC-neo-icu-008,3,neonate,medications,1,0,0,1,1,1.0,1.0,1.0
anthropic_claude-sonnet-5,REC-neo-icu-008,3,neonate,labs,1,0,0,1,1,1.0,1.0,1.0
anthropic_claude-sonnet-5,REC-neo-icu-008,3,neonate,procedures,1,1,0,1,2,0.5,1.0,0.6666666666666666
anthropic_claude-sonnet-5,REC-neo-icu-008,3,neonate,temporal,0,4,3,3,4,0.0,0.0,0.0
anthropic_claude-sonnet-5,REC-neo-icu-009,3,neonate,diagnoses,1,0,0,1,1,1.0,1.0,1.0
anthropic_claude-sonnet-5,REC-neo-icu-009,3,neonate,medications,1,0,0,1,1,1.0,1.0,1.0
anthropic_claude-sonnet-5,REC-neo-icu-009,3,neonate,labs,1,0,0,1,1,1.0,1.0,1.0
anthropic_claude-sonnet-5,REC-neo-icu-009,3,neonate,procedures,1,0,0,1,1,1.0,1.0,1.0
anthropic_claude-sonnet-5,REC-neo-icu-009,3,neonate,temporal,0,3,2,2,3,0.0,0.0,0.0
anthropic_claude-sonnet-5,REC-neo-icu-010,3,neonate,diagnoses,3,1,0,3,4,0.75,1.0,0.8571428571428571
anthropic_claude-sonnet-5,REC-neo-icu-010,3,neonate,medications,1,0,0,1,1,1.0,1.0,1.0
anthropic_claude-sonnet-5,REC-neo-icu-010,3,neonate,labs,1,0,0,1,1,1.0,1.0,1.0
anthropic_claude-sonnet-5,REC-neo-icu-010,3,neonate,procedures,1,0,0,1,1,1.0,1.0,1.0
anthropic_claude-sonnet-5,REC-neo-icu-010,3,neonate,temporal,0,5,2,2,5,0.0,0.0,0.0
anthropic_claude-sonnet-5,REC-neo-inp-001,3,neonate,diagnoses,2,0,0,2,2,1.0,1.0,1.0
anthropic_claude-sonnet-5,REC-neo-inp-001,3,neonate,medications,1,0,0,1,1,1.0,1.0,1.0
anthropic_claude-sonnet-5,REC-neo-inp-001,3,neonate,labs,1,0,0,1,1,1.0,1.0,1.0
anthropic_claude-sonnet-5,REC-neo-inp-001,3,neonate,procedures,1,1,0,1,2,0.5,1.0,0.6666666666666666
anthropic_claude-sonnet-5,REC-neo-inp-001,3,neonate,temporal,0,3,2,2,3,0.0,0.0,0.0
anthropic_claude-sonnet-5,REC-neo-inp-002,3,neonate,diagnoses,3,1,0,3,4,0.75,1.0,0.8571428571428571
anthropic_claude-sonnet-5,REC-neo-inp-002,3,neonate,medications,0,0,0,0,0,0.0,0.0,0.0
anthropic_claude-sonnet-5,REC-neo-inp-002,3,neonate,labs,1,0,0,1,1,1.0,1.0,1.0
anthropic_claude-sonnet-5,REC-neo-inp-002,3,neonate,procedures,1,0,0,1,1,1.0,1.0,1.0
anthropic_claude-sonnet-5,REC-neo-inp-002,3,neonate,temporal,0,3,2,2,3,0.0,0.0,0.0
anthropic_claude-sonnet-5,REC-neo-inp-003,3,neonate,diagnoses,2,1,0,2,3,0.6666666666666666,1.0,0.8
anthropic_claude-sonnet-5,REC-neo-inp-003,3,neonate,medications,1,0,0,1,1,1.0,1.0,1.0
anthropic_claude-sonnet-5,REC-neo-inp-003,3,neonate,labs,1,0,0,1,1,1.0,1.0,1.0
anthropic_claude-sonnet-5,REC-neo-inp-003,3,neonate,procedures,1,1,0,1,2,0.5,1.0,0.6666666666666666
anthropic_claude-sonnet-5,REC-neo-inp-003,3,neonate,temporal,0,4,2,2,4,0.0,0.0,0.0
anthropic_claude-sonnet-5,REC-neo-inp-004,3,neonate,diagnoses,2,0,0,2,2,1.0,1.0,1.0
anthropic_claude-sonnet-5,REC-neo-inp-004,3,neonate,medications,1,0,0,1,1,1.0,1.0,1.0
anthropic_claude-sonnet-5,REC-neo-inp-004,3,neonate,labs,1,0,0,1,1,1.0,1.0,1.0
anthropic_claude-sonnet-5,REC-neo-inp-004,3,neonate,procedures,1,0,0,1,1,1.0,1.0,1.0
anthropic_claude-sonnet-5,REC-neo-inp-004,3,neonate,temporal,0,2,3,3,2,0.0,0.0,0.0
anthropic_claude-sonnet-5,REC-neo-inp-005,3,neonate,diagnoses,2,1,0,2,3,0.6666666666666666,1.0,0.8
anthropic_claude-sonnet-5,REC-neo-inp-005,3,neonate,medications,0,0,0,0,0,0.0,0.0,0.0
anthropic_claude-sonnet-5,REC-neo-inp-005,3,neonate,labs,1,0,0,1,1,1.0,1.0,1.0
anthropic_claude-sonnet-5,REC-neo-inp-005,3,neonate,procedures,1,0,0,1,1,1.0,1.0,1.0
anthropic_claude-sonnet-5,REC-neo-inp-005,3,neonate,temporal,0,3,2,2,3,0.0,0.0,0.0
anthropic_claude-sonnet-5,REC-neo-inp-006,3,neonate,diagnoses,1,1,0,1,2,0.5,1.0,0.6666666666666666
anthropic_claude-sonnet-5,REC-neo-inp-006,3,neonate,medications,1,0,0,1,1,1.0,1.0,1.0
anthropic_claude-sonnet-5,REC-neo-inp-006,3,neonate,labs,1,0,0,1,1,1.0,1.0,1.0
anthropic_claude-sonnet-5,REC-neo-inp-006,3,neonate,procedures,1,0,0,1,1,1.0,1.0,1.0
anthropic_claude-sonnet-5,REC-neo-inp-006,3,neonate,temporal,0,4,2,2,4,0.0,0.0,0.0
anthropic_claude-sonnet-5,REC-neo-inp-007,3,neonate,diagnoses,1,0,0,1,1,1.0,1.0,1.0
anthropic_claude-sonnet-5,REC-neo-inp-007,3,neonate,medications,1,0,0,1,1,1.0,1.0,1.0
anthropic_claude-sonnet-5,REC-neo-inp-007,3,neonate,labs,1,0,0,1,1,1.0,1.0,1.0
anthropic_claude-sonnet-5,REC-neo-inp-007,3,neonate,procedures,1,1,0,1,2,0.5,1.0,0.6666666666666666
anthropic_claude-sonnet-5,REC-neo-inp-007,3,neonate,temporal,0,3,4,4,3,0.0,0.0,0.0
anthropic_claude-sonnet-5,REC-neo-inp-008,3,neonate,diagnoses,2,0,0,2,2,1.0,1.0,1.0
anthropic_claude-sonnet-5,REC-neo-inp-008,3,neonate,medications,0,0,0,0,0,0.0,0.0,0.0
anthropic_claude-sonnet-5,REC-neo-inp-008,3,neonate,labs,1,0,0,1,1,1.0,1.0,1.0
anthropic_claude-sonnet-5,REC-neo-inp-008,3,neonate,procedures,1,1,0,1,2,0.5,1.0,0.6666666666666666
anthropic_claude-sonnet-5,REC-neo-inp-008,3,neonate,temporal,0,3,3,3,3,0.0,0.0,0.0
anthropic_claude-sonnet-5,REC-neo-inp-009,3,neonate,diagnoses,1,1,0,1,2,0.5,1.0,0.6666666666666666
anthropic_claude-sonnet-5,REC-neo-inp-009,3,neonate,medications,1,0,0,1,1,1.0,1.0,1.0
anthropic_claude-sonnet-5,REC-neo-inp-009,3,neonate,labs,1,0,0,1,1,1.0,1.0,1.0
anthropic_claude-sonnet-5,REC-neo-inp-009,3,neonate,procedures,1,0,0,1,1,1.0,1.0,1.0
anthropic_claude-sonnet-5,REC-neo-inp-009,3,neonate,temporal,0,2,2,2,2,0.0,0.0,0.0
anthropic_claude-sonnet-5,REC-neo-inp-010,3,neonate,diagnoses,1,0,0,1,1,1.0,1.0,1.0
anthropic_claude-sonnet-5,REC-neo-inp-010,3,neonate,medications,1,0,0,1,1,1.0,1.0,1.0
anthropic_claude-sonnet-5,REC-neo-inp-010,3,neonate,labs,1,0,0,1,1,1.0,1.0,1.0
anthropic_claude-sonnet-5,REC-neo-inp-010,3,neonate,procedures,1,0,0,1,1,1.0,1.0,1.0
anthropic_claude-sonnet-5,REC-neo-inp-010,3,neonate,temporal,0,4,2,2,4,0.0,0.0,0.0
anthropic_claude-sonnet-5,REC-neo-out-001,3,neonate,diagnoses,1,1,0,1,2,0.5,1.0,0.6666666666666666
anthropic_claude-sonnet-5,REC-neo-out-001,3,neonate,medications,0,0,0,0,0,0.0,0.0,0.0
anthropic_claude-sonnet-5,REC-neo-out-001,3,neonate,labs,1,0,0,1,1,1.0,1.0,1.0
anthropic_claude-sonnet-5,REC-neo-out-001,3,neonate,procedures,1,0,0,1,1,1.0,1.0,1.0
anthropic_claude-sonnet-5,REC-neo-out-001,3,neonate,temporal,0,3,2,2,3,0.0,0.0,0.0
anthropic_claude-sonnet-5,REC-neo-out-002,3,neonate,diagnoses,3,0,0,3,3,1.0,1.0,1.0
anthropic_claude-sonnet-5,REC-neo-out-002,3,neonate,medications,0,0,0,0,0,0.0,0.0,0.0
anthropic_claude-sonnet-5,REC-neo-out-002,3,neonate,labs,1,0,0,1,1,1.0,1.0,1.0
anthropic_claude-sonnet-5,REC-neo-out-002,3,neonate,procedures,1,1,0,1,2,0.5,1.0,0.6666666666666666
anthropic_claude-sonnet-5,REC-neo-out-002,3,neonate,temporal,0,3,2,2,3,0.0,0.0,0.0
anthropic_claude-sonnet-5,REC-neo-out-003,3,neonate,diagnoses,2,0,0,2,2,1.0,1.0,1.0
anthropic_claude-sonnet-5,REC-neo-out-003,3,neonate,medications,0,0,0,0,0,0.0,0.0,0.0
anthropic_claude-sonnet-5,REC-neo-out-003,3,neonate,labs,1,0,0,1,1,1.0,1.0,1.0
anthropic_claude-sonnet-5,REC-neo-out-003,3,neonate,procedures,1,0,0,1,1,1.0,1.0,1.0
anthropic_claude-sonnet-5,REC-neo-out-003,3,neonate,temporal,0,2,1,1,2,0.0,0.0,0.0
anthropic_claude-sonnet-5,REC-neo-out-004,3,neonate,diagnoses,2,0,0,2,2,1.0,1.0,1.0
anthropic_claude-sonnet-5,REC-neo-out-004,3,neonate,medications,0,0,0,0,0,0.0,0.0,0.0
anthropic_claude-sonnet-5,REC-neo-out-004,3,neonate,labs,1,0,0,1,1,1.0,1.0,1.0
anthropic_claude-sonnet-5,REC-neo-out-004,3,neonate,procedures,1,0,0,1,1,1.0,1.0,1.0
anthropic_claude-sonnet-5,REC-neo-out-004,3,neonate,temporal,0,4,3,3,4,0.0,0.0,0.0
anthropic_claude-sonnet-5,REC-neo-out-005,3,neonate,diagnoses,1,0,0,1,1,1.0,1.0,1.0
anthropic_claude-sonnet-5,REC-neo-out-005,3,neonate,medications,0,0,0,0,0,0.0,0.0,0.0
anthropic_claude-sonnet-5,REC-neo-out-005,3,neonate,labs,1,0,0,1,1,1.0,1.0,1.0
anthropic_claude-sonnet-5,REC-neo-out-005,3,neonate,procedures,1,0,0,1,1,1.0,1.0,1.0
anthropic_claude-sonnet-5,REC-neo-out-005,3,neonate,temporal,0,3,2,2,3,0.0,0.0,0.0
anthropic_claude-sonnet-5,REC-neo-out-006,3,neonate,diagnoses,2,0,0,2,2,1.0,1.0,1.0
anthropic_claude-sonnet-5,REC-neo-out-006,3,neonate,medications,0,0,0,0,0,0.0,0.0,0.0
anthropic_claude-sonnet-5,REC-neo-out-006,3,neonate,labs,1,0,0,1,1,1.0,1.0,1.0
anthropic_claude-sonnet-5,REC-neo-out-006,3,neonate,procedures,1,1,0,1,2,0.5,1.0,0.6666666666666666
anthropic_claude-sonnet-5,REC-neo-out-006,3,neonate,temporal,0,3,2,2,3,0.0,0.0,0.0
anthropic_claude-sonnet-5,REC-neo-out-007,3,neonate,diagnoses,3,0,0,3,3,1.0,1.0,1.0
anthropic_claude-sonnet-5,REC-neo-out-007,3,neonate,medications,0,0,0,0,0,0.0,0.0,0.0
anthropic_claude-sonnet-5,REC-neo-out-007,3,neonate,labs,1,0,0,1,1,1.0,1.0,1.0
anthropic_claude-sonnet-5,REC-neo-out-007,3,neonate,procedures,1,0,0,1,1,1.0,1.0,1.0
anthropic_claude-sonnet-5,REC-neo-out-007,3,neonate,temporal,0,3,2,2,3,0.0,0.0,0.0
anthropic_claude-sonnet-5,REC-neo-out-008,3,neonate,diagnoses,2,1,0,2,3,0.6666666666666666,1.0,0.8
anthropic_claude-sonnet-5,REC-neo-out-008,3,neonate,medications,0,0,0,0,0,0.0,0.0,0.0
anthropic_claude-sonnet-5,REC-neo-out-008,3,neonate,labs,1,0,0,1,1,1.0,1.0,1.0
anthropic_claude-sonnet-5,REC-neo-out-008,3,neonate,procedures,1,1,0,1,2,0.5,1.0,0.6666666666666666
anthropic_claude-sonnet-5,REC-neo-out-008,3,neonate,temporal,0,4,3,3,4,0.0,0.0,0.0
anthropic_claude-sonnet-5,REC-neo-out-009,3,neonate,diagnoses,2,0,0,2,2,1.0,1.0,1.0
anthropic_claude-sonnet-5,REC-neo-out-009,3,neonate,medications,0,0,0,0,0,0.0,0.0,0.0
anthropic_claude-sonnet-5,REC-neo-out-009,3,neonate,labs,1,0,0,1,1,1.0,1.0,1.0
anthropic_claude-sonnet-5,REC-neo-out-009,3,neonate,procedures,1,1,0,1,2,0.5,1.0,0.6666666666666666
anthropic_claude-sonnet-5,REC-neo-out-009,3,neonate,temporal,0,4,3,3,4,0.0,0.0,0.0
anthropic_claude-sonnet-5,REC-neo-out-010,3,neonate,diagnoses,2,1,0,2,3,0.6666666666666666,1.0,0.8
anthropic_claude-sonnet-5,REC-neo-out-010,3,neonate,medications,0,0,0,0,0,0.0,0.0,0.0
anthropic_claude-sonnet-5,REC-neo-out-010,3,neonate,labs,1,0,0,1,1,1.0,1.0,1.0
anthropic_claude-sonnet-5,REC-neo-out-010,3,neonate,procedures,1,1,0,1,2,0.5,1.0,0.6666666666666666
anthropic_claude-sonnet-5,REC-neo-out-010,3,neonate,temporal,0,3,3,3,3,0.0,0.0,0.0
anthropic_claude-sonnet-5,REC-ado-eme-001,1,adolescent,diagnoses,2,0,0,2,2,1.0,1.0,1.0
anthropic_claude-sonnet-5,REC-ado-eme-001,1,adolescent,medications,1,0,0,1,1,1.0,1.0,1.0
anthropic_claude-sonnet-5,REC-ado-eme-001,1,adolescent,labs,1,0,0,1,1,1.0,1.0,1.0
anthropic_claude-sonnet-5,REC-ado-eme-001,1,adolescent,procedures,1,0,0,1,1,1.0,1.0,1.0
anthropic_claude-sonnet-5,REC-ado-eme-001,1,adolescent,temporal,0,3,0,0,3,0.0,0.0,0.0
anthropic_claude-sonnet-5,REC-ado-eme-002,1,adolescent,diagnoses,2,1,0,2,3,0.6666666666666666,1.0,0.8
anthropic_claude-sonnet-5,REC-ado-eme-002,1,adolescent,medications,1,0,0,1,1,1.0,1.0,1.0
anthropic_claude-sonnet-5,REC-ado-eme-002,1,adolescent,labs,0,0,0,0,0,0.0,0.0,0.0
anthropic_claude-sonnet-5,REC-ado-eme-002,1,adolescent,procedures,1,1,0,1,2,0.5,1.0,0.6666666666666666
anthropic_claude-sonnet-5,REC-ado-eme-002,1,adolescent,temporal,0,5,2,2,5,0.0,0.0,0.0
anthropic_claude-sonnet-5,REC-ado-eme-003,1,adolescent,diagnoses,1,1,0,1,2,0.5,1.0,0.6666666666666666
anthropic_claude-sonnet-5,REC-ado-eme-003,1,adolescent,medications,1,0,0,1,1,1.0,1.0,1.0
anthropic_claude-sonnet-5,REC-ado-eme-003,1,adolescent,labs,0,0,0,0,0,0.0,0.0,0.0
anthropic_claude-sonnet-5,REC-ado-eme-003,1,adolescent,procedures,1,1,0,1,2,0.5,1.0,0.6666666666666666
anthropic_claude-sonnet-5,REC-ado-eme-003,1,adolescent,temporal,0,5,2,2,5,0.0,0.0,0.0
anthropic_claude-sonnet-5,REC-ado-eme-004,1,adolescent,diagnoses,2,1,0,2,3,0.6666666666666666,1.0,0.8
anthropic_claude-sonnet-5,REC-ado-eme-004,1,adolescent,medications,1,0,0,1,1,1.0,1.0,1.0
anthropic_claude-sonnet-5,REC-ado-eme-004,1,adolescent,labs,1,0,0,1,1,1.0,1.0,1.0
anthropic_claude-sonnet-5,REC-ado-eme-004,1,adolescent,procedures,1,1,0,1,2,0.5,1.0,0.6666666666666666
anthropic_claude-sonnet-5,REC-ado-eme-004,1,adolescent,temporal,0,4,2,2,4,0.0,0.0,0.0
anthropic_claude-sonnet-5,REC-ado-eme-005,1,adolescent,diagnoses,2,0,0,2,2,1.0,1.0,1.0
anthropic_claude-sonnet-5,REC-ado-eme-005,1,adolescent,medications,1,0,0,1,1,1.0,1.0,1.0
anthropic_claude-sonnet-5,REC-ado-eme-005,1,adolescent,labs,0,0,0,0,0,0.0,0.0,0.0
anthropic_claude-sonnet-5,REC-ado-eme-005,1,adolescent,procedures,1,0,0,1,1,1.0,1.0,1.0
anthropic_claude-sonnet-5,REC-ado-eme-005,1,adolescent,temporal,0,4,1,1,4,0.0,0.0,0.0
anthropic_claude-sonnet-5,REC-ado-eme-006,1,adolescent,diagnoses,2,1,0,2,3,0.6666666666666666,1.0,0.8
anthropic_claude-sonnet-5,REC-ado-eme-006,1,adolescent,medications,1,0,0,1,1,1.0,1.0,1.0
anthropic_claude-sonnet-5,REC-ado-eme-006,1,adolescent,labs,0,0,0,0,0,0.0,0.0,0.0
anthropic_claude-sonnet-5,REC-ado-eme-006,1,adolescent,procedures,1,0,0,1,1,1.0,1.0,1.0
anthropic_claude-sonnet-5,REC-ado-eme-006,1,adolescent,temporal,0,3,2,2,3,0.0,0.0,0.0
anthropic_claude-sonnet-5,REC-ado-eme-007,1,adolescent,diagnoses,3,0,0,3,3,1.0,1.0,1.0
anthropic_claude-sonnet-5,REC-ado-eme-007,1,adolescent,medications,1,0,0,1,1,1.0,1.0,1.0
anthropic_claude-sonnet-5,REC-ado-eme-007,1,adolescent,labs,1,0,0,1,1,1.0,1.0,1.0
anthropic_claude-sonnet-5,REC-ado-eme-007,1,adolescent,procedures,1,0,0,1,1,1.0,1.0,1.0
anthropic_claude-sonnet-5,REC-ado-eme-007,1,adolescent,temporal,0,3,1,1,3,0.0,0.0,0.0
anthropic_claude-sonnet-5,REC-ado-eme-008,1,adolescent,diagnoses,2,0,0,2,2,1.0,1.0,1.0
anthropic_claude-sonnet-5,REC-ado-eme-008,1,adolescent,medications,1,0,0,1,1,1.0,1.0,1.0
anthropic_claude-sonnet-5,REC-ado-eme-008,1,adolescent,labs,0,0,0,0,0,0.0,0.0,0.0
anthropic_claude-sonnet-5,REC-ado-eme-008,1,adolescent,procedures,1,1,0,1,2,0.5,1.0,0.6666666666666666
anthropic_claude-sonnet-5,REC-ado-eme-008,1,adolescent,temporal,0,4,2,2,4,0.0,0.0,0.0
anthropic_claude-sonnet-5,REC-ado-eme-009,1,adolescent,diagnoses,2,0,0,2,2,1.0,1.0,1.0
anthropic_claude-sonnet-5,REC-ado-eme-009,1,adolescent,medications,1,0,0,1,1,1.0,1.0,1.0
anthropic_claude-sonnet-5,REC-ado-eme-009,1,adolescent,labs,0,0,0,0,0,0.0,0.0,0.0
anthropic_claude-sonnet-5,REC-ado-eme-009,1,adolescent,procedures,1,1,0,1,2,0.5,1.0,0.6666666666666666
anthropic_claude-sonnet-5,REC-ado-eme-009,1,adolescent,temporal,0,2,2,2,2,0.0,0.0,0.0
anthropic_claude-sonnet-5,REC-ado-eme-010,1,adolescent,diagnoses,1,1,0,1,2,0.5,1.0,0.6666666666666666
anthropic_claude-sonnet-5,REC-ado-eme-010,1,adolescent,medications,1,0,0,1,1,1.0,1.0,1.0
anthropic_claude-sonnet-5,REC-ado-eme-010,1,adolescent,labs,1,0,0,1,1,1.0,1.0,1.0
anthropic_claude-sonnet-5,REC-ado-eme-010,1,adolescent,procedures,1,1,0,1,2,0.5,1.0,0.6666666666666666
anthropic_claude-sonnet-5,REC-ado-eme-010,1,adolescent,temporal,0,6,3,3,6,0.0,0.0,0.0
anthropic_claude-sonnet-5,REC-ado-icu-001,1,adolescent,diagnoses,1,0,0,1,1,1.0,1.0,1.0
anthropic_claude-sonnet-5,REC-ado-icu-001,1,adolescent,medications,1,0,0,1,1,1.0,1.0,1.0
anthropic_claude-sonnet-5,REC-ado-icu-001,1,adolescent,labs,1,0,0,1,1,1.0,1.0,1.0
anthropic_claude-sonnet-5,REC-ado-icu-001,1,adolescent,procedures,1,1,0,1,2,0.5,1.0,0.6666666666666666
anthropic_claude-sonnet-5,REC-ado-icu-001,1,adolescent,temporal,0,4,1,1,4,0.0,0.0,0.0
anthropic_claude-sonnet-5,REC-ado-icu-002,1,adolescent,diagnoses,2,0,0,2,2,1.0,1.0,1.0
anthropic_claude-sonnet-5,REC-ado-icu-002,1,adolescent,medications,1,0,0,1,1,1.0,1.0,1.0
anthropic_claude-sonnet-5,REC-ado-icu-002,1,adolescent,labs,1,0,0,1,1,1.0,1.0,1.0
anthropic_claude-sonnet-5,REC-ado-icu-002,1,adolescent,procedures,1,1,0,1,2,0.5,1.0,0.6666666666666666
anthropic_claude-sonnet-5,REC-ado-icu-002,1,adolescent,temporal,0,4,1,1,4,0.0,0.0,0.0
anthropic_claude-sonnet-5,REC-ado-icu-003,1,adolescent,diagnoses,2,1,0,2,3,0.6666666666666666,1.0,0.8
anthropic_claude-sonnet-5,REC-ado-icu-003,1,adolescent,medications,1,0,0,1,1,1.0,1.0,1.0
anthropic_claude-sonnet-5,REC-ado-icu-003,1,adolescent,labs,1,0,0,1,1,1.0,1.0,1.0
anthropic_claude-sonnet-5,REC-ado-icu-003,1,adolescent,procedures,1,1,0,1,2,0.5,1.0,0.6666666666666666
anthropic_claude-sonnet-5,REC-ado-icu-003,1,adolescent,temporal,0,4,2,2,4,0.0,0.0,0.0
anthropic_claude-sonnet-5,REC-ado-icu-004,1,adolescent,diagnoses,2,0,0,2,2,1.0,1.0,1.0
anthropic_claude-sonnet-5,REC-ado-icu-004,1,adolescent,medications,1,0,0,1,1,1.0,1.0,1.0
anthropic_claude-sonnet-5,REC-ado-icu-004,1,adolescent,labs,1,0,0,1,1,1.0,1.0,1.0
anthropic_claude-sonnet-5,REC-ado-icu-004,1,adolescent,procedures,1,1,0,1,2,0.5,1.0,0.6666666666666666
anthropic_claude-sonnet-5,REC-ado-icu-004,1,adolescent,temporal,0,4,2,2,4,0.0,0.0,0.0
anthropic_claude-sonnet-5,REC-ado-icu-005,1,adolescent,diagnoses,2,1,0,2,3,0.6666666666666666,1.0,0.8
anthropic_claude-sonnet-5,REC-ado-icu-005,1,adolescent,medications,1,0,0,1,1,1.0,1.0,1.0
anthropic_claude-sonnet-5,REC-ado-icu-005,1,adolescent,labs,1,0,0,1,1,1.0,1.0,1.0
anthropic_claude-sonnet-5,REC-ado-icu-005,1,adolescent,procedures,1,1,0,1,2,0.5,1.0,0.6666666666666666
anthropic_claude-sonnet-5,REC-ado-icu-005,1,adolescent,temporal,0,6,2,2,6,0.0,0.0,0.0
anthropic_claude-sonnet-5,REC-ado-icu-006,1,adolescent,diagnoses,2,1,0,2,3,0.6666666666666666,1.0,0.8
anthropic_claude-sonnet-5,REC-ado-icu-006,1,adolescent,medications,1,0,0,1,1,1.0,1.0,1.0
anthropic_claude-sonnet-5,REC-ado-icu-006,1,adolescent,labs,1,0,0,1,1,1.0,1.0,1.0
anthropic_claude-sonnet-5,REC-ado-icu-006,1,adolescent,procedures,1,0,0,1,1,1.0,1.0,1.0
anthropic_claude-sonnet-5,REC-ado-icu-006,1,adolescent,temporal,0,5,1,1,5,0.0,0.0,0.0
anthropic_claude-sonnet-5,REC-ado-icu-007,1,adolescent,diagnoses,1,1,0,1,2,0.5,1.0,0.6666666666666666
anthropic_claude-sonnet-5,REC-ado-icu-007,1,adolescent,medications,1,0,0,1,1,1.0,1.0,1.0
anthropic_claude-sonnet-5,REC-ado-icu-007,1,adolescent,labs,1,0,0,1,1,1.0,1.0,1.0
anthropic_claude-sonnet-5,REC-ado-icu-007,1,adolescent,procedures,1,1,0,1,2,0.5,1.0,0.6666666666666666
anthropic_claude-sonnet-5,REC-ado-icu-007,1,adolescent,temporal,0,3,2,2,3,0.0,0.0,0.0
anthropic_claude-sonnet-5,REC-ado-icu-008,1,adolescent,diagnoses,1,1,0,1,2,0.5,1.0,0.6666666666666666
anthropic_claude-sonnet-5,REC-ado-icu-008,1,adolescent,medications,1,0,0,1,1,1.0,1.0,1.0
anthropic_claude-sonnet-5,REC-ado-icu-008,1,adolescent,labs,1,0,0,1,1,1.0,1.0,1.0
anthropic_claude-sonnet-5,REC-ado-icu-008,1,adolescent,procedures,1,0,0,1,1,1.0,1.0,1.0
anthropic_claude-sonnet-5,REC-ado-icu-008,1,adolescent,temporal,0,4,2,2,4,0.0,0.0,0.0
anthropic_claude-sonnet-5,REC-ado-icu-009,1,adolescent,diagnoses,2,0,0,2,2,1.0,1.0,1.0
anthropic_claude-sonnet-5,REC-ado-icu-009,1,adolescent,medications,1,0,0,1,1,1.0,1.0,1.0
anthropic_claude-sonnet-5,REC-ado-icu-009,1,adolescent,labs,1,0,0,1,1,1.0,1.0,1.0
anthropic_claude-sonnet-5,REC-ado-icu-009,1,adolescent,procedures,1,0,0,1,1,1.0,1.0,1.0
anthropic_claude-sonnet-5,REC-ado-icu-009,1,adolescent,temporal,0,3,1,1,3,0.0,0.0,0.0
anthropic_claude-sonnet-5,REC-ado-icu-010,1,adolescent,diagnoses,2,0,0,2,2,1.0,1.0,1.0
anthropic_claude-sonnet-5,REC-ado-icu-010,1,adolescent,medications,1,0,0,1,1,1.0,1.0,1.0
anthropic_claude-sonnet-5,REC-ado-icu-010,1,adolescent,labs,1,0,0,1,1,1.0,1.0,1.0
anthropic_claude-sonnet-5,REC-ado-icu-010,1,adolescent,procedures,1,1,0,1,2,0.5,1.0,0.6666666666666666
anthropic_claude-sonnet-5,REC-ado-icu-010,1,adolescent,temporal,0,3,1,1,3,0.0,0.0,0.0
anthropic_claude-sonnet-5,REC-ado-inp-001,1,adolescent,diagnoses,2,0,0,2,2,1.0,1.0,1.0
anthropic_claude-sonnet-5,REC-ado-inp-001,1,adolescent,medications,1,0,0,1,1,1.0,1.0,1.0
anthropic_claude-sonnet-5,REC-ado-inp-001,1,adolescent,labs,1,0,0,1,1,1.0,1.0,1.0
anthropic_claude-sonnet-5,REC-ado-inp-001,1,adolescent,procedures,1,1,0,1,2,0.5,1.0,0.6666666666666666
anthropic_claude-sonnet-5,REC-ado-inp-001,1,adolescent,temporal,0,3,2,2,3,0.0,0.0,0.0
anthropic_claude-sonnet-5,REC-ado-inp-002,1,adolescent,diagnoses,2,0,0,2,2,1.0,1.0,1.0
anthropic_claude-sonnet-5,REC-ado-inp-002,1,adolescent,medications,1,0,0,1,1,1.0,1.0,1.0
anthropic_claude-sonnet-5,REC-ado-inp-002,1,adolescent,labs,0,0,0,0,0,0.0,0.0,0.0
anthropic_claude-sonnet-5,REC-ado-inp-002,1,adolescent,procedures,1,1,0,1,2,0.5,1.0,0.6666666666666666
anthropic_claude-sonnet-5,REC-ado-inp-002,1,adolescent,temporal,0,2,2,2,2,0.0,0.0,0.0
anthropic_claude-sonnet-5,REC-ado-inp-003,1,adolescent,diagnoses,2,1,0,2,3,0.6666666666666666,1.0,0.8
anthropic_claude-sonnet-5,REC-ado-inp-003,1,adolescent,medications,1,0,0,1,1,1.0,1.0,1.0
anthropic_claude-sonnet-5,REC-ado-inp-003,1,adolescent,labs,0,0,0,0,0,0.0,0.0,0.0
anthropic_claude-sonnet-5,REC-ado-inp-003,1,adolescent,procedures,1,1,0,1,2,0.5,1.0,0.6666666666666666
anthropic_claude-sonnet-5,REC-ado-inp-003,1,adolescent,temporal,0,3,2,2,3,0.0,0.0,0.0
anthropic_claude-sonnet-5,REC-ado-inp-004,1,adolescent,diagnoses,3,1,0,3,4,0.75,1.0,0.8571428571428571
anthropic_claude-sonnet-5,REC-ado-inp-004,1,adolescent,medications,1,0,0,1,1,1.0,1.0,1.0
anthropic_claude-sonnet-5,REC-ado-inp-004,1,adolescent,labs,1,0,0,1,1,1.0,1.0,1.0
anthropic_claude-sonnet-5,REC-ado-inp-004,1,adolescent,procedures,1,0,0,1,1,1.0,1.0,1.0
anthropic_claude-sonnet-5,REC-ado-inp-004,1,adolescent,temporal,0,0,1,1,0,0.0,0.0,0.0
anthropic_claude-sonnet-5,REC-ado-inp-005,1,adolescent,diagnoses,2,0,0,2,2,1.0,1.0,1.0
anthropic_claude-sonnet-5,REC-ado-inp-005,1,adolescent,medications,1,0,0,1,1,1.0,1.0,1.0
anthropic_claude-sonnet-5,REC-ado-inp-005,1,adolescent,labs,0,0,0,0,0,0.0,0.0,0.0
anthropic_claude-sonnet-5,REC-ado-inp-005,1,adolescent,procedures,1,1,0,1,2,0.5,1.0,0.6666666666666666
anthropic_claude-sonnet-5,REC-ado-inp-005,1,adolescent,temporal,0,4,2,2,4,0.0,0.0,0.0
anthropic_claude-sonnet-5,REC-ado-inp-006,1,adolescent,diagnoses,2,1,0,2,3,0.6666666666666666,1.0,0.8
anthropic_claude-sonnet-5,REC-ado-inp-006,1,adolescent,medications,1,0,0,1,1,1.0,1.0,1.0
anthropic_claude-sonnet-5,REC-ado-inp-006,1,adolescent,labs,0,0,0,0,0,0.0,0.0,0.0
anthropic_claude-sonnet-5,REC-ado-inp-006,1,adolescent,procedures,1,1,0,1,2,0.5,1.0,0.6666666666666666
anthropic_claude-sonnet-5,REC-ado-inp-006,1,adolescent,temporal,0,4,2,2,4,0.0,0.0,0.0
anthropic_claude-sonnet-5,REC-ado-inp-007,1,adolescent,diagnoses,1,0,0,1,1,1.0,1.0,1.0
anthropic_claude-sonnet-5,REC-ado-inp-007,1,adolescent,medications,1,0,0,1,1,1.0,1.0,1.0
anthropic_claude-sonnet-5,REC-ado-inp-007,1,adolescent,labs,1,0,0,1,1,1.0,1.0,1.0
anthropic_claude-sonnet-5,REC-ado-inp-007,1,adolescent,procedures,1,0,0,1,1,1.0,1.0,1.0
anthropic_claude-sonnet-5,REC-ado-inp-007,1,adolescent,temporal,0,2,1,1,2,0.0,0.0,0.0
anthropic_claude-sonnet-5,REC-ado-inp-008,1,adolescent,diagnoses,2,1,0,2,3,0.6666666666666666,1.0,0.8
anthropic_claude-sonnet-5,REC-ado-inp-008,1,adolescent,medications,1,0,0,1,1,1.0,1.0,1.0
anthropic_claude-sonnet-5,REC-ado-inp-008,1,adolescent,labs,0,0,0,0,0,0.0,0.0,0.0
anthropic_claude-sonnet-5,REC-ado-inp-008,1,adolescent,procedures,1,0,0,1,1,1.0,1.0,1.0
anthropic_claude-sonnet-5,REC-ado-inp-008,1,adolescent,temporal,0,3,1,1,3,0.0,0.0,0.0
anthropic_claude-sonnet-5,REC-ado-inp-009,1,adolescent,diagnoses,2,0,0,2,2,1.0,1.0,1.0
anthropic_claude-sonnet-5,REC-ado-inp-009,1,adolescent,medications,1,0,0,1,1,1.0,1.0,1.0
anthropic_claude-sonnet-5,REC-ado-inp-009,1,adolescent,labs,0,0,0,0,0,0.0,0.0,0.0
anthropic_claude-sonnet-5,REC-ado-inp-009,1,adolescent,procedures,1,0,0,1,1,1.0,1.0,1.0
anthropic_claude-sonnet-5,REC-ado-inp-009,1,adolescent,temporal,0,3,0,0,3,0.0,0.0,0.0
anthropic_claude-sonnet-5,REC-ado-inp-010,1,adolescent,diagnoses,1,1,0,1,2,0.5,1.0,0.6666666666666666
anthropic_claude-sonnet-5,REC-ado-inp-010,1,adolescent,medications,1,0,0,1,1,1.0,1.0,1.0
anthropic_claude-sonnet-5,REC-ado-inp-010,1,adolescent,labs,1,0,0,1,1,1.0,1.0,1.0
anthropic_claude-sonnet-5,REC-ado-inp-010,1,adolescent,procedures,1,0,0,1,1,1.0,1.0,1.0
anthropic_claude-sonnet-5,REC-ado-inp-010,1,adolescent,temporal,0,4,1,1,4,0.0,0.0,0.0
anthropic_claude-sonnet-5,REC-ado-out-001,1,adolescent,diagnoses,3,0,0,3,3,1.0,1.0,1.0
anthropic_claude-sonnet-5,REC-ado-out-001,1,adolescent,medications,1,0,0,1,1,1.0,1.0,1.0
anthropic_claude-sonnet-5,REC-ado-out-001,1,adolescent,labs,0,0,0,0,0,0.0,0.0,0.0
anthropic_claude-sonnet-5,REC-ado-out-001,1,adolescent,procedures,1,0,0,1,1,1.0,1.0,1.0
anthropic_claude-sonnet-5,REC-ado-out-001,1,adolescent,temporal,0,2,0,0,2,0.0,0.0,0.0
anthropic_claude-sonnet-5,REC-ado-out-002,1,adolescent,diagnoses,2,0,0,2,2,1.0,1.0,1.0
anthropic_claude-sonnet-5,REC-ado-out-002,1,adolescent,medications,1,0,0,1,1,1.0,1.0,1.0
anthropic_claude-sonnet-5,REC-ado-out-002,1,adolescent,labs,0,0,0,0,0,0.0,0.0,0.0
anthropic_claude-sonnet-5,REC-ado-out-002,1,adolescent,procedures,1,1,0,1,2,0.5,1.0,0.6666666666666666
anthropic_claude-sonnet-5,REC-ado-out-002,1,adolescent,temporal,0,4,2,2,4,0.0,0.0,0.0
anthropic_claude-sonnet-5,REC-ado-out-003,1,adolescent,diagnoses,2,0,0,2,2,1.0,1.0,1.0
anthropic_claude-sonnet-5,REC-ado-out-003,1,adolescent,medications,1,0,0,1,1,1.0,1.0,1.0
anthropic_claude-sonnet-5,REC-ado-out-003,1,adolescent,labs,0,0,0,0,0,0.0,0.0,0.0
anthropic_claude-sonnet-5,REC-ado-out-003,1,adolescent,procedures,1,0,0,1,1,1.0,1.0,1.0
anthropic_claude-sonnet-5,REC-ado-out-003,1,adolescent,temporal,0,3,1,1,3,0.0,0.0,0.0
anthropic_claude-sonnet-5,REC-ado-out-004,1,adolescent,diagnoses,1,0,0,1,1,1.0,1.0,1.0
anthropic_claude-sonnet-5,REC-ado-out-004,1,adolescent,medications,1,0,0,1,1,1.0,1.0,1.0
anthropic_claude-sonnet-5,REC-ado-out-004,1,adolescent,labs,0,0,0,0,0,0.0,0.0,0.0
anthropic_claude-sonnet-5,REC-ado-out-004,1,adolescent,procedures,1,1,0,1,2,0.5,1.0,0.6666666666666666
anthropic_claude-sonnet-5,REC-ado-out-004,1,adolescent,temporal,0,2,1,1,2,0.0,0.0,0.0
anthropic_claude-sonnet-5,REC-ado-out-005,1,adolescent,diagnoses,2,0,0,2,2,1.0,1.0,1.0
anthropic_claude-sonnet-5,REC-ado-out-005,1,adolescent,medications,1,0,0,1,1,1.0,1.0,1.0
anthropic_claude-sonnet-5,REC-ado-out-005,1,adolescent,labs,0,0,0,0,0,0.0,0.0,0.0
anthropic_claude-sonnet-5,REC-ado-out-005,1,adolescent,procedures,1,1,0,1,2,0.5,1.0,0.6666666666666666
anthropic_claude-sonnet-5,REC-ado-out-005,1,adolescent,temporal,0,3,1,1,3,0.0,0.0,0.0
anthropic_claude-sonnet-5,REC-ado-out-006,1,adolescent,diagnoses,1,0,0,1,1,1.0,1.0,1.0
anthropic_claude-sonnet-5,REC-ado-out-006,1,adolescent,medications,1,0,0,1,1,1.0,1.0,1.0
anthropic_claude-sonnet-5,REC-ado-out-006,1,adolescent,labs,0,0,0,0,0,0.0,0.0,0.0
anthropic_claude-sonnet-5,REC-ado-out-006,1,adolescent,procedures,1,0,0,1,1,1.0,1.0,1.0
anthropic_claude-sonnet-5,REC-ado-out-006,1,adolescent,temporal,0,1,1,1,1,0.0,0.0,0.0
anthropic_claude-sonnet-5,REC-ado-out-007,1,adolescent,diagnoses,2,0,0,2,2,1.0,1.0,1.0
anthropic_claude-sonnet-5,REC-ado-out-007,1,adolescent,medications,1,0,0,1,1,1.0,1.0,1.0
anthropic_claude-sonnet-5,REC-ado-out-007,1,adolescent,labs,0,0,0,0,0,0.0,0.0,0.0
anthropic_claude-sonnet-5,REC-ado-out-007,1,adolescent,procedures,1,1,0,1,2,0.5,1.0,0.6666666666666666
anthropic_claude-sonnet-5,REC-ado-out-007,1,adolescent,temporal,0,4,2,2,4,0.0,0.0,0.0
anthropic_claude-sonnet-5,REC-ado-out-008,1,adolescent,diagnoses,1,0,0,1,1,1.0,1.0,1.0
anthropic_claude-sonnet-5,REC-ado-out-008,1,adolescent,medications,1,0,0,1,1,1.0,1.0,1.0
anthropic_claude-sonnet-5,REC-ado-out-008,1,adolescent,labs,0,0,0,0,0,0.0,0.0,0.0
anthropic_claude-sonnet-5,REC-ado-out-008,1,adolescent,procedures,1,0,0,1,1,1.0,1.0,1.0
anthropic_claude-sonnet-5,REC-ado-out-008,1,adolescent,temporal,0,1,1,1,1,0.0,0.0,0.0
anthropic_claude-sonnet-5,REC-ado-out-009,1,adolescent,diagnoses,2,1,0,2,3,0.6666666666666666,1.0,0.8
anthropic_claude-sonnet-5,REC-ado-out-009,1,adolescent,medications,1,0,0,1,1,1.0,1.0,1.0
anthropic_claude-sonnet-5,REC-ado-out-009,1,adolescent,labs,0,0,0,0,0,0.0,0.0,0.0
anthropic_claude-sonnet-5,REC-ado-out-009,1,adolescent,procedures,1,1,0,1,2,0.5,1.0,0.6666666666666666
anthropic_claude-sonnet-5,REC-ado-out-009,1,adolescent,temporal,0,4,2,2,4,0.0,0.0,0.0
anthropic_claude-sonnet-5,REC-ado-out-010,1,adolescent,diagnoses,2,0,0,2,2,1.0,1.0,1.0
anthropic_claude-sonnet-5,REC-ado-out-010,1,adolescent,medications,1,0,0,1,1,1.0,1.0,1.0
anthropic_claude-sonnet-5,REC-ado-out-010,1,adolescent,labs,0,0,0,0,0,0.0,0.0,0.0
anthropic_claude-sonnet-5,REC-ado-out-010,1,adolescent,procedures,1,0,0,1,1,1.0,1.0,1.0
anthropic_claude-sonnet-5,REC-ado-out-010,1,adolescent,temporal,0,1,1,1,1,0.0,0.0,0.0
anthropic_claude-sonnet-5,REC-chi-eme-001,1,child,diagnoses,2,0,0,2,2,1.0,1.0,1.0
anthropic_claude-sonnet-5,REC-chi-eme-001,1,child,medications,1,0,0,1,1,1.0,1.0,1.0
anthropic_claude-sonnet-5,REC-chi-eme-001,1,child,labs,0,0,0,0,0,0.0,0.0,0.0
anthropic_claude-sonnet-5,REC-chi-eme-001,1,child,procedures,1,1,0,1,2,0.5,1.0,0.6666666666666666
anthropic_claude-sonnet-5,REC-chi-eme-001,1,child,temporal,0,4,2,2,4,0.0,0.0,0.0
anthropic_claude-sonnet-5,REC-chi-eme-002,1,child,diagnoses,2,0,0,2,2,1.0,1.0,1.0
anthropic_claude-sonnet-5,REC-chi-eme-002,1,child,medications,1,0,0,1,1,1.0,1.0,1.0
anthropic_claude-sonnet-5,REC-chi-eme-002,1,child,labs,1,0,0,1,1,1.0,1.0,1.0
anthropic_claude-sonnet-5,REC-chi-eme-002,1,child,procedures,1,0,0,1,1,1.0,1.0,1.0
anthropic_claude-sonnet-5,REC-chi-eme-002,1,child,temporal,0,3,0,0,3,0.0,0.0,0.0
anthropic_claude-sonnet-5,REC-chi-eme-003,1,child,diagnoses,1,0,0,1,1,1.0,1.0,1.0
anthropic_claude-sonnet-5,REC-chi-eme-003,1,child,medications,1,0,0,1,1,1.0,1.0,1.0
anthropic_claude-sonnet-5,REC-chi-eme-003,1,child,labs,1,0,0,1,1,1.0,1.0,1.0
anthropic_claude-sonnet-5,REC-chi-eme-003,1,child,procedures,1,0,0,1,1,1.0,1.0,1.0
anthropic_claude-sonnet-5,REC-chi-eme-003,1,child,temporal,0,4,1,1,4,0.0,0.0,0.0
anthropic_claude-sonnet-5,REC-chi-eme-004,1,child,diagnoses,2,1,0,2,3,0.6666666666666666,1.0,0.8
anthropic_claude-sonnet-5,REC-chi-eme-004,1,child,medications,1,0,0,1,1,1.0,1.0,1.0
anthropic_claude-sonnet-5,REC-chi-eme-004,1,child,labs,0,0,0,0,0,0.0,0.0,0.0
anthropic_claude-sonnet-5,REC-chi-eme-004,1,child,procedures,1,0,0,1,1,1.0,1.0,1.0
anthropic_claude-sonnet-5,REC-chi-eme-004,1,child,temporal,0,5,2,2,5,0.0,0.0,0.0
anthropic_claude-sonnet-5,REC-chi-eme-005,1,child,diagnoses,2,0,0,2,2,1.0,1.0,1.0
anthropic_claude-sonnet-5,REC-chi-eme-005,1,child,medications,1,0,0,1,1,1.0,1.0,1.0
anthropic_claude-sonnet-5,REC-chi-eme-005,1,child,labs,1,0,0,1,1,1.0,1.0,1.0
anthropic_claude-sonnet-5,REC-chi-eme-005,1,child,procedures,1,0,0,1,1,1.0,1.0,1.0
anthropic_claude-sonnet-5,REC-chi-eme-005,1,child,temporal,0,3,0,0,3,0.0,0.0,0.0
anthropic_claude-sonnet-5,REC-chi-eme-006,1,child,diagnoses,2,0,0,2,2,1.0,1.0,1.0
anthropic_claude-sonnet-5,REC-chi-eme-006,1,child,medications,1,0,0,1,1,1.0,1.0,1.0
anthropic_claude-sonnet-5,REC-chi-eme-006,1,child,labs,1,0,0,1,1,1.0,1.0,1.0
anthropic_claude-sonnet-5,REC-chi-eme-006,1,child,procedures,1,0,0,1,1,1.0,1.0,1.0
anthropic_claude-sonnet-5,REC-chi-eme-006,1,child,temporal,0,2,0,0,2,0.0,0.0,0.0
anthropic_claude-sonnet-5,REC-chi-eme-007,1,child,diagnoses,2,1,0,2,3,0.6666666666666666,1.0,0.8
anthropic_claude-sonnet-5,REC-chi-eme-007,1,child,medications,1,0,0,1,1,1.0,1.0,1.0
anthropic_claude-sonnet-5,REC-chi-eme-007,1,child,labs,0,0,0,0,0,0.0,0.0,0.0
anthropic_claude-sonnet-5,REC-chi-eme-007,1,child,procedures,1,0,0,1,1,1.0,1.0,1.0
anthropic_claude-sonnet-5,REC-chi-eme-007,1,child,temporal,0,4,2,2,4,0.0,0.0,0.0
anthropic_claude-sonnet-5,REC-chi-eme-008,1,child,diagnoses,2,0,0,2,2,1.0,1.0,1.0
anthropic_claude-sonnet-5,REC-chi-eme-008,1,child,medications,1,0,0,1,1,1.0,1.0,1.0
anthropic_claude-sonnet-5,REC-chi-eme-008,1,child,labs,1,0,0,1,1,1.0,1.0,1.0
anthropic_claude-sonnet-5,REC-chi-eme-008,1,child,procedures,1,0,0,1,1,1.0,1.0,1.0
anthropic_claude-sonnet-5,REC-chi-eme-008,1,child,temporal,0,0,0,0,0,0.0,0.0,0.0
anthropic_claude-sonnet-5,REC-chi-eme-009,1,child,diagnoses,2,1,0,2,3,0.6666666666666666,1.0,0.8
anthropic_claude-sonnet-5,REC-chi-eme-009,1,child,medications,1,0,0,1,1,1.0,1.0,1.0
anthropic_claude-sonnet-5,REC-chi-eme-009,1,child,labs,1,0,0,1,1,1.0,1.0,1.0
anthropic_claude-sonnet-5,REC-chi-eme-009,1,child,procedures,1,0,0,1,1,1.0,1.0,1.0
anthropic_claude-sonnet-5,REC-chi-eme-009,1,child,temporal,0,4,2,2,4,0.0,0.0,0.0
anthropic_claude-sonnet-5,REC-chi-eme-010,1,child,diagnoses,3,0,0,3,3,1.0,1.0,1.0
anthropic_claude-sonnet-5,REC-chi-eme-010,1,child,medications,1,0,0,1,1,1.0,1.0,1.0
anthropic_claude-sonnet-5,REC-chi-eme-010,1,child,labs,0,0,0,0,0,0.0,0.0,0.0
anthropic_claude-sonnet-5,REC-chi-eme-010,1,child,procedures,1,0,0,1,1,1.0,1.0,1.0
anthropic_claude-sonnet-5,REC-chi-eme-010,1,child,temporal,0,1,0,0,1,0.0,0.0,0.0
anthropic_claude-sonnet-5,REC-chi-icu-001,1,child,diagnoses,1,0,0,1,1,1.0,1.0,1.0
anthropic_claude-sonnet-5,REC-chi-icu-001,1,child,medications,1,0,0,1,1,1.0,1.0,1.0
anthropic_claude-sonnet-5,REC-chi-icu-001,1,child,labs,0,0,0,0,0,0.0,0.0,0.0
anthropic_claude-sonnet-5,REC-chi-icu-001,1,child,procedures,1,0,0,1,1,1.0,1.0,1.0
anthropic_claude-sonnet-5,REC-chi-icu-001,1,child,temporal,0,1,1,1,1,0.0,0.0,0.0
anthropic_claude-sonnet-5,REC-chi-icu-002,1,child,diagnoses,1,1,0,1,2,0.5,1.0,0.6666666666666666
anthropic_claude-sonnet-5,REC-chi-icu-002,1,child,medications,1,0,0,1,1,1.0,1.0,1.0
anthropic_claude-sonnet-5,REC-chi-icu-002,1,child,labs,1,0,0,1,1,1.0,1.0,1.0
anthropic_claude-sonnet-5,REC-chi-icu-002,1,child,procedures,1,0,0,1,1,1.0,1.0,1.0
anthropic_claude-sonnet-5,REC-chi-icu-002,1,child,temporal,0,4,2,2,4,0.0,0.0,0.0
anthropic_claude-sonnet-5,REC-chi-icu-003,1,child,diagnoses,2,0,0,2,2,1.0,1.0,1.0
anthropic_claude-sonnet-5,REC-chi-icu-003,1,child,medications,1,0,0,1,1,1.0,1.0,1.0
anthropic_claude-sonnet-5,REC-chi-icu-003,1,child,labs,0,0,0,0,0,0.0,0.0,0.0
anthropic_claude-sonnet-5,REC-chi-icu-003,1,child,procedures,1,1,0,1,2,0.5,1.0,0.6666666666666666
anthropic_claude-sonnet-5,REC-chi-icu-003,1,child,temporal,0,2,1,1,2,0.0,0.0,0.0
anthropic_claude-sonnet-5,REC-chi-icu-004,1,child,diagnoses,2,1,0,2,3,0.6666666666666666,1.0,0.8
anthropic_claude-sonnet-5,REC-chi-icu-004,1,child,medications,1,0,0,1,1,1.0,1.0,1.0
anthropic_claude-sonnet-5,REC-chi-icu-004,1,child,labs,1,0,0,1,1,1.0,1.0,1.0
anthropic_claude-sonnet-5,REC-chi-icu-004,1,child,procedures,1,0,0,1,1,1.0,1.0,1.0
anthropic_claude-sonnet-5,REC-chi-icu-004,1,child,temporal,0,4,1,1,4,0.0,0.0,0.0
anthropic_claude-sonnet-5,REC-chi-icu-005,1,child,diagnoses,2,1,0,2,3,0.6666666666666666,1.0,0.8
anthropic_claude-sonnet-5,REC-chi-icu-005,1,child,medications,1,0,0,1,1,1.0,1.0,1.0
anthropic_claude-sonnet-5,REC-chi-icu-005,1,child,labs,0,0,0,0,0,0.0,0.0,0.0
anthropic_claude-sonnet-5,REC-chi-icu-005,1,child,procedures,1,1,0,1,2,0.5,1.0,0.6666666666666666
anthropic_claude-sonnet-5,REC-chi-icu-005,1,child,temporal,0,3,2,2,3,0.0,0.0,0.0
anthropic_claude-sonnet-5,REC-chi-icu-006,1,child,diagnoses,1,0,0,1,1,1.0,1.0,1.0
anthropic_claude-sonnet-5,REC-chi-icu-006,1,child,medications,1,0,0,1,1,1.0,1.0,1.0
anthropic_claude-sonnet-5,REC-chi-icu-006,1,child,labs,1,0,0,1,1,1.0,1.0,1.0
anthropic_claude-sonnet-5,REC-chi-icu-006,1,child,procedures,1,1,0,1,2,0.5,1.0,0.6666666666666666
anthropic_claude-sonnet-5,REC-chi-icu-006,1,child,temporal,0,3,2,2,3,0.0,0.0,0.0
anthropic_claude-sonnet-5,REC-chi-icu-007,1,child,diagnoses,1,0,0,1,1,1.0,1.0,1.0
anthropic_claude-sonnet-5,REC-chi-icu-007,1,child,medications,1,0,0,1,1,1.0,1.0,1.0
anthropic_claude-sonnet-5,REC-chi-icu-007,1,child,labs,0,0,0,0,0,0.0,0.0,0.0
anthropic_claude-sonnet-5,REC-chi-icu-007,1,child,procedures,1,0,0,1,1,1.0,1.0,1.0
anthropic_claude-sonnet-5,REC-chi-icu-007,1,child,temporal,0,3,2,2,3,0.0,0.0,0.0
anthropic_claude-sonnet-5,REC-chi-icu-008,1,child,diagnoses,1,0,0,1,1,1.0,1.0,1.0
anthropic_claude-sonnet-5,REC-chi-icu-008,1,child,medications,1,0,0,1,1,1.0,1.0,1.0
anthropic_claude-sonnet-5,REC-chi-icu-008,1,child,labs,1,0,0,1,1,1.0,1.0,1.0
anthropic_claude-sonnet-5,REC-chi-icu-008,1,child,procedures,1,0,0,1,1,1.0,1.0,1.0
anthropic_claude-sonnet-5,REC-chi-icu-008,1,child,temporal,0,2,1,1,2,0.0,0.0,0.0
anthropic_claude-sonnet-5,REC-chi-icu-009,1,child,diagnoses,2,0,0,2,2,1.0,1.0,1.0
anthropic_claude-sonnet-5,REC-chi-icu-009,1,child,medications,1,0,0,1,1,1.0,1.0,1.0
anthropic_claude-sonnet-5,REC-chi-icu-009,1,child,labs,0,0,0,0,0,0.0,0.0,0.0
anthropic_claude-sonnet-5,REC-chi-icu-009,1,child,procedures,1,1,0,1,2,0.5,1.0,0.6666666666666666
anthropic_claude-sonnet-5,REC-chi-icu-009,1,child,temporal,0,2,2,2,2,0.0,0.0,0.0
anthropic_claude-sonnet-5,REC-chi-icu-010,1,child,diagnoses,2,0,0,2,2,1.0,1.0,1.0
anthropic_claude-sonnet-5,REC-chi-icu-010,1,child,medications,1,0,0,1,1,1.0,1.0,1.0
anthropic_claude-sonnet-5,REC-chi-icu-010,1,child,labs,1,0,0,1,1,1.0,1.0,1.0
anthropic_claude-sonnet-5,REC-chi-icu-010,1,child,procedures,1,0,0,1,1,1.0,1.0,1.0
anthropic_claude-sonnet-5,REC-chi-icu-010,1,child,temporal,0,2,0,0,2,0.0,0.0,0.0
anthropic_claude-sonnet-5,REC-chi-inp-001,1,child,diagnoses,2,1,0,2,3,0.6666666666666666,1.0,0.8
anthropic_claude-sonnet-5,REC-chi-inp-001,1,child,medications,1,0,0,1,1,1.0,1.0,1.0
anthropic_claude-sonnet-5,REC-chi-inp-001,1,child,labs,0,0,0,0,0,0.0,0.0,0.0
anthropic_claude-sonnet-5,REC-chi-inp-001,1,child,procedures,1,0,0,1,1,1.0,1.0,1.0
anthropic_claude-sonnet-5,REC-chi-inp-001,1,child,temporal,0,2,2,2,2,0.0,0.0,0.0
anthropic_claude-sonnet-5,REC-chi-inp-002,1,child,diagnoses,1,0,0,1,1,1.0,1.0,1.0
anthropic_claude-sonnet-5,REC-chi-inp-002,1,child,medications,1,0,0,1,1,1.0,1.0,1.0
anthropic_claude-sonnet-5,REC-chi-inp-002,1,child,labs,1,0,0,1,1,1.0,1.0,1.0
anthropic_claude-sonnet-5,REC-chi-inp-002,1,child,procedures,1,0,0,1,1,1.0,1.0,1.0
anthropic_claude-sonnet-5,REC-chi-inp-002,1,child,temporal,0,3,1,1,3,0.0,0.0,0.0
anthropic_claude-sonnet-5,REC-chi-inp-003,1,child,diagnoses,2,0,0,2,2,1.0,1.0,1.0
anthropic_claude-sonnet-5,REC-chi-inp-003,1,child,medications,1,0,0,1,1,1.0,1.0,1.0
anthropic_claude-sonnet-5,REC-chi-inp-003,1,child,labs,1,0,0,1,1,1.0,1.0,1.0
anthropic_claude-sonnet-5,REC-chi-inp-003,1,child,procedures,1,0,0,1,1,1.0,1.0,1.0
anthropic_claude-sonnet-5,REC-chi-inp-003,1,child,temporal,0,4,0,0,4,0.0,0.0,0.0
anthropic_claude-sonnet-5,REC-chi-inp-004,1,child,diagnoses,2,1,0,2,3,0.6666666666666666,1.0,0.8
anthropic_claude-sonnet-5,REC-chi-inp-004,1,child,medications,1,0,0,1,1,1.0,1.0,1.0
anthropic_claude-sonnet-5,REC-chi-inp-004,1,child,labs,0,0,0,0,0,0.0,0.0,0.0
anthropic_claude-sonnet-5,REC-chi-inp-004,1,child,procedures,1,0,0,1,1,1.0,1.0,1.0
anthropic_claude-sonnet-5,REC-chi-inp-004,1,child,temporal,0,5,1,1,5,0.0,0.0,0.0
anthropic_claude-sonnet-5,REC-chi-inp-005,1,child,diagnoses,1,1,0,1,2,0.5,1.0,0.6666666666666666
anthropic_claude-sonnet-5,REC-chi-inp-005,1,child,medications,1,0,0,1,1,1.0,1.0,1.0
anthropic_claude-sonnet-5,REC-chi-inp-005,1,child,labs,1,0,0,1,1,1.0,1.0,1.0
anthropic_claude-sonnet-5,REC-chi-inp-005,1,child,procedures,1,0,0,1,1,1.0,1.0,1.0
anthropic_claude-sonnet-5,REC-chi-inp-005,1,child,temporal,0,3,1,1,3,0.0,0.0,0.0
anthropic_claude-sonnet-5,REC-chi-inp-006,1,child,diagnoses,1,1,0,1,2,0.5,1.0,0.6666666666666666
anthropic_claude-sonnet-5,REC-chi-inp-006,1,child,medications,1,0,0,1,1,1.0,1.0,1.0
anthropic_claude-sonnet-5,REC-chi-inp-006,1,child,labs,1,0,0,1,1,1.0,1.0,1.0
anthropic_claude-sonnet-5,REC-chi-inp-006,1,child,procedures,1,0,0,1,1,1.0,1.0,1.0
anthropic_claude-sonnet-5,REC-chi-inp-006,1,child,temporal,0,4,2,2,4,0.0,0.0,0.0
anthropic_claude-sonnet-5,REC-chi-inp-007,1,child,diagnoses,1,0,0,1,1,1.0,1.0,1.0
anthropic_claude-sonnet-5,REC-chi-inp-007,1,child,medications,1,0,0,1,1,1.0,1.0,1.0
anthropic_claude-sonnet-5,REC-chi-inp-007,1,child,labs,0,0,0,0,0,0.0,0.0,0.0
anthropic_claude-sonnet-5,REC-chi-inp-007,1,child,procedures,1,0,0,1,1,1.0,1.0,1.0
anthropic_claude-sonnet-5,REC-chi-inp-007,1,child,temporal,0,3,1,1,3,0.0,0.0,0.0
anthropic_claude-sonnet-5,REC-chi-inp-008,1,child,diagnoses,2,0,0,2,2,1.0,1.0,1.0
anthropic_claude-sonnet-5,REC-chi-inp-008,1,child,medications,1,0,0,1,1,1.0,1.0,1.0
anthropic_claude-sonnet-5,REC-chi-inp-008,1,child,labs,1,0,0,1,1,1.0,1.0,1.0
anthropic_claude-sonnet-5,REC-chi-inp-008,1,child,procedures,1,0,0,1,1,1.0,1.0,1.0
anthropic_claude-sonnet-5,REC-chi-inp-008,1,child,temporal,0,5,1,1,5,0.0,0.0,0.0
anthropic_claude-sonnet-5,REC-chi-inp-009,1,child,diagnoses,1,0,0,1,1,1.0,1.0,1.0
anthropic_claude-sonnet-5,REC-chi-inp-009,1,child,medications,1,0,0,1,1,1.0,1.0,1.0
anthropic_claude-sonnet-5,REC-chi-inp-009,1,child,labs,1,0,0,1,1,1.0,1.0,1.0
anthropic_claude-sonnet-5,REC-chi-inp-009,1,child,procedures,1,1,0,1,2,0.5,1.0,0.6666666666666666
anthropic_claude-sonnet-5,REC-chi-inp-009,1,child,temporal,0,3,1,1,3,0.0,0.0,0.0
anthropic_claude-sonnet-5,REC-chi-inp-010,1,child,diagnoses,2,0,0,2,2,1.0,1.0,1.0
anthropic_claude-sonnet-5,REC-chi-inp-010,1,child,medications,1,0,0,1,1,1.0,1.0,1.0
anthropic_claude-sonnet-5,REC-chi-inp-010,1,child,labs,0,0,0,0,0,0.0,0.0,0.0
anthropic_claude-sonnet-5,REC-chi-inp-010,1,child,procedures,1,0,0,1,1,1.0,1.0,1.0
anthropic_claude-sonnet-5,REC-chi-inp-010,1,child,temporal,0,3,2,2,3,0.0,0.0,0.0
anthropic_claude-sonnet-5,REC-chi-out-001,1,child,diagnoses,2,0,0,2,2,1.0,1.0,1.0
anthropic_claude-sonnet-5,REC-chi-out-001,1,child,medications,1,0,0,1,1,1.0,1.0,1.0
anthropic_claude-sonnet-5,REC-chi-out-001,1,child,labs,0,0,0,0,0,0.0,0.0,0.0
anthropic_claude-sonnet-5,REC-chi-out-001,1,child,procedures,1,1,0,1,2,0.5,1.0,0.6666666666666666
anthropic_claude-sonnet-5,REC-chi-out-001,1,child,temporal,0,3,2,2,3,0.0,0.0,0.0
anthropic_claude-sonnet-5,REC-chi-out-002,1,child,diagnoses,2,1,0,2,3,0.6666666666666666,1.0,0.8
anthropic_claude-sonnet-5,REC-chi-out-002,1,child,medications,1,0,0,1,1,1.0,1.0,1.0
anthropic_claude-sonnet-5,REC-chi-out-002,1,child,labs,1,0,0,1,1,1.0,1.0,1.0
anthropic_claude-sonnet-5,REC-chi-out-002,1,child,procedures,1,1,0,1,2,0.5,1.0,0.6666666666666666
anthropic_claude-sonnet-5,REC-chi-out-002,1,child,temporal,0,3,2,2,3,0.0,0.0,0.0
anthropic_claude-sonnet-5,REC-chi-out-003,1,child,diagnoses,2,0,0,2,2,1.0,1.0,1.0
anthropic_claude-sonnet-5,REC-chi-out-003,1,child,medications,1,0,0,1,1,1.0,1.0,1.0
anthropic_claude-sonnet-5,REC-chi-out-003,1,child,labs,0,0,0,0,0,0.0,0.0,0.0
anthropic_claude-sonnet-5,REC-chi-out-003,1,child,procedures,1,1,0,1,2,0.5,1.0,0.6666666666666666
anthropic_claude-sonnet-5,REC-chi-out-003,1,child,temporal,0,3,1,1,3,0.0,0.0,0.0
anthropic_claude-sonnet-5,REC-chi-out-004,1,child,diagnoses,2,0,0,2,2,1.0,1.0,1.0
anthropic_claude-sonnet-5,REC-chi-out-004,1,child,medications,1,0,0,1,1,1.0,1.0,1.0
anthropic_claude-sonnet-5,REC-chi-out-004,1,child,labs,1,0,0,1,1,1.0,1.0,1.0
anthropic_claude-sonnet-5,REC-chi-out-004,1,child,procedures,1,0,0,1,1,1.0,1.0,1.0
anthropic_claude-sonnet-5,REC-chi-out-004,1,child,temporal,0,3,1,1,3,0.0,0.0,0.0
anthropic_claude-sonnet-5,REC-chi-out-005,1,child,diagnoses,1,1,0,1,2,0.5,1.0,0.6666666666666666
anthropic_claude-sonnet-5,REC-chi-out-005,1,child,medications,1,0,0,1,1,1.0,1.0,1.0
anthropic_claude-sonnet-5,REC-chi-out-005,1,child,labs,0,0,0,0,0,0.0,0.0,0.0
anthropic_claude-sonnet-5,REC-chi-out-005,1,child,procedures,1,1,0,1,2,0.5,1.0,0.6666666666666666
anthropic_claude-sonnet-5,REC-chi-out-005,1,child,temporal,0,1,2,2,1,0.0,0.0,0.0
anthropic_claude-sonnet-5,REC-chi-out-006,1,child,diagnoses,1,0,0,1,1,1.0,1.0,1.0
anthropic_claude-sonnet-5,REC-chi-out-006,1,child,medications,1,0,0,1,1,1.0,1.0,1.0
anthropic_claude-sonnet-5,REC-chi-out-006,1,child,labs,1,0,0,1,1,1.0,1.0,1.0
anthropic_claude-sonnet-5,REC-chi-out-006,1,child,procedures,1,1,0,1,2,0.5,1.0,0.6666666666666666
anthropic_claude-sonnet-5,REC-chi-out-006,1,child,temporal,0,4,2,2,4,0.0,0.0,0.0
anthropic_claude-sonnet-5,REC-chi-out-007,1,child,diagnoses,2,1,0,2,3,0.6666666666666666,1.0,0.8
anthropic_claude-sonnet-5,REC-chi-out-007,1,child,medications,1,0,0,1,1,1.0,1.0,1.0
anthropic_claude-sonnet-5,REC-chi-out-007,1,child,labs,0,0,0,0,0,0.0,0.0,0.0
anthropic_claude-sonnet-5,REC-chi-out-007,1,child,procedures,1,1,0,1,2,0.5,1.0,0.6666666666666666
anthropic_claude-sonnet-5,REC-chi-out-007,1,child,temporal,0,5,2,2,5,0.0,0.0,0.0
anthropic_claude-sonnet-5,REC-chi-out-008,1,child,diagnoses,3,0,0,3,3,1.0,1.0,1.0
anthropic_claude-sonnet-5,REC-chi-out-008,1,child,medications,1,0,0,1,1,1.0,1.0,1.0
anthropic_claude-sonnet-5,REC-chi-out-008,1,child,labs,1,0,0,1,1,1.0,1.0,1.0
anthropic_claude-sonnet-5,REC-chi-out-008,1,child,procedures,1,0,0,1,1,1.0,1.0,1.0
anthropic_claude-sonnet-5,REC-chi-out-008,1,child,temporal,0,2,0,0,2,0.0,0.0,0.0
anthropic_claude-sonnet-5,REC-chi-out-009,1,child,diagnoses,2,0,0,2,2,1.0,1.0,1.0
anthropic_claude-sonnet-5,REC-chi-out-009,1,child,medications,1,0,0,1,1,1.0,1.0,1.0
anthropic_claude-sonnet-5,REC-chi-out-009,1,child,labs,0,0,0,0,0,0.0,0.0,0.0
anthropic_claude-sonnet-5,REC-chi-out-009,1,child,procedures,1,0,0,1,1,1.0,1.0,1.0
anthropic_claude-sonnet-5,REC-chi-out-009,1,child,temporal,0,2,1,1,2,0.0,0.0,0.0
anthropic_claude-sonnet-5,REC-chi-out-010,1,child,diagnoses,1,0,0,1,1,1.0,1.0,1.0
anthropic_claude-sonnet-5,REC-chi-out-010,1,child,medications,1,0,0,1,1,1.0,1.0,1.0
anthropic_claude-sonnet-5,REC-chi-out-010,1,child,labs,1,0,0,1,1,1.0,1.0,1.0
anthropic_claude-sonnet-5,REC-chi-out-010,1,child,procedures,1,0,0,1,1,1.0,1.0,1.0
anthropic_claude-sonnet-5,REC-chi-out-010,1,child,temporal,0,2,2,2,2,0.0,0.0,0.0
anthropic_claude-sonnet-5,REC-inf-eme-001,1,infant,diagnoses,3,0,0,3,3,1.0,1.0,1.0
anthropic_claude-sonnet-5,REC-inf-eme-001,1,infant,medications,0,0,0,0,0,0.0,0.0,0.0
anthropic_claude-sonnet-5,REC-inf-eme-001,1,infant,labs,0,0,0,0,0,0.0,0.0,0.0
anthropic_claude-sonnet-5,REC-inf-eme-001,1,infant,procedures,1,0,0,1,1,1.0,1.0,1.0
anthropic_claude-sonnet-5,REC-inf-eme-001,1,infant,temporal,0,1,0,0,1,0.0,0.0,0.0
anthropic_claude-sonnet-5,REC-inf-eme-002,1,infant,diagnoses,2,0,0,2,2,1.0,1.0,1.0
anthropic_claude-sonnet-5,REC-inf-eme-002,1,infant,medications,1,0,0,1,1,1.0,1.0,1.0
anthropic_claude-sonnet-5,REC-inf-eme-002,1,infant,labs,0,0,0,0,0,0.0,0.0,0.0
anthropic_claude-sonnet-5,REC-inf-eme-002,1,infant,procedures,1,0,0,1,1,1.0,1.0,1.0
anthropic_claude-sonnet-5,REC-inf-eme-002,1,infant,temporal,0,1,1,1,1,0.0,0.0,0.0
anthropic_claude-sonnet-5,REC-inf-eme-003,1,infant,diagnoses,2,1,0,2,3,0.6666666666666666,1.0,0.8
anthropic_claude-sonnet-5,REC-inf-eme-003,1,infant,medications,1,0,0,1,1,1.0,1.0,1.0
anthropic_claude-sonnet-5,REC-inf-eme-003,1,infant,labs,1,0,0,1,1,1.0,1.0,1.0
anthropic_claude-sonnet-5,REC-inf-eme-003,1,infant,procedures,1,0,0,1,1,1.0,1.0,1.0
anthropic_claude-sonnet-5,REC-inf-eme-003,1,infant,temporal,0,4,2,2,4,0.0,0.0,0.0
anthropic_claude-sonnet-5,REC-inf-eme-004,1,infant,diagnoses,2,1,0,2,3,0.6666666666666666,1.0,0.8
anthropic_claude-sonnet-5,REC-inf-eme-004,1,infant,medications,0,0,0,0,0,0.0,0.0,0.0
anthropic_claude-sonnet-5,REC-inf-eme-004,1,infant,labs,0,0,0,0,0,0.0,0.0,0.0
anthropic_claude-sonnet-5,REC-inf-eme-004,1,infant,procedures,1,1,0,1,2,0.5,1.0,0.6666666666666666
anthropic_claude-sonnet-5,REC-inf-eme-004,1,infant,temporal,0,4,2,2,4,0.0,0.0,0.0
anthropic_claude-sonnet-5,REC-inf-eme-005,1,infant,diagnoses,1,1,0,1,2,0.5,1.0,0.6666666666666666
anthropic_claude-sonnet-5,REC-inf-eme-005,1,infant,medications,1,0,0,1,1,1.0,1.0,1.0
anthropic_claude-sonnet-5,REC-inf-eme-005,1,infant,labs,0,0,0,0,0,0.0,0.0,0.0
anthropic_claude-sonnet-5,REC-inf-eme-005,1,infant,procedures,1,0,0,1,1,1.0,1.0,1.0
anthropic_claude-sonnet-5,REC-inf-eme-005,1,infant,temporal,0,3,2,2,3,0.0,0.0,0.0
anthropic_claude-sonnet-5,REC-inf-eme-006,1,infant,diagnoses,1,0,0,1,1,1.0,1.0,1.0
anthropic_claude-sonnet-5,REC-inf-eme-006,1,infant,medications,1,0,0,1,1,1.0,1.0,1.0
anthropic_claude-sonnet-5,REC-inf-eme-006,1,infant,labs,1,0,0,1,1,1.0,1.0,1.0
anthropic_claude-sonnet-5,REC-inf-eme-006,1,infant,procedures,1,0,0,1,1,1.0,1.0,1.0
anthropic_claude-sonnet-5,REC-inf-eme-006,1,infant,temporal,0,2,1,1,2,0.0,0.0,0.0
anthropic_claude-sonnet-5,REC-inf-eme-007,1,infant,diagnoses,3,0,0,3,3,1.0,1.0,1.0
anthropic_claude-sonnet-5,REC-inf-eme-007,1,infant,medications,0,0,0,0,0,0.0,0.0,0.0
anthropic_claude-sonnet-5,REC-inf-eme-007,1,infant,labs,0,0,0,0,0,0.0,0.0,0.0
anthropic_claude-sonnet-5,REC-inf-eme-007,1,infant,procedures,1,0,0,1,1,1.0,1.0,1.0
anthropic_claude-sonnet-5,REC-inf-eme-007,1,infant,temporal,0,2,1,1,2,0.0,0.0,0.0
anthropic_claude-sonnet-5,REC-inf-eme-008,1,infant,diagnoses,1,0,0,1,1,1.0,1.0,1.0
anthropic_claude-sonnet-5,REC-inf-eme-008,1,infant,medications,1,0,0,1,1,1.0,1.0,1.0
anthropic_claude-sonnet-5,REC-inf-eme-008,1,infant,labs,0,0,0,0,0,0.0,0.0,0.0
anthropic_claude-sonnet-5,REC-inf-eme-008,1,infant,procedures,1,0,0,1,1,1.0,1.0,1.0
anthropic_claude-sonnet-5,REC-inf-eme-008,1,infant,temporal,0,2,2,2,2,0.0,0.0,0.0
anthropic_claude-sonnet-5,REC-inf-eme-009,1,infant,diagnoses,1,0,0,1,1,1.0,1.0,1.0
anthropic_claude-sonnet-5,REC-inf-eme-009,1,infant,medications,1,0,0,1,1,1.0,1.0,1.0
anthropic_claude-sonnet-5,REC-inf-eme-009,1,infant,labs,1,0,0,1,1,1.0,1.0,1.0
anthropic_claude-sonnet-5,REC-inf-eme-009,1,infant,procedures,1,1,0,1,2,0.5,1.0,0.6666666666666666
anthropic_claude-sonnet-5,REC-inf-eme-009,1,infant,temporal,0,4,3,3,4,0.0,0.0,0.0
anthropic_claude-sonnet-5,REC-inf-eme-010,1,infant,diagnoses,1,1,0,1,2,0.5,1.0,0.6666666666666666
anthropic_claude-sonnet-5,REC-inf-eme-010,1,infant,medications,0,0,0,0,0,0.0,0.0,0.0
anthropic_claude-sonnet-5,REC-inf-eme-010,1,infant,labs,0,0,0,0,0,0.0,0.0,0.0
anthropic_claude-sonnet-5,REC-inf-eme-010,1,infant,procedures,1,0,0,1,1,1.0,1.0,1.0
anthropic_claude-sonnet-5,REC-inf-eme-010,1,infant,temporal,0,1,1,1,1,0.0,0.0,0.0
anthropic_claude-sonnet-5,REC-inf-icu-001,1,infant,diagnoses,1,0,0,1,1,1.0,1.0,1.0
anthropic_claude-sonnet-5,REC-inf-icu-001,1,infant,medications,0,0,0,0,0,0.0,0.0,0.0
anthropic_claude-sonnet-5,REC-inf-icu-001,1,infant,labs,0,0,0,0,0,0.0,0.0,0.0
anthropic_claude-sonnet-5,REC-inf-icu-001,1,infant,procedures,1,1,0,1,2,0.5,1.0,0.6666666666666666
anthropic_claude-sonnet-5,REC-inf-icu-001,1,infant,temporal,0,2,1,1,2,0.0,0.0,0.0
anthropic_claude-sonnet-5,REC-inf-icu-002,1,infant,diagnoses,2,0,0,2,2,1.0,1.0,1.0
anthropic_claude-sonnet-5,REC-inf-icu-002,1,infant,medications,1,0,0,1,1,1.0,1.0,1.0
anthropic_claude-sonnet-5,REC-inf-icu-002,1,infant,labs,1,0,0,1,1,1.0,1.0,1.0
anthropic_claude-sonnet-5,REC-inf-icu-002,1,infant,procedures,1,0,0,1,1,1.0,1.0,1.0
anthropic_claude-sonnet-5,REC-inf-icu-002,1,infant,temporal,0,3,2,2,3,0.0,0.0,0.0
anthropic_claude-sonnet-5,REC-inf-icu-003,1,infant,diagnoses,2,0,0,2,2,1.0,1.0,1.0
anthropic_claude-sonnet-5,REC-inf-icu-003,1,infant,medications,0,0,0,0,0,0.0,0.0,0.0
anthropic_claude-sonnet-5,REC-inf-icu-003,1,infant,labs,0,0,0,0,0,0.0,0.0,0.0
anthropic_claude-sonnet-5,REC-inf-icu-003,1,infant,procedures,1,0,0,1,1,1.0,1.0,1.0
anthropic_claude-sonnet-5,REC-inf-icu-003,1,infant,temporal,0,2,0,0,2,0.0,0.0,0.0
anthropic_claude-sonnet-5,REC-inf-icu-004,1,infant,diagnoses,1,1,0,1,2,0.5,1.0,0.6666666666666666
anthropic_claude-sonnet-5,REC-inf-icu-004,1,infant,medications,1,0,0,1,1,1.0,1.0,1.0
anthropic_claude-sonnet-5,REC-inf-icu-004,1,infant,labs,1,0,0,1,1,1.0,1.0,1.0
anthropic_claude-sonnet-5,REC-inf-icu-004,1,infant,procedures,1,1,0,1,2,0.5,1.0,0.6666666666666666
anthropic_claude-sonnet-5,REC-inf-icu-004,1,infant,temporal,0,4,3,3,4,0.0,0.0,0.0
anthropic_claude-sonnet-5,REC-inf-icu-005,1,infant,diagnoses,1,0,0,1,1,1.0,1.0,1.0
anthropic_claude-sonnet-5,REC-inf-icu-005,1,infant,medications,0,0,0,0,0,0.0,0.0,0.0
anthropic_claude-sonnet-5,REC-inf-icu-005,1,infant,labs,0,0,0,0,0,0.0,0.0,0.0
anthropic_claude-sonnet-5,REC-inf-icu-005,1,infant,procedures,1,1,0,1,2,0.5,1.0,0.6666666666666666
anthropic_claude-sonnet-5,REC-inf-icu-005,1,infant,temporal,0,2,2,2,2,0.0,0.0,0.0
anthropic_claude-sonnet-5,REC-inf-icu-006,1,infant,diagnoses,1,0,0,1,1,1.0,1.0,1.0
anthropic_claude-sonnet-5,REC-inf-icu-006,1,infant,medications,1,0,0,1,1,1.0,1.0,1.0
anthropic_claude-sonnet-5,REC-inf-icu-006,1,infant,labs,1,0,0,1,1,1.0,1.0,1.0
anthropic_claude-sonnet-5,REC-inf-icu-006,1,infant,procedures,1,0,0,1,1,1.0,1.0,1.0
anthropic_claude-sonnet-5,REC-inf-icu-006,1,infant,temporal,0,4,1,1,4,0.0,0.0,0.0
anthropic_claude-sonnet-5,REC-inf-icu-007,1,infant,diagnoses,2,0,0,2,2,1.0,1.0,1.0
anthropic_claude-sonnet-5,REC-inf-icu-007,1,infant,medications,0,0,0,0,0,0.0,0.0,0.0
anthropic_claude-sonnet-5,REC-inf-icu-007,1,infant,labs,0,0,0,0,0,0.0,0.0,0.0
anthropic_claude-sonnet-5,REC-inf-icu-007,1,infant,procedures,1,1,0,1,2,0.5,1.0,0.6666666666666666
anthropic_claude-sonnet-5,REC-inf-icu-007,1,infant,temporal,0,3,2,2,3,0.0,0.0,0.0
anthropic_claude-sonnet-5,REC-inf-icu-008,1,infant,diagnoses,1,0,0,1,1,1.0,1.0,1.0
anthropic_claude-sonnet-5,REC-inf-icu-008,1,infant,medications,1,0,0,1,1,1.0,1.0,1.0
anthropic_claude-sonnet-5,REC-inf-icu-008,1,infant,labs,1,0,0,1,1,1.0,1.0,1.0
anthropic_claude-sonnet-5,REC-inf-icu-008,1,infant,procedures,1,0,0,1,1,1.0,1.0,1.0
anthropic_claude-sonnet-5,REC-inf-icu-008,1,infant,temporal,0,4,1,1,4,0.0,0.0,0.0
anthropic_claude-sonnet-5,REC-inf-icu-009,1,infant,diagnoses,3,0,0,3,3,1.0,1.0,1.0
anthropic_claude-sonnet-5,REC-inf-icu-009,1,infant,medications,0,0,0,0,0,0.0,0.0,0.0
anthropic_claude-sonnet-5,REC-inf-icu-009,1,infant,labs,0,0,0,0,0,0.0,0.0,0.0
anthropic_claude-sonnet-5,REC-inf-icu-009,1,infant,procedures,1,0,0,1,1,1.0,1.0,1.0
anthropic_claude-sonnet-5,REC-inf-icu-009,1,infant,temporal,0,2,0,0,2,0.0,0.0,0.0
anthropic_claude-sonnet-5,REC-inf-icu-010,1,infant,diagnoses,2,1,0,2,3,0.6666666666666666,1.0,0.8
anthropic_claude-sonnet-5,REC-inf-icu-010,1,infant,medications,1,0,0,1,1,1.0,1.0,1.0
anthropic_claude-sonnet-5,REC-inf-icu-010,1,infant,labs,1,0,0,1,1,1.0,1.0,1.0
anthropic_claude-sonnet-5,REC-inf-icu-010,1,infant,procedures,1,0,0,1,1,1.0,1.0,1.0
anthropic_claude-sonnet-5,REC-inf-icu-010,1,infant,temporal,0,2,2,2,2,0.0,0.0,0.0
anthropic_claude-sonnet-5,REC-inf-inp-001,1,infant,diagnoses,2,0,0,2,2,1.0,1.0,1.0
anthropic_claude-sonnet-5,REC-inf-inp-001,1,infant,medications,0,0,0,0,0,0.0,0.0,0.0
anthropic_claude-sonnet-5,REC-inf-inp-001,1,infant,labs,0,0,0,0,0,0.0,0.0,0.0
anthropic_claude-sonnet-5,REC-inf-inp-001,1,infant,procedures,1,0,0,1,1,1.0,1.0,1.0
anthropic_claude-sonnet-5,REC-inf-inp-001,1,infant,temporal,0,2,1,1,2,0.0,0.0,0.0
anthropic_claude-sonnet-5,REC-inf-inp-002,1,infant,diagnoses,1,1,0,1,2,0.5,1.0,0.6666666666666666
anthropic_claude-sonnet-5,REC-inf-inp-002,1,infant,medications,1,0,0,1,1,1.0,1.0,1.0
anthropic_claude-sonnet-5,REC-inf-inp-002,1,infant,labs,1,0,0,1,1,1.0,1.0,1.0
anthropic_claude-sonnet-5,REC-inf-inp-002,1,infant,procedures,1,1,0,1,2,0.5,1.0,0.6666666666666666
anthropic_claude-sonnet-5,REC-inf-inp-002,1,infant,temporal,0,3,3,3,3,0.0,0.0,0.0
anthropic_claude-sonnet-5,REC-inf-inp-003,1,infant,diagnoses,3,0,0,3,3,1.0,1.0,1.0
anthropic_claude-sonnet-5,REC-inf-inp-003,1,infant,medications,0,0,0,0,0,0.0,0.0,0.0
anthropic_claude-sonnet-5,REC-inf-inp-003,1,infant,labs,0,0,0,0,0,0.0,0.0,0.0
anthropic_claude-sonnet-5,REC-inf-inp-003,1,infant,procedures,1,0,0,1,1,1.0,1.0,1.0
anthropic_claude-sonnet-5,REC-inf-inp-003,1,infant,temporal,0,1,0,0,1,0.0,0.0,0.0
anthropic_claude-sonnet-5,REC-inf-inp-004,1,infant,diagnoses,2,1,0,2,3,0.6666666666666666,1.0,0.8
anthropic_claude-sonnet-5,REC-inf-inp-004,1,infant,medications,1,0,0,1,1,1.0,1.0,1.0
anthropic_claude-sonnet-5,REC-inf-inp-004,1,infant,labs,1,0,0,1,1,1.0,1.0,1.0
anthropic_claude-sonnet-5,REC-inf-inp-004,1,infant,procedures,1,0,0,1,1,1.0,1.0,1.0
anthropic_claude-sonnet-5,REC-inf-inp-004,1,infant,temporal,0,0,1,1,0,0.0,0.0,0.0
anthropic_claude-sonnet-5,REC-inf-inp-005,1,infant,diagnoses,2,0,0,2,2,1.0,1.0,1.0
anthropic_claude-sonnet-5,REC-inf-inp-005,1,infant,medications,0,0,0,0,0,0.0,0.0,0.0
anthropic_claude-sonnet-5,REC-inf-inp-005,1,infant,labs,0,0,0,0,0,0.0,0.0,0.0
anthropic_claude-sonnet-5,REC-inf-inp-005,1,infant,procedures,1,1,0,1,2,0.5,1.0,0.6666666666666666
anthropic_claude-sonnet-5,REC-inf-inp-005,1,infant,temporal,0,2,2,2,2,0.0,0.0,0.0
anthropic_claude-sonnet-5,REC-inf-inp-006,1,infant,diagnoses,1,0,0,1,1,1.0,1.0,1.0
anthropic_claude-sonnet-5,REC-inf-inp-006,1,infant,medications,1,0,0,1,1,1.0,1.0,1.0
anthropic_claude-sonnet-5,REC-inf-inp-006,1,infant,labs,1,0,0,1,1,1.0,1.0,1.0
anthropic_claude-sonnet-5,REC-inf-inp-006,1,infant,procedures,1,1,0,1,2,0.5,1.0,0.6666666666666666
anthropic_claude-sonnet-5,REC-inf-inp-006,1,infant,temporal,0,2,1,1,2,0.0,0.0,0.0
anthropic_claude-sonnet-5,REC-inf-inp-007,1,infant,diagnoses,1,0,0,1,1,1.0,1.0,1.0
anthropic_claude-sonnet-5,REC-inf-inp-007,1,infant,medications,0,0,0,0,0,0.0,0.0,0.0
anthropic_claude-sonnet-5,REC-inf-inp-007,1,infant,labs,0,0,0,0,0,0.0,0.0,0.0
anthropic_claude-sonnet-5,REC-inf-inp-007,1,infant,procedures,1,1,0,1,2,0.5,1.0,0.6666666666666666
anthropic_claude-sonnet-5,REC-inf-inp-007,1,infant,temporal,0,2,1,1,2,0.0,0.0,0.0
anthropic_claude-sonnet-5,REC-inf-inp-008,1,infant,diagnoses,1,1,0,1,2,0.5,1.0,0.6666666666666666
anthropic_claude-sonnet-5,REC-inf-inp-008,1,infant,medications,1,0,0,1,1,1.0,1.0,1.0
anthropic_claude-sonnet-5,REC-inf-inp-008,1,infant,labs,1,0,0,1,1,1.0,1.0,1.0
anthropic_claude-sonnet-5,REC-inf-inp-008,1,infant,procedures,1,0,0,1,1,1.0,1.0,1.0
anthropic_claude-sonnet-5,REC-inf-inp-008,1,infant,temporal,0,5,1,1,5,0.0,0.0,0.0
anthropic_claude-sonnet-5,REC-inf-inp-009,1,infant,diagnoses,2,0,0,2,2,1.0,1.0,1.0
anthropic_claude-sonnet-5,REC-inf-inp-009,1,infant,medications,0,0,0,0,0,0.0,0.0,0.0
anthropic_claude-sonnet-5,REC-inf-inp-009,1,infant,labs,0,0,0,0,0,0.0,0.0,0.0
anthropic_claude-sonnet-5,REC-inf-inp-009,1,infant,procedures,1,1,0,1,2,0.5,1.0,0.6666666666666666
anthropic_claude-sonnet-5,REC-inf-inp-009,1,infant,temporal,0,2,2,2,2,0.0,0.0,0.0
anthropic_claude-sonnet-5,REC-inf-inp-010,1,infant,diagnoses,1,0,0,1,1,1.0,1.0,1.0
anthropic_claude-sonnet-5,REC-inf-inp-010,1,infant,medications,1,0,0,1,1,1.0,1.0,1.0
anthropic_claude-sonnet-5,REC-inf-inp-010,1,infant,labs,1,0,0,1,1,1.0,1.0,1.0
anthropic_claude-sonnet-5,REC-inf-inp-010,1,infant,procedures,1,0,0,1,1,1.0,1.0,1.0
anthropic_claude-sonnet-5,REC-inf-inp-010,1,infant,temporal,0,2,1,1,2,0.0,0.0,0.0
anthropic_claude-sonnet-5,REC-inf-out-001,1,infant,diagnoses,2,0,0,2,2,1.0,1.0,1.0
anthropic_claude-sonnet-5,REC-inf-out-001,1,infant,medications,0,0,0,0,0,0.0,0.0,0.0
anthropic_claude-sonnet-5,REC-inf-out-001,1,infant,labs,0,0,0,0,0,0.0,0.0,0.0
anthropic_claude-sonnet-5,REC-inf-out-001,1,infant,procedures,1,0,0,1,1,1.0,1.0,1.0
anthropic_claude-sonnet-5,REC-inf-out-001,1,infant,temporal,0,1,0,0,1,0.0,0.0,0.0
anthropic_claude-sonnet-5,REC-inf-out-002,1,infant,diagnoses,1,1,0,1,2,0.5,1.0,0.6666666666666666
anthropic_claude-sonnet-5,REC-inf-out-002,1,infant,medications,1,0,0,1,1,1.0,1.0,1.0
anthropic_claude-sonnet-5,REC-inf-out-002,1,infant,labs,0,0,0,0,0,0.0,0.0,0.0
anthropic_claude-sonnet-5,REC-inf-out-002,1,infant,procedures,1,0,0,1,1,1.0,1.0,1.0
anthropic_claude-sonnet-5,REC-inf-out-002,1,infant,temporal,0,2,1,1,2,0.0,0.0,0.0
anthropic_claude-sonnet-5,REC-inf-out-003,1,infant,diagnoses,2,0,0,2,2,1.0,1.0,1.0
anthropic_claude-sonnet-5,REC-inf-out-003,1,infant,medications,0,0,0,0,0,0.0,0.0,0.0
anthropic_claude-sonnet-5,REC-inf-out-003,1,infant,labs,0,0,0,0,0,0.0,0.0,0.0
anthropic_claude-sonnet-5,REC-inf-out-003,1,infant,procedures,1,0,0,1,1,1.0,1.0,1.0
anthropic_claude-sonnet-5,REC-inf-out-003,1,infant,temporal,0,1,0,0,1,0.0,0.0,0.0
anthropic_claude-sonnet-5,REC-inf-out-004,1,infant,diagnoses,3,0,0,3,3,1.0,1.0,1.0
anthropic_claude-sonnet-5,REC-inf-out-004,1,infant,medications,1,0,0,1,1,1.0,1.0,1.0
anthropic_claude-sonnet-5,REC-inf-out-004,1,infant,labs,0,0,0,0,0,0.0,0.0,0.0
anthropic_claude-sonnet-5,REC-inf-out-004,1,infant,procedures,1,1,0,1,2,0.5,1.0,0.6666666666666666
anthropic_claude-sonnet-5,REC-inf-out-004,1,infant,temporal,0,3,1,1,3,0.0,0.0,0.0
anthropic_claude-sonnet-5,REC-inf-out-005,1,infant,diagnoses,2,0,0,2,2,1.0,1.0,1.0
anthropic_claude-sonnet-5,REC-inf-out-005,1,infant,medications,0,0,0,0,0,0.0,0.0,0.0
anthropic_claude-sonnet-5,REC-inf-out-005,1,infant,labs,0,0,0,0,0,0.0,0.0,0.0
anthropic_claude-sonnet-5,REC-inf-out-005,1,infant,procedures,1,0,0,1,1,1.0,1.0,1.0
anthropic_claude-sonnet-5,REC-inf-out-005,1,infant,temporal,0,1,0,0,1,0.0,0.0,0.0
anthropic_claude-sonnet-5,REC-inf-out-006,1,infant,diagnoses,1,0,0,1,1,1.0,1.0,1.0
anthropic_claude-sonnet-5,REC-inf-out-006,1,infant,medications,1,0,0,1,1,1.0,1.0,1.0
anthropic_claude-sonnet-5,REC-inf-out-006,1,infant,labs,0,0,0,0,0,0.0,0.0,0.0
anthropic_claude-sonnet-5,REC-inf-out-006,1,infant,procedures,1,0,0,1,1,1.0,1.0,1.0
anthropic_claude-sonnet-5,REC-inf-out-006,1,infant,temporal,0,2,1,1,2,0.0,0.0,0.0
anthropic_claude-sonnet-5,REC-inf-out-007,1,infant,diagnoses,2,0,0,2,2,1.0,1.0,1.0
anthropic_claude-sonnet-5,REC-inf-out-007,1,infant,medications,0,0,0,0,0,0.0,0.0,0.0
anthropic_claude-sonnet-5,REC-inf-out-007,1,infant,labs,0,0,0,0,0,0.0,0.0,0.0
anthropic_claude-sonnet-5,REC-inf-out-007,1,infant,procedures,1,0,0,1,1,1.0,1.0,1.0
anthropic_claude-sonnet-5,REC-inf-out-007,1,infant,temporal,0,1,0,0,1,0.0,0.0,0.0
anthropic_claude-sonnet-5,REC-inf-out-008,1,infant,diagnoses,1,1,0,1,2,0.5,1.0,0.6666666666666666
anthropic_claude-sonnet-5,REC-inf-out-008,1,infant,medications,1,0,0,1,1,1.0,1.0,1.0
anthropic_claude-sonnet-5,REC-inf-out-008,1,infant,labs,0,0,0,0,0,0.0,0.0,0.0
anthropic_claude-sonnet-5,REC-inf-out-008,1,infant,procedures,1,1,0,1,2,0.5,1.0,0.6666666666666666
anthropic_claude-sonnet-5,REC-inf-out-008,1,infant,temporal,0,3,3,3,3,0.0,0.0,0.0
anthropic_claude-sonnet-5,REC-inf-out-009,1,infant,diagnoses,1,0,0,1,1,1.0,1.0,1.0
anthropic_claude-sonnet-5,REC-inf-out-009,1,infant,medications,0,0,0,0,0,0.0,0.0,0.0
anthropic_claude-sonnet-5,REC-inf-out-009,1,infant,labs,0,0,0,0,0,0.0,0.0,0.0
anthropic_claude-sonnet-5,REC-inf-out-009,1,infant,procedures,1,1,0,1,2,0.5,1.0,0.6666666666666666
anthropic_claude-sonnet-5,REC-inf-out-009,1,infant,temporal,0,3,2,2,3,0.0,0.0,0.0
anthropic_claude-sonnet-5,REC-inf-out-010,1,infant,diagnoses,2,0,0,2,2,1.0,1.0,1.0
anthropic_claude-sonnet-5,REC-inf-out-010,1,infant,medications,1,0,0,1,1,1.0,1.0,1.0
anthropic_claude-sonnet-5,REC-inf-out-010,1,infant,labs,0,0,0,0,0,0.0,0.0,0.0
anthropic_claude-sonnet-5,REC-inf-out-010,1,infant,procedures,1,0,0,1,1,1.0,1.0,1.0
anthropic_claude-sonnet-5,REC-inf-out-010,1,infant,temporal,0,3,0,0,3,0.0,0.0,0.0
anthropic_claude-sonnet-5,REC-neo-eme-001,1,neonate,diagnoses,2,1,0,2,3,0.6666666666666666,1.0,0.8
anthropic_claude-sonnet-5,REC-neo-eme-001,1,neonate,medications,1,0,0,1,1,1.0,1.0,1.0
anthropic_claude-sonnet-5,REC-neo-eme-001,1,neonate,labs,1,0,0,1,1,1.0,1.0,1.0
anthropic_claude-sonnet-5,REC-neo-eme-001,1,neonate,procedures,1,1,0,1,2,0.5,1.0,0.6666666666666666
anthropic_claude-sonnet-5,REC-neo-eme-001,1,neonate,temporal,0,3,2,2,3,0.0,0.0,0.0
anthropic_claude-sonnet-5,REC-neo-eme-002,1,neonate,diagnoses,3,0,0,3,3,1.0,1.0,1.0
anthropic_claude-sonnet-5,REC-neo-eme-002,1,neonate,medications,0,0,0,0,0,0.0,0.0,0.0
anthropic_claude-sonnet-5,REC-neo-eme-002,1,neonate,labs,1,0,0,1,1,1.0,1.0,1.0
anthropic_claude-sonnet-5,REC-neo-eme-002,1,neonate,procedures,1,0,0,1,1,1.0,1.0,1.0
anthropic_claude-sonnet-5,REC-neo-eme-002,1,neonate,temporal,0,3,2,2,3,0.0,0.0,0.0
anthropic_claude-sonnet-5,REC-neo-eme-003,1,neonate,diagnoses,1,1,0,1,2,0.5,1.0,0.6666666666666666
anthropic_claude-sonnet-5,REC-neo-eme-003,1,neonate,medications,1,0,0,1,1,1.0,1.0,1.0
anthropic_claude-sonnet-5,REC-neo-eme-003,1,neonate,labs,1,0,0,1,1,1.0,1.0,1.0
anthropic_claude-sonnet-5,REC-neo-eme-003,1,neonate,procedures,1,1,0,1,2,0.5,1.0,0.6666666666666666
anthropic_claude-sonnet-5,REC-neo-eme-003,1,neonate,temporal,0,4,3,3,4,0.0,0.0,0.0
anthropic_claude-sonnet-5,REC-neo-eme-004,1,neonate,diagnoses,2,0,0,2,2,1.0,1.0,1.0
anthropic_claude-sonnet-5,REC-neo-eme-004,1,neonate,medications,1,0,0,1,1,1.0,1.0,1.0
anthropic_claude-sonnet-5,REC-neo-eme-004,1,neonate,labs,1,0,0,1,1,1.0,1.0,1.0
anthropic_claude-sonnet-5,REC-neo-eme-004,1,neonate,procedures,1,0,0,1,1,1.0,1.0,1.0
anthropic_claude-sonnet-5,REC-neo-eme-004,1,neonate,temporal,0,4,2,2,4,0.0,0.0,0.0
anthropic_claude-sonnet-5,REC-neo-eme-005,1,neonate,diagnoses,3,0,0,3,3,1.0,1.0,1.0
anthropic_claude-sonnet-5,REC-neo-eme-005,1,neonate,medications,0,0,0,0,0,0.0,0.0,0.0
anthropic_claude-sonnet-5,REC-neo-eme-005,1,neonate,labs,1,0,0,1,1,1.0,1.0,1.0
anthropic_claude-sonnet-5,REC-neo-eme-005,1,neonate,procedures,1,0,0,1,1,1.0,1.0,1.0
anthropic_claude-sonnet-5,REC-neo-eme-005,1,neonate,temporal,0,3,2,2,3,0.0,0.0,0.0
anthropic_claude-sonnet-5,REC-neo-eme-006,1,neonate,diagnoses,2,1,0,2,3,0.6666666666666666,1.0,0.8
anthropic_claude-sonnet-5,REC-neo-eme-006,1,neonate,medications,1,0,0,1,1,1.0,1.0,1.0
anthropic_claude-sonnet-5,REC-neo-eme-006,1,neonate,labs,1,0,0,1,1,1.0,1.0,1.0
anthropic_claude-sonnet-5,REC-neo-eme-006,1,neonate,procedures,1,1,0,1,2,0.5,1.0,0.6666666666666666
anthropic_claude-sonnet-5,REC-neo-eme-006,1,neonate,temporal,0,3,2,2,3,0.0,0.0,0.0
anthropic_claude-sonnet-5,REC-neo-eme-007,1,neonate,diagnoses,3,0,0,3,3,1.0,1.0,1.0
anthropic_claude-sonnet-5,REC-neo-eme-007,1,neonate,medications,1,0,0,1,1,1.0,1.0,1.0
anthropic_claude-sonnet-5,REC-neo-eme-007,1,neonate,labs,1,0,0,1,1,1.0,1.0,1.0
anthropic_claude-sonnet-5,REC-neo-eme-007,1,neonate,procedures,1,0,0,1,1,1.0,1.0,1.0
anthropic_claude-sonnet-5,REC-neo-eme-007,1,neonate,temporal,0,3,2,2,3,0.0,0.0,0.0
anthropic_claude-sonnet-5,REC-neo-eme-008,1,neonate,diagnoses,2,1,0,2,3,0.6666666666666666,1.0,0.8
anthropic_claude-sonnet-5,REC-neo-eme-008,1,neonate,medications,0,0,0,0,0,0.0,0.0,0.0
anthropic_claude-sonnet-5,REC-neo-eme-008,1,neonate,labs,1,0,0,1,1,1.0,1.0,1.0
anthropic_claude-sonnet-5,REC-neo-eme-008,1,neonate,procedures,1,0,0,1,1,1.0,1.0,1.0
anthropic_claude-sonnet-5,REC-neo-eme-008,1,neonate,temporal,0,3,3,3,3,0.0,0.0,0.0
anthropic_claude-sonnet-5,REC-neo-eme-009,1,neonate,diagnoses,1,1,0,1,2,0.5,1.0,0.6666666666666666
anthropic_claude-sonnet-5,REC-neo-eme-009,1,neonate,medications,1,0,0,1,1,1.0,1.0,1.0
anthropic_claude-sonnet-5,REC-neo-eme-009,1,neonate,labs,1,0,0,1,1,1.0,1.0,1.0
anthropic_claude-sonnet-5,REC-neo-eme-009,1,neonate,procedures,1,1,0,1,2,0.5,1.0,0.6666666666666666
anthropic_claude-sonnet-5,REC-neo-eme-009,1,neonate,temporal,0,3,2,2,3,0.0,0.0,0.0
anthropic_claude-sonnet-5,REC-neo-eme-010,1,neonate,diagnoses,1,0,0,1,1,1.0,1.0,1.0
anthropic_claude-sonnet-5,REC-neo-eme-010,1,neonate,medications,1,0,0,1,1,1.0,1.0,1.0
anthropic_claude-sonnet-5,REC-neo-eme-010,1,neonate,labs,1,0,0,1,1,1.0,1.0,1.0
anthropic_claude-sonnet-5,REC-neo-eme-010,1,neonate,procedures,1,1,0,1,2,0.5,1.0,0.6666666666666666
anthropic_claude-sonnet-5,REC-neo-eme-010,1,neonate,temporal,0,5,3,3,5,0.0,0.0,0.0
anthropic_claude-sonnet-5,REC-neo-icu-001,1,neonate,diagnoses,1,0,0,1,1,1.0,1.0,1.0
anthropic_claude-sonnet-5,REC-neo-icu-001,1,neonate,medications,1,0,0,1,1,1.0,1.0,1.0
anthropic_claude-sonnet-5,REC-neo-icu-001,1,neonate,labs,1,0,0,1,1,1.0,1.0,1.0
anthropic_claude-sonnet-5,REC-neo-icu-001,1,neonate,procedures,1,1,0,1,2,0.5,1.0,0.6666666666666666
anthropic_claude-sonnet-5,REC-neo-icu-001,1,neonate,temporal,0,4,4,4,4,0.0,0.0,0.0
anthropic_claude-sonnet-5,REC-neo-icu-002,1,neonate,diagnoses,3,1,0,3,4,0.75,1.0,0.8571428571428571
anthropic_claude-sonnet-5,REC-neo-icu-002,1,neonate,medications,1,0,0,1,1,1.0,1.0,1.0
anthropic_claude-sonnet-5,REC-neo-icu-002,1,neonate,labs,1,0,0,1,1,1.0,1.0,1.0
anthropic_claude-sonnet-5,REC-neo-icu-002,1,neonate,procedures,1,0,0,1,1,1.0,1.0,1.0
anthropic_claude-sonnet-5,REC-neo-icu-002,1,neonate,temporal,0,4,2,2,4,0.0,0.0,0.0
anthropic_claude-sonnet-5,REC-neo-icu-003,1,neonate,diagnoses,2,0,0,2,2,1.0,1.0,1.0
anthropic_claude-sonnet-5,REC-neo-icu-003,1,neonate,medications,1,0,0,1,1,1.0,1.0,1.0
anthropic_claude-sonnet-5,REC-neo-icu-003,1,neonate,labs,1,0,0,1,1,1.0,1.0,1.0
anthropic_claude-sonnet-5,REC-neo-icu-003,1,neonate,procedures,1,0,0,1,1,1.0,1.0,1.0
anthropic_claude-sonnet-5,REC-neo-icu-003,1,neonate,temporal,0,5,2,2,5,0.0,0.0,0.0
anthropic_claude-sonnet-5,REC-neo-icu-004,1,neonate,diagnoses,2,1,0,2,3,0.6666666666666666,1.0,0.8
anthropic_claude-sonnet-5,REC-neo-icu-004,1,neonate,medications,1,0,0,1,1,1.0,1.0,1.0
anthropic_claude-sonnet-5,REC-neo-icu-004,1,neonate,labs,1,0,0,1,1,1.0,1.0,1.0
anthropic_claude-sonnet-5,REC-neo-icu-004,1,neonate,procedures,1,1,0,1,2,0.5,1.0,0.6666666666666666
anthropic_claude-sonnet-5,REC-neo-icu-004,1,neonate,temporal,0,6,2,2,6,0.0,0.0,0.0
anthropic_claude-sonnet-5,REC-neo-icu-005,1,neonate,diagnoses,1,0,0,1,1,1.0,1.0,1.0
anthropic_claude-sonnet-5,REC-neo-icu-005,1,neonate,medications,1,0,0,1,1,1.0,1.0,1.0
anthropic_claude-sonnet-5,REC-neo-icu-005,1,neonate,labs,1,0,0,1,1,1.0,1.0,1.0
anthropic_claude-sonnet-5,REC-neo-icu-005,1,neonate,procedures,1,0,0,1,1,1.0,1.0,1.0
anthropic_claude-sonnet-5,REC-neo-icu-005,1,neonate,temporal,0,5,2,2,5,0.0,0.0,0.0
anthropic_claude-sonnet-5,REC-neo-icu-006,1,neonate,diagnoses,1,1,0,1,2,0.5,1.0,0.6666666666666666
anthropic_claude-sonnet-5,REC-neo-icu-006,1,neonate,medications,1,0,0,1,1,1.0,1.0,1.0
anthropic_claude-sonnet-5,REC-neo-icu-006,1,neonate,labs,1,0,0,1,1,1.0,1.0,1.0
anthropic_claude-sonnet-5,REC-neo-icu-006,1,neonate,procedures,1,1,0,1,2,0.5,1.0,0.6666666666666666
anthropic_claude-sonnet-5,REC-neo-icu-006,1,neonate,temporal,0,4,2,2,4,0.0,0.0,0.0
anthropic_claude-sonnet-5,REC-neo-icu-007,1,neonate,diagnoses,2,0,0,2,2,1.0,1.0,1.0
anthropic_claude-sonnet-5,REC-neo-icu-007,1,neonate,medications,1,0,0,1,1,1.0,1.0,1.0
anthropic_claude-sonnet-5,REC-neo-icu-007,1,neonate,labs,1,0,0,1,1,1.0,1.0,1.0
anthropic_claude-sonnet-5,REC-neo-icu-007,1,neonate,procedures,1,0,0,1,1,1.0,1.0,1.0
anthropic_claude-sonnet-5,REC-neo-icu-007,1,neonate,temporal,0,5,1,1,5,0.0,0.0,0.0
anthropic_claude-sonnet-5,REC-neo-icu-008,1,neonate,diagnoses,2,1,0,2,3,0.6666666666666666,1.0,0.8
anthropic_claude-sonnet-5,REC-neo-icu-008,1,neonate,medications,1,0,0,1,1,1.0,1.0,1.0
anthropic_claude-sonnet-5,REC-neo-icu-008,1,neonate,labs,1,0,0,1,1,1.0,1.0,1.0
anthropic_claude-sonnet-5,REC-neo-icu-008,1,neonate,procedures,1,1,0,1,2,0.5,1.0,0.6666666666666666
anthropic_claude-sonnet-5,REC-neo-icu-008,1,neonate,temporal,0,2,3,3,2,0.0,0.0,0.0
anthropic_claude-sonnet-5,REC-neo-icu-009,1,neonate,diagnoses,1,0,0,1,1,1.0,1.0,1.0
anthropic_claude-sonnet-5,REC-neo-icu-009,1,neonate,medications,1,0,0,1,1,1.0,1.0,1.0
anthropic_claude-sonnet-5,REC-neo-icu-009,1,neonate,labs,1,0,0,1,1,1.0,1.0,1.0
anthropic_claude-sonnet-5,REC-neo-icu-009,1,neonate,procedures,1,0,0,1,1,1.0,1.0,1.0
anthropic_claude-sonnet-5,REC-neo-icu-009,1,neonate,temporal,0,4,2,2,4,0.0,0.0,0.0
anthropic_claude-sonnet-5,REC-neo-icu-010,1,neonate,diagnoses,3,1,0,3,4,0.75,1.0,0.8571428571428571
anthropic_claude-sonnet-5,REC-neo-icu-010,1,neonate,medications,1,0,0,1,1,1.0,1.0,1.0
anthropic_claude-sonnet-5,REC-neo-icu-010,1,neonate,labs,1,0,0,1,1,1.0,1.0,1.0
anthropic_claude-sonnet-5,REC-neo-icu-010,1,neonate,procedures,1,0,0,1,1,1.0,1.0,1.0
anthropic_claude-sonnet-5,REC-neo-icu-010,1,neonate,temporal,0,3,2,2,3,0.0,0.0,0.0
anthropic_claude-sonnet-5,REC-neo-inp-001,1,neonate,diagnoses,2,0,0,2,2,1.0,1.0,1.0
anthropic_claude-sonnet-5,REC-neo-inp-001,1,neonate,medications,1,0,0,1,1,1.0,1.0,1.0
anthropic_claude-sonnet-5,REC-neo-inp-001,1,neonate,labs,1,0,0,1,1,1.0,1.0,1.0
anthropic_claude-sonnet-5,REC-neo-inp-001,1,neonate,procedures,1,1,0,1,2,0.5,1.0,0.6666666666666666
anthropic_claude-sonnet-5,REC-neo-inp-001,1,neonate,temporal,0,3,2,2,3,0.0,0.0,0.0
anthropic_claude-sonnet-5,REC-neo-inp-002,1,neonate,diagnoses,3,0,0,3,3,1.0,1.0,1.0
anthropic_claude-sonnet-5,REC-neo-inp-002,1,neonate,medications,0,0,0,0,0,0.0,0.0,0.0
anthropic_claude-sonnet-5,REC-neo-inp-002,1,neonate,labs,1,0,0,1,1,1.0,1.0,1.0
anthropic_claude-sonnet-5,REC-neo-inp-002,1,neonate,procedures,1,0,0,1,1,1.0,1.0,1.0
anthropic_claude-sonnet-5,REC-neo-inp-002,1,neonate,temporal,0,4,2,2,4,0.0,0.0,0.0
anthropic_claude-sonnet-5,REC-neo-inp-003,1,neonate,diagnoses,2,1,0,2,3,0.6666666666666666,1.0,0.8
anthropic_claude-sonnet-5,REC-neo-inp-003,1,neonate,medications,1,0,0,1,1,1.0,1.0,1.0
anthropic_claude-sonnet-5,REC-neo-inp-003,1,neonate,labs,1,0,0,1,1,1.0,1.0,1.0
anthropic_claude-sonnet-5,REC-neo-inp-003,1,neonate,procedures,1,1,0,1,2,0.5,1.0,0.6666666666666666
anthropic_claude-sonnet-5,REC-neo-inp-003,1,neonate,temporal,0,3,2,2,3,0.0,0.0,0.0
anthropic_claude-sonnet-5,REC-neo-inp-004,1,neonate,diagnoses,2,0,0,2,2,1.0,1.0,1.0
anthropic_claude-sonnet-5,REC-neo-inp-004,1,neonate,medications,1,0,0,1,1,1.0,1.0,1.0
anthropic_claude-sonnet-5,REC-neo-inp-004,1,neonate,labs,1,0,0,1,1,1.0,1.0,1.0
anthropic_claude-sonnet-5,REC-neo-inp-004,1,neonate,procedures,1,0,0,1,1,1.0,1.0,1.0
anthropic_claude-sonnet-5,REC-neo-inp-004,1,neonate,temporal,0,3,3,3,3,0.0,0.0,0.0
anthropic_claude-sonnet-5,REC-neo-inp-005,1,neonate,diagnoses,2,1,0,2,3,0.6666666666666666,1.0,0.8
anthropic_claude-sonnet-5,REC-neo-inp-005,1,neonate,medications,0,0,0,0,0,0.0,0.0,0.0
anthropic_claude-sonnet-5,REC-neo-inp-005,1,neonate,labs,1,0,0,1,1,1.0,1.0,1.0
anthropic_claude-sonnet-5,REC-neo-inp-005,1,neonate,procedures,1,0,0,1,1,1.0,1.0,1.0
anthropic_claude-sonnet-5,REC-neo-inp-005,1,neonate,temporal,0,3,2,2,3,0.0,0.0,0.0
anthropic_claude-sonnet-5,REC-neo-inp-006,1,neonate,diagnoses,1,1,0,1,2,0.5,1.0,0.6666666666666666
anthropic_claude-sonnet-5,REC-neo-inp-006,1,neonate,medications,1,0,0,1,1,1.0,1.0,1.0
anthropic_claude-sonnet-5,REC-neo-inp-006,1,neonate,labs,1,0,0,1,1,1.0,1.0,1.0
anthropic_claude-sonnet-5,REC-neo-inp-006,1,neonate,procedures,1,0,0,1,1,1.0,1.0,1.0
anthropic_claude-sonnet-5,REC-neo-inp-006,1,neonate,temporal,0,3,2,2,3,0.0,0.0,0.0
anthropic_claude-sonnet-5,REC-neo-inp-007,1,neonate,diagnoses,1,0,0,1,1,1.0,1.0,1.0
anthropic_claude-sonnet-5,REC-neo-inp-007,1,neonate,medications,1,0,0,1,1,1.0,1.0,1.0
anthropic_claude-sonnet-5,REC-neo-inp-007,1,neonate,labs,1,0,0,1,1,1.0,1.0,1.0
anthropic_claude-sonnet-5,REC-neo-inp-007,1,neonate,procedures,1,1,0,1,2,0.5,1.0,0.6666666666666666
anthropic_claude-sonnet-5,REC-neo-inp-007,1,neonate,temporal,0,3,4,4,3,0.0,0.0,0.0
anthropic_claude-sonnet-5,REC-neo-inp-008,1,neonate,diagnoses,2,1,0,2,3,0.6666666666666666,1.0,0.8
anthropic_claude-sonnet-5,REC-neo-inp-008,1,neonate,medications,0,0,0,0,0,0.0,0.0,0.0
anthropic_claude-sonnet-5,REC-neo-inp-008,1,neonate,labs,1,0,0,1,1,1.0,1.0,1.0
anthropic_claude-sonnet-5,REC-neo-inp-008,1,neonate,procedures,1,0,0,1,1,1.0,1.0,1.0
anthropic_claude-sonnet-5,REC-neo-inp-008,1,neonate,temporal,0,3,3,3,3,0.0,0.0,0.0
anthropic_claude-sonnet-5,REC-neo-inp-009,1,neonate,diagnoses,1,1,0,1,2,0.5,1.0,0.6666666666666666
anthropic_claude-sonnet-5,REC-neo-inp-009,1,neonate,medications,1,0,0,1,1,1.0,1.0,1.0
anthropic_claude-sonnet-5,REC-neo-inp-009,1,neonate,labs,1,0,0,1,1,1.0,1.0,1.0
anthropic_claude-sonnet-5,REC-neo-inp-009,1,neonate,procedures,1,0,0,1,1,1.0,1.0,1.0
anthropic_claude-sonnet-5,REC-neo-inp-009,1,neonate,temporal,0,4,2,2,4,0.0,0.0,0.0
anthropic_claude-sonnet-5,REC-neo-inp-010,1,neonate,diagnoses,1,0,0,1,1,1.0,1.0,1.0
anthropic_claude-sonnet-5,REC-neo-inp-010,1,neonate,medications,1,0,0,1,1,1.0,1.0,1.0
anthropic_claude-sonnet-5,REC-neo-inp-010,1,neonate,labs,1,0,0,1,1,1.0,1.0,1.0
anthropic_claude-sonnet-5,REC-neo-inp-010,1,neonate,procedures,1,0,0,1,1,1.0,1.0,1.0
anthropic_claude-sonnet-5,REC-neo-inp-010,1,neonate,temporal,0,2,2,2,2,0.0,0.0,0.0
anthropic_claude-sonnet-5,REC-neo-out-001,1,neonate,diagnoses,1,1,0,1,2,0.5,1.0,0.6666666666666666
anthropic_claude-sonnet-5,REC-neo-out-001,1,neonate,medications,0,0,0,0,0,0.0,0.0,0.0
anthropic_claude-sonnet-5,REC-neo-out-001,1,neonate,labs,1,0,0,1,1,1.0,1.0,1.0
anthropic_claude-sonnet-5,REC-neo-out-001,1,neonate,procedures,1,0,0,1,1,1.0,1.0,1.0
anthropic_claude-sonnet-5,REC-neo-out-001,1,neonate,temporal,0,2,2,2,2,0.0,0.0,0.0
anthropic_claude-sonnet-5,REC-neo-out-002,1,neonate,diagnoses,3,0,0,3,3,1.0,1.0,1.0
anthropic_claude-sonnet-5,REC-neo-out-002,1,neonate,medications,0,0,0,0,0,0.0,0.0,0.0
anthropic_claude-sonnet-5,REC-neo-out-002,1,neonate,labs,1,0,0,1,1,1.0,1.0,1.0
anthropic_claude-sonnet-5,REC-neo-out-002,1,neonate,procedures,1,1,0,1,2,0.5,1.0,0.6666666666666666
anthropic_claude-sonnet-5,REC-neo-out-002,1,neonate,temporal,0,3,2,2,3,0.0,0.0,0.0
anthropic_claude-sonnet-5,REC-neo-out-003,1,neonate,diagnoses,2,0,0,2,2,1.0,1.0,1.0
anthropic_claude-sonnet-5,REC-neo-out-003,1,neonate,medications,0,0,0,0,0,0.0,0.0,0.0
anthropic_claude-sonnet-5,REC-neo-out-003,1,neonate,labs,1,0,0,1,1,1.0,1.0,1.0
anthropic_claude-sonnet-5,REC-neo-out-003,1,neonate,procedures,1,0,0,1,1,1.0,1.0,1.0
anthropic_claude-sonnet-5,REC-neo-out-003,1,neonate,temporal,0,3,1,1,3,0.0,0.0,0.0
anthropic_claude-sonnet-5,REC-neo-out-004,1,neonate,diagnoses,2,0,0,2,2,1.0,1.0,1.0
anthropic_claude-sonnet-5,REC-neo-out-004,1,neonate,medications,0,0,0,0,0,0.0,0.0,0.0
anthropic_claude-sonnet-5,REC-neo-out-004,1,neonate,labs,1,0,0,1,1,1.0,1.0,1.0
anthropic_claude-sonnet-5,REC-neo-out-004,1,neonate,procedures,1,0,0,1,1,1.0,1.0,1.0
anthropic_claude-sonnet-5,REC-neo-out-004,1,neonate,temporal,0,4,3,3,4,0.0,0.0,0.0
anthropic_claude-sonnet-5,REC-neo-out-005,1,neonate,diagnoses,1,0,0,1,1,1.0,1.0,1.0
anthropic_claude-sonnet-5,REC-neo-out-005,1,neonate,medications,0,0,0,0,0,0.0,0.0,0.0
anthropic_claude-sonnet-5,REC-neo-out-005,1,neonate,labs,1,0,0,1,1,1.0,1.0,1.0
anthropic_claude-sonnet-5,REC-neo-out-005,1,neonate,procedures,1,0,0,1,1,1.0,1.0,1.0
anthropic_claude-sonnet-5,REC-neo-out-005,1,neonate,temporal,0,3,2,2,3,0.0,0.0,0.0
anthropic_claude-sonnet-5,REC-neo-out-006,1,neonate,diagnoses,2,1,0,2,3,0.6666666666666666,1.0,0.8
anthropic_claude-sonnet-5,REC-neo-out-006,1,neonate,medications,0,0,0,0,0,0.0,0.0,0.0
anthropic_claude-sonnet-5,REC-neo-out-006,1,neonate,labs,1,0,0,1,1,1.0,1.0,1.0
anthropic_claude-sonnet-5,REC-neo-out-006,1,neonate,procedures,1,1,0,1,2,0.5,1.0,0.6666666666666666
anthropic_claude-sonnet-5,REC-neo-out-006,1,neonate,temporal,0,3,2,2,3,0.0,0.0,0.0
anthropic_claude-sonnet-5,REC-neo-out-007,1,neonate,diagnoses,3,0,0,3,3,1.0,1.0,1.0
anthropic_claude-sonnet-5,REC-neo-out-007,1,neonate,medications,0,0,0,0,0,0.0,0.0,0.0
anthropic_claude-sonnet-5,REC-neo-out-007,1,neonate,labs,1,0,0,1,1,1.0,1.0,1.0
anthropic_claude-sonnet-5,REC-neo-out-007,1,neonate,procedures,1,0,0,1,1,1.0,1.0,1.0
anthropic_claude-sonnet-5,REC-neo-out-007,1,neonate,temporal,0,3,2,2,3,0.0,0.0,0.0
anthropic_claude-sonnet-5,REC-neo-out-008,1,neonate,diagnoses,2,0,0,2,2,1.0,1.0,1.0
anthropic_claude-sonnet-5,REC-neo-out-008,1,neonate,medications,0,0,0,0,0,0.0,0.0,0.0
anthropic_claude-sonnet-5,REC-neo-out-008,1,neonate,labs,1,0,0,1,1,1.0,1.0,1.0
anthropic_claude-sonnet-5,REC-neo-out-008,1,neonate,procedures,1,1,0,1,2,0.5,1.0,0.6666666666666666
anthropic_claude-sonnet-5,REC-neo-out-008,1,neonate,temporal,0,3,3,3,3,0.0,0.0,0.0
anthropic_claude-sonnet-5,REC-neo-out-009,1,neonate,diagnoses,2,1,0,2,3,0.6666666666666666,1.0,0.8
anthropic_claude-sonnet-5,REC-neo-out-009,1,neonate,medications,0,0,0,0,0,0.0,0.0,0.0
anthropic_claude-sonnet-5,REC-neo-out-009,1,neonate,labs,1,0,0,1,1,1.0,1.0,1.0
anthropic_claude-sonnet-5,REC-neo-out-009,1,neonate,procedures,1,2,0,1,3,0.3333333333333333,1.0,0.5
anthropic_claude-sonnet-5,REC-neo-out-009,1,neonate,temporal,0,3,3,3,3,0.0,0.0,0.0
anthropic_claude-sonnet-5,REC-neo-out-010,1,neonate,diagnoses,2,0,0,2,2,1.0,1.0,1.0
anthropic_claude-sonnet-5,REC-neo-out-010,1,neonate,medications,0,0,0,0,0,0.0,0.0,0.0
anthropic_claude-sonnet-5,REC-neo-out-010,1,neonate,labs,1,0,0,1,1,1.0,1.0,1.0
anthropic_claude-sonnet-5,REC-neo-out-010,1,neonate,procedures,1,1,0,1,2,0.5,1.0,0.6666666666666666
anthropic_claude-sonnet-5,REC-neo-out-010,1,neonate,temporal,0,4,3,3,4,0.0,0.0,0.0
anthropic_claude-sonnet-5,REC-ado-eme-001,2,adolescent,diagnoses,2,0,0,2,2,1.0,1.0,1.0
anthropic_claude-sonnet-5,REC-ado-eme-001,2,adolescent,medications,1,0,0,1,1,1.0,1.0,1.0
anthropic_claude-sonnet-5,REC-ado-eme-001,2,adolescent,labs,1,0,0,1,1,1.0,1.0,1.0
anthropic_claude-sonnet-5,REC-ado-eme-001,2,adolescent,procedures,1,0,0,1,1,1.0,1.0,1.0
anthropic_claude-sonnet-5,REC-ado-eme-001,2,adolescent,temporal,0,3,0,0,3,0.0,0.0,0.0
anthropic_claude-sonnet-5,REC-ado-eme-002,2,adolescent,diagnoses,2,1,0,2,3,0.6666666666666666,1.0,0.8
anthropic_claude-sonnet-5,REC-ado-eme-002,2,adolescent,medications,1,0,0,1,1,1.0,1.0,1.0
anthropic_claude-sonnet-5,REC-ado-eme-002,2,adolescent,labs,0,0,0,0,0,0.0,0.0,0.0
anthropic_claude-sonnet-5,REC-ado-eme-002,2,adolescent,procedures,1,1,0,1,2,0.5,1.0,0.6666666666666666
anthropic_claude-sonnet-5,REC-ado-eme-002,2,adolescent,temporal,0,4,2,2,4,0.0,0.0,0.0
anthropic_claude-sonnet-5,REC-ado-eme-003,2,adolescent,diagnoses,1,1,0,1,2,0.5,1.0,0.6666666666666666
anthropic_claude-sonnet-5,REC-ado-eme-003,2,adolescent,medications,1,0,0,1,1,1.0,1.0,1.0
anthropic_claude-sonnet-5,REC-ado-eme-003,2,adolescent,labs,0,0,0,0,0,0.0,0.0,0.0
anthropic_claude-sonnet-5,REC-ado-eme-003,2,adolescent,procedures,1,1,0,1,2,0.5,1.0,0.6666666666666666
anthropic_claude-sonnet-5,REC-ado-eme-003,2,adolescent,temporal,0,3,2,2,3,0.0,0.0,0.0
anthropic_claude-sonnet-5,REC-ado-eme-004,2,adolescent,diagnoses,2,1,0,2,3,0.6666666666666666,1.0,0.8
anthropic_claude-sonnet-5,REC-ado-eme-004,2,adolescent,medications,1,0,0,1,1,1.0,1.0,1.0
anthropic_claude-sonnet-5,REC-ado-eme-004,2,adolescent,labs,1,0,0,1,1,1.0,1.0,1.0
anthropic_claude-sonnet-5,REC-ado-eme-004,2,adolescent,procedures,1,1,0,1,2,0.5,1.0,0.6666666666666666
anthropic_claude-sonnet-5,REC-ado-eme-004,2,adolescent,temporal,0,5,2,2,5,0.0,0.0,0.0
anthropic_claude-sonnet-5,REC-ado-eme-005,2,adolescent,diagnoses,2,0,0,2,2,1.0,1.0,1.0
anthropic_claude-sonnet-5,REC-ado-eme-005,2,adolescent,medications,1,0,0,1,1,1.0,1.0,1.0
anthropic_claude-sonnet-5,REC-ado-eme-005,2,adolescent,labs,0,0,0,0,0,0.0,0.0,0.0
anthropic_claude-sonnet-5,REC-ado-eme-005,2,adolescent,procedures,1,0,0,1,1,1.0,1.0,1.0
anthropic_claude-sonnet-5,REC-ado-eme-005,2,adolescent,temporal,0,2,1,1,2,0.0,0.0,0.0
anthropic_claude-sonnet-5,REC-ado-eme-006,2,adolescent,diagnoses,2,1,0,2,3,0.6666666666666666,1.0,0.8
anthropic_claude-sonnet-5,REC-ado-eme-006,2,adolescent,medications,1,0,0,1,1,1.0,1.0,1.0
anthropic_claude-sonnet-5,REC-ado-eme-006,2,adolescent,labs,0,0,0,0,0,0.0,0.0,0.0
anthropic_claude-sonnet-5,REC-ado-eme-006,2,adolescent,procedures,1,0,0,1,1,1.0,1.0,1.0
anthropic_claude-sonnet-5,REC-ado-eme-006,2,adolescent,temporal,0,5,2,2,5,0.0,0.0,0.0
anthropic_claude-sonnet-5,REC-ado-eme-007,2,adolescent,diagnoses,3,0,0,3,3,1.0,1.0,1.0
anthropic_claude-sonnet-5,REC-ado-eme-007,2,adolescent,medications,1,0,0,1,1,1.0,1.0,1.0
anthropic_claude-sonnet-5,REC-ado-eme-007,2,adolescent,labs,1,0,0,1,1,1.0,1.0,1.0
anthropic_claude-sonnet-5,REC-ado-eme-007,2,adolescent,procedures,1,0,0,1,1,1.0,1.0,1.0
anthropic_claude-sonnet-5,REC-ado-eme-007,2,adolescent,temporal,0,2,1,1,2,0.0,0.0,0.0
anthropic_claude-sonnet-5,REC-ado-eme-008,2,adolescent,diagnoses,2,0,0,2,2,1.0,1.0,1.0
anthropic_claude-sonnet-5,REC-ado-eme-008,2,adolescent,medications,1,0,0,1,1,1.0,1.0,1.0
anthropic_claude-sonnet-5,REC-ado-eme-008,2,adolescent,labs,0,0,0,0,0,0.0,0.0,0.0
anthropic_claude-sonnet-5,REC-ado-eme-008,2,adolescent,procedures,1,1,0,1,2,0.5,1.0,0.6666666666666666
anthropic_claude-sonnet-5,REC-ado-eme-008,2,adolescent,temporal,0,3,2,2,3,0.0,0.0,0.0
anthropic_claude-sonnet-5,REC-ado-eme-009,2,adolescent,diagnoses,2,0,0,2,2,1.0,1.0,1.0
anthropic_claude-sonnet-5,REC-ado-eme-009,2,adolescent,medications,1,0,0,1,1,1.0,1.0,1.0
anthropic_claude-sonnet-5,REC-ado-eme-009,2,adolescent,labs,0,0,0,0,0,0.0,0.0,0.0
anthropic_claude-sonnet-5,REC-ado-eme-009,2,adolescent,procedures,1,1,0,1,2,0.5,1.0,0.6666666666666666
anthropic_claude-sonnet-5,REC-ado-eme-009,2,adolescent,temporal,0,3,2,2,3,0.0,0.0,0.0
anthropic_claude-sonnet-5,REC-ado-eme-010,2,adolescent,diagnoses,1,1,0,1,2,0.5,1.0,0.6666666666666666
anthropic_claude-sonnet-5,REC-ado-eme-010,2,adolescent,medications,1,0,0,1,1,1.0,1.0,1.0
anthropic_claude-sonnet-5,REC-ado-eme-010,2,adolescent,labs,1,0,0,1,1,1.0,1.0,1.0
anthropic_claude-sonnet-5,REC-ado-eme-010,2,adolescent,procedures,1,1,0,1,2,0.5,1.0,0.6666666666666666
anthropic_claude-sonnet-5,REC-ado-eme-010,2,adolescent,temporal,0,4,3,3,4,0.0,0.0,0.0
anthropic_claude-sonnet-5,REC-ado-icu-001,2,adolescent,diagnoses,1,0,0,1,1,1.0,1.0,1.0
anthropic_claude-sonnet-5,REC-ado-icu-001,2,adolescent,medications,1,0,0,1,1,1.0,1.0,1.0
anthropic_claude-sonnet-5,REC-ado-icu-001,2,adolescent,labs,1,0,0,1,1,1.0,1.0,1.0
anthropic_claude-sonnet-5,REC-ado-icu-001,2,adolescent,procedures,1,1,0,1,2,0.5,1.0,0.6666666666666666
anthropic_claude-sonnet-5,REC-ado-icu-001,2,adolescent,temporal,0,5,1,1,5,0.0,0.0,0.0
anthropic_claude-sonnet-5,REC-ado-icu-002,2,adolescent,diagnoses,2,0,0,2,2,1.0,1.0,1.0
anthropic_claude-sonnet-5,REC-ado-icu-002,2,adolescent,medications,1,0,0,1,1,1.0,1.0,1.0
anthropic_claude-sonnet-5,REC-ado-icu-002,2,adolescent,labs,1,0,0,1,1,1.0,1.0,1.0
anthropic_claude-sonnet-5,REC-ado-icu-002,2,adolescent,procedures,1,1,0,1,2,0.5,1.0,0.6666666666666666
anthropic_claude-sonnet-5,REC-ado-icu-002,2,adolescent,temporal,0,3,1,1,3,0.0,0.0,0.0
anthropic_claude-sonnet-5,REC-ado-icu-003,2,adolescent,diagnoses,2,1,0,2,3,0.6666666666666666,1.0,0.8
anthropic_claude-sonnet-5,REC-ado-icu-003,2,adolescent,medications,1,0,0,1,1,1.0,1.0,1.0
anthropic_claude-sonnet-5,REC-ado-icu-003,2,adolescent,labs,1,0,0,1,1,1.0,1.0,1.0
anthropic_claude-sonnet-5,REC-ado-icu-003,2,adolescent,procedures,1,1,0,1,2,0.5,1.0,0.6666666666666666
anthropic_claude-sonnet-5,REC-ado-icu-003,2,adolescent,temporal,0,4,2,2,4,0.0,0.0,0.0
anthropic_claude-sonnet-5,REC-ado-icu-004,2,adolescent,diagnoses,2,0,0,2,2,1.0,1.0,1.0
anthropic_claude-sonnet-5,REC-ado-icu-004,2,adolescent,medications,1,0,0,1,1,1.0,1.0,1.0
anthropic_claude-sonnet-5,REC-ado-icu-004,2,adolescent,labs,1,0,0,1,1,1.0,1.0,1.0
anthropic_claude-sonnet-5,REC-ado-icu-004,2,adolescent,procedures,1,1,0,1,2,0.5,1.0,0.6666666666666666
anthropic_claude-sonnet-5,REC-ado-icu-004,2,adolescent,temporal,0,2,2,2,2,0.0,0.0,0.0
anthropic_claude-sonnet-5,REC-ado-icu-005,2,adolescent,diagnoses,2,1,0,2,3,0.6666666666666666,1.0,0.8
anthropic_claude-sonnet-5,REC-ado-icu-005,2,adolescent,medications,1,0,0,1,1,1.0,1.0,1.0
anthropic_claude-sonnet-5,REC-ado-icu-005,2,adolescent,labs,1,0,0,1,1,1.0,1.0,1.0
anthropic_claude-sonnet-5,REC-ado-icu-005,2,adolescent,procedures,1,1,0,1,2,0.5,1.0,0.6666666666666666
anthropic_claude-sonnet-5,REC-ado-icu-005,2,adolescent,temporal,0,5,2,2,5,0.0,0.0,0.0
anthropic_claude-sonnet-5,REC-ado-icu-006,2,adolescent,diagnoses,2,1,0,2,3,0.6666666666666666,1.0,0.8
anthropic_claude-sonnet-5,REC-ado-icu-006,2,adolescent,medications,1,0,0,1,1,1.0,1.0,1.0
anthropic_claude-sonnet-5,REC-ado-icu-006,2,adolescent,labs,1,0,0,1,1,1.0,1.0,1.0
anthropic_claude-sonnet-5,REC-ado-icu-006,2,adolescent,procedures,1,0,0,1,1,1.0,1.0,1.0
anthropic_claude-sonnet-5,REC-ado-icu-006,2,adolescent,temporal,0,3,1,1,3,0.0,0.0,0.0
anthropic_claude-sonnet-5,REC-ado-icu-007,2,adolescent,diagnoses,1,1,0,1,2,0.5,1.0,0.6666666666666666
anthropic_claude-sonnet-5,REC-ado-icu-007,2,adolescent,medications,1,0,0,1,1,1.0,1.0,1.0
anthropic_claude-sonnet-5,REC-ado-icu-007,2,adolescent,labs,1,0,0,1,1,1.0,1.0,1.0
anthropic_claude-sonnet-5,REC-ado-icu-007,2,adolescent,procedures,1,1,0,1,2,0.5,1.0,0.6666666666666666
anthropic_claude-sonnet-5,REC-ado-icu-007,2,adolescent,temporal,0,3,2,2,3,0.0,0.0,0.0
anthropic_claude-sonnet-5,REC-ado-icu-008,2,adolescent,diagnoses,1,1,0,1,2,0.5,1.0,0.6666666666666666
anthropic_claude-sonnet-5,REC-ado-icu-008,2,adolescent,medications,1,0,0,1,1,1.0,1.0,1.0
anthropic_claude-sonnet-5,REC-ado-icu-008,2,adolescent,labs,1,0,0,1,1,1.0,1.0,1.0
anthropic_claude-sonnet-5,REC-ado-icu-008,2,adolescent,procedures,1,0,0,1,1,1.0,1.0,1.0
anthropic_claude-sonnet-5,REC-ado-icu-008,2,adolescent,temporal,0,3,2,2,3,0.0,0.0,0.0
anthropic_claude-sonnet-5,REC-ado-icu-009,2,adolescent,diagnoses,2,0,0,2,2,1.0,1.0,1.0
anthropic_claude-sonnet-5,REC-ado-icu-009,2,adolescent,medications,1,0,0,1,1,1.0,1.0,1.0
anthropic_claude-sonnet-5,REC-ado-icu-009,2,adolescent,labs,1,0,0,1,1,1.0,1.0,1.0
anthropic_claude-sonnet-5,REC-ado-icu-009,2,adolescent,procedures,1,0,0,1,1,1.0,1.0,1.0
anthropic_claude-sonnet-5,REC-ado-icu-009,2,adolescent,temporal,0,3,1,1,3,0.0,0.0,0.0
anthropic_claude-sonnet-5,REC-ado-icu-010,2,adolescent,diagnoses,2,0,0,2,2,1.0,1.0,1.0
anthropic_claude-sonnet-5,REC-ado-icu-010,2,adolescent,medications,1,0,0,1,1,1.0,1.0,1.0
anthropic_claude-sonnet-5,REC-ado-icu-010,2,adolescent,labs,1,0,0,1,1,1.0,1.0,1.0
anthropic_claude-sonnet-5,REC-ado-icu-010,2,adolescent,procedures,1,1,0,1,2,0.5,1.0,0.6666666666666666
anthropic_claude-sonnet-5,REC-ado-icu-010,2,adolescent,temporal,0,4,1,1,4,0.0,0.0,0.0
anthropic_claude-sonnet-5,REC-ado-inp-001,2,adolescent,diagnoses,2,0,0,2,2,1.0,1.0,1.0
anthropic_claude-sonnet-5,REC-ado-inp-001,2,adolescent,medications,1,0,0,1,1,1.0,1.0,1.0
anthropic_claude-sonnet-5,REC-ado-inp-001,2,adolescent,labs,1,0,0,1,1,1.0,1.0,1.0
anthropic_claude-sonnet-5,REC-ado-inp-001,2,adolescent,procedures,1,1,0,1,2,0.5,1.0,0.6666666666666666
anthropic_claude-sonnet-5,REC-ado-inp-001,2,adolescent,temporal,0,4,2,2,4,0.0,0.0,0.0
anthropic_claude-sonnet-5,REC-ado-inp-002,2,adolescent,diagnoses,2,0,0,2,2,1.0,1.0,1.0
anthropic_claude-sonnet-5,REC-ado-inp-002,2,adolescent,medications,1,0,0,1,1,1.0,1.0,1.0
anthropic_claude-sonnet-5,REC-ado-inp-002,2,adolescent,labs,0,0,0,0,0,0.0,0.0,0.0
anthropic_claude-sonnet-5,REC-ado-inp-002,2,adolescent,procedures,1,1,0,1,2,0.5,1.0,0.6666666666666666
anthropic_claude-sonnet-5,REC-ado-inp-002,2,adolescent,temporal,0,2,2,2,2,0.0,0.0,0.0
anthropic_claude-sonnet-5,REC-ado-inp-003,2,adolescent,diagnoses,2,1,0,2,3,0.6666666666666666,1.0,0.8
anthropic_claude-sonnet-5,REC-ado-inp-003,2,adolescent,medications,1,0,0,1,1,1.0,1.0,1.0
anthropic_claude-sonnet-5,REC-ado-inp-003,2,adolescent,labs,0,0,0,0,0,0.0,0.0,0.0
anthropic_claude-sonnet-5,REC-ado-inp-003,2,adolescent,procedures,1,1,0,1,2,0.5,1.0,0.6666666666666666
anthropic_claude-sonnet-5,REC-ado-inp-003,2,adolescent,temporal,0,3,2,2,3,0.0,0.0,0.0
anthropic_claude-sonnet-5,REC-ado-inp-004,2,adolescent,diagnoses,3,1,0,3,4,0.75,1.0,0.8571428571428571
anthropic_claude-sonnet-5,REC-ado-inp-004,2,adolescent,medications,1,0,0,1,1,1.0,1.0,1.0
anthropic_claude-sonnet-5,REC-ado-inp-004,2,adolescent,labs,1,0,0,1,1,1.0,1.0,1.0
anthropic_claude-sonnet-5,REC-ado-inp-004,2,adolescent,procedures,1,0,0,1,1,1.0,1.0,1.0
anthropic_claude-sonnet-5,REC-ado-inp-004,2,adolescent,temporal,0,4,1,1,4,0.0,0.0,0.0
anthropic_claude-sonnet-5,REC-ado-inp-005,2,adolescent,diagnoses,2,0,0,2,2,1.0,1.0,1.0
anthropic_claude-sonnet-5,REC-ado-inp-005,2,adolescent,medications,1,0,0,1,1,1.0,1.0,1.0
anthropic_claude-sonnet-5,REC-ado-inp-005,2,adolescent,labs,0,0,0,0,0,0.0,0.0,0.0
anthropic_claude-sonnet-5,REC-ado-inp-005,2,adolescent,procedures,1,1,0,1,2,0.5,1.0,0.6666666666666666
anthropic_claude-sonnet-5,REC-ado-inp-005,2,adolescent,temporal,0,3,2,2,3,0.0,0.0,0.0
anthropic_claude-sonnet-5,REC-ado-inp-006,2,adolescent,diagnoses,2,1,0,2,3,0.6666666666666666,1.0,0.8
anthropic_claude-sonnet-5,REC-ado-inp-006,2,adolescent,medications,1,0,0,1,1,1.0,1.0,1.0
anthropic_claude-sonnet-5,REC-ado-inp-006,2,adolescent,labs,0,0,0,0,0,0.0,0.0,0.0
anthropic_claude-sonnet-5,REC-ado-inp-006,2,adolescent,procedures,1,1,0,1,2,0.5,1.0,0.6666666666666666
anthropic_claude-sonnet-5,REC-ado-inp-006,2,adolescent,temporal,0,3,2,2,3,0.0,0.0,0.0
anthropic_claude-sonnet-5,REC-ado-inp-007,2,adolescent,diagnoses,1,0,0,1,1,1.0,1.0,1.0
anthropic_claude-sonnet-5,REC-ado-inp-007,2,adolescent,medications,1,0,0,1,1,1.0,1.0,1.0
anthropic_claude-sonnet-5,REC-ado-inp-007,2,adolescent,labs,1,0,0,1,1,1.0,1.0,1.0
anthropic_claude-sonnet-5,REC-ado-inp-007,2,adolescent,procedures,1,0,0,1,1,1.0,1.0,1.0
anthropic_claude-sonnet-5,REC-ado-inp-007,2,adolescent,temporal,0,2,1,1,2,0.0,0.0,0.0
anthropic_claude-sonnet-5,REC-ado-inp-008,2,adolescent,diagnoses,2,1,0,2,3,0.6666666666666666,1.0,0.8
anthropic_claude-sonnet-5,REC-ado-inp-008,2,adolescent,medications,1,0,0,1,1,1.0,1.0,1.0
anthropic_claude-sonnet-5,REC-ado-inp-008,2,adolescent,labs,0,0,0,0,0,0.0,0.0,0.0
anthropic_claude-sonnet-5,REC-ado-inp-008,2,adolescent,procedures,1,0,0,1,1,1.0,1.0,1.0
anthropic_claude-sonnet-5,REC-ado-inp-008,2,adolescent,temporal,0,2,1,1,2,0.0,0.0,0.0
anthropic_claude-sonnet-5,REC-ado-inp-009,2,adolescent,diagnoses,2,0,0,2,2,1.0,1.0,1.0
anthropic_claude-sonnet-5,REC-ado-inp-009,2,adolescent,medications,1,0,0,1,1,1.0,1.0,1.0
anthropic_claude-sonnet-5,REC-ado-inp-009,2,adolescent,labs,0,0,0,0,0,0.0,0.0,0.0
anthropic_claude-sonnet-5,REC-ado-inp-009,2,adolescent,procedures,1,0,0,1,1,1.0,1.0,1.0
anthropic_claude-sonnet-5,REC-ado-inp-009,2,adolescent,temporal,0,4,0,0,4,0.0,0.0,0.0
anthropic_claude-sonnet-5,REC-ado-inp-010,2,adolescent,diagnoses,1,1,0,1,2,0.5,1.0,0.6666666666666666
anthropic_claude-sonnet-5,REC-ado-inp-010,2,adolescent,medications,1,0,0,1,1,1.0,1.0,1.0
anthropic_claude-sonnet-5,REC-ado-inp-010,2,adolescent,labs,1,0,0,1,1,1.0,1.0,1.0
anthropic_claude-sonnet-5,REC-ado-inp-010,2,adolescent,procedures,1,0,0,1,1,1.0,1.0,1.0
anthropic_claude-sonnet-5,REC-ado-inp-010,2,adolescent,temporal,0,5,1,1,5,0.0,0.0,0.0
anthropic_claude-sonnet-5,REC-ado-out-001,2,adolescent,diagnoses,3,0,0,3,3,1.0,1.0,1.0
anthropic_claude-sonnet-5,REC-ado-out-001,2,adolescent,medications,1,0,0,1,1,1.0,1.0,1.0
anthropic_claude-sonnet-5,REC-ado-out-001,2,adolescent,labs,0,0,0,0,0,0.0,0.0,0.0
anthropic_claude-sonnet-5,REC-ado-out-001,2,adolescent,procedures,1,0,0,1,1,1.0,1.0,1.0
anthropic_claude-sonnet-5,REC-ado-out-001,2,adolescent,temporal,0,2,0,0,2,0.0,0.0,0.0
anthropic_claude-sonnet-5,REC-ado-out-002,2,adolescent,diagnoses,2,0,0,2,2,1.0,1.0,1.0
anthropic_claude-sonnet-5,REC-ado-out-002,2,adolescent,medications,1,0,0,1,1,1.0,1.0,1.0
anthropic_claude-sonnet-5,REC-ado-out-002,2,adolescent,labs,0,0,0,0,0,0.0,0.0,0.0
anthropic_claude-sonnet-5,REC-ado-out-002,2,adolescent,procedures,1,1,0,1,2,0.5,1.0,0.6666666666666666
anthropic_claude-sonnet-5,REC-ado-out-002,2,adolescent,temporal,0,3,2,2,3,0.0,0.0,0.0
anthropic_claude-sonnet-5,REC-ado-out-003,2,adolescent,diagnoses,2,0,0,2,2,1.0,1.0,1.0
anthropic_claude-sonnet-5,REC-ado-out-003,2,adolescent,medications,1,0,0,1,1,1.0,1.0,1.0
anthropic_claude-sonnet-5,REC-ado-out-003,2,adolescent,labs,0,0,0,0,0,0.0,0.0,0.0
anthropic_claude-sonnet-5,REC-ado-out-003,2,adolescent,procedures,1,0,0,1,1,1.0,1.0,1.0
anthropic_claude-sonnet-5,REC-ado-out-003,2,adolescent,temporal,0,3,1,1,3,0.0,0.0,0.0
anthropic_claude-sonnet-5,REC-ado-out-004,2,adolescent,diagnoses,1,0,0,1,1,1.0,1.0,1.0
anthropic_claude-sonnet-5,REC-ado-out-004,2,adolescent,medications,1,0,0,1,1,1.0,1.0,1.0
anthropic_claude-sonnet-5,REC-ado-out-004,2,adolescent,labs,0,0,0,0,0,0.0,0.0,0.0
anthropic_claude-sonnet-5,REC-ado-out-004,2,adolescent,procedures,1,1,0,1,2,0.5,1.0,0.6666666666666666
anthropic_claude-sonnet-5,REC-ado-out-004,2,adolescent,temporal,0,2,1,1,2,0.0,0.0,0.0
anthropic_claude-sonnet-5,REC-ado-out-005,2,adolescent,diagnoses,2,0,0,2,2,1.0,1.0,1.0
anthropic_claude-sonnet-5,REC-ado-out-005,2,adolescent,medications,1,0,0,1,1,1.0,1.0,1.0
anthropic_claude-sonnet-5,REC-ado-out-005,2,adolescent,labs,0,0,0,0,0,0.0,0.0,0.0
anthropic_claude-sonnet-5,REC-ado-out-005,2,adolescent,procedures,1,1,0,1,2,0.5,1.0,0.6666666666666666
anthropic_claude-sonnet-5,REC-ado-out-005,2,adolescent,temporal,0,2,1,1,2,0.0,0.0,0.0
anthropic_claude-sonnet-5,REC-ado-out-006,2,adolescent,diagnoses,1,0,0,1,1,1.0,1.0,1.0
anthropic_claude-sonnet-5,REC-ado-out-006,2,adolescent,medications,1,0,0,1,1,1.0,1.0,1.0
anthropic_claude-sonnet-5,REC-ado-out-006,2,adolescent,labs,0,0,0,0,0,0.0,0.0,0.0
anthropic_claude-sonnet-5,REC-ado-out-006,2,adolescent,procedures,1,0,0,1,1,1.0,1.0,1.0
anthropic_claude-sonnet-5,REC-ado-out-006,2,adolescent,temporal,0,1,1,1,1,0.0,0.0,0.0
anthropic_claude-sonnet-5,REC-ado-out-007,2,adolescent,diagnoses,2,0,0,2,2,1.0,1.0,1.0
anthropic_claude-sonnet-5,REC-ado-out-007,2,adolescent,medications,1,0,0,1,1,1.0,1.0,1.0
anthropic_claude-sonnet-5,REC-ado-out-007,2,adolescent,labs,0,0,0,0,0,0.0,0.0,0.0
anthropic_claude-sonnet-5,REC-ado-out-007,2,adolescent,procedures,1,1,0,1,2,0.5,1.0,0.6666666666666666
anthropic_claude-sonnet-5,REC-ado-out-007,2,adolescent,temporal,0,4,2,2,4,0.0,0.0,0.0
anthropic_claude-sonnet-5,REC-ado-out-008,2,adolescent,diagnoses,1,0,0,1,1,1.0,1.0,1.0
anthropic_claude-sonnet-5,REC-ado-out-008,2,adolescent,medications,1,0,0,1,1,1.0,1.0,1.0
anthropic_claude-sonnet-5,REC-ado-out-008,2,adolescent,labs,0,0,0,0,0,0.0,0.0,0.0
anthropic_claude-sonnet-5,REC-ado-out-008,2,adolescent,procedures,1,0,0,1,1,1.0,1.0,1.0
anthropic_claude-sonnet-5,REC-ado-out-008,2,adolescent,temporal,0,1,1,1,1,0.0,0.0,0.0
anthropic_claude-sonnet-5,REC-ado-out-009,2,adolescent,diagnoses,2,1,0,2,3,0.6666666666666666,1.0,0.8
anthropic_claude-sonnet-5,REC-ado-out-009,2,adolescent,medications,1,0,0,1,1,1.0,1.0,1.0
anthropic_claude-sonnet-5,REC-ado-out-009,2,adolescent,labs,0,0,0,0,0,0.0,0.0,0.0
anthropic_claude-sonnet-5,REC-ado-out-009,2,adolescent,procedures,1,1,0,1,2,0.5,1.0,0.6666666666666666
anthropic_claude-sonnet-5,REC-ado-out-009,2,adolescent,temporal,0,4,2,2,4,0.0,0.0,0.0
anthropic_claude-sonnet-5,REC-ado-out-010,2,adolescent,diagnoses,2,0,0,2,2,1.0,1.0,1.0
anthropic_claude-sonnet-5,REC-ado-out-010,2,adolescent,medications,1,0,0,1,1,1.0,1.0,1.0
anthropic_claude-sonnet-5,REC-ado-out-010,2,adolescent,labs,0,0,0,0,0,0.0,0.0,0.0
anthropic_claude-sonnet-5,REC-ado-out-010,2,adolescent,procedures,1,0,0,1,1,1.0,1.0,1.0
anthropic_claude-sonnet-5,REC-ado-out-010,2,adolescent,temporal,0,2,1,1,2,0.0,0.0,0.0
anthropic_claude-sonnet-5,REC-chi-eme-001,2,child,diagnoses,2,0,0,2,2,1.0,1.0,1.0
anthropic_claude-sonnet-5,REC-chi-eme-001,2,child,medications,1,0,0,1,1,1.0,1.0,1.0
anthropic_claude-sonnet-5,REC-chi-eme-001,2,child,labs,0,0,0,0,0,0.0,0.0,0.0
anthropic_claude-sonnet-5,REC-chi-eme-001,2,child,procedures,1,1,0,1,2,0.5,1.0,0.6666666666666666
anthropic_claude-sonnet-5,REC-chi-eme-001,2,child,temporal,0,4,2,2,4,0.0,0.0,0.0
anthropic_claude-sonnet-5,REC-chi-eme-002,2,child,diagnoses,2,0,0,2,2,1.0,1.0,1.0
anthropic_claude-sonnet-5,REC-chi-eme-002,2,child,medications,1,0,0,1,1,1.0,1.0,1.0
anthropic_claude-sonnet-5,REC-chi-eme-002,2,child,labs,1,0,0,1,1,1.0,1.0,1.0
anthropic_claude-sonnet-5,REC-chi-eme-002,2,child,procedures,1,0,0,1,1,1.0,1.0,1.0
anthropic_claude-sonnet-5,REC-chi-eme-002,2,child,temporal,0,3,0,0,3,0.0,0.0,0.0
anthropic_claude-sonnet-5,REC-chi-eme-003,2,child,diagnoses,1,0,0,1,1,1.0,1.0,1.0
anthropic_claude-sonnet-5,REC-chi-eme-003,2,child,medications,1,0,0,1,1,1.0,1.0,1.0
anthropic_claude-sonnet-5,REC-chi-eme-003,2,child,labs,1,0,0,1,1,1.0,1.0,1.0
anthropic_claude-sonnet-5,REC-chi-eme-003,2,child,procedures,1,0,0,1,1,1.0,1.0,1.0
anthropic_claude-sonnet-5,REC-chi-eme-003,2,child,temporal,0,3,1,1,3,0.0,0.0,0.0
anthropic_claude-sonnet-5,REC-chi-eme-004,2,child,diagnoses,2,1,0,2,3,0.6666666666666666,1.0,0.8
anthropic_claude-sonnet-5,REC-chi-eme-004,2,child,medications,1,0,0,1,1,1.0,1.0,1.0
anthropic_claude-sonnet-5,REC-chi-eme-004,2,child,labs,0,0,0,0,0,0.0,0.0,0.0
anthropic_claude-sonnet-5,REC-chi-eme-004,2,child,procedures,1,0,0,1,1,1.0,1.0,1.0
anthropic_claude-sonnet-5,REC-chi-eme-004,2,child,temporal,0,5,2,2,5,0.0,0.0,0.0
anthropic_claude-sonnet-5,REC-chi-eme-005,2,child,diagnoses,2,0,0,2,2,1.0,1.0,1.0
anthropic_claude-sonnet-5,REC-chi-eme-005,2,child,medications,1,0,0,1,1,1.0,1.0,1.0
anthropic_claude-sonnet-5,REC-chi-eme-005,2,child,labs,1,0,0,1,1,1.0,1.0,1.0
anthropic_claude-sonnet-5,REC-chi-eme-005,2,child,procedures,1,0,0,1,1,1.0,1.0,1.0
anthropic_claude-sonnet-5,REC-chi-eme-005,2,child,temporal,0,3,0,0,3,0.0,0.0,0.0
anthropic_claude-sonnet-5,REC-chi-eme-006,2,child,diagnoses,2,0,0,2,2,1.0,1.0,1.0
anthropic_claude-sonnet-5,REC-chi-eme-006,2,child,medications,1,0,0,1,1,1.0,1.0,1.0
anthropic_claude-sonnet-5,REC-chi-eme-006,2,child,labs,1,0,0,1,1,1.0,1.0,1.0
anthropic_claude-sonnet-5,REC-chi-eme-006,2,child,procedures,1,0,0,1,1,1.0,1.0,1.0
anthropic_claude-sonnet-5,REC-chi-eme-006,2,child,temporal,0,4,0,0,4,0.0,0.0,0.0
anthropic_claude-sonnet-5,REC-chi-eme-007,2,child,diagnoses,2,1,0,2,3,0.6666666666666666,1.0,0.8
anthropic_claude-sonnet-5,REC-chi-eme-007,2,child,medications,1,0,0,1,1,1.0,1.0,1.0
anthropic_claude-sonnet-5,REC-chi-eme-007,2,child,labs,0,0,0,0,0,0.0,0.0,0.0
anthropic_claude-sonnet-5,REC-chi-eme-007,2,child,procedures,1,0,0,1,1,1.0,1.0,1.0
anthropic_claude-sonnet-5,REC-chi-eme-007,2,child,temporal,0,3,2,2,3,0.0,0.0,0.0
anthropic_claude-sonnet-5,REC-chi-eme-008,2,child,diagnoses,2,0,0,2,2,1.0,1.0,1.0
anthropic_claude-sonnet-5,REC-chi-eme-008,2,child,medications,1,0,0,1,1,1.0,1.0,1.0
anthropic_claude-sonnet-5,REC-chi-eme-008,2,child,labs,1,0,0,1,1,1.0,1.0,1.0
anthropic_claude-sonnet-5,REC-chi-eme-008,2,child,procedures,1,0,0,1,1,1.0,1.0,1.0
anthropic_claude-sonnet-5,REC-chi-eme-008,2,child,temporal,0,3,0,0,3,0.0,0.0,0.0
anthropic_claude-sonnet-5,REC-chi-eme-009,2,child,diagnoses,2,1,0,2,3,0.6666666666666666,1.0,0.8
anthropic_claude-sonnet-5,REC-chi-eme-009,2,child,medications,1,0,0,1,1,1.0,1.0,1.0
anthropic_claude-sonnet-5,REC-chi-eme-009,2,child,labs,1,0,0,1,1,1.0,1.0,1.0
anthropic_claude-sonnet-5,REC-chi-eme-009,2,child,procedures,1,0,0,1,1,1.0,1.0,1.0
anthropic_claude-sonnet-5,REC-chi-eme-009,2,child,temporal,0,4,2,2,4,0.0,0.0,0.0
anthropic_claude-sonnet-5,REC-chi-eme-010,2,child,diagnoses,3,0,0,3,3,1.0,1.0,1.0
anthropic_claude-sonnet-5,REC-chi-eme-010,2,child,medications,1,0,0,1,1,1.0,1.0,1.0
anthropic_claude-sonnet-5,REC-chi-eme-010,2,child,labs,0,0,0,0,0,0.0,0.0,0.0
anthropic_claude-sonnet-5,REC-chi-eme-010,2,child,procedures,1,0,0,1,1,1.0,1.0,1.0
anthropic_claude-sonnet-5,REC-chi-eme-010,2,child,temporal,0,3,0,0,3,0.0,0.0,0.0
anthropic_claude-sonnet-5,REC-chi-icu-001,2,child,diagnoses,1,0,0,1,1,1.0,1.0,1.0
anthropic_claude-sonnet-5,REC-chi-icu-001,2,child,medications,1,0,0,1,1,1.0,1.0,1.0
anthropic_claude-sonnet-5,REC-chi-icu-001,2,child,labs,0,0,0,0,0,0.0,0.0,0.0
anthropic_claude-sonnet-5,REC-chi-icu-001,2,child,procedures,1,0,0,1,1,1.0,1.0,1.0
anthropic_claude-sonnet-5,REC-chi-icu-001,2,child,temporal,0,3,1,1,3,0.0,0.0,0.0
anthropic_claude-sonnet-5,REC-chi-icu-002,2,child,diagnoses,1,1,0,1,2,0.5,1.0,0.6666666666666666
anthropic_claude-sonnet-5,REC-chi-icu-002,2,child,medications,1,0,0,1,1,1.0,1.0,1.0
anthropic_claude-sonnet-5,REC-chi-icu-002,2,child,labs,1,0,0,1,1,1.0,1.0,1.0
anthropic_claude-sonnet-5,REC-chi-icu-002,2,child,procedures,1,0,0,1,1,1.0,1.0,1.0
anthropic_claude-sonnet-5,REC-chi-icu-002,2,child,temporal,0,2,2,2,2,0.0,0.0,0.0
anthropic_claude-sonnet-5,REC-chi-icu-003,2,child,diagnoses,2,0,0,2,2,1.0,1.0,1.0
anthropic_claude-sonnet-5,REC-chi-icu-003,2,child,medications,1,0,0,1,1,1.0,1.0,1.0
anthropic_claude-sonnet-5,REC-chi-icu-003,2,child,labs,0,0,0,0,0,0.0,0.0,0.0
anthropic_claude-sonnet-5,REC-chi-icu-003,2,child,procedures,1,1,0,1,2,0.5,1.0,0.6666666666666666
anthropic_claude-sonnet-5,REC-chi-icu-003,2,child,temporal,0,1,1,1,1,0.0,0.0,0.0
anthropic_claude-sonnet-5,REC-chi-icu-004,2,child,diagnoses,2,1,0,2,3,0.6666666666666666,1.0,0.8
anthropic_claude-sonnet-5,REC-chi-icu-004,2,child,medications,1,0,0,1,1,1.0,1.0,1.0
anthropic_claude-sonnet-5,REC-chi-icu-004,2,child,labs,1,0,0,1,1,1.0,1.0,1.0
anthropic_claude-sonnet-5,REC-chi-icu-004,2,child,procedures,1,0,0,1,1,1.0,1.0,1.0
anthropic_claude-sonnet-5,REC-chi-icu-004,2,child,temporal,0,3,1,1,3,0.0,0.0,0.0
anthropic_claude-sonnet-5,REC-chi-icu-005,2,child,diagnoses,2,1,0,2,3,0.6666666666666666,1.0,0.8
anthropic_claude-sonnet-5,REC-chi-icu-005,2,child,medications,1,0,0,1,1,1.0,1.0,1.0
anthropic_claude-sonnet-5,REC-chi-icu-005,2,child,labs,0,0,0,0,0,0.0,0.0,0.0
anthropic_claude-sonnet-5,REC-chi-icu-005,2,child,procedures,1,1,0,1,2,0.5,1.0,0.6666666666666666
anthropic_claude-sonnet-5,REC-chi-icu-005,2,child,temporal,0,2,2,2,2,0.0,0.0,0.0
anthropic_claude-sonnet-5,REC-chi-icu-006,2,child,diagnoses,1,0,0,1,1,1.0,1.0,1.0
anthropic_claude-sonnet-5,REC-chi-icu-006,2,child,medications,1,0,0,1,1,1.0,1.0,1.0
anthropic_claude-sonnet-5,REC-chi-icu-006,2,child,labs,1,0,0,1,1,1.0,1.0,1.0
anthropic_claude-sonnet-5,REC-chi-icu-006,2,child,procedures,1,1,0,1,2,0.5,1.0,0.6666666666666666
anthropic_claude-sonnet-5,REC-chi-icu-006,2,child,temporal,0,3,2,2,3,0.0,0.0,0.0
anthropic_claude-sonnet-5,REC-chi-icu-007,2,child,diagnoses,1,0,0,1,1,1.0,1.0,1.0
anthropic_claude-sonnet-5,REC-chi-icu-007,2,child,medications,1,0,0,1,1,1.0,1.0,1.0
anthropic_claude-sonnet-5,REC-chi-icu-007,2,child,labs,0,0,0,0,0,0.0,0.0,0.0
anthropic_claude-sonnet-5,REC-chi-icu-007,2,child,procedures,1,0,0,1,1,1.0,1.0,1.0
anthropic_claude-sonnet-5,REC-chi-icu-007,2,child,temporal,0,2,2,2,2,0.0,0.0,0.0
anthropic_claude-sonnet-5,REC-chi-icu-008,2,child,diagnoses,1,0,0,1,1,1.0,1.0,1.0
anthropic_claude-sonnet-5,REC-chi-icu-008,2,child,medications,1,0,0,1,1,1.0,1.0,1.0
anthropic_claude-sonnet-5,REC-chi-icu-008,2,child,labs,1,0,0,1,1,1.0,1.0,1.0
anthropic_claude-sonnet-5,REC-chi-icu-008,2,child,procedures,1,0,0,1,1,1.0,1.0,1.0
anthropic_claude-sonnet-5,REC-chi-icu-008,2,child,temporal,0,2,1,1,2,0.0,0.0,0.0
anthropic_claude-sonnet-5,REC-chi-icu-009,2,child,diagnoses,2,0,0,2,2,1.0,1.0,1.0
anthropic_claude-sonnet-5,REC-chi-icu-009,2,child,medications,1,0,0,1,1,1.0,1.0,1.0
anthropic_claude-sonnet-5,REC-chi-icu-009,2,child,labs,0,0,0,0,0,0.0,0.0,0.0
anthropic_claude-sonnet-5,REC-chi-icu-009,2,child,procedures,1,1,0,1,2,0.5,1.0,0.6666666666666666
anthropic_claude-sonnet-5,REC-chi-icu-009,2,child,temporal,0,2,2,2,2,0.0,0.0,0.0
anthropic_claude-sonnet-5,REC-chi-icu-010,2,child,diagnoses,2,0,0,2,2,1.0,1.0,1.0
anthropic_claude-sonnet-5,REC-chi-icu-010,2,child,medications,1,0,0,1,1,1.0,1.0,1.0
anthropic_claude-sonnet-5,REC-chi-icu-010,2,child,labs,1,0,0,1,1,1.0,1.0,1.0
anthropic_claude-sonnet-5,REC-chi-icu-010,2,child,procedures,1,0,0,1,1,1.0,1.0,1.0
anthropic_claude-sonnet-5,REC-chi-icu-010,2,child,temporal,0,2,0,0,2,0.0,0.0,0.0
anthropic_claude-sonnet-5,REC-chi-inp-001,2,child,diagnoses,2,1,0,2,3,0.6666666666666666,1.0,0.8
anthropic_claude-sonnet-5,REC-chi-inp-001,2,child,medications,1,0,0,1,1,1.0,1.0,1.0
anthropic_claude-sonnet-5,REC-chi-inp-001,2,child,labs,0,0,0,0,0,0.0,0.0,0.0
anthropic_claude-sonnet-5,REC-chi-inp-001,2,child,procedures,1,0,0,1,1,1.0,1.0,1.0
anthropic_claude-sonnet-5,REC-chi-inp-001,2,child,temporal,0,4,2,2,4,0.0,0.0,0.0
anthropic_claude-sonnet-5,REC-chi-inp-002,2,child,diagnoses,1,0,0,1,1,1.0,1.0,1.0
anthropic_claude-sonnet-5,REC-chi-inp-002,2,child,medications,1,0,0,1,1,1.0,1.0,1.0
anthropic_claude-sonnet-5,REC-chi-inp-002,2,child,labs,1,0,0,1,1,1.0,1.0,1.0
anthropic_claude-sonnet-5,REC-chi-inp-002,2,child,procedures,1,0,0,1,1,1.0,1.0,1.0
anthropic_claude-sonnet-5,REC-chi-inp-002,2,child,temporal,0,3,1,1,3,0.0,0.0,0.0
anthropic_claude-sonnet-5,REC-chi-inp-003,2,child,diagnoses,2,0,0,2,2,1.0,1.0,1.0
anthropic_claude-sonnet-5,REC-chi-inp-003,2,child,medications,1,0,0,1,1,1.0,1.0,1.0
anthropic_claude-sonnet-5,REC-chi-inp-003,2,child,labs,1,0,0,1,1,1.0,1.0,1.0
anthropic_claude-sonnet-5,REC-chi-inp-003,2,child,procedures,1,0,0,1,1,1.0,1.0,1.0
anthropic_claude-sonnet-5,REC-chi-inp-003,2,child,temporal,0,4,0,0,4,0.0,0.0,0.0
anthropic_claude-sonnet-5,REC-chi-inp-004,2,child,diagnoses,2,1,0,2,3,0.6666666666666666,1.0,0.8
anthropic_claude-sonnet-5,REC-chi-inp-004,2,child,medications,1,0,0,1,1,1.0,1.0,1.0
anthropic_claude-sonnet-5,REC-chi-inp-004,2,child,labs,0,0,0,0,0,0.0,0.0,0.0
anthropic_claude-sonnet-5,REC-chi-inp-004,2,child,procedures,1,0,0,1,1,1.0,1.0,1.0
anthropic_claude-sonnet-5,REC-chi-inp-004,2,child,temporal,0,3,1,1,3,0.0,0.0,0.0
anthropic_claude-sonnet-5,REC-chi-inp-005,2,child,diagnoses,1,1,0,1,2,0.5,1.0,0.6666666666666666
anthropic_claude-sonnet-5,REC-chi-inp-005,2,child,medications,1,0,0,1,1,1.0,1.0,1.0
anthropic_claude-sonnet-5,REC-chi-inp-005,2,child,labs,1,0,0,1,1,1.0,1.0,1.0
anthropic_claude-sonnet-5,REC-chi-inp-005,2,child,procedures,1,0,0,1,1,1.0,1.0,1.0
anthropic_claude-sonnet-5,REC-chi-inp-005,2,child,temporal,0,4,1,1,4,0.0,0.0,0.0
anthropic_claude-sonnet-5,REC-chi-inp-006,2,child,diagnoses,1,1,0,1,2,0.5,1.0,0.6666666666666666
anthropic_claude-sonnet-5,REC-chi-inp-006,2,child,medications,1,0,0,1,1,1.0,1.0,1.0
anthropic_claude-sonnet-5,REC-chi-inp-006,2,child,labs,1,0,0,1,1,1.0,1.0,1.0
anthropic_claude-sonnet-5,REC-chi-inp-006,2,child,procedures,1,0,0,1,1,1.0,1.0,1.0
anthropic_claude-sonnet-5,REC-chi-inp-006,2,child,temporal,0,3,2,2,3,0.0,0.0,0.0
anthropic_claude-sonnet-5,REC-chi-inp-007,2,child,diagnoses,1,0,0,1,1,1.0,1.0,1.0
anthropic_claude-sonnet-5,REC-chi-inp-007,2,child,medications,1,0,0,1,1,1.0,1.0,1.0
anthropic_claude-sonnet-5,REC-chi-inp-007,2,child,labs,0,0,0,0,0,0.0,0.0,0.0
anthropic_claude-sonnet-5,REC-chi-inp-007,2,child,procedures,1,0,0,1,1,1.0,1.0,1.0
anthropic_claude-sonnet-5,REC-chi-inp-007,2,child,temporal,0,1,1,1,1,0.0,0.0,0.0
anthropic_claude-sonnet-5,REC-chi-inp-008,2,child,diagnoses,2,0,0,2,2,1.0,1.0,1.0
anthropic_claude-sonnet-5,REC-chi-inp-008,2,child,medications,1,0,0,1,1,1.0,1.0,1.0
anthropic_claude-sonnet-5,REC-chi-inp-008,2,child,labs,1,0,0,1,1,1.0,1.0,1.0
anthropic_claude-sonnet-5,REC-chi-inp-008,2,child,procedures,1,0,0,1,1,1.0,1.0,1.0
anthropic_claude-sonnet-5,REC-chi-inp-008,2,child,temporal,0,3,1,1,3,0.0,0.0,0.0
anthropic_claude-sonnet-5,REC-chi-inp-009,2,child,diagnoses,1,0,0,1,1,1.0,1.0,1.0
anthropic_claude-sonnet-5,REC-chi-inp-009,2,child,medications,1,0,0,1,1,1.0,1.0,1.0
anthropic_claude-sonnet-5,REC-chi-inp-009,2,child,labs,1,0,0,1,1,1.0,1.0,1.0
anthropic_claude-sonnet-5,REC-chi-inp-009,2,child,procedures,1,1,0,1,2,0.5,1.0,0.6666666666666666
anthropic_claude-sonnet-5,REC-chi-inp-009,2,child,temporal,0,3,1,1,3,0.0,0.0,0.0
anthropic_claude-sonnet-5,REC-chi-inp-010,2,child,diagnoses,2,0,0,2,2,1.0,1.0,1.0
anthropic_claude-sonnet-5,REC-chi-inp-010,2,child,medications,1,0,0,1,1,1.0,1.0,1.0
anthropic_claude-sonnet-5,REC-chi-inp-010,2,child,labs,0,0,0,0,0,0.0,0.0,0.0
anthropic_claude-sonnet-5,REC-chi-inp-010,2,child,procedures,1,0,0,1,1,1.0,1.0,1.0
anthropic_claude-sonnet-5,REC-chi-inp-010,2,child,temporal,0,1,2,2,1,0.0,0.0,0.0
anthropic_claude-sonnet-5,REC-chi-out-001,2,child,diagnoses,2,0,0,2,2,1.0,1.0,1.0
anthropic_claude-sonnet-5,REC-chi-out-001,2,child,medications,1,0,0,1,1,1.0,1.0,1.0
anthropic_claude-sonnet-5,REC-chi-out-001,2,child,labs,0,0,0,0,0,0.0,0.0,0.0
anthropic_claude-sonnet-5,REC-chi-out-001,2,child,procedures,1,1,0,1,2,0.5,1.0,0.6666666666666666
anthropic_claude-sonnet-5,REC-chi-out-001,2,child,temporal,0,4,2,2,4,0.0,0.0,0.0
anthropic_claude-sonnet-5,REC-chi-out-002,2,child,diagnoses,2,1,0,2,3,0.6666666666666666,1.0,0.8
anthropic_claude-sonnet-5,REC-chi-out-002,2,child,medications,1,0,0,1,1,1.0,1.0,1.0
anthropic_claude-sonnet-5,REC-chi-out-002,2,child,labs,1,0,0,1,1,1.0,1.0,1.0
anthropic_claude-sonnet-5,REC-chi-out-002,2,child,procedures,1,1,0,1,2,0.5,1.0,0.6666666666666666
anthropic_claude-sonnet-5,REC-chi-out-002,2,child,temporal,0,4,2,2,4,0.0,0.0,0.0
anthropic_claude-sonnet-5,REC-chi-out-003,2,child,diagnoses,2,0,0,2,2,1.0,1.0,1.0
anthropic_claude-sonnet-5,REC-chi-out-003,2,child,medications,1,0,0,1,1,1.0,1.0,1.0
anthropic_claude-sonnet-5,REC-chi-out-003,2,child,labs,0,0,0,0,0,0.0,0.0,0.0
anthropic_claude-sonnet-5,REC-chi-out-003,2,child,procedures,1,1,0,1,2,0.5,1.0,0.6666666666666666
anthropic_claude-sonnet-5,REC-chi-out-003,2,child,temporal,0,4,1,1,4,0.0,0.0,0.0
anthropic_claude-sonnet-5,REC-chi-out-004,2,child,diagnoses,2,0,0,2,2,1.0,1.0,1.0
anthropic_claude-sonnet-5,REC-chi-out-004,2,child,medications,1,0,0,1,1,1.0,1.0,1.0
anthropic_claude-sonnet-5,REC-chi-out-004,2,child,labs,1,0,0,1,1,1.0,1.0,1.0
anthropic_claude-sonnet-5,REC-chi-out-004,2,child,procedures,1,0,0,1,1,1.0,1.0,1.0
anthropic_claude-sonnet-5,REC-chi-out-004,2,child,temporal,0,2,1,1,2,0.0,0.0,0.0
anthropic_claude-sonnet-5,REC-chi-out-005,2,child,diagnoses,1,1,0,1,2,0.5,1.0,0.6666666666666666
anthropic_claude-sonnet-5,REC-chi-out-005,2,child,medications,1,0,0,1,1,1.0,1.0,1.0
anthropic_claude-sonnet-5,REC-chi-out-005,2,child,labs,0,0,0,0,0,0.0,0.0,0.0
anthropic_claude-sonnet-5,REC-chi-out-005,2,child,procedures,1,1,0,1,2,0.5,1.0,0.6666666666666666
anthropic_claude-sonnet-5,REC-chi-out-005,2,child,temporal,0,2,2,2,2,0.0,0.0,0.0
anthropic_claude-sonnet-5,REC-chi-out-006,2,child,diagnoses,1,0,0,1,1,1.0,1.0,1.0
anthropic_claude-sonnet-5,REC-chi-out-006,2,child,medications,1,0,0,1,1,1.0,1.0,1.0
anthropic_claude-sonnet-5,REC-chi-out-006,2,child,labs,1,0,0,1,1,1.0,1.0,1.0
anthropic_claude-sonnet-5,REC-chi-out-006,2,child,procedures,1,1,0,1,2,0.5,1.0,0.6666666666666666
anthropic_claude-sonnet-5,REC-chi-out-006,2,child,temporal,0,3,2,2,3,0.0,0.0,0.0
anthropic_claude-sonnet-5,REC-chi-out-007,2,child,diagnoses,2,1,0,2,3,0.6666666666666666,1.0,0.8
anthropic_claude-sonnet-5,REC-chi-out-007,2,child,medications,1,0,0,1,1,1.0,1.0,1.0
anthropic_claude-sonnet-5,REC-chi-out-007,2,child,labs,0,0,0,0,0,0.0,0.0,0.0
anthropic_claude-sonnet-5,REC-chi-out-007,2,child,procedures,1,1,0,1,2,0.5,1.0,0.6666666666666666
anthropic_claude-sonnet-5,REC-chi-out-007,2,child,temporal,0,4,2,2,4,0.0,0.0,0.0
anthropic_claude-sonnet-5,REC-chi-out-008,2,child,diagnoses,3,0,0,3,3,1.0,1.0,1.0
anthropic_claude-sonnet-5,REC-chi-out-008,2,child,medications,1,0,0,1,1,1.0,1.0,1.0
anthropic_claude-sonnet-5,REC-chi-out-008,2,child,labs,1,0,0,1,1,1.0,1.0,1.0
anthropic_claude-sonnet-5,REC-chi-out-008,2,child,procedures,1,0,0,1,1,1.0,1.0,1.0
anthropic_claude-sonnet-5,REC-chi-out-008,2,child,temporal,0,0,0,0,0,0.0,0.0,0.0
anthropic_claude-sonnet-5,REC-chi-out-009,2,child,diagnoses,2,0,0,2,2,1.0,1.0,1.0
anthropic_claude-sonnet-5,REC-chi-out-009,2,child,medications,1,0,0,1,1,1.0,1.0,1.0
anthropic_claude-sonnet-5,REC-chi-out-009,2,child,labs,0,0,0,0,0,0.0,0.0,0.0
anthropic_claude-sonnet-5,REC-chi-out-009,2,child,procedures,1,0,0,1,1,1.0,1.0,1.0
anthropic_claude-sonnet-5,REC-chi-out-009,2,child,temporal,0,1,1,1,1,0.0,0.0,0.0
anthropic_claude-sonnet-5,REC-chi-out-010,2,child,diagnoses,1,0,0,1,1,1.0,1.0,1.0
anthropic_claude-sonnet-5,REC-chi-out-010,2,child,medications,1,0,0,1,1,1.0,1.0,1.0
anthropic_claude-sonnet-5,REC-chi-out-010,2,child,labs,1,0,0,1,1,1.0,1.0,1.0
anthropic_claude-sonnet-5,REC-chi-out-010,2,child,procedures,1,0,0,1,1,1.0,1.0,1.0
anthropic_claude-sonnet-5,REC-chi-out-010,2,child,temporal,0,1,2,2,1,0.0,0.0,0.0
anthropic_claude-sonnet-5,REC-inf-eme-001,2,infant,diagnoses,3,0,0,3,3,1.0,1.0,1.0
anthropic_claude-sonnet-5,REC-inf-eme-001,2,infant,medications,0,0,0,0,0,0.0,0.0,0.0
anthropic_claude-sonnet-5,REC-inf-eme-001,2,infant,labs,0,0,0,0,0,0.0,0.0,0.0
anthropic_claude-sonnet-5,REC-inf-eme-001,2,infant,procedures,1,0,0,1,1,1.0,1.0,1.0
anthropic_claude-sonnet-5,REC-inf-eme-001,2,infant,temporal,0,1,0,0,1,0.0,0.0,0.0
anthropic_claude-sonnet-5,REC-inf-eme-002,2,infant,diagnoses,2,0,0,2,2,1.0,1.0,1.0
anthropic_claude-sonnet-5,REC-inf-eme-002,2,infant,medications,1,0,0,1,1,1.0,1.0,1.0
anthropic_claude-sonnet-5,REC-inf-eme-002,2,infant,labs,0,0,0,0,0,0.0,0.0,0.0
anthropic_claude-sonnet-5,REC-inf-eme-002,2,infant,procedures,1,0,0,1,1,1.0,1.0,1.0
anthropic_claude-sonnet-5,REC-inf-eme-002,2,infant,temporal,0,3,1,1,3,0.0,0.0,0.0
anthropic_claude-sonnet-5,REC-inf-eme-003,2,infant,diagnoses,2,1,0,2,3,0.6666666666666666,1.0,0.8
anthropic_claude-sonnet-5,REC-inf-eme-003,2,infant,medications,1,0,0,1,1,1.0,1.0,1.0
anthropic_claude-sonnet-5,REC-inf-eme-003,2,infant,labs,1,0,0,1,1,1.0,1.0,1.0
anthropic_claude-sonnet-5,REC-inf-eme-003,2,infant,procedures,1,0,0,1,1,1.0,1.0,1.0
anthropic_claude-sonnet-5,REC-inf-eme-003,2,infant,temporal,0,3,2,2,3,0.0,0.0,0.0
anthropic_claude-sonnet-5,REC-inf-eme-004,2,infant,diagnoses,2,1,0,2,3,0.6666666666666666,1.0,0.8
anthropic_claude-sonnet-5,REC-inf-eme-004,2,infant,medications,0,0,0,0,0,0.0,0.0,0.0
anthropic_claude-sonnet-5,REC-inf-eme-004,2,infant,labs,0,0,0,0,0,0.0,0.0,0.0
anthropic_claude-sonnet-5,REC-inf-eme-004,2,infant,procedures,1,1,0,1,2,0.5,1.0,0.6666666666666666
anthropic_claude-sonnet-5,REC-inf-eme-004,2,infant,temporal,0,1,2,2,1,0.0,0.0,0.0
anthropic_claude-sonnet-5,REC-inf-eme-005,2,infant,diagnoses,1,1,0,1,2,0.5,1.0,0.6666666666666666
anthropic_claude-sonnet-5,REC-inf-eme-005,2,infant,medications,1,0,0,1,1,1.0,1.0,1.0
anthropic_claude-sonnet-5,REC-inf-eme-005,2,infant,labs,0,0,0,0,0,0.0,0.0,0.0
anthropic_claude-sonnet-5,REC-inf-eme-005,2,infant,procedures,1,0,0,1,1,1.0,1.0,1.0
anthropic_claude-sonnet-5,REC-inf-eme-005,2,infant,temporal,0,3,2,2,3,0.0,0.0,0.0
anthropic_claude-sonnet-5,REC-inf-eme-006,2,infant,diagnoses,1,0,0,1,1,1.0,1.0,1.0
anthropic_claude-sonnet-5,REC-inf-eme-006,2,infant,medications,1,0,0,1,1,1.0,1.0,1.0
anthropic_claude-sonnet-5,REC-inf-eme-006,2,infant,labs,1,0,0,1,1,1.0,1.0,1.0
anthropic_claude-sonnet-5,REC-inf-eme-006,2,infant,procedures,1,0,0,1,1,1.0,1.0,1.0
anthropic_claude-sonnet-5,REC-inf-eme-006,2,infant,temporal,0,3,1,1,3,0.0,0.0,0.0
anthropic_claude-sonnet-5,REC-inf-eme-007,2,infant,diagnoses,3,0,0,3,3,1.0,1.0,1.0
anthropic_claude-sonnet-5,REC-inf-eme-007,2,infant,medications,0,0,0,0,0,0.0,0.0,0.0
anthropic_claude-sonnet-5,REC-inf-eme-007,2,infant,labs,0,0,0,0,0,0.0,0.0,0.0
anthropic_claude-sonnet-5,REC-inf-eme-007,2,infant,procedures,1,0,0,1,1,1.0,1.0,1.0
anthropic_claude-sonnet-5,REC-inf-eme-007,2,infant,temporal,0,2,1,1,2,0.0,0.0,0.0
anthropic_claude-sonnet-5,REC-inf-eme-008,2,infant,diagnoses,1,0,0,1,1,1.0,1.0,1.0
anthropic_claude-sonnet-5,REC-inf-eme-008,2,infant,medications,1,0,0,1,1,1.0,1.0,1.0
anthropic_claude-sonnet-5,REC-inf-eme-008,2,infant,labs,0,0,0,0,0,0.0,0.0,0.0
anthropic_claude-sonnet-5,REC-inf-eme-008,2,infant,procedures,1,0,0,1,1,1.0,1.0,1.0
anthropic_claude-sonnet-5,REC-inf-eme-008,2,infant,temporal,0,3,2,2,3,0.0,0.0,0.0
anthropic_claude-sonnet-5,REC-inf-eme-009,2,infant,diagnoses,1,0,0,1,1,1.0,1.0,1.0
anthropic_claude-sonnet-5,REC-inf-eme-009,2,infant,medications,1,0,0,1,1,1.0,1.0,1.0
anthropic_claude-sonnet-5,REC-inf-eme-009,2,infant,labs,1,0,0,1,1,1.0,1.0,1.0
anthropic_claude-sonnet-5,REC-inf-eme-009,2,infant,procedures,1,1,0,1,2,0.5,1.0,0.6666666666666666
anthropic_claude-sonnet-5,REC-inf-eme-009,2,infant,temporal,0,4,3,3,4,0.0,0.0,0.0
anthropic_claude-sonnet-5,REC-inf-eme-010,2,infant,diagnoses,1,1,0,1,2,0.5,1.0,0.6666666666666666
anthropic_claude-sonnet-5,REC-inf-eme-010,2,infant,medications,0,0,0,0,0,0.0,0.0,0.0
anthropic_claude-sonnet-5,REC-inf-eme-010,2,infant,labs,0,0,0,0,0,0.0,0.0,0.0
anthropic_claude-sonnet-5,REC-inf-eme-010,2,infant,procedures,1,0,0,1,1,1.0,1.0,1.0
anthropic_claude-sonnet-5,REC-inf-eme-010,2,infant,temporal,0,1,1,1,1,0.0,0.0,0.0
anthropic_claude-sonnet-5,REC-inf-icu-001,2,infant,diagnoses,1,0,0,1,1,1.0,1.0,1.0
anthropic_claude-sonnet-5,REC-inf-icu-001,2,infant,medications,0,0,0,0,0,0.0,0.0,0.0
anthropic_claude-sonnet-5,REC-inf-icu-001,2,infant,labs,0,0,0,0,0,0.0,0.0,0.0
anthropic_claude-sonnet-5,REC-inf-icu-001,2,infant,procedures,1,1,0,1,2,0.5,1.0,0.6666666666666666
anthropic_claude-sonnet-5,REC-inf-icu-001,2,infant,temporal,0,2,1,1,2,0.0,0.0,0.0
anthropic_claude-sonnet-5,REC-inf-icu-002,2,infant,diagnoses,2,0,0,2,2,1.0,1.0,1.0
anthropic_claude-sonnet-5,REC-inf-icu-002,2,infant,medications,1,0,0,1,1,1.0,1.0,1.0
anthropic_claude-sonnet-5,REC-inf-icu-002,2,infant,labs,1,0,0,1,1,1.0,1.0,1.0
anthropic_claude-sonnet-5,REC-inf-icu-002,2,infant,procedures,1,0,0,1,1,1.0,1.0,1.0
anthropic_claude-sonnet-5,REC-inf-icu-002,2,infant,temporal,0,2,2,2,2,0.0,0.0,0.0
anthropic_claude-sonnet-5,REC-inf-icu-003,2,infant,diagnoses,2,0,0,2,2,1.0,1.0,1.0
anthropic_claude-sonnet-5,REC-inf-icu-003,2,infant,medications,0,0,0,0,0,0.0,0.0,0.0
anthropic_claude-sonnet-5,REC-inf-icu-003,2,infant,labs,0,0,0,0,0,0.0,0.0,0.0
anthropic_claude-sonnet-5,REC-inf-icu-003,2,infant,procedures,1,0,0,1,1,1.0,1.0,1.0
anthropic_claude-sonnet-5,REC-inf-icu-003,2,infant,temporal,0,1,0,0,1,0.0,0.0,0.0
anthropic_claude-sonnet-5,REC-inf-icu-004,2,infant,diagnoses,1,1,0,1,2,0.5,1.0,0.6666666666666666
anthropic_claude-sonnet-5,REC-inf-icu-004,2,infant,medications,1,0,0,1,1,1.0,1.0,1.0
anthropic_claude-sonnet-5,REC-inf-icu-004,2,infant,labs,1,0,0,1,1,1.0,1.0,1.0
anthropic_claude-sonnet-5,REC-inf-icu-004,2,infant,procedures,1,1,0,1,2,0.5,1.0,0.6666666666666666
anthropic_claude-sonnet-5,REC-inf-icu-004,2,infant,temporal,0,3,3,3,3,0.0,0.0,0.0
anthropic_claude-sonnet-5,REC-inf-icu-005,2,infant,diagnoses,1,0,0,1,1,1.0,1.0,1.0
anthropic_claude-sonnet-5,REC-inf-icu-005,2,infant,medications,0,0,0,0,0,0.0,0.0,0.0
anthropic_claude-sonnet-5,REC-inf-icu-005,2,infant,labs,0,0,0,0,0,0.0,0.0,0.0
anthropic_claude-sonnet-5,REC-inf-icu-005,2,infant,procedures,1,1,0,1,2,0.5,1.0,0.6666666666666666
anthropic_claude-sonnet-5,REC-inf-icu-005,2,infant,temporal,0,3,2,2,3,0.0,0.0,0.0
anthropic_claude-sonnet-5,REC-inf-icu-006,2,infant,diagnoses,1,0,0,1,1,1.0,1.0,1.0
anthropic_claude-sonnet-5,REC-inf-icu-006,2,infant,medications,1,0,0,1,1,1.0,1.0,1.0
anthropic_claude-sonnet-5,REC-inf-icu-006,2,infant,labs,1,0,0,1,1,1.0,1.0,1.0
anthropic_claude-sonnet-5,REC-inf-icu-006,2,infant,procedures,1,0,0,1,1,1.0,1.0,1.0
anthropic_claude-sonnet-5,REC-inf-icu-006,2,infant,temporal,0,3,1,1,3,0.0,0.0,0.0
anthropic_claude-sonnet-5,REC-inf-icu-007,2,infant,diagnoses,2,0,0,2,2,1.0,1.0,1.0
anthropic_claude-sonnet-5,REC-inf-icu-007,2,infant,medications,0,0,0,0,0,0.0,0.0,0.0
anthropic_claude-sonnet-5,REC-inf-icu-007,2,infant,labs,0,0,0,0,0,0.0,0.0,0.0
anthropic_claude-sonnet-5,REC-inf-icu-007,2,infant,procedures,1,1,0,1,2,0.5,1.0,0.6666666666666666
anthropic_claude-sonnet-5,REC-inf-icu-007,2,infant,temporal,0,4,2,2,4,0.0,0.0,0.0
anthropic_claude-sonnet-5,REC-inf-icu-008,2,infant,diagnoses,1,0,0,1,1,1.0,1.0,1.0
anthropic_claude-sonnet-5,REC-inf-icu-008,2,infant,medications,1,0,0,1,1,1.0,1.0,1.0
anthropic_claude-sonnet-5,REC-inf-icu-008,2,infant,labs,1,0,0,1,1,1.0,1.0,1.0
anthropic_claude-sonnet-5,REC-inf-icu-008,2,infant,procedures,1,0,0,1,1,1.0,1.0,1.0
anthropic_claude-sonnet-5,REC-inf-icu-008,2,infant,temporal,0,5,1,1,5,0.0,0.0,0.0
anthropic_claude-sonnet-5,REC-inf-icu-009,2,infant,diagnoses,3,0,0,3,3,1.0,1.0,1.0
anthropic_claude-sonnet-5,REC-inf-icu-009,2,infant,medications,0,0,0,0,0,0.0,0.0,0.0
anthropic_claude-sonnet-5,REC-inf-icu-009,2,infant,labs,0,0,0,0,0,0.0,0.0,0.0
anthropic_claude-sonnet-5,REC-inf-icu-009,2,infant,procedures,1,0,0,1,1,1.0,1.0,1.0
anthropic_claude-sonnet-5,REC-inf-icu-009,2,infant,temporal,0,2,0,0,2,0.0,0.0,0.0
anthropic_claude-sonnet-5,REC-inf-icu-010,2,infant,diagnoses,2,1,0,2,3,0.6666666666666666,1.0,0.8
anthropic_claude-sonnet-5,REC-inf-icu-010,2,infant,medications,1,0,0,1,1,1.0,1.0,1.0
anthropic_claude-sonnet-5,REC-inf-icu-010,2,infant,labs,1,0,0,1,1,1.0,1.0,1.0
anthropic_claude-sonnet-5,REC-inf-icu-010,2,infant,procedures,1,0,0,1,1,1.0,1.0,1.0
anthropic_claude-sonnet-5,REC-inf-icu-010,2,infant,temporal,0,3,2,2,3,0.0,0.0,0.0
anthropic_claude-sonnet-5,REC-inf-inp-001,2,infant,diagnoses,2,0,0,2,2,1.0,1.0,1.0
anthropic_claude-sonnet-5,REC-inf-inp-001,2,infant,medications,0,0,0,0,0,0.0,0.0,0.0
anthropic_claude-sonnet-5,REC-inf-inp-001,2,infant,labs,0,0,0,0,0,0.0,0.0,0.0
anthropic_claude-sonnet-5,REC-inf-inp-001,2,infant,procedures,1,0,0,1,1,1.0,1.0,1.0
anthropic_claude-sonnet-5,REC-inf-inp-001,2,infant,temporal,0,1,1,1,1,0.0,0.0,0.0
anthropic_claude-sonnet-5,REC-inf-inp-002,2,infant,diagnoses,1,1,0,1,2,0.5,1.0,0.6666666666666666
anthropic_claude-sonnet-5,REC-inf-inp-002,2,infant,medications,1,0,0,1,1,1.0,1.0,1.0
anthropic_claude-sonnet-5,REC-inf-inp-002,2,infant,labs,1,0,0,1,1,1.0,1.0,1.0
anthropic_claude-sonnet-5,REC-inf-inp-002,2,infant,procedures,1,1,0,1,2,0.5,1.0,0.6666666666666666
anthropic_claude-sonnet-5,REC-inf-inp-002,2,infant,temporal,0,3,3,3,3,0.0,0.0,0.0
anthropic_claude-sonnet-5,REC-inf-inp-003,2,infant,diagnoses,3,0,0,3,3,1.0,1.0,1.0
anthropic_claude-sonnet-5,REC-inf-inp-003,2,infant,medications,0,0,0,0,0,0.0,0.0,0.0
anthropic_claude-sonnet-5,REC-inf-inp-003,2,infant,labs,0,0,0,0,0,0.0,0.0,0.0
anthropic_claude-sonnet-5,REC-inf-inp-003,2,infant,procedures,1,0,0,1,1,1.0,1.0,1.0
anthropic_claude-sonnet-5,REC-inf-inp-003,2,infant,temporal,0,1,0,0,1,0.0,0.0,0.0
anthropic_claude-sonnet-5,REC-inf-inp-004,2,infant,diagnoses,2,1,0,2,3,0.6666666666666666,1.0,0.8
anthropic_claude-sonnet-5,REC-inf-inp-004,2,infant,medications,1,0,0,1,1,1.0,1.0,1.0
anthropic_claude-sonnet-5,REC-inf-inp-004,2,infant,labs,1,0,0,1,1,1.0,1.0,1.0
anthropic_claude-sonnet-5,REC-inf-inp-004,2,infant,procedures,1,0,0,1,1,1.0,1.0,1.0
anthropic_claude-sonnet-5,REC-inf-inp-004,2,infant,temporal,0,3,1,1,3,0.0,0.0,0.0
anthropic_claude-sonnet-5,REC-inf-inp-005,2,infant,diagnoses,2,0,0,2,2,1.0,1.0,1.0
anthropic_claude-sonnet-5,REC-inf-inp-005,2,infant,medications,0,0,0,0,0,0.0,0.0,0.0
anthropic_claude-sonnet-5,REC-inf-inp-005,2,infant,labs,0,0,0,0,0,0.0,0.0,0.0
anthropic_claude-sonnet-5,REC-inf-inp-005,2,infant,procedures,1,1,0,1,2,0.5,1.0,0.6666666666666666
anthropic_claude-sonnet-5,REC-inf-inp-005,2,infant,temporal,0,2,2,2,2,0.0,0.0,0.0
anthropic_claude-sonnet-5,REC-inf-inp-006,2,infant,diagnoses,1,0,0,1,1,1.0,1.0,1.0
anthropic_claude-sonnet-5,REC-inf-inp-006,2,infant,medications,1,0,0,1,1,1.0,1.0,1.0
anthropic_claude-sonnet-5,REC-inf-inp-006,2,infant,labs,1,0,0,1,1,1.0,1.0,1.0
anthropic_claude-sonnet-5,REC-inf-inp-006,2,infant,procedures,1,1,0,1,2,0.5,1.0,0.6666666666666666
anthropic_claude-sonnet-5,REC-inf-inp-006,2,infant,temporal,0,2,1,1,2,0.0,0.0,0.0
anthropic_claude-sonnet-5,REC-inf-inp-007,2,infant,diagnoses,1,0,0,1,1,1.0,1.0,1.0
anthropic_claude-sonnet-5,REC-inf-inp-007,2,infant,medications,0,0,0,0,0,0.0,0.0,0.0
anthropic_claude-sonnet-5,REC-inf-inp-007,2,infant,labs,0,0,0,0,0,0.0,0.0,0.0
anthropic_claude-sonnet-5,REC-inf-inp-007,2,infant,procedures,1,1,0,1,2,0.5,1.0,0.6666666666666666
anthropic_claude-sonnet-5,REC-inf-inp-007,2,infant,temporal,0,2,1,1,2,0.0,0.0,0.0
anthropic_claude-sonnet-5,REC-inf-inp-008,2,infant,diagnoses,1,1,0,1,2,0.5,1.0,0.6666666666666666
anthropic_claude-sonnet-5,REC-inf-inp-008,2,infant,medications,1,0,0,1,1,1.0,1.0,1.0
anthropic_claude-sonnet-5,REC-inf-inp-008,2,infant,labs,1,0,0,1,1,1.0,1.0,1.0
anthropic_claude-sonnet-5,REC-inf-inp-008,2,infant,procedures,1,0,0,1,1,1.0,1.0,1.0
anthropic_claude-sonnet-5,REC-inf-inp-008,2,infant,temporal,0,4,1,1,4,0.0,0.0,0.0
anthropic_claude-sonnet-5,REC-inf-inp-009,2,infant,diagnoses,2,0,0,2,2,1.0,1.0,1.0
anthropic_claude-sonnet-5,REC-inf-inp-009,2,infant,medications,0,0,0,0,0,0.0,0.0,0.0
anthropic_claude-sonnet-5,REC-inf-inp-009,2,infant,labs,0,0,0,0,0,0.0,0.0,0.0
anthropic_claude-sonnet-5,REC-inf-inp-009,2,infant,procedures,1,1,0,1,2,0.5,1.0,0.6666666666666666
anthropic_claude-sonnet-5,REC-inf-inp-009,2,infant,temporal,0,3,2,2,3,0.0,0.0,0.0
anthropic_claude-sonnet-5,REC-inf-inp-010,2,infant,diagnoses,1,0,0,1,1,1.0,1.0,1.0
anthropic_claude-sonnet-5,REC-inf-inp-010,2,infant,medications,1,0,0,1,1,1.0,1.0,1.0
anthropic_claude-sonnet-5,REC-inf-inp-010,2,infant,labs,1,0,0,1,1,1.0,1.0,1.0
anthropic_claude-sonnet-5,REC-inf-inp-010,2,infant,procedures,1,0,0,1,1,1.0,1.0,1.0
anthropic_claude-sonnet-5,REC-inf-inp-010,2,infant,temporal,0,2,1,1,2,0.0,0.0,0.0
anthropic_claude-sonnet-5,REC-inf-out-001,2,infant,diagnoses,2,0,0,2,2,1.0,1.0,1.0
anthropic_claude-sonnet-5,REC-inf-out-001,2,infant,medications,0,0,0,0,0,0.0,0.0,0.0
anthropic_claude-sonnet-5,REC-inf-out-001,2,infant,labs,0,0,0,0,0,0.0,0.0,0.0
anthropic_claude-sonnet-5,REC-inf-out-001,2,infant,procedures,1,0,0,1,1,1.0,1.0,1.0
anthropic_claude-sonnet-5,REC-inf-out-001,2,infant,temporal,0,1,0,0,1,0.0,0.0,0.0
anthropic_claude-sonnet-5,REC-inf-out-002,2,infant,diagnoses,1,1,0,1,2,0.5,1.0,0.6666666666666666
anthropic_claude-sonnet-5,REC-inf-out-002,2,infant,medications,1,0,0,1,1,1.0,1.0,1.0
anthropic_claude-sonnet-5,REC-inf-out-002,2,infant,labs,0,0,0,0,0,0.0,0.0,0.0
anthropic_claude-sonnet-5,REC-inf-out-002,2,infant,procedures,1,0,0,1,1,1.0,1.0,1.0
anthropic_claude-sonnet-5,REC-inf-out-002,2,infant,temporal,0,2,1,1,2,0.0,0.0,0.0
anthropic_claude-sonnet-5,REC-inf-out-003,2,infant,diagnoses,2,0,0,2,2,1.0,1.0,1.0
anthropic_claude-sonnet-5,REC-inf-out-003,2,infant,medications,0,0,0,0,0,0.0,0.0,0.0
anthropic_claude-sonnet-5,REC-inf-out-003,2,infant,labs,0,0,0,0,0,0.0,0.0,0.0
anthropic_claude-sonnet-5,REC-inf-out-003,2,infant,procedures,1,0,0,1,1,1.0,1.0,1.0
anthropic_claude-sonnet-5,REC-inf-out-003,2,infant,temporal,0,2,0,0,2,0.0,0.0,0.0
anthropic_claude-sonnet-5,REC-inf-out-004,2,infant,diagnoses,3,0,0,3,3,1.0,1.0,1.0
anthropic_claude-sonnet-5,REC-inf-out-004,2,infant,medications,1,0,0,1,1,1.0,1.0,1.0
anthropic_claude-sonnet-5,REC-inf-out-004,2,infant,labs,0,0,0,0,0,0.0,0.0,0.0
anthropic_claude-sonnet-5,REC-inf-out-004,2,infant,procedures,1,1,0,1,2,0.5,1.0,0.6666666666666666
anthropic_claude-sonnet-5,REC-inf-out-004,2,infant,temporal,0,1,1,1,1,0.0,0.0,0.0
anthropic_claude-sonnet-5,REC-inf-out-005,2,infant,diagnoses,2,0,0,2,2,1.0,1.0,1.0
anthropic_claude-sonnet-5,REC-inf-out-005,2,infant,medications,0,0,0,0,0,0.0,0.0,0.0
anthropic_claude-sonnet-5,REC-inf-out-005,2,infant,labs,0,0,0,0,0,0.0,0.0,0.0
anthropic_claude-sonnet-5,REC-inf-out-005,2,infant,procedures,1,0,0,1,1,1.0,1.0,1.0
anthropic_claude-sonnet-5,REC-inf-out-005,2,infant,temporal,0,1,0,0,1,0.0,0.0,0.0
anthropic_claude-sonnet-5,REC-inf-out-006,2,infant,diagnoses,1,0,0,1,1,1.0,1.0,1.0
anthropic_claude-sonnet-5,REC-inf-out-006,2,infant,medications,1,0,0,1,1,1.0,1.0,1.0
anthropic_claude-sonnet-5,REC-inf-out-006,2,infant,labs,0,0,0,0,0,0.0,0.0,0.0
anthropic_claude-sonnet-5,REC-inf-out-006,2,infant,procedures,1,0,0,1,1,1.0,1.0,1.0
anthropic_claude-sonnet-5,REC-inf-out-006,2,infant,temporal,0,2,1,1,2,0.0,0.0,0.0
anthropic_claude-sonnet-5,REC-inf-out-007,2,infant,diagnoses,2,0,0,2,2,1.0,1.0,1.0
anthropic_claude-sonnet-5,REC-inf-out-007,2,infant,medications,0,0,0,0,0,0.0,0.0,0.0
anthropic_claude-sonnet-5,REC-inf-out-007,2,infant,labs,0,0,0,0,0,0.0,0.0,0.0
anthropic_claude-sonnet-5,REC-inf-out-007,2,infant,procedures,1,0,0,1,1,1.0,1.0,1.0
anthropic_claude-sonnet-5,REC-inf-out-007,2,infant,temporal,0,1,0,0,1,0.0,0.0,0.0
anthropic_claude-sonnet-5,REC-inf-out-008,2,infant,diagnoses,1,1,0,1,2,0.5,1.0,0.6666666666666666
anthropic_claude-sonnet-5,REC-inf-out-008,2,infant,medications,1,0,0,1,1,1.0,1.0,1.0
anthropic_claude-sonnet-5,REC-inf-out-008,2,infant,labs,0,0,0,0,0,0.0,0.0,0.0
anthropic_claude-sonnet-5,REC-inf-out-008,2,infant,procedures,1,1,0,1,2,0.5,1.0,0.6666666666666666
anthropic_claude-sonnet-5,REC-inf-out-008,2,infant,temporal,0,4,3,3,4,0.0,0.0,0.0
anthropic_claude-sonnet-5,REC-inf-out-009,2,infant,diagnoses,1,0,0,1,1,1.0,1.0,1.0
anthropic_claude-sonnet-5,REC-inf-out-009,2,infant,medications,0,0,0,0,0,0.0,0.0,0.0
anthropic_claude-sonnet-5,REC-inf-out-009,2,infant,labs,0,0,0,0,0,0.0,0.0,0.0
anthropic_claude-sonnet-5,REC-inf-out-009,2,infant,procedures,1,1,0,1,2,0.5,1.0,0.6666666666666666
anthropic_claude-sonnet-5,REC-inf-out-009,2,infant,temporal,0,3,2,2,3,0.0,0.0,0.0
anthropic_claude-sonnet-5,REC-inf-out-010,2,infant,diagnoses,2,0,0,2,2,1.0,1.0,1.0
anthropic_claude-sonnet-5,REC-inf-out-010,2,infant,medications,1,0,0,1,1,1.0,1.0,1.0
anthropic_claude-sonnet-5,REC-inf-out-010,2,infant,labs,0,0,0,0,0,0.0,0.0,0.0
anthropic_claude-sonnet-5,REC-inf-out-010,2,infant,procedures,1,0,0,1,1,1.0,1.0,1.0
anthropic_claude-sonnet-5,REC-inf-out-010,2,infant,temporal,0,2,0,0,2,0.0,0.0,0.0
anthropic_claude-sonnet-5,REC-neo-eme-001,2,neonate,diagnoses,2,0,0,2,2,1.0,1.0,1.0
anthropic_claude-sonnet-5,REC-neo-eme-001,2,neonate,medications,1,0,0,1,1,1.0,1.0,1.0
anthropic_claude-sonnet-5,REC-neo-eme-001,2,neonate,labs,1,0,0,1,1,1.0,1.0,1.0
anthropic_claude-sonnet-5,REC-neo-eme-001,2,neonate,procedures,1,0,0,1,1,1.0,1.0,1.0
anthropic_claude-sonnet-5,REC-neo-eme-001,2,neonate,temporal,0,5,2,2,5,0.0,0.0,0.0
anthropic_claude-sonnet-5,REC-neo-eme-002,2,neonate,diagnoses,3,0,0,3,3,1.0,1.0,1.0
anthropic_claude-sonnet-5,REC-neo-eme-002,2,neonate,medications,0,0,0,0,0,0.0,0.0,0.0
anthropic_claude-sonnet-5,REC-neo-eme-002,2,neonate,labs,1,0,0,1,1,1.0,1.0,1.0
anthropic_claude-sonnet-5,REC-neo-eme-002,2,neonate,procedures,1,0,0,1,1,1.0,1.0,1.0
anthropic_claude-sonnet-5,REC-neo-eme-002,2,neonate,temporal,0,4,2,2,4,0.0,0.0,0.0
anthropic_claude-sonnet-5,REC-neo-eme-003,2,neonate,diagnoses,1,1,0,1,2,0.5,1.0,0.6666666666666666
anthropic_claude-sonnet-5,REC-neo-eme-003,2,neonate,medications,1,0,0,1,1,1.0,1.0,1.0
anthropic_claude-sonnet-5,REC-neo-eme-003,2,neonate,labs,1,0,0,1,1,1.0,1.0,1.0
anthropic_claude-sonnet-5,REC-neo-eme-003,2,neonate,procedures,1,1,0,1,2,0.5,1.0,0.6666666666666666
anthropic_claude-sonnet-5,REC-neo-eme-003,2,neonate,temporal,0,4,3,3,4,0.0,0.0,0.0
anthropic_claude-sonnet-5,REC-neo-eme-004,2,neonate,diagnoses,2,0,0,2,2,1.0,1.0,1.0
anthropic_claude-sonnet-5,REC-neo-eme-004,2,neonate,medications,1,0,0,1,1,1.0,1.0,1.0
anthropic_claude-sonnet-5,REC-neo-eme-004,2,neonate,labs,1,0,0,1,1,1.0,1.0,1.0
anthropic_claude-sonnet-5,REC-neo-eme-004,2,neonate,procedures,1,0,0,1,1,1.0,1.0,1.0
anthropic_claude-sonnet-5,REC-neo-eme-004,2,neonate,temporal,0,4,2,2,4,0.0,0.0,0.0
anthropic_claude-sonnet-5,REC-neo-eme-005,2,neonate,diagnoses,3,1,0,3,4,0.75,1.0,0.8571428571428571
anthropic_claude-sonnet-5,REC-neo-eme-005,2,neonate,medications,0,0,0,0,0,0.0,0.0,0.0
anthropic_claude-sonnet-5,REC-neo-eme-005,2,neonate,labs,1,0,0,1,1,1.0,1.0,1.0
anthropic_claude-sonnet-5,REC-neo-eme-005,2,neonate,procedures,1,0,0,1,1,1.0,1.0,1.0
anthropic_claude-sonnet-5,REC-neo-eme-005,2,neonate,temporal,0,3,2,2,3,0.0,0.0,0.0
anthropic_claude-sonnet-5,REC-neo-eme-006,2,neonate,diagnoses,2,1,0,2,3,0.6666666666666666,1.0,0.8
anthropic_claude-sonnet-5,REC-neo-eme-006,2,neonate,medications,1,0,0,1,1,1.0,1.0,1.0
anthropic_claude-sonnet-5,REC-neo-eme-006,2,neonate,labs,1,0,0,1,1,1.0,1.0,1.0
anthropic_claude-sonnet-5,REC-neo-eme-006,2,neonate,procedures,1,1,0,1,2,0.5,1.0,0.6666666666666666
anthropic_claude-sonnet-5,REC-neo-eme-006,2,neonate,temporal,0,3,2,2,3,0.0,0.0,0.0
anthropic_claude-sonnet-5,REC-neo-eme-007,2,neonate,diagnoses,3,0,0,3,3,1.0,1.0,1.0
anthropic_claude-sonnet-5,REC-neo-eme-007,2,neonate,medications,1,0,0,1,1,1.0,1.0,1.0
anthropic_claude-sonnet-5,REC-neo-eme-007,2,neonate,labs,1,0,0,1,1,1.0,1.0,1.0
anthropic_claude-sonnet-5,REC-neo-eme-007,2,neonate,procedures,1,0,0,1,1,1.0,1.0,1.0
anthropic_claude-sonnet-5,REC-neo-eme-007,2,neonate,temporal,0,3,2,2,3,0.0,0.0,0.0
anthropic_claude-sonnet-5,REC-neo-eme-008,2,neonate,diagnoses,2,0,0,2,2,1.0,1.0,1.0
anthropic_claude-sonnet-5,REC-neo-eme-008,2,neonate,medications,0,0,0,0,0,0.0,0.0,0.0
anthropic_claude-sonnet-5,REC-neo-eme-008,2,neonate,labs,1,0,0,1,1,1.0,1.0,1.0
anthropic_claude-sonnet-5,REC-neo-eme-008,2,neonate,procedures,1,0,0,1,1,1.0,1.0,1.0
anthropic_claude-sonnet-5,REC-neo-eme-008,2,neonate,temporal,0,4,3,3,4,0.0,0.0,0.0
anthropic_claude-sonnet-5,REC-neo-eme-009,2,neonate,diagnoses,1,1,0,1,2,0.5,1.0,0.6666666666666666
anthropic_claude-sonnet-5,REC-neo-eme-009,2,neonate,medications,1,0,0,1,1,1.0,1.0,1.0
anthropic_claude-sonnet-5,REC-neo-eme-009,2,neonate,labs,1,0,0,1,1,1.0,1.0,1.0
anthropic_claude-sonnet-5,REC-neo-eme-009,2,neonate,procedures,1,1,0,1,2,0.5,1.0,0.6666666666666666
anthropic_claude-sonnet-5,REC-neo-eme-009,2,neonate,temporal,0,4,2,2,4,0.0,0.0,0.0
anthropic_claude-sonnet-5,REC-neo-eme-010,2,neonate,diagnoses,1,0,0,1,1,1.0,1.0,1.0
anthropic_claude-sonnet-5,REC-neo-eme-010,2,neonate,medications,1,0,0,1,1,1.0,1.0,1.0
anthropic_claude-sonnet-5,REC-neo-eme-010,2,neonate,labs,1,0,0,1,1,1.0,1.0,1.0
anthropic_claude-sonnet-5,REC-neo-eme-010,2,neonate,procedures,1,1,0,1,2,0.5,1.0,0.6666666666666666
anthropic_claude-sonnet-5,REC-neo-eme-010,2,neonate,temporal,0,3,3,3,3,0.0,0.0,0.0
anthropic_claude-sonnet-5,REC-neo-icu-001,2,neonate,diagnoses,1,0,0,1,1,1.0,1.0,1.0
anthropic_claude-sonnet-5,REC-neo-icu-001,2,neonate,medications,1,0,0,1,1,1.0,1.0,1.0
anthropic_claude-sonnet-5,REC-neo-icu-001,2,neonate,labs,1,0,0,1,1,1.0,1.0,1.0
anthropic_claude-sonnet-5,REC-neo-icu-001,2,neonate,procedures,1,0,0,1,1,1.0,1.0,1.0
anthropic_claude-sonnet-5,REC-neo-icu-001,2,neonate,temporal,0,3,4,4,3,0.0,0.0,0.0
anthropic_claude-sonnet-5,REC-neo-icu-002,2,neonate,diagnoses,3,1,0,3,4,0.75,1.0,0.8571428571428571
anthropic_claude-sonnet-5,REC-neo-icu-002,2,neonate,medications,1,0,0,1,1,1.0,1.0,1.0
anthropic_claude-sonnet-5,REC-neo-icu-002,2,neonate,labs,1,0,0,1,1,1.0,1.0,1.0
anthropic_claude-sonnet-5,REC-neo-icu-002,2,neonate,procedures,1,0,0,1,1,1.0,1.0,1.0
anthropic_claude-sonnet-5,REC-neo-icu-002,2,neonate,temporal,0,2,2,2,2,0.0,0.0,0.0
anthropic_claude-sonnet-5,REC-neo-icu-003,2,neonate,diagnoses,2,0,0,2,2,1.0,1.0,1.0
anthropic_claude-sonnet-5,REC-neo-icu-003,2,neonate,medications,1,0,0,1,1,1.0,1.0,1.0
anthropic_claude-sonnet-5,REC-neo-icu-003,2,neonate,labs,1,0,0,1,1,1.0,1.0,1.0
anthropic_claude-sonnet-5,REC-neo-icu-003,2,neonate,procedures,1,0,0,1,1,1.0,1.0,1.0
anthropic_claude-sonnet-5,REC-neo-icu-003,2,neonate,temporal,0,5,2,2,5,0.0,0.0,0.0
anthropic_claude-sonnet-5,REC-neo-icu-004,2,neonate,diagnoses,2,1,0,2,3,0.6666666666666666,1.0,0.8
anthropic_claude-sonnet-5,REC-neo-icu-004,2,neonate,medications,1,0,0,1,1,1.0,1.0,1.0
anthropic_claude-sonnet-5,REC-neo-icu-004,2,neonate,labs,1,0,0,1,1,1.0,1.0,1.0
anthropic_claude-sonnet-5,REC-neo-icu-004,2,neonate,procedures,1,1,0,1,2,0.5,1.0,0.6666666666666666
anthropic_claude-sonnet-5,REC-neo-icu-004,2,neonate,temporal,0,6,2,2,6,0.0,0.0,0.0
anthropic_claude-sonnet-5,REC-neo-icu-005,2,neonate,diagnoses,1,0,0,1,1,1.0,1.0,1.0
anthropic_claude-sonnet-5,REC-neo-icu-005,2,neonate,medications,1,0,0,1,1,1.0,1.0,1.0
anthropic_claude-sonnet-5,REC-neo-icu-005,2,neonate,labs,1,0,0,1,1,1.0,1.0,1.0
anthropic_claude-sonnet-5,REC-neo-icu-005,2,neonate,procedures,1,0,0,1,1,1.0,1.0,1.0
anthropic_claude-sonnet-5,REC-neo-icu-005,2,neonate,temporal,0,5,2,2,5,0.0,0.0,0.0
anthropic_claude-sonnet-5,REC-neo-icu-006,2,neonate,diagnoses,1,1,0,1,2,0.5,1.0,0.6666666666666666
anthropic_claude-sonnet-5,REC-neo-icu-006,2,neonate,medications,1,0,0,1,1,1.0,1.0,1.0
anthropic_claude-sonnet-5,REC-neo-icu-006,2,neonate,labs,1,0,0,1,1,1.0,1.0,1.0
anthropic_claude-sonnet-5,REC-neo-icu-006,2,neonate,procedures,1,1,0,1,2,0.5,1.0,0.6666666666666666
anthropic_claude-sonnet-5,REC-neo-icu-006,2,neonate,temporal,0,5,2,2,5,0.0,0.0,0.0
anthropic_claude-sonnet-5,REC-neo-icu-007,2,neonate,diagnoses,2,0,0,2,2,1.0,1.0,1.0
anthropic_claude-sonnet-5,REC-neo-icu-007,2,neonate,medications,1,0,0,1,1,1.0,1.0,1.0
anthropic_claude-sonnet-5,REC-neo-icu-007,2,neonate,labs,1,0,0,1,1,1.0,1.0,1.0
anthropic_claude-sonnet-5,REC-neo-icu-007,2,neonate,procedures,1,0,0,1,1,1.0,1.0,1.0
anthropic_claude-sonnet-5,REC-neo-icu-007,2,neonate,temporal,0,5,1,1,5,0.0,0.0,0.0
anthropic_claude-sonnet-5,REC-neo-icu-008,2,neonate,diagnoses,2,1,0,2,3,0.6666666666666666,1.0,0.8
anthropic_claude-sonnet-5,REC-neo-icu-008,2,neonate,medications,1,0,0,1,1,1.0,1.0,1.0
anthropic_claude-sonnet-5,REC-neo-icu-008,2,neonate,labs,1,0,0,1,1,1.0,1.0,1.0
anthropic_claude-sonnet-5,REC-neo-icu-008,2,neonate,procedures,1,1,0,1,2,0.5,1.0,0.6666666666666666
anthropic_claude-sonnet-5,REC-neo-icu-008,2,neonate,temporal,0,7,3,3,7,0.0,0.0,0.0
anthropic_claude-sonnet-5,REC-neo-icu-009,2,neonate,diagnoses,1,0,0,1,1,1.0,1.0,1.0
anthropic_claude-sonnet-5,REC-neo-icu-009,2,neonate,medications,1,0,0,1,1,1.0,1.0,1.0
anthropic_claude-sonnet-5,REC-neo-icu-009,2,neonate,labs,1,0,0,1,1,1.0,1.0,1.0
anthropic_claude-sonnet-5,REC-neo-icu-009,2,neonate,procedures,1,0,0,1,1,1.0,1.0,1.0
anthropic_claude-sonnet-5,REC-neo-icu-009,2,neonate,temporal,0,3,2,2,3,0.0,0.0,0.0
anthropic_claude-sonnet-5,REC-neo-icu-010,2,neonate,diagnoses,3,1,0,3,4,0.75,1.0,0.8571428571428571
anthropic_claude-sonnet-5,REC-neo-icu-010,2,neonate,medications,1,0,0,1,1,1.0,1.0,1.0
anthropic_claude-sonnet-5,REC-neo-icu-010,2,neonate,labs,1,0,0,1,1,1.0,1.0,1.0
anthropic_claude-sonnet-5,REC-neo-icu-010,2,neonate,procedures,1,0,0,1,1,1.0,1.0,1.0
anthropic_claude-sonnet-5,REC-neo-icu-010,2,neonate,temporal,0,3,2,2,3,0.0,0.0,0.0
anthropic_claude-sonnet-5,REC-neo-inp-001,2,neonate,diagnoses,2,0,0,2,2,1.0,1.0,1.0
anthropic_claude-sonnet-5,REC-neo-inp-001,2,neonate,medications,1,0,0,1,1,1.0,1.0,1.0
anthropic_claude-sonnet-5,REC-neo-inp-001,2,neonate,labs,1,0,0,1,1,1.0,1.0,1.0
anthropic_claude-sonnet-5,REC-neo-inp-001,2,neonate,procedures,1,1,0,1,2,0.5,1.0,0.6666666666666666
anthropic_claude-sonnet-5,REC-neo-inp-001,2,neonate,temporal,0,5,2,2,5,0.0,0.0,0.0
anthropic_claude-sonnet-5,REC-neo-inp-002,2,neonate,diagnoses,3,0,0,3,3,1.0,1.0,1.0
anthropic_claude-sonnet-5,REC-neo-inp-002,2,neonate,medications,0,0,0,0,0,0.0,0.0,0.0
anthropic_claude-sonnet-5,REC-neo-inp-002,2,neonate,labs,1,0,0,1,1,1.0,1.0,1.0
anthropic_claude-sonnet-5,REC-neo-inp-002,2,neonate,procedures,1,0,0,1,1,1.0,1.0,1.0
anthropic_claude-sonnet-5,REC-neo-inp-002,2,neonate,temporal,0,3,2,2,3,0.0,0.0,0.0
anthropic_claude-sonnet-5,REC-neo-inp-003,2,neonate,diagnoses,2,1,0,2,3,0.6666666666666666,1.0,0.8
anthropic_claude-sonnet-5,REC-neo-inp-003,2,neonate,medications,1,0,0,1,1,1.0,1.0,1.0
anthropic_claude-sonnet-5,REC-neo-inp-003,2,neonate,labs,1,0,0,1,1,1.0,1.0,1.0
anthropic_claude-sonnet-5,REC-neo-inp-003,2,neonate,procedures,1,1,0,1,2,0.5,1.0,0.6666666666666666
anthropic_claude-sonnet-5,REC-neo-inp-003,2,neonate,temporal,0,2,2,2,2,0.0,0.0,0.0
anthropic_claude-sonnet-5,REC-neo-inp-004,2,neonate,diagnoses,2,0,0,2,2,1.0,1.0,1.0
anthropic_claude-sonnet-5,REC-neo-inp-004,2,neonate,medications,1,0,0,1,1,1.0,1.0,1.0
anthropic_claude-sonnet-5,REC-neo-inp-004,2,neonate,labs,1,0,0,1,1,1.0,1.0,1.0
anthropic_claude-sonnet-5,REC-neo-inp-004,2,neonate,procedures,1,0,0,1,1,1.0,1.0,1.0
anthropic_claude-sonnet-5,REC-neo-inp-004,2,neonate,temporal,0,3,3,3,3,0.0,0.0,0.0
anthropic_claude-sonnet-5,REC-neo-inp-005,2,neonate,diagnoses,2,1,0,2,3,0.6666666666666666,1.0,0.8
anthropic_claude-sonnet-5,REC-neo-inp-005,2,neonate,medications,0,0,0,0,0,0.0,0.0,0.0
anthropic_claude-sonnet-5,REC-neo-inp-005,2,neonate,labs,1,0,0,1,1,1.0,1.0,1.0
anthropic_claude-sonnet-5,REC-neo-inp-005,2,neonate,procedures,1,0,0,1,1,1.0,1.0,1.0
anthropic_claude-sonnet-5,REC-neo-inp-005,2,neonate,temporal,0,3,2,2,3,0.0,0.0,0.0
anthropic_claude-sonnet-5,REC-neo-inp-006,2,neonate,diagnoses,1,1,0,1,2,0.5,1.0,0.6666666666666666
anthropic_claude-sonnet-5,REC-neo-inp-006,2,neonate,medications,1,0,0,1,1,1.0,1.0,1.0
anthropic_claude-sonnet-5,REC-neo-inp-006,2,neonate,labs,1,0,0,1,1,1.0,1.0,1.0
anthropic_claude-sonnet-5,REC-neo-inp-006,2,neonate,procedures,1,0,0,1,1,1.0,1.0,1.0
anthropic_claude-sonnet-5,REC-neo-inp-006,2,neonate,temporal,0,3,2,2,3,0.0,0.0,0.0
anthropic_claude-sonnet-5,REC-neo-inp-007,2,neonate,diagnoses,1,0,0,1,1,1.0,1.0,1.0
anthropic_claude-sonnet-5,REC-neo-inp-007,2,neonate,medications,1,0,0,1,1,1.0,1.0,1.0
anthropic_claude-sonnet-5,REC-neo-inp-007,2,neonate,labs,1,0,0,1,1,1.0,1.0,1.0
anthropic_claude-sonnet-5,REC-neo-inp-007,2,neonate,procedures,1,1,0,1,2,0.5,1.0,0.6666666666666666
anthropic_claude-sonnet-5,REC-neo-inp-007,2,neonate,temporal,0,3,4,4,3,0.0,0.0,0.0
anthropic_claude-sonnet-5,REC-neo-inp-008,2,neonate,diagnoses,2,0,0,2,2,1.0,1.0,1.0
anthropic_claude-sonnet-5,REC-neo-inp-008,2,neonate,medications,0,0,0,0,0,0.0,0.0,0.0
anthropic_claude-sonnet-5,REC-neo-inp-008,2,neonate,labs,1,0,0,1,1,1.0,1.0,1.0
anthropic_claude-sonnet-5,REC-neo-inp-008,2,neonate,procedures,1,0,0,1,1,1.0,1.0,1.0
anthropic_claude-sonnet-5,REC-neo-inp-008,2,neonate,temporal,0,3,3,3,3,0.0,0.0,0.0
anthropic_claude-sonnet-5,REC-neo-inp-009,2,neonate,diagnoses,1,1,0,1,2,0.5,1.0,0.6666666666666666
anthropic_claude-sonnet-5,REC-neo-inp-009,2,neonate,medications,1,0,0,1,1,1.0,1.0,1.0
anthropic_claude-sonnet-5,REC-neo-inp-009,2,neonate,labs,1,0,0,1,1,1.0,1.0,1.0
anthropic_claude-sonnet-5,REC-neo-inp-009,2,neonate,procedures,1,0,0,1,1,1.0,1.0,1.0
anthropic_claude-sonnet-5,REC-neo-inp-009,2,neonate,temporal,0,3,2,2,3,0.0,0.0,0.0
anthropic_claude-sonnet-5,REC-neo-inp-010,2,neonate,diagnoses,1,0,0,1,1,1.0,1.0,1.0
anthropic_claude-sonnet-5,REC-neo-inp-010,2,neonate,medications,1,0,0,1,1,1.0,1.0,1.0
anthropic_claude-sonnet-5,REC-neo-inp-010,2,neonate,labs,1,0,0,1,1,1.0,1.0,1.0
anthropic_claude-sonnet-5,REC-neo-inp-010,2,neonate,procedures,1,0,0,1,1,1.0,1.0,1.0
anthropic_claude-sonnet-5,REC-neo-inp-010,2,neonate,temporal,0,2,2,2,2,0.0,0.0,0.0
anthropic_claude-sonnet-5,REC-neo-out-001,2,neonate,diagnoses,1,1,0,1,2,0.5,1.0,0.6666666666666666
anthropic_claude-sonnet-5,REC-neo-out-001,2,neonate,medications,0,0,0,0,0,0.0,0.0,0.0
anthropic_claude-sonnet-5,REC-neo-out-001,2,neonate,labs,1,0,0,1,1,1.0,1.0,1.0
anthropic_claude-sonnet-5,REC-neo-out-001,2,neonate,procedures,1,0,0,1,1,1.0,1.0,1.0
anthropic_claude-sonnet-5,REC-neo-out-001,2,neonate,temporal,0,3,2,2,3,0.0,0.0,0.0
anthropic_claude-sonnet-5,REC-neo-out-002,2,neonate,diagnoses,3,0,0,3,3,1.0,1.0,1.0
anthropic_claude-sonnet-5,REC-neo-out-002,2,neonate,medications,0,0,0,0,0,0.0,0.0,0.0
anthropic_claude-sonnet-5,REC-neo-out-002,2,neonate,labs,1,0,0,1,1,1.0,1.0,1.0
anthropic_claude-sonnet-5,REC-neo-out-002,2,neonate,procedures,1,1,0,1,2,0.5,1.0,0.6666666666666666
anthropic_claude-sonnet-5,REC-neo-out-002,2,neonate,temporal,0,3,2,2,3,0.0,0.0,0.0
anthropic_claude-sonnet-5,REC-neo-out-003,2,neonate,diagnoses,2,1,0,2,3,0.6666666666666666,1.0,0.8
anthropic_claude-sonnet-5,REC-neo-out-003,2,neonate,medications,0,0,0,0,0,0.0,0.0,0.0
anthropic_claude-sonnet-5,REC-neo-out-003,2,neonate,labs,1,0,0,1,1,1.0,1.0,1.0
anthropic_claude-sonnet-5,REC-neo-out-003,2,neonate,procedures,1,0,0,1,1,1.0,1.0,1.0
anthropic_claude-sonnet-5,REC-neo-out-003,2,neonate,temporal,0,3,1,1,3,0.0,0.0,0.0
anthropic_claude-sonnet-5,REC-neo-out-004,2,neonate,diagnoses,2,0,0,2,2,1.0,1.0,1.0
anthropic_claude-sonnet-5,REC-neo-out-004,2,neonate,medications,0,0,0,0,0,0.0,0.0,0.0
anthropic_claude-sonnet-5,REC-neo-out-004,2,neonate,labs,1,0,0,1,1,1.0,1.0,1.0
anthropic_claude-sonnet-5,REC-neo-out-004,2,neonate,procedures,1,0,0,1,1,1.0,1.0,1.0
anthropic_claude-sonnet-5,REC-neo-out-004,2,neonate,temporal,1,3,2,3,4,0.25,0.3333333333333333,0.28571428571428575
anthropic_claude-sonnet-5,REC-neo-out-005,2,neonate,diagnoses,1,0,0,1,1,1.0,1.0,1.0
anthropic_claude-sonnet-5,REC-neo-out-005,2,neonate,medications,0,0,0,0,0,0.0,0.0,0.0
anthropic_claude-sonnet-5,REC-neo-out-005,2,neonate,labs,1,0,0,1,1,1.0,1.0,1.0
anthropic_claude-sonnet-5,REC-neo-out-005,2,neonate,procedures,1,0,0,1,1,1.0,1.0,1.0
anthropic_claude-sonnet-5,REC-neo-out-005,2,neonate,temporal,0,3,2,2,3,0.0,0.0,0.0
anthropic_claude-sonnet-5,REC-neo-out-006,2,neonate,diagnoses,2,0,0,2,2,1.0,1.0,1.0
anthropic_claude-sonnet-5,REC-neo-out-006,2,neonate,medications,0,0,0,0,0,0.0,0.0,0.0
anthropic_claude-sonnet-5,REC-neo-out-006,2,neonate,labs,1,0,0,1,1,1.0,1.0,1.0
anthropic_claude-sonnet-5,REC-neo-out-006,2,neonate,procedures,1,1,0,1,2,0.5,1.0,0.6666666666666666
anthropic_claude-sonnet-5,REC-neo-out-006,2,neonate,temporal,0,3,2,2,3,0.0,0.0,0.0
anthropic_claude-sonnet-5,REC-neo-out-007,2,neonate,diagnoses,3,0,0,3,3,1.0,1.0,1.0
anthropic_claude-sonnet-5,REC-neo-out-007,2,neonate,medications,0,0,0,0,0,0.0,0.0,0.0
anthropic_claude-sonnet-5,REC-neo-out-007,2,neonate,labs,1,0,0,1,1,1.0,1.0,1.0
anthropic_claude-sonnet-5,REC-neo-out-007,2,neonate,procedures,1,0,0,1,1,1.0,1.0,1.0
anthropic_claude-sonnet-5,REC-neo-out-007,2,neonate,temporal,0,3,2,2,3,0.0,0.0,0.0
anthropic_claude-sonnet-5,REC-neo-out-008,2,neonate,diagnoses,2,0,0,2,2,1.0,1.0,1.0
anthropic_claude-sonnet-5,REC-neo-out-008,2,neonate,medications,0,0,0,0,0,0.0,0.0,0.0
anthropic_claude-sonnet-5,REC-neo-out-008,2,neonate,labs,1,0,0,1,1,1.0,1.0,1.0
anthropic_claude-sonnet-5,REC-neo-out-008,2,neonate,procedures,1,1,0,1,2,0.5,1.0,0.6666666666666666
anthropic_claude-sonnet-5,REC-neo-out-008,2,neonate,temporal,0,4,3,3,4,0.0,0.0,0.0
anthropic_claude-sonnet-5,REC-neo-out-009,2,neonate,diagnoses,2,1,0,2,3,0.6666666666666666,1.0,0.8
anthropic_claude-sonnet-5,REC-neo-out-009,2,neonate,medications,0,0,0,0,0,0.0,0.0,0.0
anthropic_claude-sonnet-5,REC-neo-out-009,2,neonate,labs,1,0,0,1,1,1.0,1.0,1.0
anthropic_claude-sonnet-5,REC-neo-out-009,2,neonate,procedures,1,1,0,1,2,0.5,1.0,0.6666666666666666
anthropic_claude-sonnet-5,REC-neo-out-009,2,neonate,temporal,0,4,3,3,4,0.0,0.0,0.0
anthropic_claude-sonnet-5,REC-neo-out-010,2,neonate,diagnoses,2,1,0,2,3,0.6666666666666666,1.0,0.8
anthropic_claude-sonnet-5,REC-neo-out-010,2,neonate,medications,0,0,0,0,0,0.0,0.0,0.0
anthropic_claude-sonnet-5,REC-neo-out-010,2,neonate,labs,1,0,0,1,1,1.0,1.0,1.0
anthropic_claude-sonnet-5,REC-neo-out-010,2,neonate,procedures,1,1,0,1,2,0.5,1.0,0.6666666666666666
anthropic_claude-sonnet-5,REC-neo-out-010,2,neonate,temporal,0,4,3,3,4,0.0,0.0,0.0
